{"members":[{"timestamp":"2021-03-06T22:55:00Z","physicalMemoryBytes":24879906816,"availableMemoryBytes":15414567886,"percentageMemoryUsage":38.0441,"totalSwapBytes":63998783488,"availableSwapBytes":63901312647},{"timestamp":"2021-03-06T21:02:30Z","physicalMemoryBytes":24879906816,"availableMemoryBytes":15420048711,"percentageMemoryUsage":38.0221,"totalSwapBytes":63998783488,"availableSwapBytes":63902957148},{"timestamp":"2021-03-06T19:12:30Z","physicalMemoryBytes":24879906816,"availableMemoryBytes":15413732594,"percentageMemoryUsage":38.0475,"totalSwapBytes":63998783488,"availableSwapBytes":63905019540},{"timestamp":"2021-03-06T17:20:00Z","physicalMemoryBytes":24879906816,"availableMemoryBytes":15421445749,"percentageMemoryUsage":38.0165,"totalSwapBytes":63998783488,"availableSwapBytes":63905311865},{"timestamp":"2021-03-06T15:27:30Z","physicalMemoryBytes":24879906816,"availableMemoryBytes":15410296377,"percentageMemoryUsage":38.0613,"totalSwapBytes":63998783488,"availableSwapBytes":63905660526},{"timestamp":"2021-03-06T13:37:30Z","physicalMemoryBytes":24879906816,"availableMemoryBytes":15420437303,"percentageMemoryUsage":38.0205,"totalSwapBytes":63998783488,"availableSwapBytes":63905991738},{"timestamp":"2021-03-06T11:45:00Z","physicalMemoryBytes":24879906816,"availableMemoryBytes":15419529854,"percentageMemoryUsage":38.0242,"totalSwapBytes":63998783488,"availableSwapBytes":63905984511},{"timestamp":"2021-03-06T09:52:30Z","physicalMemoryBytes":24879906816,"availableMemoryBytes":15424050318,"percentageMemoryUsage":38.006,"totalSwapBytes":63998783488,"availableSwapBytes":63905984351},{"timestamp":"2021-03-06T08:02:30Z","physicalMemoryBytes":24879906816,"availableMemoryBytes":15416142844,"percentageMemoryUsage":38.0378,"totalSwapBytes":63998783488,"availableSwapBytes":63906507375},{"timestamp":"2021-03-06T06:12:30Z","physicalMemoryBytes":24879906816,"availableMemoryBytes":15429549816,"percentageMemoryUsage":37.9839,"totalSwapBytes":63998783488,"availableSwapBytes":63909098260},{"timestamp":"2021-03-06T04:20:00Z","physicalMemoryBytes":24879906816,"availableMemoryBytes":15428250824,"percentageMemoryUsage":37.9891,"totalSwapBytes":63998783488,"availableSwapBytes":63911417731},{"timestamp":"2021-03-06T02:27:30Z","physicalMemoryBytes":24879906816,"availableMemoryBytes":15423078305,"percentageMemoryUsage":38.0099,"totalSwapBytes":63998783488,"availableSwapBytes":63914055166},{"timestamp":"2021-03-06T00:37:30Z","physicalMemoryBytes":24879906816,"availableMemoryBytes":15403257201,"percentageMemoryUsage":38.0896,"totalSwapBytes":63998783488,"availableSwapBytes":63914100736},{"timestamp":"2021-03-05T22:45:00Z","physicalMemoryBytes":24879906816,"availableMemoryBytes":15407992607,"percentageMemoryUsage":38.0705,"totalSwapBytes":63998783488,"availableSwapBytes":63918318271},{"timestamp":"2021-03-05T20:52:30Z","physicalMemoryBytes":24879906816,"availableMemoryBytes":15407494602,"percentageMemoryUsage":38.0725,"totalSwapBytes":63998783488,"availableSwapBytes":63922086228},{"timestamp":"2021-03-05T19:02:30Z","physicalMemoryBytes":24879906816,"availableMemoryBytes":15403352404,"percentageMemoryUsage":38.0892,"totalSwapBytes":63998783488,"availableSwapBytes":63925565990},{"timestamp":"2021-03-05T17:12:30Z","physicalMemoryBytes":24879906816,"availableMemoryBytes":15399889477,"percentageMemoryUsage":38.1031,"totalSwapBytes":63998783488,"availableSwapBytes":63926276641},{"timestamp":"2021-03-05T15:20:00Z","physicalMemoryBytes":24879906816,"availableMemoryBytes":15398617400,"percentageMemoryUsage":38.1082,"totalSwapBytes":63998783488,"availableSwapBytes":63928667565},{"timestamp":"2021-03-05T13:27:30Z","physicalMemoryBytes":24879906816,"availableMemoryBytes":15409699057,"percentageMemoryUsage":38.0637,"totalSwapBytes":63998783488,"availableSwapBytes":63931591213},{"timestamp":"2021-03-05T11:37:30Z","physicalMemoryBytes":24879906816,"availableMemoryBytes":15415488023,"percentageMemoryUsage":38.0404,"totalSwapBytes":63998783488,"availableSwapBytes":63931936767},{"timestamp":"2021-03-05T09:45:00Z","physicalMemoryBytes":24879906816,"availableMemoryBytes":15416547546,"percentageMemoryUsage":38.0362,"totalSwapBytes":63998783488,"availableSwapBytes":63931936767},{"timestamp":"2021-03-05T07:52:30Z","physicalMemoryBytes":24879906816,"availableMemoryBytes":15406667992,"percentageMemoryUsage":38.0759,"totalSwapBytes":63998783488,"availableSwapBytes":63932493426},{"timestamp":"2021-03-05T06:02:30Z","physicalMemoryBytes":24879906816,"availableMemoryBytes":15422640719,"percentageMemoryUsage":38.0117,"totalSwapBytes":63998783488,"availableSwapBytes":63934776683},{"timestamp":"2021-03-05T04:10:00Z","physicalMemoryBytes":24879906816,"availableMemoryBytes":15424907793,"percentageMemoryUsage":38.0025,"totalSwapBytes":63998783488,"availableSwapBytes":63937334443},{"timestamp":"2021-03-05T02:17:30Z","physicalMemoryBytes":24879906816,"availableMemoryBytes":15419623064,"percentageMemoryUsage":38.0238,"totalSwapBytes":63998783488,"availableSwapBytes":63939292090},{"timestamp":"2021-03-05T00:27:30Z","physicalMemoryBytes":24879906816,"availableMemoryBytes":15391194312,"percentageMemoryUsage":38.1381,"totalSwapBytes":63998783488,"availableSwapBytes":63939919452},{"timestamp":"2021-03-04T22:37:30Z","physicalMemoryBytes":24879906816,"availableMemoryBytes":15410007632,"percentageMemoryUsage":38.0624,"totalSwapBytes":63998783488,"availableSwapBytes":63944338956},{"timestamp":"2021-03-04T20:45:00Z","physicalMemoryBytes":24879906816,"availableMemoryBytes":15410795663,"percentageMemoryUsage":38.0593,"totalSwapBytes":63998783488,"availableSwapBytes":63945678054},{"timestamp":"2021-03-04T18:52:30Z","physicalMemoryBytes":24879906816,"availableMemoryBytes":15414436292,"percentageMemoryUsage":38.0446,"totalSwapBytes":63998783488,"availableSwapBytes":63948388684},{"timestamp":"2021-03-04T17:02:30Z","physicalMemoryBytes":24879906816,"availableMemoryBytes":15414683495,"percentageMemoryUsage":38.0436,"totalSwapBytes":63998783488,"availableSwapBytes":63948801960},{"timestamp":"2021-03-04T15:10:00Z","physicalMemoryBytes":24879906816,"availableMemoryBytes":15404405391,"percentageMemoryUsage":38.085,"totalSwapBytes":63998783488,"availableSwapBytes":63949937702},{"timestamp":"2021-03-04T13:17:30Z","physicalMemoryBytes":24879906816,"availableMemoryBytes":15419243108,"percentageMemoryUsage":38.0253,"totalSwapBytes":63998783488,"availableSwapBytes":63950811136},{"timestamp":"2021-03-04T11:27:30Z","physicalMemoryBytes":24879906816,"availableMemoryBytes":15417934553,"percentageMemoryUsage":38.0306,"totalSwapBytes":63998783488,"availableSwapBytes":63950811136},{"timestamp":"2021-03-04T09:37:30Z","physicalMemoryBytes":24879906816,"availableMemoryBytes":15420482625,"percentageMemoryUsage":38.0203,"totalSwapBytes":63998783488,"availableSwapBytes":63950811136},{"timestamp":"2021-03-04T07:45:00Z","physicalMemoryBytes":24879906816,"availableMemoryBytes":15409896770,"percentageMemoryUsage":38.0629,"totalSwapBytes":63998783488,"availableSwapBytes":63952165452},{"timestamp":"2021-03-04T05:52:30Z","physicalMemoryBytes":24879906816,"availableMemoryBytes":15420511863,"percentageMemoryUsage":38.0202,"totalSwapBytes":63998783488,"availableSwapBytes":63955121915},{"timestamp":"2021-03-04T04:02:30Z","physicalMemoryBytes":24879906816,"availableMemoryBytes":15410193979,"percentageMemoryUsage":38.0617,"totalSwapBytes":63998783488,"availableSwapBytes":63958212138},{"timestamp":"2021-03-04T02:10:00Z","physicalMemoryBytes":24879906816,"availableMemoryBytes":15395508039,"percentageMemoryUsage":38.1207,"totalSwapBytes":63998783488,"availableSwapBytes":63961809401},{"timestamp":"2021-03-04T00:17:30Z","physicalMemoryBytes":24879906816,"availableMemoryBytes":15371386162,"percentageMemoryUsage":38.2177,"totalSwapBytes":63998783488,"availableSwapBytes":63963449852},{"timestamp":"2021-03-03T22:27:30Z","physicalMemoryBytes":24879906816,"availableMemoryBytes":15379957090,"percentageMemoryUsage":38.1832,"totalSwapBytes":63998783488,"availableSwapBytes":63968591454},{"timestamp":"2021-03-03T20:35:00Z","physicalMemoryBytes":24879906816,"availableMemoryBytes":15366701627,"percentageMemoryUsage":38.2365,"totalSwapBytes":63998783488,"availableSwapBytes":63972518836},{"timestamp":"2021-03-03T18:42:30Z","physicalMemoryBytes":24879906816,"availableMemoryBytes":15349331597,"percentageMemoryUsage":38.3063,"totalSwapBytes":63998783488,"availableSwapBytes":63975079813},{"timestamp":"2021-03-03T16:52:30Z","physicalMemoryBytes":24879906816,"availableMemoryBytes":15328044459,"percentageMemoryUsage":38.3919,"totalSwapBytes":63998783488,"availableSwapBytes":63975190528},{"timestamp":"2021-03-03T15:02:30Z","physicalMemoryBytes":24879906816,"availableMemoryBytes":15294494817,"percentageMemoryUsage":38.5267,"totalSwapBytes":63998783488,"availableSwapBytes":63976273063},{"timestamp":"2021-03-03T13:10:00Z","physicalMemoryBytes":24879906816,"availableMemoryBytes":15281420958,"percentageMemoryUsage":38.5793,"totalSwapBytes":63998783488,"availableSwapBytes":63977258616},{"timestamp":"2021-03-03T11:17:30Z","physicalMemoryBytes":24879906816,"availableMemoryBytes":15273794300,"percentageMemoryUsage":38.6099,"totalSwapBytes":63998783488,"availableSwapBytes":63977759736},{"timestamp":"2021-03-03T09:27:30Z","physicalMemoryBytes":24879906816,"availableMemoryBytes":15261679289,"percentageMemoryUsage":38.6586,"totalSwapBytes":63998783488,"availableSwapBytes":63977811967},{"timestamp":"2021-03-03T07:35:00Z","physicalMemoryBytes":24879906816,"availableMemoryBytes":15218553348,"percentageMemoryUsage":38.832,"totalSwapBytes":63998783488,"availableSwapBytes":63977372971},{"timestamp":"2021-03-03T05:42:30Z","physicalMemoryBytes":24879906816,"availableMemoryBytes":15203446408,"percentageMemoryUsage":38.8927,"totalSwapBytes":63998783488,"availableSwapBytes":63977807599},{"timestamp":"2021-03-03T03:52:30Z","physicalMemoryBytes":24879906816,"availableMemoryBytes":15180713735,"percentageMemoryUsage":38.984,"totalSwapBytes":63998783488,"availableSwapBytes":63978552921},{"timestamp":"2021-03-03T02:02:30Z","physicalMemoryBytes":24879906816,"availableMemoryBytes":15180750074,"percentageMemoryUsage":38.9839,"totalSwapBytes":63998783488,"availableSwapBytes":63978598400},{"timestamp":"2021-03-03T00:10:00Z","physicalMemoryBytes":24879906816,"availableMemoryBytes":15155978382,"percentageMemoryUsage":39.0835,"totalSwapBytes":63998783488,"availableSwapBytes":63978598400},{"timestamp":"2021-03-02T22:17:30Z","physicalMemoryBytes":24879906816,"availableMemoryBytes":15174253553,"percentageMemoryUsage":39.01,"totalSwapBytes":63998783488,"availableSwapBytes":63978598400},{"timestamp":"2021-03-02T20:27:30Z","physicalMemoryBytes":24879906816,"availableMemoryBytes":15179570455,"percentageMemoryUsage":38.9886,"totalSwapBytes":63998783488,"availableSwapBytes":63978664928},{"timestamp":"2021-03-02T18:35:00Z","physicalMemoryBytes":24879906816,"availableMemoryBytes":15183784470,"percentageMemoryUsage":38.9717,"totalSwapBytes":63998783488,"availableSwapBytes":63978973349},{"timestamp":"2021-03-02T16:42:30Z","physicalMemoryBytes":24879906816,"availableMemoryBytes":15164592585,"percentageMemoryUsage":39.0488,"totalSwapBytes":63998783488,"availableSwapBytes":63979114495},{"timestamp":"2021-03-02T14:52:30Z","physicalMemoryBytes":24879906816,"availableMemoryBytes":15164946411,"percentageMemoryUsage":39.0474,"totalSwapBytes":63998783488,"availableSwapBytes":63979114495},{"timestamp":"2021-03-02T13:00:00Z","physicalMemoryBytes":24879906816,"availableMemoryBytes":15173248327,"percentageMemoryUsage":39.014,"totalSwapBytes":63998783488,"availableSwapBytes":63979114495},{"timestamp":"2021-03-02T11:07:30Z","physicalMemoryBytes":24879906816,"availableMemoryBytes":15183095750,"percentageMemoryUsage":38.9745,"totalSwapBytes":63998783488,"availableSwapBytes":63979114495},{"timestamp":"2021-03-02T09:17:30Z","physicalMemoryBytes":24879906816,"availableMemoryBytes":15182527383,"percentageMemoryUsage":38.9768,"totalSwapBytes":63998783488,"availableSwapBytes":63979114495},{"timestamp":"2021-03-02T07:27:30Z","physicalMemoryBytes":24879906816,"availableMemoryBytes":15173467724,"percentageMemoryUsage":39.0132,"totalSwapBytes":63998783488,"availableSwapBytes":63978708370},{"timestamp":"2021-03-02T05:35:00Z","physicalMemoryBytes":24879906816,"availableMemoryBytes":15182718540,"percentageMemoryUsage":38.976,"totalSwapBytes":63998783488,"availableSwapBytes":63979118594},{"timestamp":"2021-03-02T03:42:30Z","physicalMemoryBytes":24879906816,"availableMemoryBytes":15180704052,"percentageMemoryUsage":38.9841,"totalSwapBytes":63998783488,"availableSwapBytes":63982173006},{"timestamp":"2021-03-02T01:52:30Z","physicalMemoryBytes":24879906816,"availableMemoryBytes":15186445444,"percentageMemoryUsage":38.961,"totalSwapBytes":63998783488,"availableSwapBytes":63982949375},{"timestamp":"2021-03-02T00:00:00Z","physicalMemoryBytes":24879906816,"availableMemoryBytes":15164760673,"percentageMemoryUsage":39.0482,"totalSwapBytes":63998783488,"availableSwapBytes":63983135266},{"timestamp":"2021-03-01T22:07:30Z","physicalMemoryBytes":24879906816,"availableMemoryBytes":15192953043,"percentageMemoryUsage":38.9348,"totalSwapBytes":63998783488,"availableSwapBytes":63983308800},{"timestamp":"2021-03-01T20:17:30Z","physicalMemoryBytes":24879906816,"availableMemoryBytes":15198392688,"percentageMemoryUsage":38.913,"totalSwapBytes":63998783488,"availableSwapBytes":63983308800},{"timestamp":"2021-03-01T18:27:30Z","physicalMemoryBytes":24879906816,"availableMemoryBytes":15199008907,"percentageMemoryUsage":38.9105,"totalSwapBytes":63998783488,"availableSwapBytes":63983308800},{"timestamp":"2021-03-01T16:35:00Z","physicalMemoryBytes":24879906816,"availableMemoryBytes":15179442316,"percentageMemoryUsage":38.9892,"totalSwapBytes":63998783488,"availableSwapBytes":63983308800},{"timestamp":"2021-03-01T14:42:30Z","physicalMemoryBytes":24879906816,"availableMemoryBytes":15203392921,"percentageMemoryUsage":38.8929,"totalSwapBytes":63998783488,"availableSwapBytes":63983330446},{"timestamp":"2021-03-01T12:52:30Z","physicalMemoryBytes":24879906816,"availableMemoryBytes":15206198483,"percentageMemoryUsage":38.8816,"totalSwapBytes":63998783488,"availableSwapBytes":63983570944},{"timestamp":"2021-03-01T11:00:00Z","physicalMemoryBytes":24879906816,"availableMemoryBytes":15211519859,"percentageMemoryUsage":38.8602,"totalSwapBytes":63998783488,"availableSwapBytes":63983570944},{"timestamp":"2021-03-01T09:07:30Z","physicalMemoryBytes":24879906816,"availableMemoryBytes":15210883114,"percentageMemoryUsage":38.8628,"totalSwapBytes":63998783488,"availableSwapBytes":63983570944},{"timestamp":"2021-03-01T07:17:30Z","physicalMemoryBytes":24879906816,"availableMemoryBytes":15192860688,"percentageMemoryUsage":38.9352,"totalSwapBytes":63998783488,"availableSwapBytes":63983748486},{"timestamp":"2021-03-01T05:27:30Z","physicalMemoryBytes":24879906816,"availableMemoryBytes":15212805723,"percentageMemoryUsage":38.8551,"totalSwapBytes":63998783488,"availableSwapBytes":63983833212},{"timestamp":"2021-03-01T03:35:00Z","physicalMemoryBytes":24879906816,"availableMemoryBytes":15212122809,"percentageMemoryUsage":38.8578,"totalSwapBytes":63998783488,"availableSwapBytes":63984098799},{"timestamp":"2021-03-01T01:42:30Z","physicalMemoryBytes":24879906816,"availableMemoryBytes":15187846174,"percentageMemoryUsage":38.9554,"totalSwapBytes":63998783488,"availableSwapBytes":63984103424},{"timestamp":"2021-02-28T23:52:30Z","physicalMemoryBytes":24879906816,"availableMemoryBytes":15139215859,"percentageMemoryUsage":39.1508,"totalSwapBytes":63998783488,"availableSwapBytes":63984103424},{"timestamp":"2021-02-28T22:00:00Z","physicalMemoryBytes":24879906816,"availableMemoryBytes":15180341126,"percentageMemoryUsage":38.9855,"totalSwapBytes":63998783488,"availableSwapBytes":63984768656},{"timestamp":"2021-02-28T20:07:30Z","physicalMemoryBytes":24879906816,"availableMemoryBytes":15185880900,"percentageMemoryUsage":38.9633,"totalSwapBytes":63998783488,"availableSwapBytes":63986303545},{"timestamp":"2021-02-28T18:17:30Z","physicalMemoryBytes":24879906816,"availableMemoryBytes":15185308689,"percentageMemoryUsage":38.9656,"totalSwapBytes":63998783488,"availableSwapBytes":63987380472},{"timestamp":"2021-02-28T16:25:00Z","physicalMemoryBytes":24879906816,"availableMemoryBytes":15168943207,"percentageMemoryUsage":39.0314,"totalSwapBytes":63998783488,"availableSwapBytes":63987586116},{"timestamp":"2021-02-28T14:32:30Z","physicalMemoryBytes":24879906816,"availableMemoryBytes":15196558637,"percentageMemoryUsage":38.9204,"totalSwapBytes":63998783488,"availableSwapBytes":63989210540},{"timestamp":"2021-02-28T12:42:30Z","physicalMemoryBytes":24879906816,"availableMemoryBytes":15199948556,"percentageMemoryUsage":38.9067,"totalSwapBytes":63998783488,"availableSwapBytes":63989464237},{"timestamp":"2021-02-28T10:52:30Z","physicalMemoryBytes":24879906816,"availableMemoryBytes":15202194092,"percentageMemoryUsage":38.8977,"totalSwapBytes":63998783488,"availableSwapBytes":63989600256},{"timestamp":"2021-02-28T09:00:00Z","physicalMemoryBytes":24879906816,"availableMemoryBytes":15203106110,"percentageMemoryUsage":38.894,"totalSwapBytes":63998783488,"availableSwapBytes":63989600256},{"timestamp":"2021-02-28T07:07:30Z","physicalMemoryBytes":24879906816,"availableMemoryBytes":15054161432,"percentageMemoryUsage":39.4927,"totalSwapBytes":63998783488,"availableSwapBytes":63990186989},{"timestamp":"2021-02-28T05:17:30Z","physicalMemoryBytes":24879906816,"availableMemoryBytes":15048920618,"percentageMemoryUsage":39.5138,"totalSwapBytes":63998783488,"availableSwapBytes":63991085937},{"timestamp":"2021-02-28T03:25:00Z","physicalMemoryBytes":24879906816,"availableMemoryBytes":15050224825,"percentageMemoryUsage":39.5085,"totalSwapBytes":63998783488,"availableSwapBytes":63991609450},{"timestamp":"2021-02-28T01:32:30Z","physicalMemoryBytes":24879906816,"availableMemoryBytes":15047132130,"percentageMemoryUsage":39.5209,"totalSwapBytes":63998783488,"availableSwapBytes":63992341479},{"timestamp":"2021-02-27T23:42:30Z","physicalMemoryBytes":24879906816,"availableMemoryBytes":15049949740,"percentageMemoryUsage":39.5096,"totalSwapBytes":63998783488,"availableSwapBytes":63992492032},{"timestamp":"2021-02-27T21:52:30Z","physicalMemoryBytes":24879906816,"availableMemoryBytes":15058129169,"percentageMemoryUsage":39.4767,"totalSwapBytes":63998783488,"availableSwapBytes":63992492032},{"timestamp":"2021-02-27T20:00:00Z","physicalMemoryBytes":24879906816,"availableMemoryBytes":15061323754,"percentageMemoryUsage":39.4639,"totalSwapBytes":63998783488,"availableSwapBytes":63992492032},{"timestamp":"2021-02-27T18:07:30Z","physicalMemoryBytes":24879906816,"availableMemoryBytes":15063155044,"percentageMemoryUsage":39.4565,"totalSwapBytes":63998783488,"availableSwapBytes":63992492032},{"timestamp":"2021-02-27T16:17:30Z","physicalMemoryBytes":24879906816,"availableMemoryBytes":15067576104,"percentageMemoryUsage":39.4388,"totalSwapBytes":63998783488,"availableSwapBytes":63992532495},{"timestamp":"2021-02-27T14:25:00Z","physicalMemoryBytes":24879906816,"availableMemoryBytes":15069204233,"percentageMemoryUsage":39.4322,"totalSwapBytes":63998783488,"availableSwapBytes":63993008128},{"timestamp":"2021-02-27T12:32:30Z","physicalMemoryBytes":24879906816,"availableMemoryBytes":15074712550,"percentageMemoryUsage":39.4101,"totalSwapBytes":63998783488,"availableSwapBytes":63993008128},{"timestamp":"2021-02-27T10:42:30Z","physicalMemoryBytes":24879906816,"availableMemoryBytes":15077931684,"percentageMemoryUsage":39.3972,"totalSwapBytes":63998783488,"availableSwapBytes":63993008128},{"timestamp":"2021-02-27T08:50:00Z","physicalMemoryBytes":24879906816,"availableMemoryBytes":15085484170,"percentageMemoryUsage":39.3668,"totalSwapBytes":63998783488,"availableSwapBytes":63993008128},{"timestamp":"2021-02-27T06:57:30Z","physicalMemoryBytes":24879906816,"availableMemoryBytes":15082564619,"percentageMemoryUsage":39.3785,"totalSwapBytes":63998783488,"availableSwapBytes":63993008128},{"timestamp":"2021-02-27T05:07:30Z","physicalMemoryBytes":24879906816,"availableMemoryBytes":15081333872,"percentageMemoryUsage":39.3835,"totalSwapBytes":63998783488,"availableSwapBytes":63993008128},{"timestamp":"2021-02-27T03:17:30Z","physicalMemoryBytes":24879906816,"availableMemoryBytes":15082348972,"percentageMemoryUsage":39.3794,"totalSwapBytes":63998783488,"availableSwapBytes":63993008128},{"timestamp":"2021-02-27T01:25:00Z","physicalMemoryBytes":24879906816,"availableMemoryBytes":15082182335,"percentageMemoryUsage":39.3801,"totalSwapBytes":63998783488,"availableSwapBytes":63993008128},{"timestamp":"2021-02-26T23:32:30Z","physicalMemoryBytes":24879906816,"availableMemoryBytes":15084724045,"percentageMemoryUsage":39.3699,"totalSwapBytes":63998783488,"availableSwapBytes":63993008128},{"timestamp":"2021-02-26T21:42:30Z","physicalMemoryBytes":24879906816,"availableMemoryBytes":15094747554,"percentageMemoryUsage":39.3296,"totalSwapBytes":63998783488,"availableSwapBytes":63993008128},{"timestamp":"2021-02-26T19:50:00Z","physicalMemoryBytes":24879906816,"availableMemoryBytes":15094306884,"percentageMemoryUsage":39.3313,"totalSwapBytes":63998783488,"availableSwapBytes":63993008128},{"timestamp":"2021-02-26T17:57:30Z","physicalMemoryBytes":24879906816,"availableMemoryBytes":15094539113,"percentageMemoryUsage":39.3304,"totalSwapBytes":63998783488,"availableSwapBytes":63993008128},{"timestamp":"2021-02-26T16:07:30Z","physicalMemoryBytes":24879906816,"availableMemoryBytes":15098967777,"percentageMemoryUsage":39.3126,"totalSwapBytes":63998783488,"availableSwapBytes":63993008128},{"timestamp":"2021-02-26T14:17:30Z","physicalMemoryBytes":24879906816,"availableMemoryBytes":15122768204,"percentageMemoryUsage":39.2169,"totalSwapBytes":63998783488,"availableSwapBytes":63993008128},{"timestamp":"2021-02-26T12:25:00Z","physicalMemoryBytes":24879906816,"availableMemoryBytes":15128326144,"percentageMemoryUsage":39.1946,"totalSwapBytes":63998783488,"availableSwapBytes":63993008128},{"timestamp":"2021-02-26T10:32:30Z","physicalMemoryBytes":24879906816,"availableMemoryBytes":15131423412,"percentageMemoryUsage":39.1822,"totalSwapBytes":63998783488,"availableSwapBytes":63993008128},{"timestamp":"2021-02-26T08:42:30Z","physicalMemoryBytes":24879906816,"availableMemoryBytes":15140536870,"percentageMemoryUsage":39.1455,"totalSwapBytes":63998783488,"availableSwapBytes":63993008128},{"timestamp":"2021-02-26T06:50:00Z","physicalMemoryBytes":24879906816,"availableMemoryBytes":15177570730,"percentageMemoryUsage":38.9967,"totalSwapBytes":63998783488,"availableSwapBytes":63993008128},{"timestamp":"2021-02-26T04:57:30Z","physicalMemoryBytes":24879906816,"availableMemoryBytes":15183076858,"percentageMemoryUsage":38.9745,"totalSwapBytes":63998783488,"availableSwapBytes":63993008128},{"timestamp":"2021-02-26T03:07:30Z","physicalMemoryBytes":24879906816,"availableMemoryBytes":15180219519,"percentageMemoryUsage":38.986,"totalSwapBytes":63998783488,"availableSwapBytes":63993360489},{"timestamp":"2021-02-26T01:15:00Z","physicalMemoryBytes":24879906816,"availableMemoryBytes":15182275636,"percentageMemoryUsage":38.9778,"totalSwapBytes":63998783488,"availableSwapBytes":63993540608},{"timestamp":"2021-02-25T23:22:30Z","physicalMemoryBytes":24879906816,"availableMemoryBytes":15184003039,"percentageMemoryUsage":38.9708,"totalSwapBytes":63998783488,"availableSwapBytes":63993794628},{"timestamp":"2021-02-25T21:32:30Z","physicalMemoryBytes":24879906816,"availableMemoryBytes":15182943557,"percentageMemoryUsage":38.9751,"totalSwapBytes":63998783488,"availableSwapBytes":63994318848},{"timestamp":"2021-02-25T19:42:30Z","physicalMemoryBytes":24879906816,"availableMemoryBytes":15183487234,"percentageMemoryUsage":38.9729,"totalSwapBytes":63998783488,"availableSwapBytes":63994500759},{"timestamp":"2021-02-25T17:50:00Z","physicalMemoryBytes":24879906816,"availableMemoryBytes":15183093778,"percentageMemoryUsage":38.9745,"totalSwapBytes":63998783488,"availableSwapBytes":63995993435},{"timestamp":"2021-02-25T15:57:30Z","physicalMemoryBytes":24879906816,"availableMemoryBytes":15184342249,"percentageMemoryUsage":38.9695,"totalSwapBytes":63998783488,"availableSwapBytes":63996262368},{"timestamp":"2021-02-25T14:07:30Z","physicalMemoryBytes":24879906816,"availableMemoryBytes":15192482277,"percentageMemoryUsage":38.9367,"totalSwapBytes":63998783488,"availableSwapBytes":63996686336},{"timestamp":"2021-02-25T12:15:00Z","physicalMemoryBytes":24879906816,"availableMemoryBytes":15195705702,"percentageMemoryUsage":38.9238,"totalSwapBytes":63998783488,"availableSwapBytes":63996686336},{"timestamp":"2021-02-25T10:22:30Z","physicalMemoryBytes":24879906816,"availableMemoryBytes":15199978937,"percentageMemoryUsage":38.9066,"totalSwapBytes":63998783488,"availableSwapBytes":63996686336},{"timestamp":"2021-02-25T08:32:30Z","physicalMemoryBytes":24879906816,"availableMemoryBytes":15205716216,"percentageMemoryUsage":38.8835,"totalSwapBytes":63998783488,"availableSwapBytes":63996686336},{"timestamp":"2021-02-25T06:42:30Z","physicalMemoryBytes":24879906816,"availableMemoryBytes":15205412884,"percentageMemoryUsage":38.8848,"totalSwapBytes":63998783488,"availableSwapBytes":63996686336},{"timestamp":"2021-02-25T04:50:00Z","physicalMemoryBytes":24879906816,"availableMemoryBytes":15208758723,"percentageMemoryUsage":38.8713,"totalSwapBytes":63998783488,"availableSwapBytes":63996686336},{"timestamp":"2021-02-25T02:57:30Z","physicalMemoryBytes":24879906816,"availableMemoryBytes":15202048241,"percentageMemoryUsage":38.8983,"totalSwapBytes":63998783488,"availableSwapBytes":63996686336},{"timestamp":"2021-02-25T01:07:30Z","physicalMemoryBytes":24879906816,"availableMemoryBytes":15196368693,"percentageMemoryUsage":38.9211,"totalSwapBytes":63998783488,"availableSwapBytes":63996917393},{"timestamp":"2021-02-24T23:15:00Z","physicalMemoryBytes":24879906816,"availableMemoryBytes":15208702305,"percentageMemoryUsage":38.8715,"totalSwapBytes":63998783488,"availableSwapBytes":63996940288},{"timestamp":"2021-02-24T21:22:30Z","physicalMemoryBytes":24879906816,"availableMemoryBytes":15225108727,"percentageMemoryUsage":38.8056,"totalSwapBytes":63998783488,"availableSwapBytes":63996940288},{"timestamp":"2021-02-24T19:32:30Z","physicalMemoryBytes":24879906816,"availableMemoryBytes":15229683844,"percentageMemoryUsage":38.7872,"totalSwapBytes":63998783488,"availableSwapBytes":63996940288},{"timestamp":"2021-02-24T17:42:30Z","physicalMemoryBytes":24879906816,"availableMemoryBytes":15239493627,"percentageMemoryUsage":38.7478,"totalSwapBytes":63998783488,"availableSwapBytes":63996940288},{"timestamp":"2021-02-24T15:50:00Z","physicalMemoryBytes":24879906816,"availableMemoryBytes":15255842072,"percentageMemoryUsage":38.6821,"totalSwapBytes":63998783488,"availableSwapBytes":63996940288},{"timestamp":"2021-02-24T13:57:30Z","physicalMemoryBytes":24879906816,"availableMemoryBytes":15264511486,"percentageMemoryUsage":38.6472,"totalSwapBytes":63998783488,"availableSwapBytes":63996940288},{"timestamp":"2021-02-24T12:07:30Z","physicalMemoryBytes":24879906816,"availableMemoryBytes":15266151236,"percentageMemoryUsage":38.6406,"totalSwapBytes":63998783488,"availableSwapBytes":63996940288},{"timestamp":"2021-02-24T10:15:00Z","physicalMemoryBytes":24879906816,"availableMemoryBytes":15270110021,"percentageMemoryUsage":38.6247,"totalSwapBytes":63998783488,"availableSwapBytes":63997241563},{"timestamp":"2021-02-24T08:22:30Z","physicalMemoryBytes":24879906816,"availableMemoryBytes":15278432694,"percentageMemoryUsage":38.5913,"totalSwapBytes":63998783488,"availableSwapBytes":63997464578},{"timestamp":"2021-02-24T06:32:30Z","physicalMemoryBytes":24879906816,"availableMemoryBytes":15271271843,"percentageMemoryUsage":38.6201,"totalSwapBytes":63998783488,"availableSwapBytes":63998171177},{"timestamp":"2021-02-24T04:40:00Z","physicalMemoryBytes":24879906816,"availableMemoryBytes":15273005495,"percentageMemoryUsage":38.6131,"totalSwapBytes":63998783488,"availableSwapBytes":63998311373},{"timestamp":"2021-02-24T02:47:30Z","physicalMemoryBytes":24879906816,"availableMemoryBytes":15270771599,"percentageMemoryUsage":38.6221,"totalSwapBytes":63998783488,"availableSwapBytes":63998783488},{"timestamp":"2021-02-24T00:57:30Z","physicalMemoryBytes":24879906816,"availableMemoryBytes":15263625140,"percentageMemoryUsage":38.6508,"totalSwapBytes":63998783488,"availableSwapBytes":63998783488},{"timestamp":"2021-02-23T23:07:30Z","physicalMemoryBytes":24879906816,"availableMemoryBytes":15271640767,"percentageMemoryUsage":38.6186,"totalSwapBytes":63998783488,"availableSwapBytes":63998783488},{"timestamp":"2021-02-23T21:15:00Z","physicalMemoryBytes":24879906816,"availableMemoryBytes":15278725935,"percentageMemoryUsage":38.5901,"totalSwapBytes":63998783488,"availableSwapBytes":63998783488},{"timestamp":"2021-02-23T19:22:30Z","physicalMemoryBytes":24879906816,"availableMemoryBytes":15283096339,"percentageMemoryUsage":38.5725,"totalSwapBytes":63998783488,"availableSwapBytes":63998783488},{"timestamp":"2021-02-23T17:32:30Z","physicalMemoryBytes":24879906816,"availableMemoryBytes":15288016006,"percentageMemoryUsage":38.5528,"totalSwapBytes":63998783488,"availableSwapBytes":63998783488},{"timestamp":"2021-02-23T15:40:00Z","physicalMemoryBytes":24879906816,"availableMemoryBytes":15302837786,"percentageMemoryUsage":38.4932,"totalSwapBytes":63998783488,"availableSwapBytes":63998783488},{"timestamp":"2021-02-23T13:47:30Z","physicalMemoryBytes":24879906816,"availableMemoryBytes":15339227919,"percentageMemoryUsage":38.3469,"totalSwapBytes":63998783488,"availableSwapBytes":63998783488},{"timestamp":"2021-02-23T11:57:30Z","physicalMemoryBytes":24879906816,"availableMemoryBytes":15347980248,"percentageMemoryUsage":38.3117,"totalSwapBytes":63998783488,"availableSwapBytes":63998783488},{"timestamp":"2021-02-23T10:07:30Z","physicalMemoryBytes":24879906816,"availableMemoryBytes":15356991583,"percentageMemoryUsage":38.2755,"totalSwapBytes":63998783488,"availableSwapBytes":63998783488},{"timestamp":"2021-02-23T08:15:00Z","physicalMemoryBytes":24879906816,"availableMemoryBytes":15373369411,"percentageMemoryUsage":38.2097,"totalSwapBytes":63998783488,"availableSwapBytes":63998783488},{"timestamp":"2021-02-23T06:22:30Z","physicalMemoryBytes":24879906816,"availableMemoryBytes":15387687276,"percentageMemoryUsage":38.1522,"totalSwapBytes":63998783488,"availableSwapBytes":63998783488},{"timestamp":"2021-02-23T04:32:30Z","physicalMemoryBytes":24879906816,"availableMemoryBytes":15394169268,"percentageMemoryUsage":38.1261,"totalSwapBytes":63998783488,"availableSwapBytes":63998783488},{"timestamp":"2021-02-23T02:40:00Z","physicalMemoryBytes":24879906816,"availableMemoryBytes":15401260122,"percentageMemoryUsage":38.0976,"totalSwapBytes":63998783488,"availableSwapBytes":63998783488},{"timestamp":"2021-02-23T00:47:30Z","physicalMemoryBytes":24879906816,"availableMemoryBytes":15408027221,"percentageMemoryUsage":38.0704,"totalSwapBytes":63998783488,"availableSwapBytes":63998783488},{"timestamp":"2021-02-22T22:57:30Z","physicalMemoryBytes":24879906816,"availableMemoryBytes":15493565846,"percentageMemoryUsage":37.7266,"totalSwapBytes":63998783488,"availableSwapBytes":63998783488},{"timestamp":"2021-02-22T21:05:00Z","physicalMemoryBytes":24879906816,"availableMemoryBytes":15642515284,"percentageMemoryUsage":37.1279,"totalSwapBytes":63998783488,"availableSwapBytes":63998783488},{"timestamp":"2021-02-22T19:17:30Z","physicalMemoryBytes":23749001960,"availableMemoryBytes":14982448786,"percentageMemoryUsage":35.2355,"totalSwapBytes":61089747874,"availableSwapBytes":61089747874},{"timestamp":"2021-02-22T17:27:30Z","physicalMemoryBytes":24879906816,"availableMemoryBytes":15683219103,"percentageMemoryUsage":36.9643,"totalSwapBytes":63998783488,"availableSwapBytes":63998783488},{"timestamp":"2021-02-22T15:37:30Z","physicalMemoryBytes":21487192250,"availableMemoryBytes":13759358543,"percentageMemoryUsage":31.0605,"totalSwapBytes":55271676648,"availableSwapBytes":55271676648},{"timestamp":"2021-02-22T13:45:00Z","physicalMemoryBytes":0,"availableMemoryBytes":0,"percentageMemoryUsage":0.0,"totalSwapBytes":0,"availableSwapBytes":0},{"timestamp":"2021-02-22T11:52:30Z","physicalMemoryBytes":0,"availableMemoryBytes":0,"percentageMemoryUsage":0.0,"totalSwapBytes":0,"availableSwapBytes":0},{"timestamp":"2021-02-22T10:02:30Z","physicalMemoryBytes":0,"availableMemoryBytes":0,"percentageMemoryUsage":0.0,"totalSwapBytes":0,"availableSwapBytes":0},{"timestamp":"2021-02-22T08:10:00Z","physicalMemoryBytes":0,"availableMemoryBytes":0,"percentageMemoryUsage":0.0,"totalSwapBytes":0,"availableSwapBytes":0},{"timestamp":"2021-02-22T06:17:30Z","physicalMemoryBytes":0,"availableMemoryBytes":0,"percentageMemoryUsage":0.0,"totalSwapBytes":0,"availableSwapBytes":0},{"timestamp":"2021-02-22T04:27:30Z","physicalMemoryBytes":0,"availableMemoryBytes":0,"percentageMemoryUsage":0.0,"totalSwapBytes":0,"availableSwapBytes":0},{"timestamp":"2021-02-22T02:37:30Z","physicalMemoryBytes":0,"availableMemoryBytes":0,"percentageMemoryUsage":0.0,"totalSwapBytes":0,"availableSwapBytes":0},{"timestamp":"2021-02-22T00:45:00Z","physicalMemoryBytes":0,"availableMemoryBytes":0,"percentageMemoryUsage":0.0,"totalSwapBytes":0,"availableSwapBytes":0},{"timestamp":"2021-02-21T22:52:30Z","physicalMemoryBytes":0,"availableMemoryBytes":0,"percentageMemoryUsage":0.0,"totalSwapBytes":0,"availableSwapBytes":0},{"timestamp":"2021-02-21T21:02:30Z","physicalMemoryBytes":0,"availableMemoryBytes":0,"percentageMemoryUsage":0.0,"totalSwapBytes":0,"availableSwapBytes":0},{"timestamp":"2021-02-21T19:10:00Z","physicalMemoryBytes":0,"availableMemoryBytes":0,"percentageMemoryUsage":0.0,"totalSwapBytes":0,"availableSwapBytes":0},{"timestamp":"2021-02-21T17:17:30Z","physicalMemoryBytes":0,"availableMemoryBytes":0,"percentageMemoryUsage":0.0,"totalSwapBytes":0,"availableSwapBytes":0},{"timestamp":"2021-02-21T15:27:30Z","physicalMemoryBytes":0,"availableMemoryBytes":0,"percentageMemoryUsage":0.0,"totalSwapBytes":0,"availableSwapBytes":0},{"timestamp":"2021-02-21T13:35:00Z","physicalMemoryBytes":0,"availableMemoryBytes":0,"percentageMemoryUsage":0.0,"totalSwapBytes":0,"availableSwapBytes":0},{"timestamp":"2021-02-21T11:42:30Z","physicalMemoryBytes":0,"availableMemoryBytes":0,"percentageMemoryUsage":0.0,"totalSwapBytes":0,"availableSwapBytes":0},{"timestamp":"2021-02-21T09:52:30Z","physicalMemoryBytes":0,"availableMemoryBytes":0,"percentageMemoryUsage":0.0,"totalSwapBytes":0,"availableSwapBytes":0},{"timestamp":"2021-02-21T08:02:30Z","physicalMemoryBytes":0,"availableMemoryBytes":0,"percentageMemoryUsage":0.0,"totalSwapBytes":0,"availableSwapBytes":0},{"timestamp":"2021-02-21T06:10:00Z","physicalMemoryBytes":0,"availableMemoryBytes":0,"percentageMemoryUsage":0.0,"totalSwapBytes":0,"availableSwapBytes":0},{"timestamp":"2021-02-21T04:17:30Z","physicalMemoryBytes":0,"availableMemoryBytes":0,"percentageMemoryUsage":0.0,"totalSwapBytes":0,"availableSwapBytes":0},{"timestamp":"2021-02-21T02:27:30Z","physicalMemoryBytes":0,"availableMemoryBytes":0,"percentageMemoryUsage":0.0,"totalSwapBytes":0,"availableSwapBytes":0},{"timestamp":"2021-02-21T00:35:00Z","physicalMemoryBytes":0,"availableMemoryBytes":0,"percentageMemoryUsage":0.0,"totalSwapBytes":0,"availableSwapBytes":0},{"timestamp":"2021-02-20T22:42:30Z","physicalMemoryBytes":0,"availableMemoryBytes":0,"percentageMemoryUsage":0.0,"totalSwapBytes":0,"availableSwapBytes":0},{"timestamp":"2021-02-20T20:52:30Z","physicalMemoryBytes":0,"availableMemoryBytes":0,"percentageMemoryUsage":0.0,"totalSwapBytes":0,"availableSwapBytes":0},{"timestamp":"2021-02-20T19:02:30Z","physicalMemoryBytes":0,"availableMemoryBytes":0,"percentageMemoryUsage":0.0,"totalSwapBytes":0,"availableSwapBytes":0},{"timestamp":"2021-02-20T17:10:00Z","physicalMemoryBytes":0,"availableMemoryBytes":0,"percentageMemoryUsage":0.0,"totalSwapBytes":0,"availableSwapBytes":0},{"timestamp":"2021-02-20T15:17:30Z","physicalMemoryBytes":0,"availableMemoryBytes":0,"percentageMemoryUsage":0.0,"totalSwapBytes":0,"availableSwapBytes":0},{"timestamp":"2021-02-20T13:27:30Z","physicalMemoryBytes":0,"availableMemoryBytes":0,"percentageMemoryUsage":0.0,"totalSwapBytes":0,"availableSwapBytes":0},{"timestamp":"2021-02-20T11:35:00Z","physicalMemoryBytes":0,"availableMemoryBytes":0,"percentageMemoryUsage":0.0,"totalSwapBytes":0,"availableSwapBytes":0},{"timestamp":"2021-02-20T09:42:30Z","physicalMemoryBytes":0,"availableMemoryBytes":0,"percentageMemoryUsage":0.0,"totalSwapBytes":0,"availableSwapBytes":0},{"timestamp":"2021-02-20T07:52:30Z","physicalMemoryBytes":0,"availableMemoryBytes":0,"percentageMemoryUsage":0.0,"totalSwapBytes":0,"availableSwapBytes":0},{"timestamp":"2021-02-20T06:02:30Z","physicalMemoryBytes":0,"availableMemoryBytes":0,"percentageMemoryUsage":0.0,"totalSwapBytes":0,"availableSwapBytes":0},{"timestamp":"2021-02-20T04:10:00Z","physicalMemoryBytes":0,"availableMemoryBytes":0,"percentageMemoryUsage":0.0,"totalSwapBytes":0,"availableSwapBytes":0},{"timestamp":"2021-02-20T02:17:30Z","physicalMemoryBytes":0,"availableMemoryBytes":0,"percentageMemoryUsage":0.0,"totalSwapBytes":0,"availableSwapBytes":0},{"timestamp":"2021-02-20T00:27:30Z","physicalMemoryBytes":0,"availableMemoryBytes":0,"percentageMemoryUsage":0.0,"totalSwapBytes":0,"availableSwapBytes":0},{"timestamp":"2021-02-19T22:35:00Z","physicalMemoryBytes":0,"availableMemoryBytes":0,"percentageMemoryUsage":0.0,"totalSwapBytes":0,"availableSwapBytes":0},{"timestamp":"2021-02-19T20:42:30Z","physicalMemoryBytes":0,"availableMemoryBytes":0,"percentageMemoryUsage":0.0,"totalSwapBytes":0,"availableSwapBytes":0},{"timestamp":"2021-02-19T18:52:30Z","physicalMemoryBytes":0,"availableMemoryBytes":0,"percentageMemoryUsage":0.0,"totalSwapBytes":0,"availableSwapBytes":0},{"timestamp":"2021-02-19T17:00:00Z","physicalMemoryBytes":0,"availableMemoryBytes":0,"percentageMemoryUsage":0.0,"totalSwapBytes":0,"availableSwapBytes":0},{"timestamp":"2021-02-19T15:07:30Z","physicalMemoryBytes":0,"availableMemoryBytes":0,"percentageMemoryUsage":0.0,"totalSwapBytes":0,"availableSwapBytes":0},{"timestamp":"2021-02-19T13:17:30Z","physicalMemoryBytes":0,"availableMemoryBytes":0,"percentageMemoryUsage":0.0,"totalSwapBytes":0,"availableSwapBytes":0},{"timestamp":"2021-02-19T11:27:30Z","physicalMemoryBytes":0,"availableMemoryBytes":0,"percentageMemoryUsage":0.0,"totalSwapBytes":0,"availableSwapBytes":0},{"timestamp":"2021-02-19T09:35:00Z","physicalMemoryBytes":0,"availableMemoryBytes":0,"percentageMemoryUsage":0.0,"totalSwapBytes":0,"availableSwapBytes":0},{"timestamp":"2021-02-19T07:42:30Z","physicalMemoryBytes":0,"availableMemoryBytes":0,"percentageMemoryUsage":0.0,"totalSwapBytes":0,"availableSwapBytes":0},{"timestamp":"2021-02-19T05:52:30Z","physicalMemoryBytes":0,"availableMemoryBytes":0,"percentageMemoryUsage":0.0,"totalSwapBytes":0,"availableSwapBytes":0},{"timestamp":"2021-02-19T04:00:00Z","physicalMemoryBytes":0,"availableMemoryBytes":0,"percentageMemoryUsage":0.0,"totalSwapBytes":0,"availableSwapBytes":0},{"timestamp":"2021-02-19T02:07:30Z","physicalMemoryBytes":0,"availableMemoryBytes":0,"percentageMemoryUsage":0.0,"totalSwapBytes":0,"availableSwapBytes":0},{"timestamp":"2021-02-19T00:17:30Z","physicalMemoryBytes":0,"availableMemoryBytes":0,"percentageMemoryUsage":0.0,"totalSwapBytes":0,"availableSwapBytes":0},{"timestamp":"2021-02-18T22:27:30Z","physicalMemoryBytes":0,"availableMemoryBytes":0,"percentageMemoryUsage":0.0,"totalSwapBytes":0,"availableSwapBytes":0},{"timestamp":"2021-02-18T20:35:00Z","physicalMemoryBytes":0,"availableMemoryBytes":0,"percentageMemoryUsage":0.0,"totalSwapBytes":0,"availableSwapBytes":0},{"timestamp":"2021-02-18T18:42:30Z","physicalMemoryBytes":0,"availableMemoryBytes":0,"percentageMemoryUsage":0.0,"totalSwapBytes":0,"availableSwapBytes":0},{"timestamp":"2021-02-18T16:52:30Z","physicalMemoryBytes":0,"availableMemoryBytes":0,"percentageMemoryUsage":0.0,"totalSwapBytes":0,"availableSwapBytes":0},{"timestamp":"2021-02-18T15:00:00Z","physicalMemoryBytes":0,"availableMemoryBytes":0,"percentageMemoryUsage":0.0,"totalSwapBytes":0,"availableSwapBytes":0},{"timestamp":"2021-02-18T13:07:30Z","physicalMemoryBytes":0,"availableMemoryBytes":0,"percentageMemoryUsage":0.0,"totalSwapBytes":0,"availableSwapBytes":0},{"timestamp":"2021-02-18T11:17:30Z","physicalMemoryBytes":0,"availableMemoryBytes":0,"percentageMemoryUsage":0.0,"totalSwapBytes":0,"availableSwapBytes":0},{"timestamp":"2021-02-18T09:25:00Z","physicalMemoryBytes":0,"availableMemoryBytes":0,"percentageMemoryUsage":0.0,"totalSwapBytes":0,"availableSwapBytes":0},{"timestamp":"2021-02-18T07:32:30Z","physicalMemoryBytes":0,"availableMemoryBytes":0,"percentageMemoryUsage":0.0,"totalSwapBytes":0,"availableSwapBytes":0},{"timestamp":"2021-02-18T05:42:30Z","physicalMemoryBytes":0,"availableMemoryBytes":0,"percentageMemoryUsage":0.0,"totalSwapBytes":0,"availableSwapBytes":0},{"timestamp":"2021-02-18T03:52:30Z","physicalMemoryBytes":0,"availableMemoryBytes":0,"percentageMemoryUsage":0.0,"totalSwapBytes":0,"availableSwapBytes":0},{"timestamp":"2021-02-18T02:00:00Z","physicalMemoryBytes":0,"availableMemoryBytes":0,"percentageMemoryUsage":0.0,"totalSwapBytes":0,"availableSwapBytes":0},{"timestamp":"2021-02-18T00:07:30Z","physicalMemoryBytes":0,"availableMemoryBytes":0,"percentageMemoryUsage":0.0,"totalSwapBytes":0,"availableSwapBytes":0},{"timestamp":"2021-02-17T22:17:30Z","physicalMemoryBytes":0,"availableMemoryBytes":0,"percentageMemoryUsage":0.0,"totalSwapBytes":0,"availableSwapBytes":0},{"timestamp":"2021-02-17T20:25:00Z","physicalMemoryBytes":0,"availableMemoryBytes":0,"percentageMemoryUsage":0.0,"totalSwapBytes":0,"availableSwapBytes":0},{"timestamp":"2021-02-17T18:32:30Z","physicalMemoryBytes":0,"availableMemoryBytes":0,"percentageMemoryUsage":0.0,"totalSwapBytes":0,"availableSwapBytes":0},{"timestamp":"2021-02-17T16:42:30Z","physicalMemoryBytes":0,"availableMemoryBytes":0,"percentageMemoryUsage":0.0,"totalSwapBytes":0,"availableSwapBytes":0},{"timestamp":"2021-02-17T14:52:30Z","physicalMemoryBytes":0,"availableMemoryBytes":0,"percentageMemoryUsage":0.0,"totalSwapBytes":0,"availableSwapBytes":0},{"timestamp":"2021-02-17T13:00:00Z","physicalMemoryBytes":0,"availableMemoryBytes":0,"percentageMemoryUsage":0.0,"totalSwapBytes":0,"availableSwapBytes":0},{"timestamp":"2021-02-17T11:07:30Z","physicalMemoryBytes":0,"availableMemoryBytes":0,"percentageMemoryUsage":0.0,"totalSwapBytes":0,"availableSwapBytes":0},{"timestamp":"2021-02-17T09:17:30Z","physicalMemoryBytes":0,"availableMemoryBytes":0,"percentageMemoryUsage":0.0,"totalSwapBytes":0,"availableSwapBytes":0},{"timestamp":"2021-02-17T07:25:00Z","physicalMemoryBytes":0,"availableMemoryBytes":0,"percentageMemoryUsage":0.0,"totalSwapBytes":0,"availableSwapBytes":0},{"timestamp":"2021-02-17T05:32:30Z","physicalMemoryBytes":0,"availableMemoryBytes":0,"percentageMemoryUsage":0.0,"totalSwapBytes":0,"availableSwapBytes":0},{"timestamp":"2021-02-17T03:42:30Z","physicalMemoryBytes":0,"availableMemoryBytes":0,"percentageMemoryUsage":0.0,"totalSwapBytes":0,"availableSwapBytes":0},{"timestamp":"2021-02-17T01:50:00Z","physicalMemoryBytes":0,"availableMemoryBytes":0,"percentageMemoryUsage":0.0,"totalSwapBytes":0,"availableSwapBytes":0},{"timestamp":"2021-02-16T23:57:30Z","physicalMemoryBytes":0,"availableMemoryBytes":0,"percentageMemoryUsage":0.0,"totalSwapBytes":0,"availableSwapBytes":0},{"timestamp":"2021-02-16T22:07:30Z","physicalMemoryBytes":0,"availableMemoryBytes":0,"percentageMemoryUsage":0.0,"totalSwapBytes":0,"availableSwapBytes":0},{"timestamp":"2021-02-16T20:17:30Z","physicalMemoryBytes":0,"availableMemoryBytes":0,"percentageMemoryUsage":0.0,"totalSwapBytes":0,"availableSwapBytes":0},{"timestamp":"2021-02-16T18:25:00Z","physicalMemoryBytes":0,"availableMemoryBytes":0,"percentageMemoryUsage":0.0,"totalSwapBytes":0,"availableSwapBytes":0},{"timestamp":"2021-02-16T16:32:30Z","physicalMemoryBytes":0,"availableMemoryBytes":0,"percentageMemoryUsage":0.0,"totalSwapBytes":0,"availableSwapBytes":0},{"timestamp":"2021-02-16T14:42:30Z","physicalMemoryBytes":0,"availableMemoryBytes":0,"percentageMemoryUsage":0.0,"totalSwapBytes":0,"availableSwapBytes":0},{"timestamp":"2021-02-16T12:50:00Z","physicalMemoryBytes":0,"availableMemoryBytes":0,"percentageMemoryUsage":0.0,"totalSwapBytes":0,"availableSwapBytes":0},{"timestamp":"2021-02-16T10:57:30Z","physicalMemoryBytes":0,"availableMemoryBytes":0,"percentageMemoryUsage":0.0,"totalSwapBytes":0,"availableSwapBytes":0},{"timestamp":"2021-02-16T09:07:30Z","physicalMemoryBytes":0,"availableMemoryBytes":0,"percentageMemoryUsage":0.0,"totalSwapBytes":0,"availableSwapBytes":0},{"timestamp":"2021-02-16T07:17:30Z","physicalMemoryBytes":0,"availableMemoryBytes":0,"percentageMemoryUsage":0.0,"totalSwapBytes":0,"availableSwapBytes":0},{"timestamp":"2021-02-16T05:25:00Z","physicalMemoryBytes":0,"availableMemoryBytes":0,"percentageMemoryUsage":0.0,"totalSwapBytes":0,"availableSwapBytes":0},{"timestamp":"2021-02-16T03:32:30Z","physicalMemoryBytes":0,"availableMemoryBytes":0,"percentageMemoryUsage":0.0,"totalSwapBytes":0,"availableSwapBytes":0},{"timestamp":"2021-02-16T01:42:30Z","physicalMemoryBytes":0,"availableMemoryBytes":0,"percentageMemoryUsage":0.0,"totalSwapBytes":0,"availableSwapBytes":0},{"timestamp":"2021-02-15T23:50:00Z","physicalMemoryBytes":0,"availableMemoryBytes":0,"percentageMemoryUsage":0.0,"totalSwapBytes":0,"availableSwapBytes":0},{"timestamp":"2021-02-15T21:57:30Z","physicalMemoryBytes":0,"availableMemoryBytes":0,"percentageMemoryUsage":0.0,"totalSwapBytes":0,"availableSwapBytes":0},{"timestamp":"2021-02-15T20:07:30Z","physicalMemoryBytes":0,"availableMemoryBytes":0,"percentageMemoryUsage":0.0,"totalSwapBytes":0,"availableSwapBytes":0},{"timestamp":"2021-02-15T18:17:30Z","physicalMemoryBytes":0,"availableMemoryBytes":0,"percentageMemoryUsage":0.0,"totalSwapBytes":0,"availableSwapBytes":0},{"timestamp":"2021-02-15T16:25:00Z","physicalMemoryBytes":0,"availableMemoryBytes":0,"percentageMemoryUsage":0.0,"totalSwapBytes":0,"availableSwapBytes":0},{"timestamp":"2021-02-15T14:32:30Z","physicalMemoryBytes":0,"availableMemoryBytes":0,"percentageMemoryUsage":0.0,"totalSwapBytes":0,"availableSwapBytes":0},{"timestamp":"2021-02-15T12:42:30Z","physicalMemoryBytes":0,"availableMemoryBytes":0,"percentageMemoryUsage":0.0,"totalSwapBytes":0,"availableSwapBytes":0},{"timestamp":"2021-02-15T10:50:00Z","physicalMemoryBytes":0,"availableMemoryBytes":0,"percentageMemoryUsage":0.0,"totalSwapBytes":0,"availableSwapBytes":0},{"timestamp":"2021-02-15T08:57:30Z","physicalMemoryBytes":0,"availableMemoryBytes":0,"percentageMemoryUsage":0.0,"totalSwapBytes":0,"availableSwapBytes":0},{"timestamp":"2021-02-15T07:07:30Z","physicalMemoryBytes":0,"availableMemoryBytes":0,"percentageMemoryUsage":0.0,"totalSwapBytes":0,"availableSwapBytes":0},{"timestamp":"2021-02-15T05:15:00Z","physicalMemoryBytes":0,"availableMemoryBytes":0,"percentageMemoryUsage":0.0,"totalSwapBytes":0,"availableSwapBytes":0},{"timestamp":"2021-02-15T03:22:30Z","physicalMemoryBytes":0,"availableMemoryBytes":0,"percentageMemoryUsage":0.0,"totalSwapBytes":0,"availableSwapBytes":0},{"timestamp":"2021-02-15T01:32:30Z","physicalMemoryBytes":0,"availableMemoryBytes":0,"percentageMemoryUsage":0.0,"totalSwapBytes":0,"availableSwapBytes":0},{"timestamp":"2021-02-14T23:42:30Z","physicalMemoryBytes":0,"availableMemoryBytes":0,"percentageMemoryUsage":0.0,"totalSwapBytes":0,"availableSwapBytes":0},{"timestamp":"2021-02-14T21:50:00Z","physicalMemoryBytes":0,"availableMemoryBytes":0,"percentageMemoryUsage":0.0,"totalSwapBytes":0,"availableSwapBytes":0},{"timestamp":"2021-02-14T19:57:30Z","physicalMemoryBytes":0,"availableMemoryBytes":0,"percentageMemoryUsage":0.0,"totalSwapBytes":0,"availableSwapBytes":0},{"timestamp":"2021-02-14T18:07:30Z","physicalMemoryBytes":0,"availableMemoryBytes":0,"percentageMemoryUsage":0.0,"totalSwapBytes":0,"availableSwapBytes":0},{"timestamp":"2021-02-14T16:15:00Z","physicalMemoryBytes":0,"availableMemoryBytes":0,"percentageMemoryUsage":0.0,"totalSwapBytes":0,"availableSwapBytes":0},{"timestamp":"2021-02-14T14:22:30Z","physicalMemoryBytes":0,"availableMemoryBytes":0,"percentageMemoryUsage":0.0,"totalSwapBytes":0,"availableSwapBytes":0},{"timestamp":"2021-02-14T12:32:30Z","physicalMemoryBytes":0,"availableMemoryBytes":0,"percentageMemoryUsage":0.0,"totalSwapBytes":0,"availableSwapBytes":0},{"timestamp":"2021-02-14T10:42:30Z","physicalMemoryBytes":0,"availableMemoryBytes":0,"percentageMemoryUsage":0.0,"totalSwapBytes":0,"availableSwapBytes":0},{"timestamp":"2021-02-14T08:50:00Z","physicalMemoryBytes":0,"availableMemoryBytes":0,"percentageMemoryUsage":0.0,"totalSwapBytes":0,"availableSwapBytes":0},{"timestamp":"2021-02-14T06:57:30Z","physicalMemoryBytes":0,"availableMemoryBytes":0,"percentageMemoryUsage":0.0,"totalSwapBytes":0,"availableSwapBytes":0},{"timestamp":"2021-02-14T05:07:30Z","physicalMemoryBytes":0,"availableMemoryBytes":0,"percentageMemoryUsage":0.0,"totalSwapBytes":0,"availableSwapBytes":0},{"timestamp":"2021-02-14T03:15:00Z","physicalMemoryBytes":0,"availableMemoryBytes":0,"percentageMemoryUsage":0.0,"totalSwapBytes":0,"availableSwapBytes":0},{"timestamp":"2021-02-14T01:22:30Z","physicalMemoryBytes":0,"availableMemoryBytes":0,"percentageMemoryUsage":0.0,"totalSwapBytes":0,"availableSwapBytes":0},{"timestamp":"2021-02-13T23:32:30Z","physicalMemoryBytes":0,"availableMemoryBytes":0,"percentageMemoryUsage":0.0,"totalSwapBytes":0,"availableSwapBytes":0},{"timestamp":"2021-02-13T21:40:00Z","physicalMemoryBytes":0,"availableMemoryBytes":0,"percentageMemoryUsage":0.0,"totalSwapBytes":0,"availableSwapBytes":0},{"timestamp":"2021-02-13T19:47:30Z","physicalMemoryBytes":0,"availableMemoryBytes":0,"percentageMemoryUsage":0.0,"totalSwapBytes":0,"availableSwapBytes":0},{"timestamp":"2021-02-13T17:57:30Z","physicalMemoryBytes":0,"availableMemoryBytes":0,"percentageMemoryUsage":0.0,"totalSwapBytes":0,"availableSwapBytes":0},{"timestamp":"2021-02-13T16:07:30Z","physicalMemoryBytes":0,"availableMemoryBytes":0,"percentageMemoryUsage":0.0,"totalSwapBytes":0,"availableSwapBytes":0},{"timestamp":"2021-02-13T14:15:00Z","physicalMemoryBytes":0,"availableMemoryBytes":0,"percentageMemoryUsage":0.0,"totalSwapBytes":0,"availableSwapBytes":0},{"timestamp":"2021-02-13T12:22:30Z","physicalMemoryBytes":0,"availableMemoryBytes":0,"percentageMemoryUsage":0.0,"totalSwapBytes":0,"availableSwapBytes":0},{"timestamp":"2021-02-13T10:32:30Z","physicalMemoryBytes":0,"availableMemoryBytes":0,"percentageMemoryUsage":0.0,"totalSwapBytes":0,"availableSwapBytes":0},{"timestamp":"2021-02-13T08:40:00Z","physicalMemoryBytes":0,"availableMemoryBytes":0,"percentageMemoryUsage":0.0,"totalSwapBytes":0,"availableSwapBytes":0},{"timestamp":"2021-02-13T06:47:30Z","physicalMemoryBytes":0,"availableMemoryBytes":0,"percentageMemoryUsage":0.0,"totalSwapBytes":0,"availableSwapBytes":0},{"timestamp":"2021-02-13T04:55:00Z","physicalMemoryBytes":12439953408,"availableMemoryBytes":7665658180,"percentageMemoryUsage":19.1894,"totalSwapBytes":31999391744,"availableSwapBytes":31902744414},{"timestamp":"2021-02-13T03:02:30Z","physicalMemoryBytes":24879906816,"availableMemoryBytes":15304454918,"percentageMemoryUsage":38.4867,"totalSwapBytes":63998783488,"availableSwapBytes":63805692986},{"timestamp":"2021-02-13T01:10:00Z","physicalMemoryBytes":24879906816,"availableMemoryBytes":15317025227,"percentageMemoryUsage":38.4362,"totalSwapBytes":63998783488,"availableSwapBytes":63809521025},{"timestamp":"2021-02-12T23:17:30Z","physicalMemoryBytes":24879906816,"availableMemoryBytes":15313459330,"percentageMemoryUsage":38.4505,"totalSwapBytes":63998783488,"availableSwapBytes":63811899243},{"timestamp":"2021-02-12T21:27:30Z","physicalMemoryBytes":24879906816,"availableMemoryBytes":15314444908,"percentageMemoryUsage":38.4465,"totalSwapBytes":63998783488,"availableSwapBytes":63814412050},{"timestamp":"2021-02-12T19:35:00Z","physicalMemoryBytes":24879906816,"availableMemoryBytes":15312738654,"percentageMemoryUsage":38.4534,"totalSwapBytes":63998783488,"availableSwapBytes":63815020544},{"timestamp":"2021-02-12T17:42:30Z","physicalMemoryBytes":24879906816,"availableMemoryBytes":15310470663,"percentageMemoryUsage":38.4625,"totalSwapBytes":63998783488,"availableSwapBytes":63816112611},{"timestamp":"2021-02-12T15:52:30Z","physicalMemoryBytes":24879906816,"availableMemoryBytes":15314567098,"percentageMemoryUsage":38.446,"totalSwapBytes":63998783488,"availableSwapBytes":63817515284},{"timestamp":"2021-02-12T14:00:00Z","physicalMemoryBytes":24879906816,"availableMemoryBytes":15318565661,"percentageMemoryUsage":38.43,"totalSwapBytes":63998783488,"availableSwapBytes":63818467549},{"timestamp":"2021-02-12T12:07:30Z","physicalMemoryBytes":24879906816,"availableMemoryBytes":15322443278,"percentageMemoryUsage":38.4144,"totalSwapBytes":63998783488,"availableSwapBytes":63819448786},{"timestamp":"2021-02-12T10:17:30Z","physicalMemoryBytes":24879906816,"availableMemoryBytes":15316128591,"percentageMemoryUsage":38.4398,"totalSwapBytes":63998783488,"availableSwapBytes":63819476993},{"timestamp":"2021-02-12T08:27:30Z","physicalMemoryBytes":24879906816,"availableMemoryBytes":15323074471,"percentageMemoryUsage":38.4118,"totalSwapBytes":63998783488,"availableSwapBytes":63820416183},{"timestamp":"2021-02-12T06:35:00Z","physicalMemoryBytes":24879906816,"availableMemoryBytes":15324276863,"percentageMemoryUsage":38.407,"totalSwapBytes":63998783488,"availableSwapBytes":63821473169},{"timestamp":"2021-02-12T04:42:30Z","physicalMemoryBytes":24879906816,"availableMemoryBytes":15321898689,"percentageMemoryUsage":38.4166,"totalSwapBytes":63998783488,"availableSwapBytes":63822770144},{"timestamp":"2021-02-12T02:52:30Z","physicalMemoryBytes":24879906816,"availableMemoryBytes":15314053130,"percentageMemoryUsage":38.4481,"totalSwapBytes":63998783488,"availableSwapBytes":63823220686},{"timestamp":"2021-02-12T01:00:00Z","physicalMemoryBytes":24879906816,"availableMemoryBytes":15315375004,"percentageMemoryUsage":38.4428,"totalSwapBytes":63998783488,"availableSwapBytes":63824646547},{"timestamp":"2021-02-11T23:07:30Z","physicalMemoryBytes":24879906816,"availableMemoryBytes":15315391208,"percentageMemoryUsage":38.4427,"totalSwapBytes":63998783488,"availableSwapBytes":63826659141},{"timestamp":"2021-02-11T21:17:30Z","physicalMemoryBytes":24879906816,"availableMemoryBytes":15318656121,"percentageMemoryUsage":38.4296,"totalSwapBytes":63998783488,"availableSwapBytes":63828349970},{"timestamp":"2021-02-11T19:27:30Z","physicalMemoryBytes":24879906816,"availableMemoryBytes":15316618203,"percentageMemoryUsage":38.4378,"totalSwapBytes":63998783488,"availableSwapBytes":63829176320},{"timestamp":"2021-02-11T17:35:00Z","physicalMemoryBytes":24879906816,"availableMemoryBytes":15309138849,"percentageMemoryUsage":38.4679,"totalSwapBytes":63998783488,"availableSwapBytes":63830256052},{"timestamp":"2021-02-11T15:42:30Z","physicalMemoryBytes":24879906816,"availableMemoryBytes":15325825193,"percentageMemoryUsage":38.4008,"totalSwapBytes":63998783488,"availableSwapBytes":63831445252},{"timestamp":"2021-02-11T13:52:30Z","physicalMemoryBytes":24879906816,"availableMemoryBytes":15326284569,"percentageMemoryUsage":38.3989,"totalSwapBytes":63998783488,"availableSwapBytes":63832184383},{"timestamp":"2021-02-11T12:00:00Z","physicalMemoryBytes":24879906816,"availableMemoryBytes":15328464547,"percentageMemoryUsage":38.3902,"totalSwapBytes":63998783488,"availableSwapBytes":63832805532},{"timestamp":"2021-02-11T10:07:30Z","physicalMemoryBytes":24879906816,"availableMemoryBytes":15322331071,"percentageMemoryUsage":38.4148,"totalSwapBytes":63998783488,"availableSwapBytes":63832846344},{"timestamp":"2021-02-11T08:17:30Z","physicalMemoryBytes":24879906816,"availableMemoryBytes":15334197169,"percentageMemoryUsage":38.3671,"totalSwapBytes":63998783488,"availableSwapBytes":63834208880},{"timestamp":"2021-02-11T06:27:30Z","physicalMemoryBytes":24879906816,"availableMemoryBytes":15337034037,"percentageMemoryUsage":38.3557,"totalSwapBytes":63998783488,"availableSwapBytes":63835060459},{"timestamp":"2021-02-11T04:35:00Z","physicalMemoryBytes":24879906816,"availableMemoryBytes":15333605276,"percentageMemoryUsage":38.3695,"totalSwapBytes":63998783488,"availableSwapBytes":63835821290},{"timestamp":"2021-02-11T02:42:30Z","physicalMemoryBytes":24879906816,"availableMemoryBytes":15325365126,"percentageMemoryUsage":38.4026,"totalSwapBytes":63998783488,"availableSwapBytes":63836137037},{"timestamp":"2021-02-11T00:52:30Z","physicalMemoryBytes":24879906816,"availableMemoryBytes":15330755292,"percentageMemoryUsage":38.381,"totalSwapBytes":63998783488,"availableSwapBytes":63837280144},{"timestamp":"2021-02-10T23:00:00Z","physicalMemoryBytes":24879906816,"availableMemoryBytes":15328948953,"percentageMemoryUsage":38.3882,"totalSwapBytes":63998783488,"availableSwapBytes":63838971197},{"timestamp":"2021-02-10T21:07:30Z","physicalMemoryBytes":24879906816,"availableMemoryBytes":15328824795,"percentageMemoryUsage":38.3887,"totalSwapBytes":63998783488,"availableSwapBytes":63840883432},{"timestamp":"2021-02-10T19:17:30Z","physicalMemoryBytes":24879906816,"availableMemoryBytes":15328530835,"percentageMemoryUsage":38.3899,"totalSwapBytes":63998783488,"availableSwapBytes":63841759232},{"timestamp":"2021-02-10T17:25:00Z","physicalMemoryBytes":24879906816,"availableMemoryBytes":15330679114,"percentageMemoryUsage":38.3813,"totalSwapBytes":63998783488,"availableSwapBytes":63842741321},{"timestamp":"2021-02-10T15:32:30Z","physicalMemoryBytes":24879906816,"availableMemoryBytes":15334910046,"percentageMemoryUsage":38.3643,"totalSwapBytes":63998783488,"availableSwapBytes":63844214845},{"timestamp":"2021-02-10T13:42:30Z","physicalMemoryBytes":24879906816,"availableMemoryBytes":15343406100,"percentageMemoryUsage":38.3301,"totalSwapBytes":63998783488,"availableSwapBytes":63845374636},{"timestamp":"2021-02-10T11:52:30Z","physicalMemoryBytes":24879906816,"availableMemoryBytes":15343366725,"percentageMemoryUsage":38.3303,"totalSwapBytes":63998783488,"availableSwapBytes":63846147758},{"timestamp":"2021-02-10T10:00:00Z","physicalMemoryBytes":24879906816,"availableMemoryBytes":15336191177,"percentageMemoryUsage":38.3591,"totalSwapBytes":63998783488,"availableSwapBytes":63846215680},{"timestamp":"2021-02-10T08:07:30Z","physicalMemoryBytes":24879906816,"availableMemoryBytes":15350277742,"percentageMemoryUsage":38.3025,"totalSwapBytes":63998783488,"availableSwapBytes":63847274553},{"timestamp":"2021-02-10T06:17:30Z","physicalMemoryBytes":24879906816,"availableMemoryBytes":15352281365,"percentageMemoryUsage":38.2945,"totalSwapBytes":63998783488,"availableSwapBytes":63848675295},{"timestamp":"2021-02-10T04:25:00Z","physicalMemoryBytes":24879906816,"availableMemoryBytes":15348555526,"percentageMemoryUsage":38.3094,"totalSwapBytes":63998783488,"availableSwapBytes":63850050390},{"timestamp":"2021-02-10T02:32:30Z","physicalMemoryBytes":24879906816,"availableMemoryBytes":15342424892,"percentageMemoryUsage":38.3341,"totalSwapBytes":63998783488,"availableSwapBytes":63850560738},{"timestamp":"2021-02-10T00:42:30Z","physicalMemoryBytes":24879906816,"availableMemoryBytes":15353324144,"percentageMemoryUsage":38.2903,"totalSwapBytes":63998783488,"availableSwapBytes":63851910935},{"timestamp":"2021-02-09T22:52:30Z","physicalMemoryBytes":24879906816,"availableMemoryBytes":15347705629,"percentageMemoryUsage":38.3128,"totalSwapBytes":63998783488,"availableSwapBytes":63853507212},{"timestamp":"2021-02-09T21:00:00Z","physicalMemoryBytes":24879906816,"availableMemoryBytes":15347317605,"percentageMemoryUsage":38.3144,"totalSwapBytes":63998783488,"availableSwapBytes":63855390380},{"timestamp":"2021-02-09T19:07:30Z","physicalMemoryBytes":24879906816,"availableMemoryBytes":15350120859,"percentageMemoryUsage":38.3031,"totalSwapBytes":63998783488,"availableSwapBytes":63855652864},{"timestamp":"2021-02-09T17:17:30Z","physicalMemoryBytes":24879906816,"availableMemoryBytes":15348963681,"percentageMemoryUsage":38.3078,"totalSwapBytes":63998783488,"availableSwapBytes":63857541293},{"timestamp":"2021-02-09T15:25:00Z","physicalMemoryBytes":24879906816,"availableMemoryBytes":15356362639,"percentageMemoryUsage":38.2781,"totalSwapBytes":63998783488,"availableSwapBytes":63858806385},{"timestamp":"2021-02-09T13:32:30Z","physicalMemoryBytes":24879906816,"availableMemoryBytes":15361435567,"percentageMemoryUsage":38.2577,"totalSwapBytes":63998783488,"availableSwapBytes":63860001866},{"timestamp":"2021-02-09T11:42:30Z","physicalMemoryBytes":24879906816,"availableMemoryBytes":15359037101,"percentageMemoryUsage":38.2673,"totalSwapBytes":63998783488,"availableSwapBytes":63860371456},{"timestamp":"2021-02-09T09:50:00Z","physicalMemoryBytes":24879906816,"availableMemoryBytes":15356271856,"percentageMemoryUsage":38.2784,"totalSwapBytes":63998783488,"availableSwapBytes":63860547548},{"timestamp":"2021-02-09T07:57:30Z","physicalMemoryBytes":24879906816,"availableMemoryBytes":15365472226,"percentageMemoryUsage":38.2414,"totalSwapBytes":63998783488,"availableSwapBytes":63861372967},{"timestamp":"2021-02-09T06:07:30Z","physicalMemoryBytes":24879906816,"availableMemoryBytes":15369194935,"percentageMemoryUsage":38.2265,"totalSwapBytes":63998783488,"availableSwapBytes":63862358385},{"timestamp":"2021-02-09T04:17:30Z","physicalMemoryBytes":24879906816,"availableMemoryBytes":15363679456,"percentageMemoryUsage":38.2486,"totalSwapBytes":63998783488,"availableSwapBytes":63863386108},{"timestamp":"2021-02-09T02:25:00Z","physicalMemoryBytes":24879906816,"availableMemoryBytes":15350707298,"percentageMemoryUsage":38.3008,"totalSwapBytes":63998783488,"availableSwapBytes":63863365599},{"timestamp":"2021-02-09T00:32:30Z","physicalMemoryBytes":24879906816,"availableMemoryBytes":15346390167,"percentageMemoryUsage":38.3181,"totalSwapBytes":63998783488,"availableSwapBytes":63864049216},{"timestamp":"2021-02-08T22:42:30Z","physicalMemoryBytes":24879906816,"availableMemoryBytes":15356129194,"percentageMemoryUsage":38.279,"totalSwapBytes":63998783488,"availableSwapBytes":63864934747},{"timestamp":"2021-02-08T20:50:00Z","physicalMemoryBytes":24879906816,"availableMemoryBytes":15357210521,"percentageMemoryUsage":38.2746,"totalSwapBytes":63998783488,"availableSwapBytes":63865806954},{"timestamp":"2021-02-08T18:57:30Z","physicalMemoryBytes":24879906816,"availableMemoryBytes":15353912939,"percentageMemoryUsage":38.2879,"totalSwapBytes":63998783488,"availableSwapBytes":63865876480},{"timestamp":"2021-02-08T17:07:30Z","physicalMemoryBytes":24879906816,"availableMemoryBytes":15361842786,"percentageMemoryUsage":38.256,"totalSwapBytes":63998783488,"availableSwapBytes":63866795770},{"timestamp":"2021-02-08T15:17:30Z","physicalMemoryBytes":24879906816,"availableMemoryBytes":15366328116,"percentageMemoryUsage":38.238,"totalSwapBytes":63998783488,"availableSwapBytes":63867963623},{"timestamp":"2021-02-08T13:25:00Z","physicalMemoryBytes":24879906816,"availableMemoryBytes":15372095927,"percentageMemoryUsage":38.2148,"totalSwapBytes":63998783488,"availableSwapBytes":63869346923},{"timestamp":"2021-02-08T11:32:30Z","physicalMemoryBytes":24879906816,"availableMemoryBytes":15374743974,"percentageMemoryUsage":38.2042,"totalSwapBytes":63998783488,"availableSwapBytes":63870070784},{"timestamp":"2021-02-08T09:42:30Z","physicalMemoryBytes":24879906816,"availableMemoryBytes":15370195126,"percentageMemoryUsage":38.2225,"totalSwapBytes":63998783488,"availableSwapBytes":63870146847},{"timestamp":"2021-02-08T07:50:00Z","physicalMemoryBytes":24879906816,"availableMemoryBytes":15377435300,"percentageMemoryUsage":38.1934,"totalSwapBytes":63998783488,"availableSwapBytes":63871411325},{"timestamp":"2021-02-08T05:57:30Z","physicalMemoryBytes":24879906816,"availableMemoryBytes":15380454144,"percentageMemoryUsage":38.1812,"totalSwapBytes":63998783488,"availableSwapBytes":63872755178},{"timestamp":"2021-02-08T04:07:30Z","physicalMemoryBytes":24879906816,"availableMemoryBytes":15372488244,"percentageMemoryUsage":38.2132,"totalSwapBytes":63998783488,"availableSwapBytes":63874358625},{"timestamp":"2021-02-08T02:15:00Z","physicalMemoryBytes":24879906816,"availableMemoryBytes":15373594347,"percentageMemoryUsage":38.2088,"totalSwapBytes":63998783488,"availableSwapBytes":63874907340},{"timestamp":"2021-02-08T00:22:30Z","physicalMemoryBytes":24879906816,"availableMemoryBytes":15385531965,"percentageMemoryUsage":38.1608,"totalSwapBytes":63998783488,"availableSwapBytes":63876538942},{"timestamp":"2021-02-07T22:32:30Z","physicalMemoryBytes":24879906816,"availableMemoryBytes":15384242513,"percentageMemoryUsage":38.166,"totalSwapBytes":63998783488,"availableSwapBytes":63878098393},{"timestamp":"2021-02-07T20:42:30Z","physicalMemoryBytes":24879906816,"availableMemoryBytes":15381449342,"percentageMemoryUsage":38.1772,"totalSwapBytes":63998783488,"availableSwapBytes":63879338765},{"timestamp":"2021-02-07T18:50:00Z","physicalMemoryBytes":24879906816,"availableMemoryBytes":15378627186,"percentageMemoryUsage":38.1886,"totalSwapBytes":63998783488,"availableSwapBytes":63879770142},{"timestamp":"2021-02-07T16:57:30Z","physicalMemoryBytes":24879906816,"availableMemoryBytes":15379214339,"percentageMemoryUsage":38.1862,"totalSwapBytes":63998783488,"availableSwapBytes":63880705960},{"timestamp":"2021-02-07T15:07:30Z","physicalMemoryBytes":24879906816,"availableMemoryBytes":15385215504,"percentageMemoryUsage":38.1621,"totalSwapBytes":63998783488,"availableSwapBytes":63881526676},{"timestamp":"2021-02-07T13:19:07Z","physicalMemoryBytes":23798171737,"availableMemoryBytes":14721894095,"percentageMemoryUsage":36.4804,"totalSwapBytes":61216227684,"availableSwapBytes":61104872948},{"timestamp":"2021-02-07T11:27:30Z","physicalMemoryBytes":24879906816,"availableMemoryBytes":15396983494,"percentageMemoryUsage":38.1148,"totalSwapBytes":63998783488,"availableSwapBytes":63882719231},{"timestamp":"2021-02-07T09:37:30Z","physicalMemoryBytes":24879906816,"availableMemoryBytes":15389507887,"percentageMemoryUsage":38.1448,"totalSwapBytes":63998783488,"availableSwapBytes":63882755294},{"timestamp":"2021-02-07T07:47:30Z","physicalMemoryBytes":24879906816,"availableMemoryBytes":15394642656,"percentageMemoryUsage":38.1242,"totalSwapBytes":63998783488,"availableSwapBytes":63884057913},{"timestamp":"2021-02-07T05:55:00Z","physicalMemoryBytes":24879906816,"availableMemoryBytes":15395129507,"percentageMemoryUsage":38.1222,"totalSwapBytes":63998783488,"availableSwapBytes":63886523643},{"timestamp":"2021-02-07T04:02:30Z","physicalMemoryBytes":24879906816,"availableMemoryBytes":15393163595,"percentageMemoryUsage":38.1301,"totalSwapBytes":63998783488,"availableSwapBytes":63887871788},{"timestamp":"2021-02-07T02:12:30Z","physicalMemoryBytes":24879906816,"availableMemoryBytes":15382943713,"percentageMemoryUsage":38.1712,"totalSwapBytes":63998783488,"availableSwapBytes":63887796042},{"timestamp":"2021-02-07T00:20:00Z","physicalMemoryBytes":24879906816,"availableMemoryBytes":15390305193,"percentageMemoryUsage":38.1416,"totalSwapBytes":63998783488,"availableSwapBytes":63889618440},{"timestamp":"2021-02-06T22:27:30Z","physicalMemoryBytes":24879906816,"availableMemoryBytes":15394135826,"percentageMemoryUsage":38.1262,"totalSwapBytes":63998783488,"availableSwapBytes":63891315127},{"timestamp":"2021-02-06T20:37:30Z","physicalMemoryBytes":24879906816,"availableMemoryBytes":15393175510,"percentageMemoryUsage":38.1301,"totalSwapBytes":63998783488,"availableSwapBytes":63893001547},{"timestamp":"2021-02-06T18:47:30Z","physicalMemoryBytes":23749001960,"availableMemoryBytes":14695449016,"percentageMemoryUsage":36.389,"totalSwapBytes":61089747874,"availableSwapBytes":60989032858}],"numMembers":365}
