{"members":[{"timestamp":"2021-03-06T23:50:00Z","physicalMemoryBytes":24879906816,"availableMemoryBytes":15418327718,"percentageMemoryUsage":38.029,"totalSwapBytes":63998783488,"availableSwapBytes":63899958652},{"timestamp":"2021-03-06T23:45:00Z","physicalMemoryBytes":24879906816,"availableMemoryBytes":15416992195,"percentageMemoryUsage":38.0344,"totalSwapBytes":63998783488,"availableSwapBytes":63900165775},{"timestamp":"2021-03-06T23:40:00Z","physicalMemoryBytes":24879906816,"availableMemoryBytes":15414561658,"percentageMemoryUsage":38.0441,"totalSwapBytes":63998783488,"availableSwapBytes":63900217387},{"timestamp":"2021-03-06T23:35:00Z","physicalMemoryBytes":24879906816,"availableMemoryBytes":15407213621,"percentageMemoryUsage":38.0737,"totalSwapBytes":63998783488,"availableSwapBytes":63900219998},{"timestamp":"2021-03-06T23:30:00Z","physicalMemoryBytes":24879906816,"availableMemoryBytes":15401367713,"percentageMemoryUsage":38.0972,"totalSwapBytes":63998783488,"availableSwapBytes":63900379238},{"timestamp":"2021-03-06T23:25:00Z","physicalMemoryBytes":24879906816,"availableMemoryBytes":15409798795,"percentageMemoryUsage":38.0633,"totalSwapBytes":63998783488,"availableSwapBytes":63900655742},{"timestamp":"2021-03-06T23:20:00Z","physicalMemoryBytes":24879906816,"availableMemoryBytes":15407294276,"percentageMemoryUsage":38.0733,"totalSwapBytes":63998783488,"availableSwapBytes":63900745256},{"timestamp":"2021-03-06T23:15:00Z","physicalMemoryBytes":24879906816,"availableMemoryBytes":15416056673,"percentageMemoryUsage":38.0381,"totalSwapBytes":63998783488,"availableSwapBytes":63900962703},{"timestamp":"2021-03-06T23:10:00Z","physicalMemoryBytes":24879906816,"availableMemoryBytes":15415649827,"percentageMemoryUsage":38.0398,"totalSwapBytes":63998783488,"availableSwapBytes":63901119809},{"timestamp":"2021-03-06T23:05:00Z","physicalMemoryBytes":24879906816,"availableMemoryBytes":15425463905,"percentageMemoryUsage":38.0003,"totalSwapBytes":63998783488,"availableSwapBytes":63901266060},{"timestamp":"2021-03-06T23:00:00Z","physicalMemoryBytes":24879906816,"availableMemoryBytes":15409579311,"percentageMemoryUsage":38.0642,"totalSwapBytes":63998783488,"availableSwapBytes":63901274514},{"timestamp":"2021-03-06T22:55:00Z","physicalMemoryBytes":24879906816,"availableMemoryBytes":15410940982,"percentageMemoryUsage":38.0587,"totalSwapBytes":63998783488,"availableSwapBytes":63901528064},{"timestamp":"2021-03-06T22:50:00Z","physicalMemoryBytes":24879906816,"availableMemoryBytes":15410882827,"percentageMemoryUsage":38.0589,"totalSwapBytes":63998783488,"availableSwapBytes":63901528065},{"timestamp":"2021-03-06T22:45:00Z","physicalMemoryBytes":24879906816,"availableMemoryBytes":15415166880,"percentageMemoryUsage":38.0417,"totalSwapBytes":63998783488,"availableSwapBytes":63901528177},{"timestamp":"2021-03-06T22:40:00Z","physicalMemoryBytes":24879906816,"availableMemoryBytes":15421440311,"percentageMemoryUsage":38.0165,"totalSwapBytes":63998783488,"availableSwapBytes":63901534968},{"timestamp":"2021-03-06T22:35:00Z","physicalMemoryBytes":24879906816,"availableMemoryBytes":15423707685,"percentageMemoryUsage":38.0074,"totalSwapBytes":63998783488,"availableSwapBytes":63901949213},{"timestamp":"2021-03-06T22:30:00Z","physicalMemoryBytes":24879906816,"availableMemoryBytes":15415569108,"percentageMemoryUsage":38.0401,"totalSwapBytes":63998783488,"availableSwapBytes":63902052352},{"timestamp":"2021-03-06T22:25:00Z","physicalMemoryBytes":24879906816,"availableMemoryBytes":15421432978,"percentageMemoryUsage":38.0165,"totalSwapBytes":63998783488,"availableSwapBytes":63902052353},{"timestamp":"2021-03-06T22:20:00Z","physicalMemoryBytes":24879906816,"availableMemoryBytes":15413950164,"percentageMemoryUsage":38.0466,"totalSwapBytes":63998783488,"availableSwapBytes":63902052422},{"timestamp":"2021-03-06T22:15:00Z","physicalMemoryBytes":24879906816,"availableMemoryBytes":15405265067,"percentageMemoryUsage":38.0815,"totalSwapBytes":63998783488,"availableSwapBytes":63902056649},{"timestamp":"2021-03-06T22:10:00Z","physicalMemoryBytes":24879906816,"availableMemoryBytes":15420991682,"percentageMemoryUsage":38.0183,"totalSwapBytes":63998783488,"availableSwapBytes":63902314496},{"timestamp":"2021-03-06T22:05:00Z","physicalMemoryBytes":24879906816,"availableMemoryBytes":15410374226,"percentageMemoryUsage":38.061,"totalSwapBytes":63998783488,"availableSwapBytes":63902314496},{"timestamp":"2021-03-06T22:00:00Z","physicalMemoryBytes":24879906816,"availableMemoryBytes":15423033788,"percentageMemoryUsage":38.0101,"totalSwapBytes":63998783488,"availableSwapBytes":63902314496},{"timestamp":"2021-03-06T21:55:00Z","physicalMemoryBytes":24879906816,"availableMemoryBytes":15412226534,"percentageMemoryUsage":38.0535,"totalSwapBytes":63998783488,"availableSwapBytes":63902314496},{"timestamp":"2021-03-06T21:50:00Z","physicalMemoryBytes":24879906816,"availableMemoryBytes":15432027141,"percentageMemoryUsage":37.9739,"totalSwapBytes":63998783488,"availableSwapBytes":63902314549},{"timestamp":"2021-03-06T21:45:00Z","physicalMemoryBytes":24879906816,"availableMemoryBytes":15412833593,"percentageMemoryUsage":38.0511,"totalSwapBytes":63998783488,"availableSwapBytes":63902317736},{"timestamp":"2021-03-06T21:40:00Z","physicalMemoryBytes":24879906816,"availableMemoryBytes":15420855972,"percentageMemoryUsage":38.0188,"totalSwapBytes":63998783488,"availableSwapBytes":63902512178},{"timestamp":"2021-03-06T21:35:00Z","physicalMemoryBytes":24879906816,"availableMemoryBytes":15425541434,"percentageMemoryUsage":38.0,"totalSwapBytes":63998783488,"availableSwapBytes":63902576640},{"timestamp":"2021-03-06T21:30:00Z","physicalMemoryBytes":24879906816,"availableMemoryBytes":15423540947,"percentageMemoryUsage":38.008,"totalSwapBytes":63998783488,"availableSwapBytes":63902576640},{"timestamp":"2021-03-06T21:25:00Z","physicalMemoryBytes":24879906816,"availableMemoryBytes":15423486073,"percentageMemoryUsage":38.0083,"totalSwapBytes":63998783488,"availableSwapBytes":63902576640},{"timestamp":"2021-03-06T21:20:00Z","physicalMemoryBytes":24879906816,"availableMemoryBytes":15420097783,"percentageMemoryUsage":38.0219,"totalSwapBytes":63998783488,"availableSwapBytes":63902576640},{"timestamp":"2021-03-06T21:15:00Z","physicalMemoryBytes":24879906816,"availableMemoryBytes":15424044778,"percentageMemoryUsage":38.006,"totalSwapBytes":63998783488,"availableSwapBytes":63902576640},{"timestamp":"2021-03-06T21:10:00Z","physicalMemoryBytes":24879906816,"availableMemoryBytes":15428238845,"percentageMemoryUsage":37.9892,"totalSwapBytes":63998783488,"availableSwapBytes":63902576640},{"timestamp":"2021-03-06T21:05:00Z","physicalMemoryBytes":24879906816,"availableMemoryBytes":15419213137,"percentageMemoryUsage":38.0254,"totalSwapBytes":63998783488,"availableSwapBytes":63902576642},{"timestamp":"2021-03-06T21:00:00Z","physicalMemoryBytes":24879906816,"availableMemoryBytes":15419712605,"percentageMemoryUsage":38.0234,"totalSwapBytes":63998783488,"availableSwapBytes":63902576768},{"timestamp":"2021-03-06T20:55:00Z","physicalMemoryBytes":24879906816,"availableMemoryBytes":15416343126,"percentageMemoryUsage":38.037,"totalSwapBytes":63998783488,"availableSwapBytes":63902584459},{"timestamp":"2021-03-06T20:50:00Z","physicalMemoryBytes":24879906816,"availableMemoryBytes":15426803376,"percentageMemoryUsage":37.9949,"totalSwapBytes":63998783488,"availableSwapBytes":63903053656},{"timestamp":"2021-03-06T20:45:00Z","physicalMemoryBytes":24879906816,"availableMemoryBytes":15421564928,"percentageMemoryUsage":38.016,"totalSwapBytes":63998783488,"availableSwapBytes":63903363073},{"timestamp":"2021-03-06T20:40:00Z","physicalMemoryBytes":24879906816,"availableMemoryBytes":15425357875,"percentageMemoryUsage":38.0007,"totalSwapBytes":63998783488,"availableSwapBytes":63903363133},{"timestamp":"2021-03-06T20:35:00Z","physicalMemoryBytes":24879906816,"availableMemoryBytes":15419954272,"percentageMemoryUsage":38.0225,"totalSwapBytes":63998783488,"availableSwapBytes":63903366806},{"timestamp":"2021-03-06T20:30:00Z","physicalMemoryBytes":24879906816,"availableMemoryBytes":15417686760,"percentageMemoryUsage":38.0316,"totalSwapBytes":63998783488,"availableSwapBytes":63903590866},{"timestamp":"2021-03-06T20:25:00Z","physicalMemoryBytes":24879906816,"availableMemoryBytes":15405128055,"percentageMemoryUsage":38.0821,"totalSwapBytes":63998783488,"availableSwapBytes":63903627047},{"timestamp":"2021-03-06T20:20:00Z","physicalMemoryBytes":24879906816,"availableMemoryBytes":15413072234,"percentageMemoryUsage":38.0501,"totalSwapBytes":63998783488,"availableSwapBytes":63903736949},{"timestamp":"2021-03-06T20:15:00Z","physicalMemoryBytes":24879906816,"availableMemoryBytes":15421474382,"percentageMemoryUsage":38.0163,"totalSwapBytes":63998783488,"availableSwapBytes":63904149505},{"timestamp":"2021-03-06T20:10:00Z","physicalMemoryBytes":24879906816,"availableMemoryBytes":15411867811,"percentageMemoryUsage":38.055,"totalSwapBytes":63998783488,"availableSwapBytes":63904149574},{"timestamp":"2021-03-06T20:05:00Z","physicalMemoryBytes":24879906816,"availableMemoryBytes":15404340991,"percentageMemoryUsage":38.0852,"totalSwapBytes":63998783488,"availableSwapBytes":63904153801},{"timestamp":"2021-03-06T20:00:00Z","physicalMemoryBytes":24879906816,"availableMemoryBytes":15406783196,"percentageMemoryUsage":38.0754,"totalSwapBytes":63998783488,"availableSwapBytes":63904411663},{"timestamp":"2021-03-06T19:55:00Z","physicalMemoryBytes":24879906816,"availableMemoryBytes":15424435854,"percentageMemoryUsage":38.0044,"totalSwapBytes":63998783488,"availableSwapBytes":63904412563},{"timestamp":"2021-03-06T19:50:00Z","physicalMemoryBytes":24879906816,"availableMemoryBytes":15399256036,"percentageMemoryUsage":38.1057,"totalSwapBytes":63998783488,"availableSwapBytes":63904467514},{"timestamp":"2021-03-06T19:45:00Z","physicalMemoryBytes":24879906816,"availableMemoryBytes":15410899339,"percentageMemoryUsage":38.0589,"totalSwapBytes":63998783488,"availableSwapBytes":63904673792},{"timestamp":"2021-03-06T19:40:00Z","physicalMemoryBytes":24879906816,"availableMemoryBytes":15410644512,"percentageMemoryUsage":38.0599,"totalSwapBytes":63998783488,"availableSwapBytes":63904673792},{"timestamp":"2021-03-06T19:35:00Z","physicalMemoryBytes":24879906816,"availableMemoryBytes":15408035240,"percentageMemoryUsage":38.0704,"totalSwapBytes":63998783488,"availableSwapBytes":63904673792},{"timestamp":"2021-03-06T19:30:00Z","physicalMemoryBytes":24879906816,"availableMemoryBytes":15410805051,"percentageMemoryUsage":38.0592,"totalSwapBytes":63998783488,"availableSwapBytes":63904673792},{"timestamp":"2021-03-06T19:25:00Z","physicalMemoryBytes":24879906816,"availableMemoryBytes":15419151120,"percentageMemoryUsage":38.0257,"totalSwapBytes":63998783488,"availableSwapBytes":63904673794},{"timestamp":"2021-03-06T19:20:00Z","physicalMemoryBytes":24879906816,"availableMemoryBytes":15410858727,"percentageMemoryUsage":38.059,"totalSwapBytes":63998783488,"availableSwapBytes":63904673932},{"timestamp":"2021-03-06T19:15:00Z","physicalMemoryBytes":24879906816,"availableMemoryBytes":15408044350,"percentageMemoryUsage":38.0703,"totalSwapBytes":63998783488,"availableSwapBytes":63904682387},{"timestamp":"2021-03-06T19:10:00Z","physicalMemoryBytes":24879906816,"availableMemoryBytes":15421776855,"percentageMemoryUsage":38.0151,"totalSwapBytes":63998783488,"availableSwapBytes":63905198106},{"timestamp":"2021-03-06T19:05:00Z","physicalMemoryBytes":24879906816,"availableMemoryBytes":15416875621,"percentageMemoryUsage":38.0348,"totalSwapBytes":63998783488,"availableSwapBytes":63905199700},{"timestamp":"2021-03-06T19:00:00Z","physicalMemoryBytes":24879906816,"availableMemoryBytes":15416269387,"percentageMemoryUsage":38.0373,"totalSwapBytes":63998783488,"availableSwapBytes":63905296921},{"timestamp":"2021-03-06T18:55:00Z","physicalMemoryBytes":24879906816,"availableMemoryBytes":15423349773,"percentageMemoryUsage":38.0088,"totalSwapBytes":63998783488,"availableSwapBytes":63905460250},{"timestamp":"2021-03-06T18:50:00Z","physicalMemoryBytes":24879906816,"availableMemoryBytes":15411865388,"percentageMemoryUsage":38.055,"totalSwapBytes":63998783488,"availableSwapBytes":63905461844},{"timestamp":"2021-03-06T18:45:00Z","physicalMemoryBytes":24879906816,"availableMemoryBytes":15409345942,"percentageMemoryUsage":38.0651,"totalSwapBytes":63998783488,"availableSwapBytes":63905559065},{"timestamp":"2021-03-06T18:40:00Z","physicalMemoryBytes":24879906816,"availableMemoryBytes":15424664822,"percentageMemoryUsage":38.0035,"totalSwapBytes":63998783488,"availableSwapBytes":63905722366},{"timestamp":"2021-03-06T18:35:00Z","physicalMemoryBytes":24879906816,"availableMemoryBytes":15415975587,"percentageMemoryUsage":38.0385,"totalSwapBytes":63998783488,"availableSwapBytes":63905722297},{"timestamp":"2021-03-06T18:30:00Z","physicalMemoryBytes":24879906816,"availableMemoryBytes":15406869777,"percentageMemoryUsage":38.0751,"totalSwapBytes":63998783488,"availableSwapBytes":63905718070},{"timestamp":"2021-03-06T18:25:00Z","physicalMemoryBytes":24879906816,"availableMemoryBytes":15427476796,"percentageMemoryUsage":37.9922,"totalSwapBytes":63998783488,"availableSwapBytes":63905460223},{"timestamp":"2021-03-06T18:20:00Z","physicalMemoryBytes":24879906816,"availableMemoryBytes":15414392707,"percentageMemoryUsage":38.0448,"totalSwapBytes":63998783488,"availableSwapBytes":63905460223},{"timestamp":"2021-03-06T18:15:00Z","physicalMemoryBytes":24879906816,"availableMemoryBytes":15418731066,"percentageMemoryUsage":38.0274,"totalSwapBytes":63998783488,"availableSwapBytes":63905460223},{"timestamp":"2021-03-06T18:10:00Z","physicalMemoryBytes":24879906816,"availableMemoryBytes":15419113471,"percentageMemoryUsage":38.0258,"totalSwapBytes":63998783488,"availableSwapBytes":63905460223},{"timestamp":"2021-03-06T18:05:00Z","physicalMemoryBytes":24879906816,"availableMemoryBytes":15417851843,"percentageMemoryUsage":38.0309,"totalSwapBytes":63998783488,"availableSwapBytes":63905460223},{"timestamp":"2021-03-06T18:00:00Z","physicalMemoryBytes":24879906816,"availableMemoryBytes":15414157696,"percentageMemoryUsage":38.0458,"totalSwapBytes":63998783488,"availableSwapBytes":63905460223},{"timestamp":"2021-03-06T17:55:00Z","physicalMemoryBytes":24879906816,"availableMemoryBytes":15417895857,"percentageMemoryUsage":38.0307,"totalSwapBytes":63998783488,"availableSwapBytes":63905460223},{"timestamp":"2021-03-06T17:50:00Z","physicalMemoryBytes":24879906816,"availableMemoryBytes":15431346484,"percentageMemoryUsage":37.9767,"totalSwapBytes":63998783488,"availableSwapBytes":63905460223},{"timestamp":"2021-03-06T17:45:00Z","physicalMemoryBytes":24879906816,"availableMemoryBytes":15428956529,"percentageMemoryUsage":37.9863,"totalSwapBytes":63998783488,"availableSwapBytes":63905460223},{"timestamp":"2021-03-06T17:40:00Z","physicalMemoryBytes":24879906816,"availableMemoryBytes":15415978009,"percentageMemoryUsage":38.0384,"totalSwapBytes":63998783488,"availableSwapBytes":63905460222},{"timestamp":"2021-03-06T17:35:00Z","physicalMemoryBytes":24879906816,"availableMemoryBytes":15428337152,"percentageMemoryUsage":37.9888,"totalSwapBytes":63998783488,"availableSwapBytes":63905460153},{"timestamp":"2021-03-06T17:30:00Z","physicalMemoryBytes":24879906816,"availableMemoryBytes":15421400596,"percentageMemoryUsage":38.0166,"totalSwapBytes":63998783488,"availableSwapBytes":63905455926},{"timestamp":"2021-03-06T17:25:00Z","physicalMemoryBytes":24879906816,"availableMemoryBytes":15422522096,"percentageMemoryUsage":38.0121,"totalSwapBytes":63998783488,"availableSwapBytes":63905198080},{"timestamp":"2021-03-06T17:20:00Z","physicalMemoryBytes":24879906816,"availableMemoryBytes":15421616978,"percentageMemoryUsage":38.0158,"totalSwapBytes":63998783488,"availableSwapBytes":63905198080},{"timestamp":"2021-03-06T17:15:00Z","physicalMemoryBytes":24879906816,"availableMemoryBytes":15416113821,"percentageMemoryUsage":38.0379,"totalSwapBytes":63998783488,"availableSwapBytes":63905198080},{"timestamp":"2021-03-06T17:10:00Z","physicalMemoryBytes":24879906816,"availableMemoryBytes":15420471153,"percentageMemoryUsage":38.0204,"totalSwapBytes":63998783488,"availableSwapBytes":63905198080},{"timestamp":"2021-03-06T17:05:00Z","physicalMemoryBytes":24879906816,"availableMemoryBytes":15425918458,"percentageMemoryUsage":37.9985,"totalSwapBytes":63998783488,"availableSwapBytes":63905198080},{"timestamp":"2021-03-06T17:00:00Z","physicalMemoryBytes":24879906816,"availableMemoryBytes":15426264227,"percentageMemoryUsage":37.9971,"totalSwapBytes":63998783488,"availableSwapBytes":63905198080},{"timestamp":"2021-03-06T16:55:00Z","physicalMemoryBytes":24879906816,"availableMemoryBytes":15416820464,"percentageMemoryUsage":38.0351,"totalSwapBytes":63998783488,"availableSwapBytes":63905198080},{"timestamp":"2021-03-06T16:50:00Z","physicalMemoryBytes":24879906816,"availableMemoryBytes":15421547335,"percentageMemoryUsage":38.0161,"totalSwapBytes":63998783488,"availableSwapBytes":63905198080},{"timestamp":"2021-03-06T16:45:00Z","physicalMemoryBytes":24879906816,"availableMemoryBytes":15416248324,"percentageMemoryUsage":38.0374,"totalSwapBytes":63998783488,"availableSwapBytes":63905198080},{"timestamp":"2021-03-06T16:40:00Z","physicalMemoryBytes":24879906816,"availableMemoryBytes":15414847754,"percentageMemoryUsage":38.043,"totalSwapBytes":63998783488,"availableSwapBytes":63905198080},{"timestamp":"2021-03-06T16:35:00Z","physicalMemoryBytes":24879906816,"availableMemoryBytes":15423186815,"percentageMemoryUsage":38.0095,"totalSwapBytes":63998783488,"availableSwapBytes":63905198080},{"timestamp":"2021-03-06T16:30:00Z","physicalMemoryBytes":24879906816,"availableMemoryBytes":15422577023,"percentageMemoryUsage":38.0119,"totalSwapBytes":63998783488,"availableSwapBytes":63905198080},{"timestamp":"2021-03-06T16:25:00Z","physicalMemoryBytes":24879906816,"availableMemoryBytes":15431349097,"percentageMemoryUsage":37.9767,"totalSwapBytes":63998783488,"availableSwapBytes":63905198080},{"timestamp":"2021-03-06T16:20:00Z","physicalMemoryBytes":24879906816,"availableMemoryBytes":15432986688,"percentageMemoryUsage":37.9701,"totalSwapBytes":63998783488,"availableSwapBytes":63905198080},{"timestamp":"2021-03-06T16:15:00Z","physicalMemoryBytes":24879906816,"availableMemoryBytes":15424487274,"percentageMemoryUsage":38.0042,"totalSwapBytes":63998783488,"availableSwapBytes":63905198080},{"timestamp":"2021-03-06T16:10:00Z","physicalMemoryBytes":24879906816,"availableMemoryBytes":15407062140,"percentageMemoryUsage":38.0743,"totalSwapBytes":63998783488,"availableSwapBytes":63905198080},{"timestamp":"2021-03-06T16:05:00Z","physicalMemoryBytes":24879906816,"availableMemoryBytes":15348345269,"percentageMemoryUsage":38.3103,"totalSwapBytes":63998783488,"availableSwapBytes":63905198108},{"timestamp":"2021-03-06T16:00:00Z","physicalMemoryBytes":24879906816,"availableMemoryBytes":15309459508,"percentageMemoryUsage":38.4666,"totalSwapBytes":63998783488,"availableSwapBytes":63905199841},{"timestamp":"2021-03-06T15:55:00Z","physicalMemoryBytes":24879906816,"availableMemoryBytes":15296679022,"percentageMemoryUsage":38.5179,"totalSwapBytes":63998783488,"availableSwapBytes":63905305516},{"timestamp":"2021-03-06T15:50:00Z","physicalMemoryBytes":24879906816,"availableMemoryBytes":15429359179,"percentageMemoryUsage":37.9847,"totalSwapBytes":63998783488,"availableSwapBytes":63905722367},{"timestamp":"2021-03-06T15:45:00Z","physicalMemoryBytes":24879906816,"availableMemoryBytes":15433814017,"percentageMemoryUsage":37.9668,"totalSwapBytes":63998783488,"availableSwapBytes":63905722367},{"timestamp":"2021-03-06T15:40:00Z","physicalMemoryBytes":24879906816,"availableMemoryBytes":15424307278,"percentageMemoryUsage":38.005,"totalSwapBytes":63998783488,"availableSwapBytes":63905722367},{"timestamp":"2021-03-06T15:35:00Z","physicalMemoryBytes":24879906816,"availableMemoryBytes":15426429592,"percentageMemoryUsage":37.9964,"totalSwapBytes":63998783488,"availableSwapBytes":63905722367},{"timestamp":"2021-03-06T15:30:00Z","physicalMemoryBytes":24879906816,"availableMemoryBytes":15417982542,"percentageMemoryUsage":38.0304,"totalSwapBytes":63998783488,"availableSwapBytes":63905722367},{"timestamp":"2021-03-06T15:25:00Z","physicalMemoryBytes":24879906816,"availableMemoryBytes":15419152550,"percentageMemoryUsage":38.0257,"totalSwapBytes":63998783488,"availableSwapBytes":63905722322},{"timestamp":"2021-03-06T15:20:00Z","physicalMemoryBytes":24879906816,"availableMemoryBytes":15423688639,"percentageMemoryUsage":38.0075,"totalSwapBytes":63998783488,"availableSwapBytes":63905719621},{"timestamp":"2021-03-06T15:15:00Z","physicalMemoryBytes":24879906816,"availableMemoryBytes":15433150631,"percentageMemoryUsage":37.9694,"totalSwapBytes":63998783488,"availableSwapBytes":63905554812},{"timestamp":"2021-03-06T15:10:00Z","physicalMemoryBytes":24879906816,"availableMemoryBytes":15423244239,"percentageMemoryUsage":38.0092,"totalSwapBytes":63998783488,"availableSwapBytes":63905462971},{"timestamp":"2021-03-06T15:05:00Z","physicalMemoryBytes":24879906816,"availableMemoryBytes":15416237198,"percentageMemoryUsage":38.0374,"totalSwapBytes":63998783488,"availableSwapBytes":63905627824},{"timestamp":"2021-03-06T15:00:00Z","physicalMemoryBytes":24879906816,"availableMemoryBytes":15429107191,"percentageMemoryUsage":37.9857,"totalSwapBytes":63998783488,"availableSwapBytes":63905984512},{"timestamp":"2021-03-06T14:55:00Z","physicalMemoryBytes":24879906816,"availableMemoryBytes":15428150240,"percentageMemoryUsage":37.9895,"totalSwapBytes":63998783488,"availableSwapBytes":63905984539},{"timestamp":"2021-03-06T14:50:00Z","physicalMemoryBytes":24879906816,"availableMemoryBytes":15425297528,"percentageMemoryUsage":38.001,"totalSwapBytes":63998783488,"availableSwapBytes":63905986202},{"timestamp":"2021-03-06T14:45:00Z","physicalMemoryBytes":24879906816,"availableMemoryBytes":15426996417,"percentageMemoryUsage":37.9942,"totalSwapBytes":63998783488,"availableSwapBytes":63906087650},{"timestamp":"2021-03-06T14:40:00Z","physicalMemoryBytes":24879906816,"availableMemoryBytes":15430620698,"percentageMemoryUsage":37.9796,"totalSwapBytes":63998783488,"availableSwapBytes":63906246628},{"timestamp":"2021-03-06T14:35:00Z","physicalMemoryBytes":24879906816,"availableMemoryBytes":15419962459,"percentageMemoryUsage":38.0224,"totalSwapBytes":63998783488,"availableSwapBytes":63906244965},{"timestamp":"2021-03-06T14:30:00Z","physicalMemoryBytes":24879906816,"availableMemoryBytes":15421934034,"percentageMemoryUsage":38.0145,"totalSwapBytes":63998783488,"availableSwapBytes":63906143517},{"timestamp":"2021-03-06T14:25:00Z","physicalMemoryBytes":24879906816,"availableMemoryBytes":15421220657,"percentageMemoryUsage":38.0174,"totalSwapBytes":63998783488,"availableSwapBytes":63905984511},{"timestamp":"2021-03-06T14:20:00Z","physicalMemoryBytes":24879906816,"availableMemoryBytes":15426287326,"percentageMemoryUsage":37.997,"totalSwapBytes":63998783488,"availableSwapBytes":63905984511},{"timestamp":"2021-03-06T14:15:00Z","physicalMemoryBytes":24879906816,"availableMemoryBytes":15430128403,"percentageMemoryUsage":37.9816,"totalSwapBytes":63998783488,"availableSwapBytes":63905984511},{"timestamp":"2021-03-06T14:10:00Z","physicalMemoryBytes":24879906816,"availableMemoryBytes":15429081995,"percentageMemoryUsage":37.9858,"totalSwapBytes":63998783488,"availableSwapBytes":63905984511},{"timestamp":"2021-03-06T14:05:00Z","physicalMemoryBytes":24879906816,"availableMemoryBytes":15427424289,"percentageMemoryUsage":37.9924,"totalSwapBytes":63998783488,"availableSwapBytes":63905984511},{"timestamp":"2021-03-06T14:00:00Z","physicalMemoryBytes":24879906816,"availableMemoryBytes":15421360143,"percentageMemoryUsage":38.0168,"totalSwapBytes":63998783488,"availableSwapBytes":63905984511},{"timestamp":"2021-03-06T13:55:00Z","physicalMemoryBytes":24879906816,"availableMemoryBytes":15413218220,"percentageMemoryUsage":38.0495,"totalSwapBytes":63998783488,"availableSwapBytes":63905984511},{"timestamp":"2021-03-06T13:50:00Z","physicalMemoryBytes":24879906816,"availableMemoryBytes":15412799509,"percentageMemoryUsage":38.0512,"totalSwapBytes":63998783488,"availableSwapBytes":63905984511},{"timestamp":"2021-03-06T13:45:00Z","physicalMemoryBytes":24879906816,"availableMemoryBytes":15407275288,"percentageMemoryUsage":38.0734,"totalSwapBytes":63998783488,"availableSwapBytes":63905984511},{"timestamp":"2021-03-06T13:40:00Z","physicalMemoryBytes":24879906816,"availableMemoryBytes":15416848106,"percentageMemoryUsage":38.0349,"totalSwapBytes":63998783488,"availableSwapBytes":63905984511},{"timestamp":"2021-03-06T13:35:00Z","physicalMemoryBytes":24879906816,"availableMemoryBytes":15417974219,"percentageMemoryUsage":38.0304,"totalSwapBytes":63998783488,"availableSwapBytes":63905984511},{"timestamp":"2021-03-06T13:30:00Z","physicalMemoryBytes":24879906816,"availableMemoryBytes":15421409689,"percentageMemoryUsage":38.0166,"totalSwapBytes":63998783488,"availableSwapBytes":63905984511},{"timestamp":"2021-03-06T13:25:00Z","physicalMemoryBytes":24879906816,"availableMemoryBytes":15418878336,"percentageMemoryUsage":38.0268,"totalSwapBytes":63998783488,"availableSwapBytes":63905984511},{"timestamp":"2021-03-06T13:20:00Z","physicalMemoryBytes":24879906816,"availableMemoryBytes":15420879799,"percentageMemoryUsage":38.0187,"totalSwapBytes":63998783488,"availableSwapBytes":63905984511},{"timestamp":"2021-03-06T13:15:00Z","physicalMemoryBytes":24879906816,"availableMemoryBytes":15418487494,"percentageMemoryUsage":38.0284,"totalSwapBytes":63998783488,"availableSwapBytes":63905984511},{"timestamp":"2021-03-06T13:10:00Z","physicalMemoryBytes":24879906816,"availableMemoryBytes":15421073737,"percentageMemoryUsage":38.018,"totalSwapBytes":63998783488,"availableSwapBytes":63905984511},{"timestamp":"2021-03-06T13:05:00Z","physicalMemoryBytes":24879906816,"availableMemoryBytes":15415350899,"percentageMemoryUsage":38.041,"totalSwapBytes":63998783488,"availableSwapBytes":63905984511},{"timestamp":"2021-03-06T13:00:00Z","physicalMemoryBytes":24879906816,"availableMemoryBytes":15417162120,"percentageMemoryUsage":38.0337,"totalSwapBytes":63998783488,"availableSwapBytes":63905984511},{"timestamp":"2021-03-06T12:55:00Z","physicalMemoryBytes":24879906816,"availableMemoryBytes":15427802500,"percentageMemoryUsage":37.9909,"totalSwapBytes":63998783488,"availableSwapBytes":63905984511},{"timestamp":"2021-03-06T12:50:00Z","physicalMemoryBytes":24879906816,"availableMemoryBytes":15411601549,"percentageMemoryUsage":38.056,"totalSwapBytes":63998783488,"availableSwapBytes":63905984511},{"timestamp":"2021-03-06T12:45:00Z","physicalMemoryBytes":24879906816,"availableMemoryBytes":15431422365,"percentageMemoryUsage":37.9764,"totalSwapBytes":63998783488,"availableSwapBytes":63905984511},{"timestamp":"2021-03-06T12:40:00Z","physicalMemoryBytes":24879906816,"availableMemoryBytes":15421067935,"percentageMemoryUsage":38.018,"totalSwapBytes":63998783488,"availableSwapBytes":63905984511},{"timestamp":"2021-03-06T12:35:00Z","physicalMemoryBytes":24879906816,"availableMemoryBytes":15429201938,"percentageMemoryUsage":37.9853,"totalSwapBytes":63998783488,"availableSwapBytes":63905984511},{"timestamp":"2021-03-06T12:30:00Z","physicalMemoryBytes":24879906816,"availableMemoryBytes":15418725508,"percentageMemoryUsage":38.0274,"totalSwapBytes":63998783488,"availableSwapBytes":63905984511},{"timestamp":"2021-03-06T12:25:00Z","physicalMemoryBytes":24879906816,"availableMemoryBytes":15421854635,"percentageMemoryUsage":38.0148,"totalSwapBytes":63998783488,"availableSwapBytes":63905984511},{"timestamp":"2021-03-06T12:20:00Z","physicalMemoryBytes":24879906816,"availableMemoryBytes":15420334062,"percentageMemoryUsage":38.0209,"totalSwapBytes":63998783488,"availableSwapBytes":63905984511},{"timestamp":"2021-03-06T12:15:00Z","physicalMemoryBytes":24879906816,"availableMemoryBytes":15418973137,"percentageMemoryUsage":38.0264,"totalSwapBytes":63998783488,"availableSwapBytes":63905984511},{"timestamp":"2021-03-06T12:10:00Z","physicalMemoryBytes":24879906816,"availableMemoryBytes":15414857952,"percentageMemoryUsage":38.0429,"totalSwapBytes":63998783488,"availableSwapBytes":63905984511},{"timestamp":"2021-03-06T12:05:00Z","physicalMemoryBytes":24879906816,"availableMemoryBytes":15419610489,"percentageMemoryUsage":38.0238,"totalSwapBytes":63998783488,"availableSwapBytes":63905984511},{"timestamp":"2021-03-06T12:00:00Z","physicalMemoryBytes":24879906816,"availableMemoryBytes":15412141567,"percentageMemoryUsage":38.0539,"totalSwapBytes":63998783488,"availableSwapBytes":63905984511},{"timestamp":"2021-03-06T11:55:00Z","physicalMemoryBytes":24879906816,"availableMemoryBytes":15419565556,"percentageMemoryUsage":38.024,"totalSwapBytes":63998783488,"availableSwapBytes":63905984511},{"timestamp":"2021-03-06T11:50:00Z","physicalMemoryBytes":24879906816,"availableMemoryBytes":15421676339,"percentageMemoryUsage":38.0155,"totalSwapBytes":63998783488,"availableSwapBytes":63905984511},{"timestamp":"2021-03-06T11:45:00Z","physicalMemoryBytes":24879906816,"availableMemoryBytes":15423650644,"percentageMemoryUsage":38.0076,"totalSwapBytes":63998783488,"availableSwapBytes":63905984511},{"timestamp":"2021-03-06T11:40:00Z","physicalMemoryBytes":24879906816,"availableMemoryBytes":15434396479,"percentageMemoryUsage":37.9644,"totalSwapBytes":63998783488,"availableSwapBytes":63905984511},{"timestamp":"2021-03-06T11:35:00Z","physicalMemoryBytes":24879906816,"availableMemoryBytes":15411615237,"percentageMemoryUsage":38.056,"totalSwapBytes":63998783488,"availableSwapBytes":63905984511},{"timestamp":"2021-03-06T11:30:00Z","physicalMemoryBytes":24879906816,"availableMemoryBytes":15416848194,"percentageMemoryUsage":38.0349,"totalSwapBytes":63998783488,"availableSwapBytes":63905984511},{"timestamp":"2021-03-06T11:25:00Z","physicalMemoryBytes":24879906816,"availableMemoryBytes":15428543187,"percentageMemoryUsage":37.9879,"totalSwapBytes":63998783488,"availableSwapBytes":63905984511},{"timestamp":"2021-03-06T11:20:00Z","physicalMemoryBytes":24879906816,"availableMemoryBytes":15415295068,"percentageMemoryUsage":38.0412,"totalSwapBytes":63998783488,"availableSwapBytes":63905984511},{"timestamp":"2021-03-06T11:15:00Z","physicalMemoryBytes":24879906816,"availableMemoryBytes":15426765325,"percentageMemoryUsage":37.9951,"totalSwapBytes":63998783488,"availableSwapBytes":63905984511},{"timestamp":"2021-03-06T11:10:00Z","physicalMemoryBytes":24879906816,"availableMemoryBytes":15410654548,"percentageMemoryUsage":38.0598,"totalSwapBytes":63998783488,"availableSwapBytes":63905984511},{"timestamp":"2021-03-06T11:05:00Z","physicalMemoryBytes":24879906816,"availableMemoryBytes":15418101045,"percentageMemoryUsage":38.0299,"totalSwapBytes":63998783488,"availableSwapBytes":63905984511},{"timestamp":"2021-03-06T11:00:00Z","physicalMemoryBytes":24879906816,"availableMemoryBytes":15421674918,"percentageMemoryUsage":38.0155,"totalSwapBytes":63998783488,"availableSwapBytes":63905984511},{"timestamp":"2021-03-06T10:55:00Z","physicalMemoryBytes":24879906816,"availableMemoryBytes":15426029765,"percentageMemoryUsage":37.998,"totalSwapBytes":63998783488,"availableSwapBytes":63905984511},{"timestamp":"2021-03-06T10:50:00Z","physicalMemoryBytes":24879906816,"availableMemoryBytes":15397603117,"percentageMemoryUsage":38.1123,"totalSwapBytes":63998783488,"availableSwapBytes":63905984511},{"timestamp":"2021-03-06T10:45:00Z","physicalMemoryBytes":24879906816,"availableMemoryBytes":15408498161,"percentageMemoryUsage":38.0685,"totalSwapBytes":63998783488,"availableSwapBytes":63905984511},{"timestamp":"2021-03-06T10:40:00Z","physicalMemoryBytes":24879906816,"availableMemoryBytes":15418227334,"percentageMemoryUsage":38.0294,"totalSwapBytes":63998783488,"availableSwapBytes":63905984511},{"timestamp":"2021-03-06T10:35:00Z","physicalMemoryBytes":24879906816,"availableMemoryBytes":15417086506,"percentageMemoryUsage":38.034,"totalSwapBytes":63998783488,"availableSwapBytes":63905984511},{"timestamp":"2021-03-06T10:30:00Z","physicalMemoryBytes":24879906816,"availableMemoryBytes":15419474981,"percentageMemoryUsage":38.0244,"totalSwapBytes":63998783488,"availableSwapBytes":63905984511},{"timestamp":"2021-03-06T10:25:00Z","physicalMemoryBytes":24879906816,"availableMemoryBytes":15421349103,"percentageMemoryUsage":38.0169,"totalSwapBytes":63998783488,"availableSwapBytes":63905984511},{"timestamp":"2021-03-06T10:20:00Z","physicalMemoryBytes":24879906816,"availableMemoryBytes":15424546088,"percentageMemoryUsage":38.004,"totalSwapBytes":63998783488,"availableSwapBytes":63905984511},{"timestamp":"2021-03-06T10:15:00Z","physicalMemoryBytes":24879906816,"availableMemoryBytes":15426345657,"percentageMemoryUsage":37.9968,"totalSwapBytes":63998783488,"availableSwapBytes":63905984511},{"timestamp":"2021-03-06T10:10:00Z","physicalMemoryBytes":24879906816,"availableMemoryBytes":15414083124,"percentageMemoryUsage":38.0461,"totalSwapBytes":63998783488,"availableSwapBytes":63905984511},{"timestamp":"2021-03-06T10:05:00Z","physicalMemoryBytes":24879906816,"availableMemoryBytes":15421702794,"percentageMemoryUsage":38.0154,"totalSwapBytes":63998783488,"availableSwapBytes":63905984511},{"timestamp":"2021-03-06T10:00:00Z","physicalMemoryBytes":24879906816,"availableMemoryBytes":15424428817,"percentageMemoryUsage":38.0045,"totalSwapBytes":63998783488,"availableSwapBytes":63905984511},{"timestamp":"2021-03-06T09:55:00Z","physicalMemoryBytes":24879906816,"availableMemoryBytes":15422022423,"percentageMemoryUsage":38.0141,"totalSwapBytes":63998783488,"availableSwapBytes":63905984511},{"timestamp":"2021-03-06T09:50:00Z","physicalMemoryBytes":24879906816,"availableMemoryBytes":15429455031,"percentageMemoryUsage":37.9843,"totalSwapBytes":63998783488,"availableSwapBytes":63905984511},{"timestamp":"2021-03-06T09:45:00Z","physicalMemoryBytes":24879906816,"availableMemoryBytes":15431862216,"percentageMemoryUsage":37.9746,"totalSwapBytes":63998783488,"availableSwapBytes":63905984511},{"timestamp":"2021-03-06T09:40:00Z","physicalMemoryBytes":24879906816,"availableMemoryBytes":15425116863,"percentageMemoryUsage":38.0017,"totalSwapBytes":63998783488,"availableSwapBytes":63905984511},{"timestamp":"2021-03-06T09:35:00Z","physicalMemoryBytes":24879906816,"availableMemoryBytes":15432093602,"percentageMemoryUsage":37.9737,"totalSwapBytes":63998783488,"availableSwapBytes":63905984511},{"timestamp":"2021-03-06T09:30:00Z","physicalMemoryBytes":24879906816,"availableMemoryBytes":15423343036,"percentageMemoryUsage":38.0088,"totalSwapBytes":63998783488,"availableSwapBytes":63905984511},{"timestamp":"2021-03-06T09:25:00Z","physicalMemoryBytes":24879906816,"availableMemoryBytes":15431963111,"percentageMemoryUsage":37.9742,"totalSwapBytes":63998783488,"availableSwapBytes":63905984511},{"timestamp":"2021-03-06T09:20:00Z","physicalMemoryBytes":24879906816,"availableMemoryBytes":15427671053,"percentageMemoryUsage":37.9914,"totalSwapBytes":63998783488,"availableSwapBytes":63905984511},{"timestamp":"2021-03-06T09:15:00Z","physicalMemoryBytes":24879906816,"availableMemoryBytes":15424931610,"percentageMemoryUsage":38.0025,"totalSwapBytes":63998783488,"availableSwapBytes":63905984511},{"timestamp":"2021-03-06T09:10:00Z","physicalMemoryBytes":24879906816,"availableMemoryBytes":15428186430,"percentageMemoryUsage":37.9894,"totalSwapBytes":63998783488,"availableSwapBytes":63905984511},{"timestamp":"2021-03-06T09:05:00Z","physicalMemoryBytes":24879906816,"availableMemoryBytes":15432104905,"percentageMemoryUsage":37.9736,"totalSwapBytes":63998783488,"availableSwapBytes":63905984455},{"timestamp":"2021-03-06T09:00:00Z","physicalMemoryBytes":24879906816,"availableMemoryBytes":15424614168,"percentageMemoryUsage":38.0037,"totalSwapBytes":63998783488,"availableSwapBytes":63905981059},{"timestamp":"2021-03-06T08:55:00Z","physicalMemoryBytes":24879906816,"availableMemoryBytes":15418169557,"percentageMemoryUsage":38.0296,"totalSwapBytes":63998783488,"availableSwapBytes":63905773937},{"timestamp":"2021-03-06T08:50:00Z","physicalMemoryBytes":24879906816,"availableMemoryBytes":15425956605,"percentageMemoryUsage":37.9983,"totalSwapBytes":63998783488,"availableSwapBytes":63905722368},{"timestamp":"2021-03-06T08:45:00Z","physicalMemoryBytes":24879906816,"availableMemoryBytes":15437196887,"percentageMemoryUsage":37.9532,"totalSwapBytes":63998783488,"availableSwapBytes":63905722368},{"timestamp":"2021-03-06T08:40:00Z","physicalMemoryBytes":24879906816,"availableMemoryBytes":15420627686,"percentageMemoryUsage":38.0198,"totalSwapBytes":63998783488,"availableSwapBytes":63905722368},{"timestamp":"2021-03-06T08:35:00Z","physicalMemoryBytes":24879906816,"availableMemoryBytes":15426042102,"percentageMemoryUsage":37.998,"totalSwapBytes":63998783488,"availableSwapBytes":63905722368},{"timestamp":"2021-03-06T08:30:00Z","physicalMemoryBytes":24879906816,"availableMemoryBytes":15428678353,"percentageMemoryUsage":37.9874,"totalSwapBytes":63998783488,"availableSwapBytes":63905722368},{"timestamp":"2021-03-06T08:25:00Z","physicalMemoryBytes":24879906816,"availableMemoryBytes":15424121827,"percentageMemoryUsage":38.0057,"totalSwapBytes":63998783488,"availableSwapBytes":63905722368},{"timestamp":"2021-03-06T08:20:00Z","physicalMemoryBytes":24879906816,"availableMemoryBytes":15420536141,"percentageMemoryUsage":38.0201,"totalSwapBytes":63998783488,"availableSwapBytes":63905722368},{"timestamp":"2021-03-06T08:15:00Z","physicalMemoryBytes":24879906816,"availableMemoryBytes":15415313249,"percentageMemoryUsage":38.0411,"totalSwapBytes":63998783488,"availableSwapBytes":63905722368},{"timestamp":"2021-03-06T08:10:01Z","physicalMemoryBytes":24879906816,"availableMemoryBytes":15420489294,"percentageMemoryUsage":38.0203,"totalSwapBytes":63998783488,"availableSwapBytes":63905722368},{"timestamp":"2021-03-06T08:10:00Z","physicalMemoryBytes":0,"availableMemoryBytes":0,"percentageMemoryUsage":0.0,"totalSwapBytes":0,"availableSwapBytes":0},{"timestamp":"2021-03-06T08:05:00Z","physicalMemoryBytes":24879906816,"availableMemoryBytes":15408593061,"percentageMemoryUsage":38.0681,"totalSwapBytes":63998783488,"availableSwapBytes":63905722370},{"timestamp":"2021-03-06T08:00:00Z","physicalMemoryBytes":24879906816,"availableMemoryBytes":15359950733,"percentageMemoryUsage":38.2636,"totalSwapBytes":63998783488,"availableSwapBytes":63905722500},{"timestamp":"2021-03-06T07:55:00Z","physicalMemoryBytes":24879906816,"availableMemoryBytes":15312782498,"percentageMemoryUsage":38.4532,"totalSwapBytes":63998783488,"availableSwapBytes":63905730469},{"timestamp":"2021-03-06T07:50:00Z","physicalMemoryBytes":24879906816,"availableMemoryBytes":15409396401,"percentageMemoryUsage":38.0649,"totalSwapBytes":63998783488,"availableSwapBytes":63907265164},{"timestamp":"2021-03-06T07:45:00Z","physicalMemoryBytes":24879906816,"availableMemoryBytes":15432510558,"percentageMemoryUsage":37.972,"totalSwapBytes":63998783488,"availableSwapBytes":63907296147},{"timestamp":"2021-03-06T07:40:00Z","physicalMemoryBytes":24879906816,"availableMemoryBytes":15419286157,"percentageMemoryUsage":38.0251,"totalSwapBytes":63998783488,"availableSwapBytes":63907351099},{"timestamp":"2021-03-06T07:35:00Z","physicalMemoryBytes":24879906816,"availableMemoryBytes":15430241216,"percentageMemoryUsage":37.9811,"totalSwapBytes":63998783488,"availableSwapBytes":63907557438},{"timestamp":"2021-03-06T07:30:00Z","physicalMemoryBytes":24879906816,"availableMemoryBytes":15416663254,"percentageMemoryUsage":38.0357,"totalSwapBytes":63998783488,"availableSwapBytes":63907561181},{"timestamp":"2021-03-06T07:25:00Z","physicalMemoryBytes":24879906816,"availableMemoryBytes":15430618909,"percentageMemoryUsage":37.9796,"totalSwapBytes":63998783488,"availableSwapBytes":63907789482},{"timestamp":"2021-03-06T07:20:00Z","physicalMemoryBytes":24879906816,"availableMemoryBytes":15429749270,"percentageMemoryUsage":37.9831,"totalSwapBytes":63998783488,"availableSwapBytes":63907822267},{"timestamp":"2021-03-06T07:15:00Z","physicalMemoryBytes":24879906816,"availableMemoryBytes":15432918857,"percentageMemoryUsage":37.9704,"totalSwapBytes":63998783488,"availableSwapBytes":63907987122},{"timestamp":"2021-03-06T07:10:00Z","physicalMemoryBytes":24879906816,"availableMemoryBytes":15435299954,"percentageMemoryUsage":37.9608,"totalSwapBytes":63998783488,"availableSwapBytes":63908081779},{"timestamp":"2021-03-06T07:05:00Z","physicalMemoryBytes":24879906816,"availableMemoryBytes":15420913466,"percentageMemoryUsage":38.0186,"totalSwapBytes":63998783488,"availableSwapBytes":63908088708},{"timestamp":"2021-03-06T07:00:00Z","physicalMemoryBytes":24879906816,"availableMemoryBytes":15438452949,"percentageMemoryUsage":37.9481,"totalSwapBytes":63998783488,"availableSwapBytes":63908511408},{"timestamp":"2021-03-06T06:55:00Z","physicalMemoryBytes":24879906816,"availableMemoryBytes":15424182981,"percentageMemoryUsage":38.0055,"totalSwapBytes":63998783488,"availableSwapBytes":63908605952},{"timestamp":"2021-03-06T06:50:00Z","physicalMemoryBytes":24879906816,"availableMemoryBytes":15429759258,"percentageMemoryUsage":37.9831,"totalSwapBytes":63998783488,"availableSwapBytes":63908605952},{"timestamp":"2021-03-06T06:45:00Z","physicalMemoryBytes":24879906816,"availableMemoryBytes":15434785601,"percentageMemoryUsage":37.9628,"totalSwapBytes":63998783488,"availableSwapBytes":63908605953},{"timestamp":"2021-03-06T06:40:00Z","physicalMemoryBytes":24879906816,"availableMemoryBytes":15424259711,"percentageMemoryUsage":38.0052,"totalSwapBytes":63998783488,"availableSwapBytes":63908606022},{"timestamp":"2021-03-06T06:35:00Z","physicalMemoryBytes":24879906816,"availableMemoryBytes":15431621748,"percentageMemoryUsage":37.9756,"totalSwapBytes":63998783488,"availableSwapBytes":63908610249},{"timestamp":"2021-03-06T06:30:00Z","physicalMemoryBytes":24879906816,"availableMemoryBytes":15434442686,"percentageMemoryUsage":37.9642,"totalSwapBytes":63998783488,"availableSwapBytes":63908868096},{"timestamp":"2021-03-06T06:25:00Z","physicalMemoryBytes":24879906816,"availableMemoryBytes":15433988191,"percentageMemoryUsage":37.9661,"totalSwapBytes":63998783488,"availableSwapBytes":63908868096},{"timestamp":"2021-03-06T06:20:00Z","physicalMemoryBytes":24879906816,"availableMemoryBytes":15430602404,"percentageMemoryUsage":37.9797,"totalSwapBytes":63998783488,"availableSwapBytes":63908868096},{"timestamp":"2021-03-06T06:15:00Z","physicalMemoryBytes":24879906816,"availableMemoryBytes":15438486836,"percentageMemoryUsage":37.948,"totalSwapBytes":63998783488,"availableSwapBytes":63908868097},{"timestamp":"2021-03-06T06:10:00Z","physicalMemoryBytes":24879906816,"availableMemoryBytes":15437047150,"percentageMemoryUsage":37.9538,"totalSwapBytes":63998783488,"availableSwapBytes":63908868167},{"timestamp":"2021-03-06T06:05:00Z","physicalMemoryBytes":24879906816,"availableMemoryBytes":15431359304,"percentageMemoryUsage":37.9766,"totalSwapBytes":63998783488,"availableSwapBytes":63908872450},{"timestamp":"2021-03-06T06:00:00Z","physicalMemoryBytes":24879906816,"availableMemoryBytes":15417745469,"percentageMemoryUsage":38.0313,"totalSwapBytes":63998783488,"availableSwapBytes":63909133750},{"timestamp":"2021-03-06T05:55:00Z","physicalMemoryBytes":24879906816,"availableMemoryBytes":15416290973,"percentageMemoryUsage":38.0372,"totalSwapBytes":63998783488,"availableSwapBytes":63909344408},{"timestamp":"2021-03-06T05:50:00Z","physicalMemoryBytes":24879906816,"availableMemoryBytes":15437650842,"percentageMemoryUsage":37.9513,"totalSwapBytes":63998783488,"availableSwapBytes":63909611619},{"timestamp":"2021-03-06T05:45:00Z","physicalMemoryBytes":24879906816,"availableMemoryBytes":15432475599,"percentageMemoryUsage":37.9721,"totalSwapBytes":63998783488,"availableSwapBytes":63909658543},{"timestamp":"2021-03-06T05:40:00Z","physicalMemoryBytes":24879906816,"availableMemoryBytes":15426062429,"percentageMemoryUsage":37.9979,"totalSwapBytes":63998783488,"availableSwapBytes":63909899482},{"timestamp":"2021-03-06T05:35:00Z","physicalMemoryBytes":24879906816,"availableMemoryBytes":15429197393,"percentageMemoryUsage":37.9853,"totalSwapBytes":63998783488,"availableSwapBytes":63909916672},{"timestamp":"2021-03-06T05:30:00Z","physicalMemoryBytes":24879906816,"availableMemoryBytes":15411435863,"percentageMemoryUsage":38.0567,"totalSwapBytes":63998783488,"availableSwapBytes":63909916672},{"timestamp":"2021-03-06T05:25:00Z","physicalMemoryBytes":24879906816,"availableMemoryBytes":15432923583,"percentageMemoryUsage":37.9703,"totalSwapBytes":63998783488,"availableSwapBytes":63909916672},{"timestamp":"2021-03-06T05:20:00Z","physicalMemoryBytes":24879906816,"availableMemoryBytes":15436411532,"percentageMemoryUsage":37.9563,"totalSwapBytes":63998783488,"availableSwapBytes":63909916672},{"timestamp":"2021-03-06T05:15:00Z","physicalMemoryBytes":24879906816,"availableMemoryBytes":15440608140,"percentageMemoryUsage":37.9394,"totalSwapBytes":63998783488,"availableSwapBytes":63909916672},{"timestamp":"2021-03-06T05:10:00Z","physicalMemoryBytes":24879906816,"availableMemoryBytes":15435997302,"percentageMemoryUsage":37.958,"totalSwapBytes":63998783488,"availableSwapBytes":63909916672},{"timestamp":"2021-03-06T05:05:00Z","physicalMemoryBytes":24879906816,"availableMemoryBytes":15442402389,"percentageMemoryUsage":37.9322,"totalSwapBytes":63998783488,"availableSwapBytes":63909916704},{"timestamp":"2021-03-06T05:00:00Z","physicalMemoryBytes":24879906816,"availableMemoryBytes":15425597532,"percentageMemoryUsage":37.9998,"totalSwapBytes":63998783488,"availableSwapBytes":63909918658},{"timestamp":"2021-03-06T04:55:00Z","physicalMemoryBytes":24879906816,"availableMemoryBytes":15426627052,"percentageMemoryUsage":37.9956,"totalSwapBytes":63998783488,"availableSwapBytes":63910037849},{"timestamp":"2021-03-06T04:50:00Z","physicalMemoryBytes":24879906816,"availableMemoryBytes":15431395685,"percentageMemoryUsage":37.9765,"totalSwapBytes":63998783488,"availableSwapBytes":63910230596},{"timestamp":"2021-03-06T04:45:00Z","physicalMemoryBytes":24879906816,"availableMemoryBytes":15430982971,"percentageMemoryUsage":37.9781,"totalSwapBytes":63998783488,"availableSwapBytes":63910715996},{"timestamp":"2021-03-06T04:40:00Z","physicalMemoryBytes":24879906816,"availableMemoryBytes":15433930568,"percentageMemoryUsage":37.9663,"totalSwapBytes":63998783488,"availableSwapBytes":63910965248},{"timestamp":"2021-03-06T04:35:00Z","physicalMemoryBytes":24879906816,"availableMemoryBytes":15429712978,"percentageMemoryUsage":37.9832,"totalSwapBytes":63998783488,"availableSwapBytes":63910965305},{"timestamp":"2021-03-06T04:30:00Z","physicalMemoryBytes":24879906816,"availableMemoryBytes":15433084846,"percentageMemoryUsage":37.9697,"totalSwapBytes":63998783488,"availableSwapBytes":63910968785},{"timestamp":"2021-03-06T04:25:00Z","physicalMemoryBytes":24879906816,"availableMemoryBytes":15415639176,"percentageMemoryUsage":38.0398,"totalSwapBytes":63998783488,"availableSwapBytes":63911181035},{"timestamp":"2021-03-06T04:20:00Z","physicalMemoryBytes":24879906816,"availableMemoryBytes":15425584257,"percentageMemoryUsage":37.9998,"totalSwapBytes":63998783488,"availableSwapBytes":63911545403},{"timestamp":"2021-03-06T04:15:00Z","physicalMemoryBytes":24879906816,"availableMemoryBytes":15418063605,"percentageMemoryUsage":38.0301,"totalSwapBytes":63998783488,"availableSwapBytes":63911751735},{"timestamp":"2021-03-06T04:10:00Z","physicalMemoryBytes":24879906816,"availableMemoryBytes":15410048132,"percentageMemoryUsage":38.0623,"totalSwapBytes":63998783488,"availableSwapBytes":63911755062},{"timestamp":"2021-03-06T04:05:00Z","physicalMemoryBytes":24879906816,"availableMemoryBytes":15426579345,"percentageMemoryUsage":37.9958,"totalSwapBytes":63998783488,"availableSwapBytes":63911958010},{"timestamp":"2021-03-06T04:00:00Z","physicalMemoryBytes":24879906816,"availableMemoryBytes":15422882244,"percentageMemoryUsage":38.0107,"totalSwapBytes":63998783488,"availableSwapBytes":63912017064},{"timestamp":"2021-03-06T03:55:00Z","physicalMemoryBytes":24879906816,"availableMemoryBytes":15431912413,"percentageMemoryUsage":37.9744,"totalSwapBytes":63998783488,"availableSwapBytes":63912211507},{"timestamp":"2021-03-06T03:50:00Z","physicalMemoryBytes":24879906816,"availableMemoryBytes":15429268422,"percentageMemoryUsage":37.985,"totalSwapBytes":63998783488,"availableSwapBytes":63912538162},{"timestamp":"2021-03-06T03:45:00Z","physicalMemoryBytes":24879906816,"availableMemoryBytes":15425107551,"percentageMemoryUsage":38.0017,"totalSwapBytes":63998783488,"availableSwapBytes":63912541211},{"timestamp":"2021-03-06T03:40:00Z","physicalMemoryBytes":24879906816,"availableMemoryBytes":15430300848,"percentageMemoryUsage":37.9809,"totalSwapBytes":63998783488,"availableSwapBytes":63912727201},{"timestamp":"2021-03-06T03:35:00Z","physicalMemoryBytes":24879906816,"availableMemoryBytes":15429950990,"percentageMemoryUsage":37.9823,"totalSwapBytes":63998783488,"availableSwapBytes":63912800369},{"timestamp":"2021-03-06T03:30:00Z","physicalMemoryBytes":24879906816,"availableMemoryBytes":15425309030,"percentageMemoryUsage":38.0009,"totalSwapBytes":63998783488,"availableSwapBytes":63912807160},{"timestamp":"2021-03-06T03:25:00Z","physicalMemoryBytes":24879906816,"availableMemoryBytes":15428783487,"percentageMemoryUsage":37.987,"totalSwapBytes":63998783488,"availableSwapBytes":63913221422},{"timestamp":"2021-03-06T03:20:00Z","physicalMemoryBytes":24879906816,"availableMemoryBytes":15427127164,"percentageMemoryUsage":37.9936,"totalSwapBytes":63998783488,"availableSwapBytes":63913325600},{"timestamp":"2021-03-06T03:15:00Z","physicalMemoryBytes":24879906816,"availableMemoryBytes":15419697312,"percentageMemoryUsage":38.0235,"totalSwapBytes":63998783488,"availableSwapBytes":63913389006},{"timestamp":"2021-03-06T03:10:00Z","physicalMemoryBytes":24879906816,"availableMemoryBytes":15432953402,"percentageMemoryUsage":37.9702,"totalSwapBytes":63998783488,"availableSwapBytes":63913586745},{"timestamp":"2021-03-06T03:05:00Z","physicalMemoryBytes":24879906816,"availableMemoryBytes":15436399584,"percentageMemoryUsage":37.9564,"totalSwapBytes":63998783488,"availableSwapBytes":63913590210},{"timestamp":"2021-03-06T03:00:00Z","physicalMemoryBytes":24879906816,"availableMemoryBytes":15431658607,"percentageMemoryUsage":37.9754,"totalSwapBytes":63998783488,"availableSwapBytes":63913801560},{"timestamp":"2021-03-06T02:55:00Z","physicalMemoryBytes":24879906816,"availableMemoryBytes":15423960729,"percentageMemoryUsage":38.0064,"totalSwapBytes":63998783488,"availableSwapBytes":63913848832},{"timestamp":"2021-03-06T02:50:00Z","physicalMemoryBytes":24879906816,"availableMemoryBytes":15422575234,"percentageMemoryUsage":38.0119,"totalSwapBytes":63998783488,"availableSwapBytes":63913848832},{"timestamp":"2021-03-06T02:45:00Z","physicalMemoryBytes":24879906816,"availableMemoryBytes":15428000035,"percentageMemoryUsage":37.9901,"totalSwapBytes":63998783488,"availableSwapBytes":63913848833},{"timestamp":"2021-03-06T02:40:00Z","physicalMemoryBytes":24879906816,"availableMemoryBytes":15426317670,"percentageMemoryUsage":37.9969,"totalSwapBytes":63998783488,"availableSwapBytes":63913848917},{"timestamp":"2021-03-06T02:35:00Z","physicalMemoryBytes":24879906816,"availableMemoryBytes":15429964132,"percentageMemoryUsage":37.9822,"totalSwapBytes":63998783488,"availableSwapBytes":63913854045},{"timestamp":"2021-03-06T02:30:00Z","physicalMemoryBytes":24879906816,"availableMemoryBytes":15418365167,"percentageMemoryUsage":38.0288,"totalSwapBytes":63998783488,"availableSwapBytes":63914166842},{"timestamp":"2021-03-06T02:25:00Z","physicalMemoryBytes":24879906816,"availableMemoryBytes":15426501918,"percentageMemoryUsage":37.9961,"totalSwapBytes":63998783488,"availableSwapBytes":63914373119},{"timestamp":"2021-03-06T02:20:00Z","physicalMemoryBytes":24879906816,"availableMemoryBytes":15420420155,"percentageMemoryUsage":38.0206,"totalSwapBytes":63998783488,"availableSwapBytes":63914373119},{"timestamp":"2021-03-06T02:15:00Z","physicalMemoryBytes":24879906816,"availableMemoryBytes":15422344777,"percentageMemoryUsage":38.0129,"totalSwapBytes":63998783488,"availableSwapBytes":63914373119},{"timestamp":"2021-03-06T02:10:00Z","physicalMemoryBytes":24879906816,"availableMemoryBytes":15425353581,"percentageMemoryUsage":38.0008,"totalSwapBytes":63998783488,"availableSwapBytes":63914373119},{"timestamp":"2021-03-06T02:05:00Z","physicalMemoryBytes":24879906816,"availableMemoryBytes":15417685288,"percentageMemoryUsage":38.0316,"totalSwapBytes":63998783488,"availableSwapBytes":63914373119},{"timestamp":"2021-03-06T02:00:00Z","physicalMemoryBytes":24879906816,"availableMemoryBytes":15416294035,"percentageMemoryUsage":38.0372,"totalSwapBytes":63998783488,"availableSwapBytes":63914373119},{"timestamp":"2021-03-06T01:55:00Z","physicalMemoryBytes":24879906816,"availableMemoryBytes":15418860808,"percentageMemoryUsage":38.0269,"totalSwapBytes":63998783488,"availableSwapBytes":63914373119},{"timestamp":"2021-03-06T01:50:00Z","physicalMemoryBytes":24879906816,"availableMemoryBytes":15419564834,"percentageMemoryUsage":38.024,"totalSwapBytes":63998783488,"availableSwapBytes":63914373119},{"timestamp":"2021-03-06T01:45:00Z","physicalMemoryBytes":24879906816,"availableMemoryBytes":15423356708,"percentageMemoryUsage":38.0088,"totalSwapBytes":63998783488,"availableSwapBytes":63914373119},{"timestamp":"2021-03-06T01:40:00Z","physicalMemoryBytes":24879906816,"availableMemoryBytes":15407352770,"percentageMemoryUsage":38.0731,"totalSwapBytes":63998783488,"availableSwapBytes":63914373118},{"timestamp":"2021-03-06T01:35:00Z","physicalMemoryBytes":24879906816,"availableMemoryBytes":15412968812,"percentageMemoryUsage":38.0505,"totalSwapBytes":63998783488,"availableSwapBytes":63914373050},{"timestamp":"2021-03-06T01:30:00Z","physicalMemoryBytes":24879906816,"availableMemoryBytes":15424885448,"percentageMemoryUsage":38.0026,"totalSwapBytes":63998783488,"availableSwapBytes":63914368893},{"timestamp":"2021-03-06T01:25:00Z","physicalMemoryBytes":24879906816,"availableMemoryBytes":15412128206,"percentageMemoryUsage":38.0539,"totalSwapBytes":63998783488,"availableSwapBytes":63914115273},{"timestamp":"2021-03-06T01:20:00Z","physicalMemoryBytes":24879906816,"availableMemoryBytes":15414781462,"percentageMemoryUsage":38.0433,"totalSwapBytes":63998783488,"availableSwapBytes":63914110975},{"timestamp":"2021-03-06T01:15:00Z","physicalMemoryBytes":24879906816,"availableMemoryBytes":15420310388,"percentageMemoryUsage":38.021,"totalSwapBytes":63998783488,"availableSwapBytes":63914110974},{"timestamp":"2021-03-06T01:10:00Z","physicalMemoryBytes":24879906816,"availableMemoryBytes":15421653676,"percentageMemoryUsage":38.0156,"totalSwapBytes":63998783488,"availableSwapBytes":63914110906},{"timestamp":"2021-03-06T01:05:00Z","physicalMemoryBytes":24879906816,"availableMemoryBytes":15417516823,"percentageMemoryUsage":38.0323,"totalSwapBytes":63998783488,"availableSwapBytes":63914106749},{"timestamp":"2021-03-06T01:00:00Z","physicalMemoryBytes":24879906816,"availableMemoryBytes":15415815322,"percentageMemoryUsage":38.0391,"totalSwapBytes":63998783488,"availableSwapBytes":63913853129},{"timestamp":"2021-03-06T00:55:00Z","physicalMemoryBytes":24879906816,"availableMemoryBytes":15416361192,"percentageMemoryUsage":38.0369,"totalSwapBytes":63998783488,"availableSwapBytes":63913848832},{"timestamp":"2021-03-06T00:50:00Z","physicalMemoryBytes":24879906816,"availableMemoryBytes":15415981949,"percentageMemoryUsage":38.0384,"totalSwapBytes":63998783488,"availableSwapBytes":63913848832},{"timestamp":"2021-03-06T00:45:00Z","physicalMemoryBytes":24879906816,"availableMemoryBytes":15417624831,"percentageMemoryUsage":38.0318,"totalSwapBytes":63998783488,"availableSwapBytes":63913848832},{"timestamp":"2021-03-06T00:40:00Z","physicalMemoryBytes":24879906816,"availableMemoryBytes":15419589835,"percentageMemoryUsage":38.0239,"totalSwapBytes":63998783488,"availableSwapBytes":63913848832},{"timestamp":"2021-03-06T00:35:00Z","physicalMemoryBytes":24879906816,"availableMemoryBytes":15418717298,"percentageMemoryUsage":38.0274,"totalSwapBytes":63998783488,"availableSwapBytes":63913848832},{"timestamp":"2021-03-06T00:30:00Z","physicalMemoryBytes":24879906816,"availableMemoryBytes":15418273578,"percentageMemoryUsage":38.0292,"totalSwapBytes":63998783488,"availableSwapBytes":63913848832},{"timestamp":"2021-03-06T00:25:00Z","physicalMemoryBytes":24879906816,"availableMemoryBytes":15396998431,"percentageMemoryUsage":38.1147,"totalSwapBytes":63998783488,"availableSwapBytes":63913848832},{"timestamp":"2021-03-06T00:20:00Z","physicalMemoryBytes":24879906816,"availableMemoryBytes":15399612572,"percentageMemoryUsage":38.1042,"totalSwapBytes":63998783488,"availableSwapBytes":63913848832},{"timestamp":"2021-03-06T00:15:00Z","physicalMemoryBytes":24879906816,"availableMemoryBytes":15410046268,"percentageMemoryUsage":38.0623,"totalSwapBytes":63998783488,"availableSwapBytes":63913848832},{"timestamp":"2021-03-06T00:10:00Z","physicalMemoryBytes":24879906816,"availableMemoryBytes":15409930114,"percentageMemoryUsage":38.0627,"totalSwapBytes":63998783488,"availableSwapBytes":63913848832},{"timestamp":"2021-03-06T00:05:00Z","physicalMemoryBytes":24879906816,"availableMemoryBytes":15388332580,"percentageMemoryUsage":38.1496,"totalSwapBytes":63998783488,"availableSwapBytes":63913848838},{"timestamp":"2021-03-06T00:00:00Z","physicalMemoryBytes":24879906816,"availableMemoryBytes":15352025770,"percentageMemoryUsage":38.2955,"totalSwapBytes":63998783488,"availableSwapBytes":63913849257},{"timestamp":"2021-03-05T23:55:00Z","physicalMemoryBytes":24879906816,"availableMemoryBytes":15307895434,"percentageMemoryUsage":38.4729,"totalSwapBytes":63998783488,"availableSwapBytes":63913874758},{"timestamp":"2021-03-05T23:50:00Z","physicalMemoryBytes":24879906816,"availableMemoryBytes":15364442886,"percentageMemoryUsage":38.2456,"totalSwapBytes":63998783488,"availableSwapBytes":63915430320},{"timestamp":"2021-03-05T23:45:00Z","physicalMemoryBytes":24879906816,"availableMemoryBytes":15408734361,"percentageMemoryUsage":38.0676,"totalSwapBytes":63998783488,"availableSwapBytes":63915947816},{"timestamp":"2021-03-05T23:40:00Z","physicalMemoryBytes":24879906816,"availableMemoryBytes":15402808438,"percentageMemoryUsage":38.0914,"totalSwapBytes":63998783488,"availableSwapBytes":63916057782},{"timestamp":"2021-03-05T23:35:00Z","physicalMemoryBytes":24879906816,"availableMemoryBytes":15407538212,"percentageMemoryUsage":38.0724,"totalSwapBytes":63998783488,"availableSwapBytes":63916474217},{"timestamp":"2021-03-05T23:30:00Z","physicalMemoryBytes":24879906816,"availableMemoryBytes":15414442176,"percentageMemoryUsage":38.0446,"totalSwapBytes":63998783488,"availableSwapBytes":63916710928},{"timestamp":"2021-03-05T23:25:00Z","physicalMemoryBytes":24879906816,"availableMemoryBytes":15396267494,"percentageMemoryUsage":38.1177,"totalSwapBytes":63998783488,"availableSwapBytes":63916732418},{"timestamp":"2021-03-05T23:20:00Z","physicalMemoryBytes":24879906816,"availableMemoryBytes":15415044104,"percentageMemoryUsage":38.0422,"totalSwapBytes":63998783488,"availableSwapBytes":63916732544},{"timestamp":"2021-03-05T23:15:00Z","physicalMemoryBytes":24879906816,"availableMemoryBytes":15412144618,"percentageMemoryUsage":38.0538,"totalSwapBytes":63998783488,"availableSwapBytes":63916740237},{"timestamp":"2021-03-05T23:10:00Z","physicalMemoryBytes":24879906816,"availableMemoryBytes":15416052969,"percentageMemoryUsage":38.0381,"totalSwapBytes":63998783488,"availableSwapBytes":63917209536},{"timestamp":"2021-03-05T23:05:00Z","physicalMemoryBytes":24879906816,"availableMemoryBytes":15412941732,"percentageMemoryUsage":38.0506,"totalSwapBytes":63998783488,"availableSwapBytes":63917525188},{"timestamp":"2021-03-05T23:00:00Z","physicalMemoryBytes":24879906816,"availableMemoryBytes":15409720888,"percentageMemoryUsage":38.0636,"totalSwapBytes":63998783488,"availableSwapBytes":63917905618},{"timestamp":"2021-03-05T22:55:00Z","physicalMemoryBytes":24879906816,"availableMemoryBytes":15403279237,"percentageMemoryUsage":38.0895,"totalSwapBytes":63998783488,"availableSwapBytes":63918305336},{"timestamp":"2021-03-05T22:50:00Z","physicalMemoryBytes":24879906816,"availableMemoryBytes":15409768147,"percentageMemoryUsage":38.0634,"totalSwapBytes":63998783488,"availableSwapBytes":63918308732},{"timestamp":"2021-03-05T22:45:00Z","physicalMemoryBytes":24879906816,"availableMemoryBytes":15407353933,"percentageMemoryUsage":38.0731,"totalSwapBytes":63998783488,"availableSwapBytes":63918515905},{"timestamp":"2021-03-05T22:40:00Z","physicalMemoryBytes":24879906816,"availableMemoryBytes":15405650521,"percentageMemoryUsage":38.08,"totalSwapBytes":63998783488,"availableSwapBytes":63918570523},{"timestamp":"2021-03-05T22:35:00Z","physicalMemoryBytes":24879906816,"availableMemoryBytes":15397990240,"percentageMemoryUsage":38.1107,"totalSwapBytes":63998783488,"availableSwapBytes":63918756513},{"timestamp":"2021-03-05T22:30:00Z","physicalMemoryBytes":24879906816,"availableMemoryBytes":15414905336,"percentageMemoryUsage":38.0428,"totalSwapBytes":63998783488,"availableSwapBytes":63919091852},{"timestamp":"2021-03-05T22:25:00Z","physicalMemoryBytes":24879906816,"availableMemoryBytes":15416414290,"percentageMemoryUsage":38.0367,"totalSwapBytes":63998783488,"availableSwapBytes":63919100306},{"timestamp":"2021-03-05T22:20:00Z","physicalMemoryBytes":24879906816,"availableMemoryBytes":15416632262,"percentageMemoryUsage":38.0358,"totalSwapBytes":63998783488,"availableSwapBytes":63919616000},{"timestamp":"2021-03-05T22:15:00Z","physicalMemoryBytes":24879906816,"availableMemoryBytes":15411320378,"percentageMemoryUsage":38.0572,"totalSwapBytes":63998783488,"availableSwapBytes":63919616056},{"timestamp":"2021-03-05T22:10:00Z","physicalMemoryBytes":24879906816,"availableMemoryBytes":15403981826,"percentageMemoryUsage":38.0867,"totalSwapBytes":63998783488,"availableSwapBytes":63919619452},{"timestamp":"2021-03-05T22:05:00Z","physicalMemoryBytes":24879906816,"availableMemoryBytes":15401503904,"percentageMemoryUsage":38.0966,"totalSwapBytes":63998783488,"availableSwapBytes":63919826575},{"timestamp":"2021-03-05T22:00:00Z","physicalMemoryBytes":24879906816,"availableMemoryBytes":15409160747,"percentageMemoryUsage":38.0658,"totalSwapBytes":63998783488,"availableSwapBytes":63919878215},{"timestamp":"2021-03-05T21:55:00Z","physicalMemoryBytes":24879906816,"availableMemoryBytes":15398728788,"percentageMemoryUsage":38.1078,"totalSwapBytes":63998783488,"availableSwapBytes":63919882499},{"timestamp":"2021-03-05T21:50:00Z","physicalMemoryBytes":24879906816,"availableMemoryBytes":15400179730,"percentageMemoryUsage":38.1019,"totalSwapBytes":63998783488,"availableSwapBytes":63920143810},{"timestamp":"2021-03-05T21:45:00Z","physicalMemoryBytes":24879906816,"availableMemoryBytes":15403945076,"percentageMemoryUsage":38.0868,"totalSwapBytes":63998783488,"availableSwapBytes":63920355161},{"timestamp":"2021-03-05T21:40:00Z","physicalMemoryBytes":24879906816,"availableMemoryBytes":15411509187,"percentageMemoryUsage":38.0564,"totalSwapBytes":63998783488,"availableSwapBytes":63920664656},{"timestamp":"2021-03-05T21:35:00Z","physicalMemoryBytes":24879906816,"availableMemoryBytes":15401527705,"percentageMemoryUsage":38.0965,"totalSwapBytes":63998783488,"availableSwapBytes":63920669507},{"timestamp":"2021-03-05T21:30:00Z","physicalMemoryBytes":24879906816,"availableMemoryBytes":15412500902,"percentageMemoryUsage":38.0524,"totalSwapBytes":63998783488,"availableSwapBytes":63920965397},{"timestamp":"2021-03-05T21:25:00Z","physicalMemoryBytes":24879906816,"availableMemoryBytes":15406558367,"percentageMemoryUsage":38.0763,"totalSwapBytes":63998783488,"availableSwapBytes":63921188920},{"timestamp":"2021-03-05T21:20:00Z","physicalMemoryBytes":24879906816,"availableMemoryBytes":15413989876,"percentageMemoryUsage":38.0464,"totalSwapBytes":63998783488,"availableSwapBytes":63921192316},{"timestamp":"2021-03-05T21:15:00Z","physicalMemoryBytes":24879906816,"availableMemoryBytes":15407318839,"percentageMemoryUsage":38.0732,"totalSwapBytes":63998783488,"availableSwapBytes":63921399476},{"timestamp":"2021-03-05T21:10:00Z","physicalMemoryBytes":24879906816,"availableMemoryBytes":15406573608,"percentageMemoryUsage":38.0762,"totalSwapBytes":63998783488,"availableSwapBytes":63921453332},{"timestamp":"2021-03-05T21:05:00Z","physicalMemoryBytes":24879906816,"availableMemoryBytes":15401984448,"percentageMemoryUsage":38.0947,"totalSwapBytes":63998783488,"availableSwapBytes":63921592824},{"timestamp":"2021-03-05T21:00:00Z","physicalMemoryBytes":24879906816,"availableMemoryBytes":15404526297,"percentageMemoryUsage":38.0845,"totalSwapBytes":63998783488,"availableSwapBytes":63921713223},{"timestamp":"2021-03-05T20:55:00Z","physicalMemoryBytes":24879906816,"availableMemoryBytes":15407011277,"percentageMemoryUsage":38.0745,"totalSwapBytes":63998783488,"availableSwapBytes":63921717484},{"timestamp":"2021-03-05T20:50:00Z","physicalMemoryBytes":24879906816,"availableMemoryBytes":15409344999,"percentageMemoryUsage":38.0651,"totalSwapBytes":63998783488,"availableSwapBytes":63921977409},{"timestamp":"2021-03-05T20:45:00Z","physicalMemoryBytes":24879906816,"availableMemoryBytes":15401034803,"percentageMemoryUsage":38.0985,"totalSwapBytes":63998783488,"availableSwapBytes":63922104220},{"timestamp":"2021-03-05T20:40:00Z","physicalMemoryBytes":24879906816,"availableMemoryBytes":15412068446,"percentageMemoryUsage":38.0542,"totalSwapBytes":63998783488,"availableSwapBytes":63922499669},{"timestamp":"2021-03-05T20:35:00Z","physicalMemoryBytes":24879906816,"availableMemoryBytes":15414843015,"percentageMemoryUsage":38.043,"totalSwapBytes":63998783488,"availableSwapBytes":63922504798},{"timestamp":"2021-03-05T20:30:00Z","physicalMemoryBytes":24879906816,"availableMemoryBytes":15409258061,"percentageMemoryUsage":38.0655,"totalSwapBytes":63998783488,"availableSwapBytes":63922817654},{"timestamp":"2021-03-05T20:25:00Z","physicalMemoryBytes":24879906816,"availableMemoryBytes":15412439141,"percentageMemoryUsage":38.0527,"totalSwapBytes":63998783488,"availableSwapBytes":63923027535},{"timestamp":"2021-03-05T20:20:00Z","physicalMemoryBytes":24879906816,"availableMemoryBytes":15406747686,"percentageMemoryUsage":38.0755,"totalSwapBytes":63998783488,"availableSwapBytes":63923247360},{"timestamp":"2021-03-05T20:15:00Z","physicalMemoryBytes":24879906816,"availableMemoryBytes":15402678571,"percentageMemoryUsage":38.0919,"totalSwapBytes":63998783488,"availableSwapBytes":63923549498},{"timestamp":"2021-03-05T20:10:00Z","physicalMemoryBytes":24879906816,"availableMemoryBytes":15407341399,"percentageMemoryUsage":38.0732,"totalSwapBytes":63998783488,"availableSwapBytes":63923629813},{"timestamp":"2021-03-05T20:05:00Z","physicalMemoryBytes":24879906816,"availableMemoryBytes":15406106604,"percentageMemoryUsage":38.0781,"totalSwapBytes":63998783488,"availableSwapBytes":63923810403},{"timestamp":"2021-03-05T20:00:00Z","physicalMemoryBytes":24879906816,"availableMemoryBytes":15405572947,"percentageMemoryUsage":38.0803,"totalSwapBytes":63998783488,"availableSwapBytes":63923816363},{"timestamp":"2021-03-05T19:55:00Z","physicalMemoryBytes":24879906816,"availableMemoryBytes":15404026581,"percentageMemoryUsage":38.0865,"totalSwapBytes":63998783488,"availableSwapBytes":63924179911},{"timestamp":"2021-03-05T19:50:00Z","physicalMemoryBytes":24879906816,"availableMemoryBytes":15410394341,"percentageMemoryUsage":38.0609,"totalSwapBytes":63998783488,"availableSwapBytes":63924336282},{"timestamp":"2021-03-05T19:45:00Z","physicalMemoryBytes":24879906816,"availableMemoryBytes":15400929979,"percentageMemoryUsage":38.0989,"totalSwapBytes":63998783488,"availableSwapBytes":63924437731},{"timestamp":"2021-03-05T19:40:00Z","physicalMemoryBytes":24879906816,"availableMemoryBytes":15409155756,"percentageMemoryUsage":38.0659,"totalSwapBytes":63998783488,"availableSwapBytes":63924858941},{"timestamp":"2021-03-05T19:35:00Z","physicalMemoryBytes":24879906816,"availableMemoryBytes":15395077896,"percentageMemoryUsage":38.1224,"totalSwapBytes":63998783488,"availableSwapBytes":63924862614},{"timestamp":"2021-03-05T19:30:00Z","physicalMemoryBytes":24879906816,"availableMemoryBytes":15398540541,"percentageMemoryUsage":38.1085,"totalSwapBytes":63998783488,"availableSwapBytes":63925086659},{"timestamp":"2021-03-05T19:25:00Z","physicalMemoryBytes":24879906816,"availableMemoryBytes":15398060139,"percentageMemoryUsage":38.1105,"totalSwapBytes":63998783488,"availableSwapBytes":63925121912},{"timestamp":"2021-03-05T19:20:00Z","physicalMemoryBytes":24879906816,"availableMemoryBytes":15398111670,"percentageMemoryUsage":38.1103,"totalSwapBytes":63998783488,"availableSwapBytes":63925175199},{"timestamp":"2021-03-05T19:15:00Z","physicalMemoryBytes":24879906816,"availableMemoryBytes":15390847080,"percentageMemoryUsage":38.1395,"totalSwapBytes":63998783488,"availableSwapBytes":63925280029},{"timestamp":"2021-03-05T19:10:00Z","physicalMemoryBytes":24879906816,"availableMemoryBytes":15398660324,"percentageMemoryUsage":38.108,"totalSwapBytes":63998783488,"availableSwapBytes":63925121037},{"timestamp":"2021-03-05T19:05:00Z","physicalMemoryBytes":24879906816,"availableMemoryBytes":15403277912,"percentageMemoryUsage":38.0895,"totalSwapBytes":63998783488,"availableSwapBytes":63925121869},{"timestamp":"2021-03-05T19:00:00Z","physicalMemoryBytes":24879906816,"availableMemoryBytes":15398066940,"percentageMemoryUsage":38.1104,"totalSwapBytes":63998783488,"availableSwapBytes":63925172594},{"timestamp":"2021-03-05T18:55:00Z","physicalMemoryBytes":24879906816,"availableMemoryBytes":15409331784,"percentageMemoryUsage":38.0652,"totalSwapBytes":63998783488,"availableSwapBytes":63926169643},{"timestamp":"2021-03-05T18:50:00Z","physicalMemoryBytes":24879906816,"availableMemoryBytes":15394146111,"percentageMemoryUsage":38.1262,"totalSwapBytes":63998783488,"availableSwapBytes":63926172277},{"timestamp":"2021-03-05T18:45:00Z","physicalMemoryBytes":24879906816,"availableMemoryBytes":15403055659,"percentageMemoryUsage":38.0904,"totalSwapBytes":63998783488,"availableSwapBytes":63926332902},{"timestamp":"2021-03-05T18:40:00Z","physicalMemoryBytes":24879906816,"availableMemoryBytes":15408807024,"percentageMemoryUsage":38.0673,"totalSwapBytes":63998783488,"availableSwapBytes":63926431743},{"timestamp":"2021-03-05T18:35:00Z","physicalMemoryBytes":24879906816,"availableMemoryBytes":15400191704,"percentageMemoryUsage":38.1019,"totalSwapBytes":63998783488,"availableSwapBytes":63926431743},{"timestamp":"2021-03-05T18:30:00Z","physicalMemoryBytes":24879906816,"availableMemoryBytes":15399412100,"percentageMemoryUsage":38.105,"totalSwapBytes":63998783488,"availableSwapBytes":63926431743},{"timestamp":"2021-03-05T18:25:00Z","physicalMemoryBytes":24879906816,"availableMemoryBytes":15415172233,"percentageMemoryUsage":38.0417,"totalSwapBytes":63998783488,"availableSwapBytes":63926431743},{"timestamp":"2021-03-05T18:20:00Z","physicalMemoryBytes":24879906816,"availableMemoryBytes":15413923004,"percentageMemoryUsage":38.0467,"totalSwapBytes":63998783488,"availableSwapBytes":63926431743},{"timestamp":"2021-03-05T18:15:00Z","physicalMemoryBytes":24879906816,"availableMemoryBytes":15411103965,"percentageMemoryUsage":38.058,"totalSwapBytes":63998783488,"availableSwapBytes":63926431743},{"timestamp":"2021-03-05T18:10:00Z","physicalMemoryBytes":24879906816,"availableMemoryBytes":15413460157,"percentageMemoryUsage":38.0486,"totalSwapBytes":63998783488,"availableSwapBytes":63926431743},{"timestamp":"2021-03-05T18:05:00Z","physicalMemoryBytes":24879906816,"availableMemoryBytes":15408695601,"percentageMemoryUsage":38.0677,"totalSwapBytes":63998783488,"availableSwapBytes":63926431743},{"timestamp":"2021-03-05T18:00:00Z","physicalMemoryBytes":24879906816,"availableMemoryBytes":15391723723,"percentageMemoryUsage":38.1359,"totalSwapBytes":63998783488,"availableSwapBytes":63926431743},{"timestamp":"2021-03-05T17:55:00Z","physicalMemoryBytes":24879906816,"availableMemoryBytes":15405932640,"percentageMemoryUsage":38.0788,"totalSwapBytes":63998783488,"availableSwapBytes":63926431743}],"numMembers":361}
