{"numReportedSystems":1,"numUnreachableSystems":0,"numSynchronisingSystems":0,"softwareUpdateRecommended":false,"overallLocalDiskBytes":25853005824,"overallLocalUserBytes":127058535296,"overallLocalFreeBytes":1070975315968,"overallLocalCapacityBytes":1096828321792,"overallCloudDiskBytes":0,"overallCloudUserBytes":0,"overallCloudFreeBytes":0,"overallCloudCapacityBytes":0,"systemHealthSummary":{"numUnreachable":0,"numSynchronising":0,"total":1,"numOk":1,"numWarning":0,"numCritical":0,"numUnknown":0},"catStoresSummary":{"statusSummary":{"numOk":1,"numWarning":0,"numCritical":0,"numUnknown":0,"total":1}},"cloudBankStoresSummary":{"statusSummary":{"numOk":0,"numWarning":0,"numCritical":0,"numUnknown":0,"total":0}},"nasSharesSummary":{"statusSummary":{"numOk":0,"numWarning":0,"numCritical":0,"numUnknown":0,"total":0}},"vtlLibrariesSummary":{"statusSummary":{"numOk":0,"numWarning":0,"numCritical":0,"numUnknown":0,"total":0}},"nasRepMappingSummary":{"statusSummary":{"numOk":0,"numWarning":0,"numCritical":0,"numUnknown":0,"total":0}},"vtlRepMappingSummary":{"statusSummary":{"numOk":0,"numWarning":0,"numCritical":0,"numUnknown":0,"total":0}},"softwareVersions":{"4.2.1-1942.21":1},"platformTypes":{"HPE StoreOnce VSA":1},"lowestSoftwareVersion":"4.2.1","highestSoftwareVersion":"4.2.1","overallUserBytes":127058535296,"overallDiskBytes":25853005824,"overallDedupeRatio":4.91465,"overallCapacitySavedBytes":101205529472,"overallCapacitySavedPercent":79.65268}
