{"members":[{"timestamp":"2021-03-06T14:30:00Z","percentageCpuUsage":3.15957,"percentageUser":1.93006,"percentageNice":5.34058E-4,"percentageSys":1.2108,"percentageIdle":96.6523,"percentageIoWait":0.18813,"percentageHardIrq":0.0,"percentageSoftIrq":0.0181768,"percentageSteal":0.0,"percentageGuest":0.0},{"timestamp":"2021-03-05T14:30:00Z","percentageCpuUsage":3.12943,"percentageUser":1.83323,"percentageNice":5.01624E-4,"percentageSys":1.27923,"percentageIdle":96.7884,"percentageIoWait":0.0821517,"percentageHardIrq":0.0,"percentageSoftIrq":0.0164718,"percentageSteal":0.0,"percentageGuest":0.0},{"timestamp":"2021-03-04T14:30:00Z","percentageCpuUsage":3.03297,"percentageUser":1.77365,"percentageNice":4.54965E-4,"percentageSys":1.24336,"percentageIdle":96.8978,"percentageIoWait":0.0691975,"percentageHardIrq":0.0,"percentageSoftIrq":0.0155087,"percentageSteal":0.0,"percentageGuest":0.0},{"timestamp":"2021-03-03T14:30:00Z","percentageCpuUsage":2.87253,"percentageUser":1.68417,"percentageNice":4.75089E-4,"percentageSys":1.17285,"percentageIdle":97.0555,"percentageIoWait":0.0720145,"percentageHardIrq":0.0,"percentageSoftIrq":0.0150391,"percentageSteal":0.0,"percentageGuest":0.0},{"timestamp":"2021-03-02T14:30:00Z","percentageCpuUsage":2.77566,"percentageUser":1.61392,"percentageNice":4.22869E-4,"percentageSys":1.14625,"percentageIdle":97.1159,"percentageIoWait":0.108448,"percentageHardIrq":0.0,"percentageSoftIrq":0.0150668,"percentageSteal":0.0,"percentageGuest":0.0},{"timestamp":"2021-03-01T14:30:00Z","percentageCpuUsage":2.65141,"percentageUser":1.5251,"percentageNice":3.99701E-4,"percentageSys":1.11178,"percentageIdle":97.2798,"percentageIoWait":0.0687995,"percentageHardIrq":0.0,"percentageSoftIrq":0.0141341,"percentageSteal":0.0,"percentageGuest":0.0},{"timestamp":"2021-02-28T14:30:00Z","percentageCpuUsage":2.56336,"percentageUser":1.50696,"percentageNice":4.3156E-4,"percentageSys":1.04231,"percentageIdle":97.3654,"percentageIoWait":0.0712682,"percentageHardIrq":0.0,"percentageSoftIrq":0.0136627,"percentageSteal":0.0,"percentageGuest":0.0},{"timestamp":"2021-02-27T14:30:00Z","percentageCpuUsage":2.80987,"percentageUser":1.76845,"percentageNice":5.40216E-4,"percentageSys":1.01206,"percentageIdle":92.8252,"percentageIoWait":0.198231,"percentageHardIrq":0.0,"percentageSoftIrq":0.0165776,"percentageSteal":0.0,"percentageGuest":0.0},{"timestamp":"2021-02-26T14:30:00Z","percentageCpuUsage":3.44881,"percentageUser":2.02217,"percentageNice":5.56917E-4,"percentageSys":1.40795,"percentageIdle":96.4664,"percentageIoWait":0.0848086,"percentageHardIrq":0.0,"percentageSoftIrq":0.0181346,"percentageSteal":0.0,"percentageGuest":0.0},{"timestamp":"2021-02-25T14:30:00Z","percentageCpuUsage":3.45558,"percentageUser":2.03256,"percentageNice":6.49431E-4,"percentageSys":1.4042,"percentageIdle":96.4621,"percentageIoWait":0.0823571,"percentageHardIrq":0.0,"percentageSoftIrq":0.0181675,"percentageSteal":0.0,"percentageGuest":0.0},{"timestamp":"2021-02-24T14:30:00Z","percentageCpuUsage":3.43561,"percentageUser":2.03397,"percentageNice":5.42346E-4,"percentageSys":1.38278,"percentageIdle":96.4875,"percentageIoWait":0.0768462,"percentageHardIrq":0.0,"percentageSoftIrq":0.0183112,"percentageSteal":0.0,"percentageGuest":0.0},{"timestamp":"2021-02-23T14:30:00Z","percentageCpuUsage":3.37303,"percentageUser":1.98771,"percentageNice":5.54279E-4,"percentageSys":1.36644,"percentageIdle":96.5198,"percentageIoWait":0.107178,"percentageHardIrq":0.0,"percentageSoftIrq":0.0183237,"percentageSteal":0.0,"percentageGuest":0.0},{"timestamp":"2021-02-22T14:30:00Z","percentageCpuUsage":3.33265,"percentageUser":1.9371,"percentageNice":5.71139E-4,"percentageSys":1.37715,"percentageIdle":96.5919,"percentageIoWait":0.0754752,"percentageHardIrq":0.0,"percentageSoftIrq":0.0178315,"percentageSteal":0.0,"percentageGuest":0.0},{"timestamp":"2021-02-21T14:30:00Z","percentageCpuUsage":3.29083,"percentageUser":1.93674,"percentageNice":5.42162E-4,"percentageSys":1.3355,"percentageIdle":96.6303,"percentageIoWait":0.0789102,"percentageHardIrq":0.0,"percentageSoftIrq":0.0180452,"percentageSteal":0.0,"percentageGuest":0.0},{"timestamp":"2021-02-20T14:30:00Z","percentageCpuUsage":3.37967,"percentageUser":2.02061,"percentageNice":5.4568E-4,"percentageSys":1.33889,"percentageIdle":96.4591,"percentageIoWait":0.161265,"percentageHardIrq":0.0,"percentageSoftIrq":0.0196177,"percentageSteal":0.0,"percentageGuest":0.0},{"timestamp":"2021-02-19T14:30:00Z","percentageCpuUsage":3.33807,"percentageUser":1.93276,"percentageNice":5.91149E-4,"percentageSys":1.38709,"percentageIdle":96.5737,"percentageIoWait":0.0882712,"percentageHardIrq":0.0,"percentageSoftIrq":0.0176271,"percentageSteal":0.0,"percentageGuest":0.0},{"timestamp":"2021-02-18T14:30:00Z","percentageCpuUsage":3.33827,"percentageUser":1.94283,"percentageNice":5.39743E-4,"percentageSys":1.37721,"percentageIdle":96.5843,"percentageIoWait":0.077436,"percentageHardIrq":0.0,"percentageSoftIrq":0.0176944,"percentageSteal":0.0,"percentageGuest":0.0},{"timestamp":"2021-02-17T14:30:00Z","percentageCpuUsage":3.29613,"percentageUser":1.94414,"percentageNice":5.51096E-4,"percentageSys":1.33359,"percentageIdle":96.6256,"percentageIoWait":0.0782737,"percentageHardIrq":0.0,"percentageSoftIrq":0.0178496,"percentageSteal":0.0,"percentageGuest":0.0},{"timestamp":"2021-02-16T14:30:00Z","percentageCpuUsage":3.29995,"percentageUser":1.94709,"percentageNice":6.29088E-4,"percentageSys":1.33413,"percentageIdle":96.5954,"percentageIoWait":0.104633,"percentageHardIrq":0.0,"percentageSoftIrq":0.0180957,"percentageSteal":0.0,"percentageGuest":0.0},{"timestamp":"2021-02-15T14:30:00Z","percentageCpuUsage":3.29581,"percentageUser":1.93793,"percentageNice":5.5085E-4,"percentageSys":1.33954,"percentageIdle":96.6341,"percentageIoWait":0.0700636,"percentageHardIrq":0.0,"percentageSoftIrq":0.0177939,"percentageSteal":0.0,"percentageGuest":0.0},{"timestamp":"2021-02-14T14:30:00Z","percentageCpuUsage":3.24384,"percentageUser":1.93479,"percentageNice":5.5373E-4,"percentageSys":1.2905,"percentageIdle":96.6814,"percentageIoWait":0.0747588,"percentageHardIrq":0.0,"percentageSoftIrq":0.0179855,"percentageSteal":0.0,"percentageGuest":0.0},{"timestamp":"2021-02-13T14:30:00Z","percentageCpuUsage":3.31139,"percentageUser":2.01359,"percentageNice":5.88766E-4,"percentageSys":1.27768,"percentageIdle":96.5301,"percentageIoWait":0.158537,"percentageHardIrq":0.0,"percentageSoftIrq":0.0195325,"percentageSteal":0.0,"percentageGuest":0.0},{"timestamp":"2021-02-12T14:30:00Z","percentageCpuUsage":3.26502,"percentageUser":1.93123,"percentageNice":5.68213E-4,"percentageSys":1.31545,"percentageIdle":96.6546,"percentageIoWait":0.0803855,"percentageHardIrq":0.0,"percentageSoftIrq":0.0177721,"percentageSteal":0.0,"percentageGuest":0.0},{"timestamp":"2021-02-11T14:30:00Z","percentageCpuUsage":3.23068,"percentageUser":1.93221,"percentageNice":5.53719E-4,"percentageSys":1.27993,"percentageIdle":96.6967,"percentageIoWait":0.0725906,"percentageHardIrq":0.0,"percentageSoftIrq":0.0179869,"percentageSteal":0.0,"percentageGuest":0.0},{"timestamp":"2021-02-10T14:30:00Z","percentageCpuUsage":3.28209,"percentageUser":1.95804,"percentageNice":5.86016E-4,"percentageSys":1.30552,"percentageIdle":96.6374,"percentageIoWait":0.0805289,"percentageHardIrq":0.0,"percentageSoftIrq":0.0179396,"percentageSteal":0.0,"percentageGuest":0.0},{"timestamp":"2021-02-09T14:30:00Z","percentageCpuUsage":3.31571,"percentageUser":1.95982,"percentageNice":5.43081E-4,"percentageSys":1.33728,"percentageIdle":96.5789,"percentageIoWait":0.105431,"percentageHardIrq":0.0,"percentageSoftIrq":0.0180654,"percentageSteal":0.0,"percentageGuest":0.0},{"timestamp":"2021-02-08T14:30:00Z","percentageCpuUsage":3.32589,"percentageUser":1.94624,"percentageNice":5.53757E-4,"percentageSys":1.3613,"percentageIdle":96.6044,"percentageIoWait":0.069689,"percentageHardIrq":0.0,"percentageSoftIrq":0.0177944,"percentageSteal":0.0,"percentageGuest":0.0},{"timestamp":"2021-02-07T14:30:00Z","percentageCpuUsage":3.2627,"percentageUser":1.93556,"percentageNice":5.74514E-4,"percentageSys":1.30888,"percentageIdle":96.6633,"percentageIoWait":0.0739731,"percentageHardIrq":0.0,"percentageSoftIrq":0.017679,"percentageSteal":0.0,"percentageGuest":0.0},{"timestamp":"2021-02-06T14:30:00Z","percentageCpuUsage":3.35018,"percentageUser":2.0097,"percentageNice":5.50859E-4,"percentageSys":1.32057,"percentageIdle":96.4947,"percentageIoWait":0.155084,"percentageHardIrq":0.0,"percentageSoftIrq":0.0193501,"percentageSteal":0.0,"percentageGuest":0.0},{"timestamp":"2021-02-05T14:30:00Z","percentageCpuUsage":3.33999,"percentageUser":1.94393,"percentageNice":5.80261E-4,"percentageSys":1.37803,"percentageIdle":96.5765,"percentageIoWait":0.0835479,"percentageHardIrq":0.0,"percentageSoftIrq":0.0174578,"percentageSteal":0.0,"percentageGuest":0.0},{"timestamp":"2021-02-04T14:30:00Z","percentageCpuUsage":3.32456,"percentageUser":1.94342,"percentageNice":5.88607E-4,"percentageSys":1.36282,"percentageIdle":96.5984,"percentageIoWait":0.0770024,"percentageHardIrq":0.0,"percentageSoftIrq":0.0177362,"percentageSteal":0.0,"percentageGuest":0.0},{"timestamp":"2021-02-03T14:30:00Z","percentageCpuUsage":3.29643,"percentageUser":1.94108,"percentageNice":5.60052E-4,"percentageSys":1.33691,"percentageIdle":96.628,"percentageIoWait":0.0755307,"percentageHardIrq":0.0,"percentageSoftIrq":0.0178782,"percentageSteal":0.0,"percentageGuest":0.0},{"timestamp":"2021-02-02T14:30:00Z","percentageCpuUsage":3.32192,"percentageUser":1.95331,"percentageNice":5.9724E-4,"percentageSys":1.35017,"percentageIdle":96.5818,"percentageIoWait":0.0963304,"percentageHardIrq":0.0,"percentageSoftIrq":0.0178296,"percentageSteal":0.0,"percentageGuest":0.0},{"timestamp":"2021-02-01T14:30:00Z","percentageCpuUsage":3.32716,"percentageUser":1.96471,"percentageNice":5.83272E-4,"percentageSys":1.34423,"percentageIdle":96.6054,"percentageIoWait":0.0674441,"percentageHardIrq":0.0,"percentageSoftIrq":0.0176354,"percentageSteal":0.0,"percentageGuest":0.0},{"timestamp":"2021-01-31T14:30:00Z","percentageCpuUsage":3.33582,"percentageUser":1.99848,"percentageNice":5.50863E-4,"percentageSys":1.31905,"percentageIdle":96.5911,"percentageIoWait":0.0730357,"percentageHardIrq":0.0,"percentageSoftIrq":0.0177386,"percentageSteal":0.0,"percentageGuest":0.0},{"timestamp":"2021-01-30T14:30:00Z","percentageCpuUsage":3.44307,"percentageUser":2.07917,"percentageNice":5.48196E-4,"percentageSys":1.34402,"percentageIdle":96.4079,"percentageIoWait":0.14901,"percentageHardIrq":0.0,"percentageSoftIrq":0.0193333,"percentageSteal":0.0,"percentageGuest":0.0},{"timestamp":"2021-01-29T14:30:00Z","percentageCpuUsage":3.41664,"percentageUser":1.99993,"percentageNice":5.97368E-4,"percentageSys":1.39851,"percentageIdle":96.4947,"percentageIoWait":0.0886164,"percentageHardIrq":0.0,"percentageSoftIrq":0.0176059,"percentageSteal":0.0,"percentageGuest":0.0},{"timestamp":"2021-01-28T14:30:00Z","percentageCpuUsage":3.40647,"percentageUser":2.00271,"percentageNice":5.57171E-4,"percentageSys":1.3854,"percentageIdle":96.5167,"percentageIoWait":0.0768388,"percentageHardIrq":0.0,"percentageSoftIrq":0.0178003,"percentageSteal":0.0,"percentageGuest":0.0},{"timestamp":"2021-01-27T14:30:00Z","percentageCpuUsage":3.37533,"percentageUser":2.00195,"percentageNice":5.45552E-4,"percentageSys":1.35522,"percentageIdle":96.549,"percentageIoWait":0.0756319,"percentageHardIrq":0.0,"percentageSoftIrq":0.0176163,"percentageSteal":0.0,"percentageGuest":0.0},{"timestamp":"2021-01-26T14:30:00Z","percentageCpuUsage":3.32467,"percentageUser":2.00276,"percentageNice":6.23352E-4,"percentageSys":1.30313,"percentageIdle":96.5852,"percentageIoWait":0.090089,"percentageHardIrq":0.0,"percentageSoftIrq":0.0181602,"percentageSteal":0.0,"percentageGuest":0.0},{"timestamp":"2021-01-25T14:30:00Z","percentageCpuUsage":3.24353,"percentageUser":1.99137,"percentageNice":5.48449E-4,"percentageSys":1.23402,"percentageIdle":96.6892,"percentageIoWait":0.067303,"percentageHardIrq":0.0,"percentageSoftIrq":0.0175978,"percentageSteal":0.0,"percentageGuest":0.0},{"timestamp":"2021-01-24T14:30:00Z","percentageCpuUsage":3.19362,"percentageUser":1.98996,"percentageNice":5.59609E-4,"percentageSys":1.18546,"percentageIdle":96.7401,"percentageIoWait":0.0662601,"percentageHardIrq":0.0,"percentageSoftIrq":0.0176354,"percentageSteal":0.0,"percentageGuest":0.0},{"timestamp":"2021-01-23T14:30:00Z","percentageCpuUsage":3.35658,"percentageUser":2.08797,"percentageNice":6.00452E-4,"percentageSys":1.24838,"percentageIdle":96.5118,"percentageIoWait":0.131668,"percentageHardIrq":0.0,"percentageSoftIrq":0.0196172,"percentageSteal":0.0,"percentageGuest":0.0},{"timestamp":"2021-01-22T14:30:00Z","percentageCpuUsage":3.32355,"percentageUser":2.02246,"percentageNice":5.6291E-4,"percentageSys":1.28266,"percentageIdle":96.6049,"percentageIoWait":0.0715129,"percentageHardIrq":0.0,"percentageSoftIrq":0.0178651,"percentageSteal":0.0,"percentageGuest":0.0},{"timestamp":"2021-01-21T14:30:00Z","percentageCpuUsage":3.28483,"percentageUser":2.00704,"percentageNice":5.4531E-4,"percentageSys":1.2591,"percentageIdle":96.6497,"percentageIoWait":0.065452,"percentageHardIrq":0.0,"percentageSoftIrq":0.0181402,"percentageSteal":0.0,"percentageGuest":0.0},{"timestamp":"2021-01-20T14:30:00Z","percentageCpuUsage":3.32126,"percentageUser":2.01833,"percentageNice":5.80129E-4,"percentageSys":1.28412,"percentageIdle":96.6069,"percentageIoWait":0.0718559,"percentageHardIrq":0.0,"percentageSoftIrq":0.0182352,"percentageSteal":0.0,"percentageGuest":0.0},{"timestamp":"2021-01-19T14:30:00Z","percentageCpuUsage":3.42388,"percentageUser":2.04231,"percentageNice":5.56637E-4,"percentageSys":1.36275,"percentageIdle":96.4802,"percentageIoWait":0.0958956,"percentageHardIrq":0.0,"percentageSoftIrq":0.0182611,"percentageSteal":0.0,"percentageGuest":0.0},{"timestamp":"2021-01-18T14:30:00Z","percentageCpuUsage":3.40835,"percentageUser":2.0319,"percentageNice":5.47746E-4,"percentageSys":1.35845,"percentageIdle":96.5216,"percentageIoWait":0.0700439,"percentageHardIrq":0.0,"percentageSoftIrq":0.0174515,"percentageSteal":0.0,"percentageGuest":0.0},{"timestamp":"2021-01-17T14:30:00Z","percentageCpuUsage":3.3936,"percentageUser":2.0521,"percentageNice":5.97213E-4,"percentageSys":1.32311,"percentageIdle":96.5298,"percentageIoWait":0.0766366,"percentageHardIrq":0.0,"percentageSoftIrq":0.0177909,"percentageSteal":0.0,"percentageGuest":0.0},{"timestamp":"2021-01-16T14:30:00Z","percentageCpuUsage":3.53205,"percentageUser":2.15619,"percentageNice":5.85549E-4,"percentageSys":1.35538,"percentageIdle":96.3148,"percentageIoWait":0.153194,"percentageHardIrq":0.0,"percentageSoftIrq":0.019894,"percentageSteal":0.0,"percentageGuest":0.0},{"timestamp":"2021-01-15T14:30:00Z","percentageCpuUsage":3.53489,"percentageUser":2.07673,"percentageNice":5.68476E-4,"percentageSys":1.43976,"percentageIdle":96.3714,"percentageIoWait":0.0937193,"percentageHardIrq":0.0,"percentageSoftIrq":0.0178392,"percentageSteal":0.0,"percentageGuest":0.0},{"timestamp":"2021-01-14T14:30:00Z","percentageCpuUsage":3.49834,"percentageUser":2.05212,"percentageNice":5.95162E-4,"percentageSys":1.42772,"percentageIdle":96.4195,"percentageIoWait":0.0821066,"percentageHardIrq":0.0,"percentageSoftIrq":0.0179095,"percentageSteal":0.0,"percentageGuest":0.0},{"timestamp":"2021-01-13T14:30:00Z","percentageCpuUsage":3.44031,"percentageUser":2.03057,"percentageNice":5.5379E-4,"percentageSys":1.39137,"percentageIdle":96.4815,"percentageIoWait":0.0781937,"percentageHardIrq":0.0,"percentageSoftIrq":0.0178138,"percentageSteal":0.0,"percentageGuest":0.0},{"timestamp":"2021-01-12T14:30:00Z","percentageCpuUsage":3.43137,"percentageUser":2.02652,"percentageNice":5.36105E-4,"percentageSys":1.38627,"percentageIdle":96.4619,"percentageIoWait":0.106688,"percentageHardIrq":0.0,"percentageSoftIrq":0.0180387,"percentageSteal":0.0,"percentageGuest":0.0},{"timestamp":"2021-01-11T14:30:00Z","percentageCpuUsage":3.44172,"percentageUser":2.02584,"percentageNice":5.93764E-4,"percentageSys":1.39748,"percentageIdle":96.4867,"percentageIoWait":0.0716307,"percentageHardIrq":0.0,"percentageSoftIrq":0.0178019,"percentageSteal":0.0,"percentageGuest":0.0},{"timestamp":"2021-01-10T14:30:00Z","percentageCpuUsage":3.42407,"percentageUser":2.03399,"percentageNice":6.03132E-4,"percentageSys":1.37179,"percentageIdle":96.4971,"percentageIoWait":0.0788615,"percentageHardIrq":0.0,"percentageSoftIrq":0.0176917,"percentageSteal":0.0,"percentageGuest":0.0},{"timestamp":"2021-01-09T14:30:00Z","percentageCpuUsage":3.51672,"percentageUser":2.11952,"percentageNice":5.51113E-4,"percentageSys":1.37705,"percentageIdle":96.3309,"percentageIoWait":0.152334,"percentageHardIrq":0.0,"percentageSoftIrq":0.0195891,"percentageSteal":0.0,"percentageGuest":0.0},{"timestamp":"2021-01-08T14:30:00Z","percentageCpuUsage":3.39146,"percentageUser":1.982,"percentageNice":5.88779E-4,"percentageSys":1.39125,"percentageIdle":96.5253,"percentageIoWait":0.0831886,"percentageHardIrq":0.0,"percentageSoftIrq":0.0176269,"percentageSteal":0.0,"percentageGuest":0.0},{"timestamp":"2021-01-07T14:30:00Z","percentageCpuUsage":3.3536,"percentageUser":1.96219,"percentageNice":5.30561E-4,"percentageSys":1.37338,"percentageIdle":96.5663,"percentageIoWait":0.0800865,"percentageHardIrq":0.0,"percentageSoftIrq":0.0174906,"percentageSteal":0.0,"percentageGuest":0.0},{"timestamp":"2021-01-06T14:30:00Z","percentageCpuUsage":3.19867,"percentageUser":1.86648,"percentageNice":5.07407E-4,"percentageSys":1.31499,"percentageIdle":96.7256,"percentageIoWait":0.0757158,"percentageHardIrq":0.0,"percentageSoftIrq":0.0166929,"percentageSteal":0.0,"percentageGuest":0.0},{"timestamp":"2021-01-05T14:30:00Z","percentageCpuUsage":3.20686,"percentageUser":1.87593,"percentageNice":5.30859E-4,"percentageSys":1.31355,"percentageIdle":96.6916,"percentageIoWait":0.101553,"percentageHardIrq":0.0,"percentageSoftIrq":0.0168562,"percentageSteal":0.0,"percentageGuest":0.0},{"timestamp":"2021-01-04T14:30:00Z","percentageCpuUsage":3.11941,"percentageUser":1.81161,"percentageNice":4.93768E-4,"percentageSys":1.29106,"percentageIdle":96.8101,"percentageIoWait":0.0705366,"percentageHardIrq":0.0,"percentageSoftIrq":0.0162474,"percentageSteal":0.0,"percentageGuest":0.0},{"timestamp":"2021-01-03T14:30:00Z","percentageCpuUsage":3.09416,"percentageUser":1.81803,"percentageNice":5.06819E-4,"percentageSys":1.25944,"percentageIdle":96.8305,"percentageIoWait":0.0753464,"percentageHardIrq":0.0,"percentageSoftIrq":0.0161942,"percentageSteal":0.0,"percentageGuest":0.0},{"timestamp":"2021-01-02T14:30:00Z","percentageCpuUsage":3.13422,"percentageUser":1.84912,"percentageNice":5.07118E-4,"percentageSys":1.26699,"percentageIdle":96.705,"percentageIoWait":0.16081,"percentageHardIrq":0.0,"percentageSoftIrq":0.0176068,"percentageSteal":0.0,"percentageGuest":0.0},{"timestamp":"2021-01-01T14:30:00Z","percentageCpuUsage":3.00441,"percentageUser":1.71925,"percentageNice":4.72763E-4,"percentageSys":1.26923,"percentageIdle":96.9201,"percentageIoWait":0.0754471,"percentageHardIrq":0.0,"percentageSoftIrq":0.0154537,"percentageSteal":0.0,"percentageGuest":0.0},{"timestamp":"2020-12-31T14:30:00Z","percentageCpuUsage":3.00637,"percentageUser":1.72327,"percentageNice":4.67189E-4,"percentageSys":1.26711,"percentageIdle":96.9213,"percentageIoWait":0.0723619,"percentageHardIrq":0.0,"percentageSoftIrq":0.0155126,"percentageSteal":0.0,"percentageGuest":0.0},{"timestamp":"2020-12-30T14:30:00Z","percentageCpuUsage":2.89005,"percentageUser":1.66607,"percentageNice":4.75085E-4,"percentageSys":1.20824,"percentageIdle":97.0372,"percentageIoWait":0.0727651,"percentageHardIrq":0.0,"percentageSoftIrq":0.0152635,"percentageSteal":0.0,"percentageGuest":0.0},{"timestamp":"2020-12-29T14:30:00Z","percentageCpuUsage":2.86754,"percentageUser":1.65866,"percentageNice":4.38392E-4,"percentageSys":1.19302,"percentageIdle":97.0234,"percentageIoWait":0.109046,"percentageHardIrq":0.0,"percentageSoftIrq":0.0154231,"percentageSteal":0.0,"percentageGuest":0.0},{"timestamp":"2020-12-28T14:30:00Z","percentageCpuUsage":2.82083,"percentageUser":1.62923,"percentageNice":4.29076E-4,"percentageSys":1.1763,"percentageIdle":97.1047,"percentageIoWait":0.0744365,"percentageHardIrq":0.0,"percentageSoftIrq":0.0148748,"percentageSteal":0.0,"percentageGuest":0.0},{"timestamp":"2020-12-27T14:30:00Z","percentageCpuUsage":2.72737,"percentageUser":1.57548,"percentageNice":4.49329E-4,"percentageSys":1.13692,"percentageIdle":97.2002,"percentageIoWait":0.072456,"percentageHardIrq":0.0,"percentageSoftIrq":0.0145191,"percentageSteal":0.0,"percentageGuest":0.0},{"timestamp":"2020-12-26T14:30:00Z","percentageCpuUsage":2.8388,"percentageUser":1.66025,"percentageNice":4.20568E-4,"percentageSys":1.16217,"percentageIdle":97.0004,"percentageIoWait":0.160776,"percentageHardIrq":0.0,"percentageSoftIrq":0.0159537,"percentageSteal":0.0,"percentageGuest":0.0},{"timestamp":"2020-12-25T14:30:00Z","percentageCpuUsage":2.77814,"percentageUser":1.57337,"percentageNice":4.22487E-4,"percentageSys":1.1902,"percentageIdle":97.1494,"percentageIoWait":0.0724908,"percentageHardIrq":0.0,"percentageSoftIrq":0.0141503,"percentageSteal":0.0,"percentageGuest":0.0},{"timestamp":"2020-12-24T14:30:00Z","percentageCpuUsage":2.69939,"percentageUser":1.54316,"percentageNice":4.41057E-4,"percentageSys":1.14163,"percentageIdle":97.2299,"percentageIoWait":0.070749,"percentageHardIrq":0.0,"percentageSoftIrq":0.0141589,"percentageSteal":0.0,"percentageGuest":0.0},{"timestamp":"2020-12-23T14:30:00Z","percentageCpuUsage":2.65925,"percentageUser":1.5295,"percentageNice":4.14405E-4,"percentageSys":1.11524,"percentageIdle":97.2653,"percentageIoWait":0.07549,"percentageHardIrq":0.0,"percentageSoftIrq":0.0140996,"percentageSteal":0.0,"percentageGuest":0.0},{"timestamp":"2020-12-22T14:30:00Z","percentageCpuUsage":2.6841,"percentageUser":1.54149,"percentageNice":4.05887E-4,"percentageSys":1.12784,"percentageIdle":97.2109,"percentageIoWait":0.105,"percentageHardIrq":0.0,"percentageSoftIrq":0.0143615,"percentageSteal":0.0,"percentageGuest":0.0},{"timestamp":"2020-12-21T14:30:00Z","percentageCpuUsage":2.67676,"percentageUser":1.52368,"percentageNice":4.34824E-4,"percentageSys":1.13823,"percentageIdle":97.2584,"percentageIoWait":0.0647907,"percentageHardIrq":0.0,"percentageSoftIrq":0.0144196,"percentageSteal":0.0,"percentageGuest":0.0},{"timestamp":"2020-12-20T14:30:00Z","percentageCpuUsage":2.62416,"percentageUser":1.51666,"percentageNice":4.02796E-4,"percentageSys":1.09275,"percentageIdle":97.307,"percentageIoWait":0.0688508,"percentageHardIrq":0.0,"percentageSoftIrq":0.0143403,"percentageSteal":0.0,"percentageGuest":0.0},{"timestamp":"2020-12-19T14:30:00Z","percentageCpuUsage":2.69874,"percentageUser":1.59089,"percentageNice":4.81492E-4,"percentageSys":1.09114,"percentageIdle":97.1449,"percentageIoWait":0.156313,"percentageHardIrq":0.0,"percentageSoftIrq":0.0162335,"percentageSteal":0.0,"percentageGuest":0.0},{"timestamp":"2020-12-18T14:30:00Z","percentageCpuUsage":2.51975,"percentageUser":1.54288,"percentageNice":5.71202E-4,"percentageSys":0.957153,"percentageIdle":84.8791,"percentageIoWait":0.101146,"percentageHardIrq":0.0,"percentageSoftIrq":0.0133185,"percentageSteal":0.0,"percentageGuest":0.0},{"timestamp":"2020-12-17T14:30:00Z","percentageCpuUsage":3.43832,"percentageUser":2.00779,"percentageNice":5.59672E-4,"percentageSys":1.41385,"percentageIdle":96.4798,"percentageIoWait":0.0818854,"percentageHardIrq":0.0,"percentageSoftIrq":0.0161139,"percentageSteal":0.0,"percentageGuest":0.0},{"timestamp":"2020-12-16T14:30:00Z","percentageCpuUsage":3.43723,"percentageUser":2.01278,"percentageNice":5.65318E-4,"percentageSys":1.40784,"percentageIdle":96.4862,"percentageIoWait":0.0765683,"percentageHardIrq":0.0,"percentageSoftIrq":0.0160428,"percentageSteal":0.0,"percentageGuest":0.0},{"timestamp":"2020-12-15T14:30:00Z","percentageCpuUsage":3.41483,"percentageUser":2.01576,"percentageNice":6.17182E-4,"percentageSys":1.38198,"percentageIdle":96.4729,"percentageIoWait":0.112268,"percentageHardIrq":0.0,"percentageSoftIrq":0.0164759,"percentageSteal":0.0,"percentageGuest":0.0},{"timestamp":"2020-12-14T14:30:00Z","percentageCpuUsage":3.33532,"percentageUser":1.99322,"percentageNice":5.56897E-4,"percentageSys":1.32558,"percentageIdle":96.5933,"percentageIoWait":0.0713962,"percentageHardIrq":0.0,"percentageSoftIrq":0.015968,"percentageSteal":0.0,"percentageGuest":0.0},{"timestamp":"2020-12-13T14:30:00Z","percentageCpuUsage":3.29254,"percentageUser":2.0066,"percentageNice":5.36731E-4,"percentageSys":1.26925,"percentageIdle":96.6313,"percentageIoWait":0.0762031,"percentageHardIrq":0.0,"percentageSoftIrq":0.0161564,"percentageSteal":0.0,"percentageGuest":0.0},{"timestamp":"2020-12-12T14:30:00Z","percentageCpuUsage":3.41305,"percentageUser":2.10781,"percentageNice":6.03347E-4,"percentageSys":1.28638,"percentageIdle":96.4009,"percentageIoWait":0.186011,"percentageHardIrq":0.0,"percentageSoftIrq":0.0182542,"percentageSteal":0.0,"percentageGuest":0.0},{"timestamp":"2020-12-11T14:30:00Z","percentageCpuUsage":3.36848,"percentageUser":2.03409,"percentageNice":5.45056E-4,"percentageSys":1.31684,"percentageIdle":96.5528,"percentageIoWait":0.0787135,"percentageHardIrq":0.0,"percentageSoftIrq":0.0169994,"percentageSteal":0.0,"percentageGuest":0.0},{"timestamp":"2020-12-10T14:30:00Z","percentageCpuUsage":3.2901,"percentageUser":2.04521,"percentageNice":5.5376E-4,"percentageSys":1.22777,"percentageIdle":96.637,"percentageIoWait":0.0729152,"percentageHardIrq":0.0,"percentageSoftIrq":0.0165592,"percentageSteal":0.0,"percentageGuest":0.0},{"timestamp":"2020-12-09T14:30:00Z","percentageCpuUsage":3.33731,"percentageUser":2.14921,"percentageNice":6.1753E-4,"percentageSys":1.16119,"percentageIdle":96.5716,"percentageIoWait":0.0911102,"percentageHardIrq":0.0,"percentageSoftIrq":0.0262915,"percentageSteal":0.0,"percentageGuest":0.0},{"timestamp":"2020-12-08T14:30:00Z","percentageCpuUsage":3.41947,"percentageUser":2.21073,"percentageNice":5.54091E-4,"percentageSys":1.17677,"percentageIdle":96.4748,"percentageIoWait":0.105712,"percentageHardIrq":0.0,"percentageSoftIrq":0.0314159,"percentageSteal":0.0,"percentageGuest":0.0},{"timestamp":"2020-12-07T14:30:00Z","percentageCpuUsage":3.49371,"percentageUser":2.16701,"percentageNice":5.64818E-4,"percentageSys":1.29897,"percentageIdle":96.3797,"percentageIoWait":0.126553,"percentageHardIrq":0.0,"percentageSoftIrq":0.0271635,"percentageSteal":0.0,"percentageGuest":0.0},{"timestamp":"2020-12-06T14:30:00Z","percentageCpuUsage":3.37525,"percentageUser":1.97876,"percentageNice":5.77109E-4,"percentageSys":1.37978,"percentageIdle":96.5511,"percentageIoWait":0.073601,"percentageHardIrq":0.0,"percentageSoftIrq":0.0161311,"percentageSteal":0.0,"percentageGuest":0.0},{"timestamp":"2020-12-05T14:30:00Z","percentageCpuUsage":3.4326,"percentageUser":2.02509,"percentageNice":5.50629E-4,"percentageSys":1.39019,"percentageIdle":96.4365,"percentageIoWait":0.130882,"percentageHardIrq":0.0,"percentageSoftIrq":0.0167762,"percentageSteal":0.0,"percentageGuest":0.0},{"timestamp":"2020-12-04T14:30:00Z","percentageCpuUsage":3.39765,"percentageUser":1.98815,"percentageNice":5.48483E-4,"percentageSys":1.39269,"percentageIdle":96.5191,"percentageIoWait":0.083204,"percentageHardIrq":0.0,"percentageSoftIrq":0.0162632,"percentageSteal":0.0,"percentageGuest":0.0},{"timestamp":"2020-12-03T14:30:00Z","percentageCpuUsage":3.41261,"percentageUser":1.99385,"percentageNice":5.74193E-4,"percentageSys":1.40189,"percentageIdle":96.506,"percentageIoWait":0.081414,"percentageHardIrq":0.0,"percentageSoftIrq":0.0162949,"percentageSteal":0.0,"percentageGuest":0.0},{"timestamp":"2020-12-02T14:30:00Z","percentageCpuUsage":3.41062,"percentageUser":1.9869,"percentageNice":5.77137E-4,"percentageSys":1.40702,"percentageIdle":96.5114,"percentageIoWait":0.077947,"percentageHardIrq":0.0,"percentageSoftIrq":0.0161187,"percentageSteal":0.0,"percentageGuest":0.0},{"timestamp":"2020-12-01T14:30:00Z","percentageCpuUsage":3.27067,"percentageUser":1.8998,"percentageNice":5.07769E-4,"percentageSys":1.35474,"percentageIdle":96.6546,"percentageIoWait":0.0746822,"percentageHardIrq":0.0,"percentageSoftIrq":0.0156207,"percentageSteal":0.0,"percentageGuest":0.0},{"timestamp":"2020-11-30T14:30:00Z","percentageCpuUsage":3.05919,"percentageUser":1.77311,"percentageNice":4.9674E-4,"percentageSys":1.27091,"percentageIdle":96.8705,"percentageIoWait":0.0703539,"percentageHardIrq":0.0,"percentageSoftIrq":0.0146717,"percentageSteal":0.0,"percentageGuest":0.0},{"timestamp":"2020-11-29T14:30:00Z","percentageCpuUsage":2.91797,"percentageUser":1.69544,"percentageNice":4.63666E-4,"percentageSys":1.20793,"percentageIdle":97.0076,"percentageIoWait":0.074434,"percentageHardIrq":0.0,"percentageSoftIrq":0.014135,"percentageSteal":0.0,"percentageGuest":0.0},{"timestamp":"2020-11-28T14:30:00Z","percentageCpuUsage":2.94265,"percentageUser":1.71882,"percentageNice":4.4316E-4,"percentageSys":1.20841,"percentageIdle":96.9282,"percentageIoWait":0.129145,"percentageHardIrq":0.0,"percentageSoftIrq":0.0149722,"percentageSteal":0.0,"percentageGuest":0.0},{"timestamp":"2020-11-27T14:30:00Z","percentageCpuUsage":2.86189,"percentageUser":1.64314,"percentageNice":4.60957E-4,"percentageSys":1.20465,"percentageIdle":97.0711,"percentageIoWait":0.0670399,"percentageHardIrq":0.0,"percentageSoftIrq":0.013637,"percentageSteal":0.0,"percentageGuest":0.0},{"timestamp":"2020-11-26T14:30:00Z","percentageCpuUsage":2.84795,"percentageUser":1.64271,"percentageNice":4.43365E-4,"percentageSys":1.19107,"percentageIdle":97.0805,"percentageIoWait":0.0715734,"percentageHardIrq":0.0,"percentageSoftIrq":0.0137289,"percentageSteal":0.0,"percentageGuest":0.0},{"timestamp":"2020-11-25T14:30:00Z","percentageCpuUsage":2.7337,"percentageUser":1.57517,"percentageNice":4.2307E-4,"percentageSys":1.14467,"percentageIdle":97.1798,"percentageIoWait":0.0865064,"percentageHardIrq":0.0,"percentageSoftIrq":0.013438,"percentageSteal":0.0,"percentageGuest":0.0},{"timestamp":"2020-11-24T14:30:00Z","percentageCpuUsage":2.67352,"percentageUser":1.53928,"percentageNice":4.35263E-4,"percentageSys":1.12064,"percentageIdle":97.2631,"percentageIoWait":0.0633385,"percentageHardIrq":0.0,"percentageSoftIrq":0.0131648,"percentageSteal":0.0,"percentageGuest":0.0},{"timestamp":"2020-11-23T14:30:00Z","percentageCpuUsage":2.65307,"percentageUser":1.54945,"percentageNice":4.16892E-4,"percentageSys":1.09025,"percentageIdle":97.2872,"percentageIoWait":0.05976,"percentageHardIrq":0.0,"percentageSoftIrq":0.0129523,"percentageSteal":0.0,"percentageGuest":0.0},{"timestamp":"2020-11-22T14:30:00Z","percentageCpuUsage":2.58834,"percentageUser":1.53659,"percentageNice":4.26992E-4,"percentageSys":1.03813,"percentageIdle":97.3472,"percentageIoWait":0.0644717,"percentageHardIrq":0.0,"percentageSoftIrq":0.0131938,"percentageSteal":0.0,"percentageGuest":0.0},{"timestamp":"2020-11-21T14:30:00Z","percentageCpuUsage":2.97264,"percentageUser":1.86007,"percentageNice":4.23264E-4,"percentageSys":1.09437,"percentageIdle":96.7925,"percentageIoWait":0.234898,"percentageHardIrq":0.0,"percentageSoftIrq":0.017768,"percentageSteal":0.0,"percentageGuest":0.0},{"timestamp":"2020-11-20T14:30:00Z","percentageCpuUsage":2.65752,"percentageUser":1.50473,"percentageNice":4.05502E-4,"percentageSys":1.13923,"percentageIdle":97.2777,"percentageIoWait":0.0648239,"percentageHardIrq":0.0,"percentageSoftIrq":0.0131509,"percentageSteal":0.0,"percentageGuest":0.0},{"timestamp":"2020-11-19T14:30:00Z","percentageCpuUsage":2.54524,"percentageUser":1.47688,"percentageNice":4.11785E-4,"percentageSys":1.0548,"percentageIdle":97.3871,"percentageIoWait":0.0676783,"percentageHardIrq":0.0,"percentageSoftIrq":0.0131506,"percentageSteal":0.0,"percentageGuest":0.0},{"timestamp":"2020-11-18T14:30:00Z","percentageCpuUsage":2.65543,"percentageUser":1.63532,"percentageNice":7.17674E-4,"percentageSys":0.999131,"percentageIdle":88.914,"percentageIoWait":0.0971993,"percentageHardIrq":0.0,"percentageSoftIrq":0.0132939,"percentageSteal":0.0,"percentageGuest":0.0},{"timestamp":"2020-11-17T14:30:00Z","percentageCpuUsage":4.18322,"percentageUser":2.48124,"percentageNice":6.98645E-4,"percentageSys":1.68163,"percentageIdle":95.7404,"percentageIoWait":0.0763509,"percentageHardIrq":0.0,"percentageSoftIrq":0.0196468,"percentageSteal":0.0,"percentageGuest":0.0},{"timestamp":"2020-11-16T14:30:00Z","percentageCpuUsage":4.15518,"percentageUser":2.47657,"percentageNice":6.90615E-4,"percentageSys":1.65837,"percentageIdle":95.775,"percentageIoWait":0.0698147,"percentageHardIrq":0.0,"percentageSoftIrq":0.0195442,"percentageSteal":0.0,"percentageGuest":0.0},{"timestamp":"2020-11-15T14:30:00Z","percentageCpuUsage":4.12889,"percentageUser":2.47909,"percentageNice":7.4494E-4,"percentageSys":1.62927,"percentageIdle":95.7972,"percentageIoWait":0.0739475,"percentageHardIrq":0.0,"percentageSoftIrq":0.0197813,"percentageSteal":0.0,"percentageGuest":0.0},{"timestamp":"2020-11-14T14:30:00Z","percentageCpuUsage":4.25533,"percentageUser":2.60311,"percentageNice":7.25411E-4,"percentageSys":1.62987,"percentageIdle":95.6387,"percentageIoWait":0.105988,"percentageHardIrq":0.0,"percentageSoftIrq":0.0216236,"percentageSteal":0.0,"percentageGuest":0.0},{"timestamp":"2020-11-13T14:30:00Z","percentageCpuUsage":4.09313,"percentageUser":2.4662,"percentageNice":6.96216E-4,"percentageSys":1.60641,"percentageIdle":95.8318,"percentageIoWait":0.0751173,"percentageHardIrq":0.0,"percentageSoftIrq":0.0198283,"percentageSteal":0.0,"percentageGuest":0.0},{"timestamp":"2020-11-12T14:30:00Z","percentageCpuUsage":4.07884,"percentageUser":2.46993,"percentageNice":7.49793E-4,"percentageSys":1.58836,"percentageIdle":95.8521,"percentageIoWait":0.0690619,"percentageHardIrq":0.0,"percentageSoftIrq":0.0198064,"percentageSteal":0.0,"percentageGuest":0.0},{"timestamp":"2020-11-11T14:30:00Z","percentageCpuUsage":4.16099,"percentageUser":2.5896,"percentageNice":7.05183E-4,"percentageSys":1.54939,"percentageIdle":95.7432,"percentageIoWait":0.0957909,"percentageHardIrq":0.0,"percentageSoftIrq":0.0212942,"percentageSteal":0.0,"percentageGuest":0.0},{"timestamp":"2020-11-10T14:30:00Z","percentageCpuUsage":3.91096,"percentageUser":2.47144,"percentageNice":7.25774E-4,"percentageSys":1.41875,"percentageIdle":96.0115,"percentageIoWait":0.0775674,"percentageHardIrq":0.0,"percentageSoftIrq":0.0200399,"percentageSteal":0.0,"percentageGuest":0.0},{"timestamp":"2020-11-09T14:30:00Z","percentageCpuUsage":4.56023,"percentageUser":2.87468,"percentageNice":7.59774E-4,"percentageSys":1.66017,"percentageIdle":95.2331,"percentageIoWait":0.206713,"percentageHardIrq":0.0,"percentageSoftIrq":0.0246149,"percentageSteal":0.0,"percentageGuest":0.0},{"timestamp":"2020-11-08T14:30:00Z","percentageCpuUsage":4.12275,"percentageUser":2.44848,"percentageNice":7.01902E-4,"percentageSys":1.65406,"percentageIdle":95.8071,"percentageIoWait":0.0701447,"percentageHardIrq":0.0,"percentageSoftIrq":0.0195084,"percentageSteal":0.0,"percentageGuest":0.0},{"timestamp":"2020-11-07T14:30:00Z","percentageCpuUsage":4.11641,"percentageUser":2.46548,"percentageNice":6.9126E-4,"percentageSys":1.63041,"percentageIdle":95.8175,"percentageIoWait":0.0660947,"percentageHardIrq":0.0,"percentageSoftIrq":0.0198306,"percentageSteal":0.0,"percentageGuest":0.0},{"timestamp":"2020-11-06T14:30:00Z","percentageCpuUsage":3.99633,"percentageUser":2.41843,"percentageNice":6.89987E-4,"percentageSys":1.55776,"percentageIdle":95.9388,"percentageIoWait":0.0649122,"percentageHardIrq":0.0,"percentageSoftIrq":0.0194594,"percentageSteal":0.0,"percentageGuest":0.0},{"timestamp":"2020-11-05T14:30:00Z","percentageCpuUsage":3.88044,"percentageUser":2.38338,"percentageNice":7.62785E-4,"percentageSys":1.47676,"percentageIdle":96.0545,"percentageIoWait":0.0650287,"percentageHardIrq":0.0,"percentageSoftIrq":0.0195445,"percentageSteal":0.0,"percentageGuest":0.0},{"timestamp":"2020-11-04T14:30:00Z","percentageCpuUsage":3.88649,"percentageUser":2.4458,"percentageNice":5.71217E-4,"percentageSys":1.41659,"percentageIdle":96.0323,"percentageIoWait":0.0812036,"percentageHardIrq":0.0,"percentageSoftIrq":0.0235301,"percentageSteal":0.0,"percentageGuest":0.0},{"timestamp":"2020-11-03T14:30:00Z","percentageCpuUsage":4.00562,"percentageUser":2.59307,"percentageNice":7.47979E-4,"percentageSys":1.38674,"percentageIdle":95.8964,"percentageIoWait":0.0979692,"percentageHardIrq":0.0,"percentageSoftIrq":0.0250656,"percentageSteal":0.0,"percentageGuest":0.0},{"timestamp":"2020-11-02T14:30:00Z","percentageCpuUsage":2.42828,"percentageUser":1.66669,"percentageNice":0.00288714,"percentageSys":0.714575,"percentageIdle":47.4984,"percentageIoWait":0.0732791,"percentageHardIrq":0.0,"percentageSoftIrq":0.0125184,"percentageSteal":0.0,"percentageGuest":0.0},{"timestamp":"2020-11-01T14:30:00Z","percentageCpuUsage":0.0,"percentageUser":0.0,"percentageNice":0.0,"percentageSys":0.0,"percentageIdle":0.0,"percentageIoWait":0.0,"percentageHardIrq":0.0,"percentageSoftIrq":0.0,"percentageSteal":0.0,"percentageGuest":0.0},{"timestamp":"2020-10-31T14:30:00Z","percentageCpuUsage":0.0,"percentageUser":0.0,"percentageNice":0.0,"percentageSys":0.0,"percentageIdle":0.0,"percentageIoWait":0.0,"percentageHardIrq":0.0,"percentageSoftIrq":0.0,"percentageSteal":0.0,"percentageGuest":0.0},{"timestamp":"2020-10-30T14:30:00Z","percentageCpuUsage":0.0,"percentageUser":0.0,"percentageNice":0.0,"percentageSys":0.0,"percentageIdle":0.0,"percentageIoWait":0.0,"percentageHardIrq":0.0,"percentageSoftIrq":0.0,"percentageSteal":0.0,"percentageGuest":0.0},{"timestamp":"2020-10-29T14:30:00Z","percentageCpuUsage":0.0,"percentageUser":0.0,"percentageNice":0.0,"percentageSys":0.0,"percentageIdle":0.0,"percentageIoWait":0.0,"percentageHardIrq":0.0,"percentageSoftIrq":0.0,"percentageSteal":0.0,"percentageGuest":0.0},{"timestamp":"2020-10-28T14:30:00Z","percentageCpuUsage":0.0,"percentageUser":0.0,"percentageNice":0.0,"percentageSys":0.0,"percentageIdle":0.0,"percentageIoWait":0.0,"percentageHardIrq":0.0,"percentageSoftIrq":0.0,"percentageSteal":0.0,"percentageGuest":0.0},{"timestamp":"2020-10-27T14:30:00Z","percentageCpuUsage":0.0,"percentageUser":0.0,"percentageNice":0.0,"percentageSys":0.0,"percentageIdle":0.0,"percentageIoWait":0.0,"percentageHardIrq":0.0,"percentageSoftIrq":0.0,"percentageSteal":0.0,"percentageGuest":0.0},{"timestamp":"2020-10-26T14:30:00Z","percentageCpuUsage":0.0,"percentageUser":0.0,"percentageNice":0.0,"percentageSys":0.0,"percentageIdle":0.0,"percentageIoWait":0.0,"percentageHardIrq":0.0,"percentageSoftIrq":0.0,"percentageSteal":0.0,"percentageGuest":0.0},{"timestamp":"2020-10-25T14:30:00Z","percentageCpuUsage":0.0,"percentageUser":0.0,"percentageNice":0.0,"percentageSys":0.0,"percentageIdle":0.0,"percentageIoWait":0.0,"percentageHardIrq":0.0,"percentageSoftIrq":0.0,"percentageSteal":0.0,"percentageGuest":0.0},{"timestamp":"2020-10-24T14:30:00Z","percentageCpuUsage":0.0,"percentageUser":0.0,"percentageNice":0.0,"percentageSys":0.0,"percentageIdle":0.0,"percentageIoWait":0.0,"percentageHardIrq":0.0,"percentageSoftIrq":0.0,"percentageSteal":0.0,"percentageGuest":0.0},{"timestamp":"2020-10-23T14:30:00Z","percentageCpuUsage":0.0,"percentageUser":0.0,"percentageNice":0.0,"percentageSys":0.0,"percentageIdle":0.0,"percentageIoWait":0.0,"percentageHardIrq":0.0,"percentageSoftIrq":0.0,"percentageSteal":0.0,"percentageGuest":0.0},{"timestamp":"2020-10-22T14:30:00Z","percentageCpuUsage":0.0,"percentageUser":0.0,"percentageNice":0.0,"percentageSys":0.0,"percentageIdle":0.0,"percentageIoWait":0.0,"percentageHardIrq":0.0,"percentageSoftIrq":0.0,"percentageSteal":0.0,"percentageGuest":0.0},{"timestamp":"2020-10-21T14:30:00Z","percentageCpuUsage":0.0,"percentageUser":0.0,"percentageNice":0.0,"percentageSys":0.0,"percentageIdle":0.0,"percentageIoWait":0.0,"percentageHardIrq":0.0,"percentageSoftIrq":0.0,"percentageSteal":0.0,"percentageGuest":0.0},{"timestamp":"2020-10-20T14:30:00Z","percentageCpuUsage":0.0,"percentageUser":0.0,"percentageNice":0.0,"percentageSys":0.0,"percentageIdle":0.0,"percentageIoWait":0.0,"percentageHardIrq":0.0,"percentageSoftIrq":0.0,"percentageSteal":0.0,"percentageGuest":0.0},{"timestamp":"2020-10-19T14:30:00Z","percentageCpuUsage":0.0,"percentageUser":0.0,"percentageNice":0.0,"percentageSys":0.0,"percentageIdle":0.0,"percentageIoWait":0.0,"percentageHardIrq":0.0,"percentageSoftIrq":0.0,"percentageSteal":0.0,"percentageGuest":0.0},{"timestamp":"2020-10-18T14:30:00Z","percentageCpuUsage":0.0,"percentageUser":0.0,"percentageNice":0.0,"percentageSys":0.0,"percentageIdle":0.0,"percentageIoWait":0.0,"percentageHardIrq":0.0,"percentageSoftIrq":0.0,"percentageSteal":0.0,"percentageGuest":0.0},{"timestamp":"2020-10-17T14:30:00Z","percentageCpuUsage":0.0,"percentageUser":0.0,"percentageNice":0.0,"percentageSys":0.0,"percentageIdle":0.0,"percentageIoWait":0.0,"percentageHardIrq":0.0,"percentageSoftIrq":0.0,"percentageSteal":0.0,"percentageGuest":0.0},{"timestamp":"2020-10-16T14:30:00Z","percentageCpuUsage":0.0,"percentageUser":0.0,"percentageNice":0.0,"percentageSys":0.0,"percentageIdle":0.0,"percentageIoWait":0.0,"percentageHardIrq":0.0,"percentageSoftIrq":0.0,"percentageSteal":0.0,"percentageGuest":0.0},{"timestamp":"2020-10-15T14:30:00Z","percentageCpuUsage":0.0,"percentageUser":0.0,"percentageNice":0.0,"percentageSys":0.0,"percentageIdle":0.0,"percentageIoWait":0.0,"percentageHardIrq":0.0,"percentageSoftIrq":0.0,"percentageSteal":0.0,"percentageGuest":0.0},{"timestamp":"2020-10-14T14:30:00Z","percentageCpuUsage":0.0,"percentageUser":0.0,"percentageNice":0.0,"percentageSys":0.0,"percentageIdle":0.0,"percentageIoWait":0.0,"percentageHardIrq":0.0,"percentageSoftIrq":0.0,"percentageSteal":0.0,"percentageGuest":0.0},{"timestamp":"2020-10-13T14:30:00Z","percentageCpuUsage":0.0,"percentageUser":0.0,"percentageNice":0.0,"percentageSys":0.0,"percentageIdle":0.0,"percentageIoWait":0.0,"percentageHardIrq":0.0,"percentageSoftIrq":0.0,"percentageSteal":0.0,"percentageGuest":0.0},{"timestamp":"2020-10-12T14:30:00Z","percentageCpuUsage":0.0,"percentageUser":0.0,"percentageNice":0.0,"percentageSys":0.0,"percentageIdle":0.0,"percentageIoWait":0.0,"percentageHardIrq":0.0,"percentageSoftIrq":0.0,"percentageSteal":0.0,"percentageGuest":0.0},{"timestamp":"2020-10-11T14:30:00Z","percentageCpuUsage":0.0,"percentageUser":0.0,"percentageNice":0.0,"percentageSys":0.0,"percentageIdle":0.0,"percentageIoWait":0.0,"percentageHardIrq":0.0,"percentageSoftIrq":0.0,"percentageSteal":0.0,"percentageGuest":0.0},{"timestamp":"2020-10-10T14:30:00Z","percentageCpuUsage":0.0,"percentageUser":0.0,"percentageNice":0.0,"percentageSys":0.0,"percentageIdle":0.0,"percentageIoWait":0.0,"percentageHardIrq":0.0,"percentageSoftIrq":0.0,"percentageSteal":0.0,"percentageGuest":0.0},{"timestamp":"2020-10-09T14:30:00Z","percentageCpuUsage":0.0,"percentageUser":0.0,"percentageNice":0.0,"percentageSys":0.0,"percentageIdle":0.0,"percentageIoWait":0.0,"percentageHardIrq":0.0,"percentageSoftIrq":0.0,"percentageSteal":0.0,"percentageGuest":0.0},{"timestamp":"2020-10-08T14:30:00Z","percentageCpuUsage":0.0,"percentageUser":0.0,"percentageNice":0.0,"percentageSys":0.0,"percentageIdle":0.0,"percentageIoWait":0.0,"percentageHardIrq":0.0,"percentageSoftIrq":0.0,"percentageSteal":0.0,"percentageGuest":0.0},{"timestamp":"2020-10-07T14:30:00Z","percentageCpuUsage":0.0,"percentageUser":0.0,"percentageNice":0.0,"percentageSys":0.0,"percentageIdle":0.0,"percentageIoWait":0.0,"percentageHardIrq":0.0,"percentageSoftIrq":0.0,"percentageSteal":0.0,"percentageGuest":0.0},{"timestamp":"2020-10-06T14:30:00Z","percentageCpuUsage":0.0,"percentageUser":0.0,"percentageNice":0.0,"percentageSys":0.0,"percentageIdle":0.0,"percentageIoWait":0.0,"percentageHardIrq":0.0,"percentageSoftIrq":0.0,"percentageSteal":0.0,"percentageGuest":0.0},{"timestamp":"2020-10-05T14:30:00Z","percentageCpuUsage":0.0,"percentageUser":0.0,"percentageNice":0.0,"percentageSys":0.0,"percentageIdle":0.0,"percentageIoWait":0.0,"percentageHardIrq":0.0,"percentageSoftIrq":0.0,"percentageSteal":0.0,"percentageGuest":0.0},{"timestamp":"2020-10-04T14:30:00Z","percentageCpuUsage":0.0,"percentageUser":0.0,"percentageNice":0.0,"percentageSys":0.0,"percentageIdle":0.0,"percentageIoWait":0.0,"percentageHardIrq":0.0,"percentageSoftIrq":0.0,"percentageSteal":0.0,"percentageGuest":0.0},{"timestamp":"2020-10-03T14:30:00Z","percentageCpuUsage":0.0,"percentageUser":0.0,"percentageNice":0.0,"percentageSys":0.0,"percentageIdle":0.0,"percentageIoWait":0.0,"percentageHardIrq":0.0,"percentageSoftIrq":0.0,"percentageSteal":0.0,"percentageGuest":0.0},{"timestamp":"2020-10-02T14:30:00Z","percentageCpuUsage":0.0,"percentageUser":0.0,"percentageNice":0.0,"percentageSys":0.0,"percentageIdle":0.0,"percentageIoWait":0.0,"percentageHardIrq":0.0,"percentageSoftIrq":0.0,"percentageSteal":0.0,"percentageGuest":0.0},{"timestamp":"2020-10-01T14:30:00Z","percentageCpuUsage":0.0,"percentageUser":0.0,"percentageNice":0.0,"percentageSys":0.0,"percentageIdle":0.0,"percentageIoWait":0.0,"percentageHardIrq":0.0,"percentageSoftIrq":0.0,"percentageSteal":0.0,"percentageGuest":0.0},{"timestamp":"2020-09-30T14:30:00Z","percentageCpuUsage":0.0,"percentageUser":0.0,"percentageNice":0.0,"percentageSys":0.0,"percentageIdle":0.0,"percentageIoWait":0.0,"percentageHardIrq":0.0,"percentageSoftIrq":0.0,"percentageSteal":0.0,"percentageGuest":0.0},{"timestamp":"2020-09-29T14:30:00Z","percentageCpuUsage":0.0,"percentageUser":0.0,"percentageNice":0.0,"percentageSys":0.0,"percentageIdle":0.0,"percentageIoWait":0.0,"percentageHardIrq":0.0,"percentageSoftIrq":0.0,"percentageSteal":0.0,"percentageGuest":0.0},{"timestamp":"2020-09-28T14:30:00Z","percentageCpuUsage":0.0,"percentageUser":0.0,"percentageNice":0.0,"percentageSys":0.0,"percentageIdle":0.0,"percentageIoWait":0.0,"percentageHardIrq":0.0,"percentageSoftIrq":0.0,"percentageSteal":0.0,"percentageGuest":0.0},{"timestamp":"2020-09-27T14:30:00Z","percentageCpuUsage":0.0,"percentageUser":0.0,"percentageNice":0.0,"percentageSys":0.0,"percentageIdle":0.0,"percentageIoWait":0.0,"percentageHardIrq":0.0,"percentageSoftIrq":0.0,"percentageSteal":0.0,"percentageGuest":0.0},{"timestamp":"2020-09-26T14:30:00Z","percentageCpuUsage":0.0,"percentageUser":0.0,"percentageNice":0.0,"percentageSys":0.0,"percentageIdle":0.0,"percentageIoWait":0.0,"percentageHardIrq":0.0,"percentageSoftIrq":0.0,"percentageSteal":0.0,"percentageGuest":0.0},{"timestamp":"2020-09-25T14:30:00Z","percentageCpuUsage":0.0,"percentageUser":0.0,"percentageNice":0.0,"percentageSys":0.0,"percentageIdle":0.0,"percentageIoWait":0.0,"percentageHardIrq":0.0,"percentageSoftIrq":0.0,"percentageSteal":0.0,"percentageGuest":0.0},{"timestamp":"2020-09-24T14:30:00Z","percentageCpuUsage":0.0,"percentageUser":0.0,"percentageNice":0.0,"percentageSys":0.0,"percentageIdle":0.0,"percentageIoWait":0.0,"percentageHardIrq":0.0,"percentageSoftIrq":0.0,"percentageSteal":0.0,"percentageGuest":0.0},{"timestamp":"2020-09-23T14:30:00Z","percentageCpuUsage":0.0,"percentageUser":0.0,"percentageNice":0.0,"percentageSys":0.0,"percentageIdle":0.0,"percentageIoWait":0.0,"percentageHardIrq":0.0,"percentageSoftIrq":0.0,"percentageSteal":0.0,"percentageGuest":0.0},{"timestamp":"2020-09-22T14:30:00Z","percentageCpuUsage":0.0,"percentageUser":0.0,"percentageNice":0.0,"percentageSys":0.0,"percentageIdle":0.0,"percentageIoWait":0.0,"percentageHardIrq":0.0,"percentageSoftIrq":0.0,"percentageSteal":0.0,"percentageGuest":0.0},{"timestamp":"2020-09-21T14:30:00Z","percentageCpuUsage":0.0,"percentageUser":0.0,"percentageNice":0.0,"percentageSys":0.0,"percentageIdle":0.0,"percentageIoWait":0.0,"percentageHardIrq":0.0,"percentageSoftIrq":0.0,"percentageSteal":0.0,"percentageGuest":0.0},{"timestamp":"2020-09-20T14:30:00Z","percentageCpuUsage":0.0,"percentageUser":0.0,"percentageNice":0.0,"percentageSys":0.0,"percentageIdle":0.0,"percentageIoWait":0.0,"percentageHardIrq":0.0,"percentageSoftIrq":0.0,"percentageSteal":0.0,"percentageGuest":0.0},{"timestamp":"2020-09-19T14:30:00Z","percentageCpuUsage":0.0,"percentageUser":0.0,"percentageNice":0.0,"percentageSys":0.0,"percentageIdle":0.0,"percentageIoWait":0.0,"percentageHardIrq":0.0,"percentageSoftIrq":0.0,"percentageSteal":0.0,"percentageGuest":0.0},{"timestamp":"2020-09-18T14:30:00Z","percentageCpuUsage":0.0,"percentageUser":0.0,"percentageNice":0.0,"percentageSys":0.0,"percentageIdle":0.0,"percentageIoWait":0.0,"percentageHardIrq":0.0,"percentageSoftIrq":0.0,"percentageSteal":0.0,"percentageGuest":0.0},{"timestamp":"2020-09-17T14:30:00Z","percentageCpuUsage":0.0,"percentageUser":0.0,"percentageNice":0.0,"percentageSys":0.0,"percentageIdle":0.0,"percentageIoWait":0.0,"percentageHardIrq":0.0,"percentageSoftIrq":0.0,"percentageSteal":0.0,"percentageGuest":0.0},{"timestamp":"2020-09-16T14:30:00Z","percentageCpuUsage":0.0,"percentageUser":0.0,"percentageNice":0.0,"percentageSys":0.0,"percentageIdle":0.0,"percentageIoWait":0.0,"percentageHardIrq":0.0,"percentageSoftIrq":0.0,"percentageSteal":0.0,"percentageGuest":0.0},{"timestamp":"2020-09-15T14:30:00Z","percentageCpuUsage":0.0,"percentageUser":0.0,"percentageNice":0.0,"percentageSys":0.0,"percentageIdle":0.0,"percentageIoWait":0.0,"percentageHardIrq":0.0,"percentageSoftIrq":0.0,"percentageSteal":0.0,"percentageGuest":0.0},{"timestamp":"2020-09-14T14:30:00Z","percentageCpuUsage":0.0,"percentageUser":0.0,"percentageNice":0.0,"percentageSys":0.0,"percentageIdle":0.0,"percentageIoWait":0.0,"percentageHardIrq":0.0,"percentageSoftIrq":0.0,"percentageSteal":0.0,"percentageGuest":0.0},{"timestamp":"2020-09-13T14:30:00Z","percentageCpuUsage":0.0,"percentageUser":0.0,"percentageNice":0.0,"percentageSys":0.0,"percentageIdle":0.0,"percentageIoWait":0.0,"percentageHardIrq":0.0,"percentageSoftIrq":0.0,"percentageSteal":0.0,"percentageGuest":0.0},{"timestamp":"2020-09-12T14:30:00Z","percentageCpuUsage":0.0,"percentageUser":0.0,"percentageNice":0.0,"percentageSys":0.0,"percentageIdle":0.0,"percentageIoWait":0.0,"percentageHardIrq":0.0,"percentageSoftIrq":0.0,"percentageSteal":0.0,"percentageGuest":0.0},{"timestamp":"2020-09-11T14:30:00Z","percentageCpuUsage":0.0,"percentageUser":0.0,"percentageNice":0.0,"percentageSys":0.0,"percentageIdle":0.0,"percentageIoWait":0.0,"percentageHardIrq":0.0,"percentageSoftIrq":0.0,"percentageSteal":0.0,"percentageGuest":0.0},{"timestamp":"2020-09-10T14:30:00Z","percentageCpuUsage":0.0,"percentageUser":0.0,"percentageNice":0.0,"percentageSys":0.0,"percentageIdle":0.0,"percentageIoWait":0.0,"percentageHardIrq":0.0,"percentageSoftIrq":0.0,"percentageSteal":0.0,"percentageGuest":0.0},{"timestamp":"2020-09-09T14:30:00Z","percentageCpuUsage":0.0,"percentageUser":0.0,"percentageNice":0.0,"percentageSys":0.0,"percentageIdle":0.0,"percentageIoWait":0.0,"percentageHardIrq":0.0,"percentageSoftIrq":0.0,"percentageSteal":0.0,"percentageGuest":0.0},{"timestamp":"2020-09-08T14:30:00Z","percentageCpuUsage":0.0,"percentageUser":0.0,"percentageNice":0.0,"percentageSys":0.0,"percentageIdle":0.0,"percentageIoWait":0.0,"percentageHardIrq":0.0,"percentageSoftIrq":0.0,"percentageSteal":0.0,"percentageGuest":0.0},{"timestamp":"2020-09-07T14:30:00Z","percentageCpuUsage":0.0,"percentageUser":0.0,"percentageNice":0.0,"percentageSys":0.0,"percentageIdle":0.0,"percentageIoWait":0.0,"percentageHardIrq":0.0,"percentageSoftIrq":0.0,"percentageSteal":0.0,"percentageGuest":0.0},{"timestamp":"2020-09-06T14:30:00Z","percentageCpuUsage":0.0,"percentageUser":0.0,"percentageNice":0.0,"percentageSys":0.0,"percentageIdle":0.0,"percentageIoWait":0.0,"percentageHardIrq":0.0,"percentageSoftIrq":0.0,"percentageSteal":0.0,"percentageGuest":0.0},{"timestamp":"2020-09-05T14:30:00Z","percentageCpuUsage":0.0,"percentageUser":0.0,"percentageNice":0.0,"percentageSys":0.0,"percentageIdle":0.0,"percentageIoWait":0.0,"percentageHardIrq":0.0,"percentageSoftIrq":0.0,"percentageSteal":0.0,"percentageGuest":0.0},{"timestamp":"2020-09-04T14:30:00Z","percentageCpuUsage":0.0,"percentageUser":0.0,"percentageNice":0.0,"percentageSys":0.0,"percentageIdle":0.0,"percentageIoWait":0.0,"percentageHardIrq":0.0,"percentageSoftIrq":0.0,"percentageSteal":0.0,"percentageGuest":0.0},{"timestamp":"2020-09-03T14:30:00Z","percentageCpuUsage":0.0,"percentageUser":0.0,"percentageNice":0.0,"percentageSys":0.0,"percentageIdle":0.0,"percentageIoWait":0.0,"percentageHardIrq":0.0,"percentageSoftIrq":0.0,"percentageSteal":0.0,"percentageGuest":0.0},{"timestamp":"2020-09-02T14:30:00Z","percentageCpuUsage":0.0,"percentageUser":0.0,"percentageNice":0.0,"percentageSys":0.0,"percentageIdle":0.0,"percentageIoWait":0.0,"percentageHardIrq":0.0,"percentageSoftIrq":0.0,"percentageSteal":0.0,"percentageGuest":0.0},{"timestamp":"2020-09-01T14:30:00Z","percentageCpuUsage":0.0,"percentageUser":0.0,"percentageNice":0.0,"percentageSys":0.0,"percentageIdle":0.0,"percentageIoWait":0.0,"percentageHardIrq":0.0,"percentageSoftIrq":0.0,"percentageSteal":0.0,"percentageGuest":0.0},{"timestamp":"2020-08-31T14:30:00Z","percentageCpuUsage":0.0,"percentageUser":0.0,"percentageNice":0.0,"percentageSys":0.0,"percentageIdle":0.0,"percentageIoWait":0.0,"percentageHardIrq":0.0,"percentageSoftIrq":0.0,"percentageSteal":0.0,"percentageGuest":0.0},{"timestamp":"2020-08-30T14:30:00Z","percentageCpuUsage":0.0,"percentageUser":0.0,"percentageNice":0.0,"percentageSys":0.0,"percentageIdle":0.0,"percentageIoWait":0.0,"percentageHardIrq":0.0,"percentageSoftIrq":0.0,"percentageSteal":0.0,"percentageGuest":0.0},{"timestamp":"2020-08-29T14:30:00Z","percentageCpuUsage":0.0,"percentageUser":0.0,"percentageNice":0.0,"percentageSys":0.0,"percentageIdle":0.0,"percentageIoWait":0.0,"percentageHardIrq":0.0,"percentageSoftIrq":0.0,"percentageSteal":0.0,"percentageGuest":0.0},{"timestamp":"2020-08-28T14:30:00Z","percentageCpuUsage":0.0,"percentageUser":0.0,"percentageNice":0.0,"percentageSys":0.0,"percentageIdle":0.0,"percentageIoWait":0.0,"percentageHardIrq":0.0,"percentageSoftIrq":0.0,"percentageSteal":0.0,"percentageGuest":0.0},{"timestamp":"2020-08-27T14:30:00Z","percentageCpuUsage":0.0,"percentageUser":0.0,"percentageNice":0.0,"percentageSys":0.0,"percentageIdle":0.0,"percentageIoWait":0.0,"percentageHardIrq":0.0,"percentageSoftIrq":0.0,"percentageSteal":0.0,"percentageGuest":0.0},{"timestamp":"2020-08-26T14:30:00Z","percentageCpuUsage":0.0,"percentageUser":0.0,"percentageNice":0.0,"percentageSys":0.0,"percentageIdle":0.0,"percentageIoWait":0.0,"percentageHardIrq":0.0,"percentageSoftIrq":0.0,"percentageSteal":0.0,"percentageGuest":0.0},{"timestamp":"2020-08-25T14:30:00Z","percentageCpuUsage":0.0,"percentageUser":0.0,"percentageNice":0.0,"percentageSys":0.0,"percentageIdle":0.0,"percentageIoWait":0.0,"percentageHardIrq":0.0,"percentageSoftIrq":0.0,"percentageSteal":0.0,"percentageGuest":0.0},{"timestamp":"2020-08-24T14:30:00Z","percentageCpuUsage":0.0,"percentageUser":0.0,"percentageNice":0.0,"percentageSys":0.0,"percentageIdle":0.0,"percentageIoWait":0.0,"percentageHardIrq":0.0,"percentageSoftIrq":0.0,"percentageSteal":0.0,"percentageGuest":0.0},{"timestamp":"2020-08-23T14:30:00Z","percentageCpuUsage":0.0,"percentageUser":0.0,"percentageNice":0.0,"percentageSys":0.0,"percentageIdle":0.0,"percentageIoWait":0.0,"percentageHardIrq":0.0,"percentageSoftIrq":0.0,"percentageSteal":0.0,"percentageGuest":0.0},{"timestamp":"2020-08-22T14:30:00Z","percentageCpuUsage":0.0,"percentageUser":0.0,"percentageNice":0.0,"percentageSys":0.0,"percentageIdle":0.0,"percentageIoWait":0.0,"percentageHardIrq":0.0,"percentageSoftIrq":0.0,"percentageSteal":0.0,"percentageGuest":0.0},{"timestamp":"2020-08-21T14:30:00Z","percentageCpuUsage":0.0,"percentageUser":0.0,"percentageNice":0.0,"percentageSys":0.0,"percentageIdle":0.0,"percentageIoWait":0.0,"percentageHardIrq":0.0,"percentageSoftIrq":0.0,"percentageSteal":0.0,"percentageGuest":0.0},{"timestamp":"2020-08-20T14:30:00Z","percentageCpuUsage":0.0,"percentageUser":0.0,"percentageNice":0.0,"percentageSys":0.0,"percentageIdle":0.0,"percentageIoWait":0.0,"percentageHardIrq":0.0,"percentageSoftIrq":0.0,"percentageSteal":0.0,"percentageGuest":0.0},{"timestamp":"2020-08-19T14:30:00Z","percentageCpuUsage":0.0,"percentageUser":0.0,"percentageNice":0.0,"percentageSys":0.0,"percentageIdle":0.0,"percentageIoWait":0.0,"percentageHardIrq":0.0,"percentageSoftIrq":0.0,"percentageSteal":0.0,"percentageGuest":0.0},{"timestamp":"2020-08-18T14:30:00Z","percentageCpuUsage":0.0,"percentageUser":0.0,"percentageNice":0.0,"percentageSys":0.0,"percentageIdle":0.0,"percentageIoWait":0.0,"percentageHardIrq":0.0,"percentageSoftIrq":0.0,"percentageSteal":0.0,"percentageGuest":0.0},{"timestamp":"2020-08-17T14:30:00Z","percentageCpuUsage":0.0,"percentageUser":0.0,"percentageNice":0.0,"percentageSys":0.0,"percentageIdle":0.0,"percentageIoWait":0.0,"percentageHardIrq":0.0,"percentageSoftIrq":0.0,"percentageSteal":0.0,"percentageGuest":0.0},{"timestamp":"2020-08-16T14:30:00Z","percentageCpuUsage":0.0,"percentageUser":0.0,"percentageNice":0.0,"percentageSys":0.0,"percentageIdle":0.0,"percentageIoWait":0.0,"percentageHardIrq":0.0,"percentageSoftIrq":0.0,"percentageSteal":0.0,"percentageGuest":0.0},{"timestamp":"2020-08-15T14:30:00Z","percentageCpuUsage":0.0,"percentageUser":0.0,"percentageNice":0.0,"percentageSys":0.0,"percentageIdle":0.0,"percentageIoWait":0.0,"percentageHardIrq":0.0,"percentageSoftIrq":0.0,"percentageSteal":0.0,"percentageGuest":0.0},{"timestamp":"2020-08-14T14:30:00Z","percentageCpuUsage":0.0,"percentageUser":0.0,"percentageNice":0.0,"percentageSys":0.0,"percentageIdle":0.0,"percentageIoWait":0.0,"percentageHardIrq":0.0,"percentageSoftIrq":0.0,"percentageSteal":0.0,"percentageGuest":0.0},{"timestamp":"2020-08-13T14:30:00Z","percentageCpuUsage":0.0,"percentageUser":0.0,"percentageNice":0.0,"percentageSys":0.0,"percentageIdle":0.0,"percentageIoWait":0.0,"percentageHardIrq":0.0,"percentageSoftIrq":0.0,"percentageSteal":0.0,"percentageGuest":0.0},{"timestamp":"2020-08-12T14:30:00Z","percentageCpuUsage":0.0,"percentageUser":0.0,"percentageNice":0.0,"percentageSys":0.0,"percentageIdle":0.0,"percentageIoWait":0.0,"percentageHardIrq":0.0,"percentageSoftIrq":0.0,"percentageSteal":0.0,"percentageGuest":0.0},{"timestamp":"2020-08-11T14:30:00Z","percentageCpuUsage":0.0,"percentageUser":0.0,"percentageNice":0.0,"percentageSys":0.0,"percentageIdle":0.0,"percentageIoWait":0.0,"percentageHardIrq":0.0,"percentageSoftIrq":0.0,"percentageSteal":0.0,"percentageGuest":0.0},{"timestamp":"2020-08-10T14:30:00Z","percentageCpuUsage":0.0,"percentageUser":0.0,"percentageNice":0.0,"percentageSys":0.0,"percentageIdle":0.0,"percentageIoWait":0.0,"percentageHardIrq":0.0,"percentageSoftIrq":0.0,"percentageSteal":0.0,"percentageGuest":0.0},{"timestamp":"2020-08-09T14:30:00Z","percentageCpuUsage":0.0,"percentageUser":0.0,"percentageNice":0.0,"percentageSys":0.0,"percentageIdle":0.0,"percentageIoWait":0.0,"percentageHardIrq":0.0,"percentageSoftIrq":0.0,"percentageSteal":0.0,"percentageGuest":0.0},{"timestamp":"2020-08-08T14:30:00Z","percentageCpuUsage":0.0,"percentageUser":0.0,"percentageNice":0.0,"percentageSys":0.0,"percentageIdle":0.0,"percentageIoWait":0.0,"percentageHardIrq":0.0,"percentageSoftIrq":0.0,"percentageSteal":0.0,"percentageGuest":0.0},{"timestamp":"2020-08-07T14:30:00Z","percentageCpuUsage":0.0,"percentageUser":0.0,"percentageNice":0.0,"percentageSys":0.0,"percentageIdle":0.0,"percentageIoWait":0.0,"percentageHardIrq":0.0,"percentageSoftIrq":0.0,"percentageSteal":0.0,"percentageGuest":0.0},{"timestamp":"2020-08-06T14:30:00Z","percentageCpuUsage":0.0,"percentageUser":0.0,"percentageNice":0.0,"percentageSys":0.0,"percentageIdle":0.0,"percentageIoWait":0.0,"percentageHardIrq":0.0,"percentageSoftIrq":0.0,"percentageSteal":0.0,"percentageGuest":0.0},{"timestamp":"2020-08-05T14:30:00Z","percentageCpuUsage":0.0,"percentageUser":0.0,"percentageNice":0.0,"percentageSys":0.0,"percentageIdle":0.0,"percentageIoWait":0.0,"percentageHardIrq":0.0,"percentageSoftIrq":0.0,"percentageSteal":0.0,"percentageGuest":0.0},{"timestamp":"2020-08-04T14:30:00Z","percentageCpuUsage":0.0,"percentageUser":0.0,"percentageNice":0.0,"percentageSys":0.0,"percentageIdle":0.0,"percentageIoWait":0.0,"percentageHardIrq":0.0,"percentageSoftIrq":0.0,"percentageSteal":0.0,"percentageGuest":0.0},{"timestamp":"2020-08-03T14:30:00Z","percentageCpuUsage":0.0,"percentageUser":0.0,"percentageNice":0.0,"percentageSys":0.0,"percentageIdle":0.0,"percentageIoWait":0.0,"percentageHardIrq":0.0,"percentageSoftIrq":0.0,"percentageSteal":0.0,"percentageGuest":0.0},{"timestamp":"2020-08-02T14:30:00Z","percentageCpuUsage":0.0,"percentageUser":0.0,"percentageNice":0.0,"percentageSys":0.0,"percentageIdle":0.0,"percentageIoWait":0.0,"percentageHardIrq":0.0,"percentageSoftIrq":0.0,"percentageSteal":0.0,"percentageGuest":0.0},{"timestamp":"2020-08-01T14:30:00Z","percentageCpuUsage":0.0,"percentageUser":0.0,"percentageNice":0.0,"percentageSys":0.0,"percentageIdle":0.0,"percentageIoWait":0.0,"percentageHardIrq":0.0,"percentageSoftIrq":0.0,"percentageSteal":0.0,"percentageGuest":0.0},{"timestamp":"2020-07-31T14:30:00Z","percentageCpuUsage":0.0,"percentageUser":0.0,"percentageNice":0.0,"percentageSys":0.0,"percentageIdle":0.0,"percentageIoWait":0.0,"percentageHardIrq":0.0,"percentageSoftIrq":0.0,"percentageSteal":0.0,"percentageGuest":0.0},{"timestamp":"2020-07-30T14:30:00Z","percentageCpuUsage":0.0,"percentageUser":0.0,"percentageNice":0.0,"percentageSys":0.0,"percentageIdle":0.0,"percentageIoWait":0.0,"percentageHardIrq":0.0,"percentageSoftIrq":0.0,"percentageSteal":0.0,"percentageGuest":0.0},{"timestamp":"2020-07-29T14:30:00Z","percentageCpuUsage":0.0,"percentageUser":0.0,"percentageNice":0.0,"percentageSys":0.0,"percentageIdle":0.0,"percentageIoWait":0.0,"percentageHardIrq":0.0,"percentageSoftIrq":0.0,"percentageSteal":0.0,"percentageGuest":0.0},{"timestamp":"2020-07-28T14:30:00Z","percentageCpuUsage":0.0,"percentageUser":0.0,"percentageNice":0.0,"percentageSys":0.0,"percentageIdle":0.0,"percentageIoWait":0.0,"percentageHardIrq":0.0,"percentageSoftIrq":0.0,"percentageSteal":0.0,"percentageGuest":0.0},{"timestamp":"2020-07-27T14:30:00Z","percentageCpuUsage":0.0,"percentageUser":0.0,"percentageNice":0.0,"percentageSys":0.0,"percentageIdle":0.0,"percentageIoWait":0.0,"percentageHardIrq":0.0,"percentageSoftIrq":0.0,"percentageSteal":0.0,"percentageGuest":0.0},{"timestamp":"2020-07-26T14:30:00Z","percentageCpuUsage":0.0,"percentageUser":0.0,"percentageNice":0.0,"percentageSys":0.0,"percentageIdle":0.0,"percentageIoWait":0.0,"percentageHardIrq":0.0,"percentageSoftIrq":0.0,"percentageSteal":0.0,"percentageGuest":0.0},{"timestamp":"2020-07-25T14:30:00Z","percentageCpuUsage":0.0,"percentageUser":0.0,"percentageNice":0.0,"percentageSys":0.0,"percentageIdle":0.0,"percentageIoWait":0.0,"percentageHardIrq":0.0,"percentageSoftIrq":0.0,"percentageSteal":0.0,"percentageGuest":0.0},{"timestamp":"2020-07-24T14:30:00Z","percentageCpuUsage":0.0,"percentageUser":0.0,"percentageNice":0.0,"percentageSys":0.0,"percentageIdle":0.0,"percentageIoWait":0.0,"percentageHardIrq":0.0,"percentageSoftIrq":0.0,"percentageSteal":0.0,"percentageGuest":0.0},{"timestamp":"2020-07-23T14:30:00Z","percentageCpuUsage":0.0,"percentageUser":0.0,"percentageNice":0.0,"percentageSys":0.0,"percentageIdle":0.0,"percentageIoWait":0.0,"percentageHardIrq":0.0,"percentageSoftIrq":0.0,"percentageSteal":0.0,"percentageGuest":0.0},{"timestamp":"2020-07-22T14:30:00Z","percentageCpuUsage":0.0,"percentageUser":0.0,"percentageNice":0.0,"percentageSys":0.0,"percentageIdle":0.0,"percentageIoWait":0.0,"percentageHardIrq":0.0,"percentageSoftIrq":0.0,"percentageSteal":0.0,"percentageGuest":0.0},{"timestamp":"2020-07-21T14:30:00Z","percentageCpuUsage":0.0,"percentageUser":0.0,"percentageNice":0.0,"percentageSys":0.0,"percentageIdle":0.0,"percentageIoWait":0.0,"percentageHardIrq":0.0,"percentageSoftIrq":0.0,"percentageSteal":0.0,"percentageGuest":0.0},{"timestamp":"2020-07-20T14:30:00Z","percentageCpuUsage":0.0,"percentageUser":0.0,"percentageNice":0.0,"percentageSys":0.0,"percentageIdle":0.0,"percentageIoWait":0.0,"percentageHardIrq":0.0,"percentageSoftIrq":0.0,"percentageSteal":0.0,"percentageGuest":0.0},{"timestamp":"2020-07-19T14:30:00Z","percentageCpuUsage":0.0,"percentageUser":0.0,"percentageNice":0.0,"percentageSys":0.0,"percentageIdle":0.0,"percentageIoWait":0.0,"percentageHardIrq":0.0,"percentageSoftIrq":0.0,"percentageSteal":0.0,"percentageGuest":0.0},{"timestamp":"2020-07-18T14:30:00Z","percentageCpuUsage":0.0,"percentageUser":0.0,"percentageNice":0.0,"percentageSys":0.0,"percentageIdle":0.0,"percentageIoWait":0.0,"percentageHardIrq":0.0,"percentageSoftIrq":0.0,"percentageSteal":0.0,"percentageGuest":0.0},{"timestamp":"2020-07-17T14:30:00Z","percentageCpuUsage":0.0,"percentageUser":0.0,"percentageNice":0.0,"percentageSys":0.0,"percentageIdle":0.0,"percentageIoWait":0.0,"percentageHardIrq":0.0,"percentageSoftIrq":0.0,"percentageSteal":0.0,"percentageGuest":0.0},{"timestamp":"2020-07-16T14:30:00Z","percentageCpuUsage":0.0,"percentageUser":0.0,"percentageNice":0.0,"percentageSys":0.0,"percentageIdle":0.0,"percentageIoWait":0.0,"percentageHardIrq":0.0,"percentageSoftIrq":0.0,"percentageSteal":0.0,"percentageGuest":0.0},{"timestamp":"2020-07-15T14:30:00Z","percentageCpuUsage":0.0,"percentageUser":0.0,"percentageNice":0.0,"percentageSys":0.0,"percentageIdle":0.0,"percentageIoWait":0.0,"percentageHardIrq":0.0,"percentageSoftIrq":0.0,"percentageSteal":0.0,"percentageGuest":0.0},{"timestamp":"2020-07-14T14:30:00Z","percentageCpuUsage":0.0,"percentageUser":0.0,"percentageNice":0.0,"percentageSys":0.0,"percentageIdle":0.0,"percentageIoWait":0.0,"percentageHardIrq":0.0,"percentageSoftIrq":0.0,"percentageSteal":0.0,"percentageGuest":0.0},{"timestamp":"2020-07-13T14:30:00Z","percentageCpuUsage":0.0,"percentageUser":0.0,"percentageNice":0.0,"percentageSys":0.0,"percentageIdle":0.0,"percentageIoWait":0.0,"percentageHardIrq":0.0,"percentageSoftIrq":0.0,"percentageSteal":0.0,"percentageGuest":0.0},{"timestamp":"2020-07-12T14:30:00Z","percentageCpuUsage":0.0,"percentageUser":0.0,"percentageNice":0.0,"percentageSys":0.0,"percentageIdle":0.0,"percentageIoWait":0.0,"percentageHardIrq":0.0,"percentageSoftIrq":0.0,"percentageSteal":0.0,"percentageGuest":0.0},{"timestamp":"2020-07-11T14:30:00Z","percentageCpuUsage":0.0,"percentageUser":0.0,"percentageNice":0.0,"percentageSys":0.0,"percentageIdle":0.0,"percentageIoWait":0.0,"percentageHardIrq":0.0,"percentageSoftIrq":0.0,"percentageSteal":0.0,"percentageGuest":0.0},{"timestamp":"2020-07-10T14:30:00Z","percentageCpuUsage":0.0,"percentageUser":0.0,"percentageNice":0.0,"percentageSys":0.0,"percentageIdle":0.0,"percentageIoWait":0.0,"percentageHardIrq":0.0,"percentageSoftIrq":0.0,"percentageSteal":0.0,"percentageGuest":0.0},{"timestamp":"2020-07-09T14:30:00Z","percentageCpuUsage":0.0,"percentageUser":0.0,"percentageNice":0.0,"percentageSys":0.0,"percentageIdle":0.0,"percentageIoWait":0.0,"percentageHardIrq":0.0,"percentageSoftIrq":0.0,"percentageSteal":0.0,"percentageGuest":0.0},{"timestamp":"2020-07-08T14:30:00Z","percentageCpuUsage":0.0,"percentageUser":0.0,"percentageNice":0.0,"percentageSys":0.0,"percentageIdle":0.0,"percentageIoWait":0.0,"percentageHardIrq":0.0,"percentageSoftIrq":0.0,"percentageSteal":0.0,"percentageGuest":0.0},{"timestamp":"2020-07-07T14:30:00Z","percentageCpuUsage":0.0,"percentageUser":0.0,"percentageNice":0.0,"percentageSys":0.0,"percentageIdle":0.0,"percentageIoWait":0.0,"percentageHardIrq":0.0,"percentageSoftIrq":0.0,"percentageSteal":0.0,"percentageGuest":0.0},{"timestamp":"2020-07-06T14:30:00Z","percentageCpuUsage":0.0,"percentageUser":0.0,"percentageNice":0.0,"percentageSys":0.0,"percentageIdle":0.0,"percentageIoWait":0.0,"percentageHardIrq":0.0,"percentageSoftIrq":0.0,"percentageSteal":0.0,"percentageGuest":0.0},{"timestamp":"2020-07-05T14:30:00Z","percentageCpuUsage":0.0,"percentageUser":0.0,"percentageNice":0.0,"percentageSys":0.0,"percentageIdle":0.0,"percentageIoWait":0.0,"percentageHardIrq":0.0,"percentageSoftIrq":0.0,"percentageSteal":0.0,"percentageGuest":0.0},{"timestamp":"2020-07-04T14:30:00Z","percentageCpuUsage":0.0,"percentageUser":0.0,"percentageNice":0.0,"percentageSys":0.0,"percentageIdle":0.0,"percentageIoWait":0.0,"percentageHardIrq":0.0,"percentageSoftIrq":0.0,"percentageSteal":0.0,"percentageGuest":0.0},{"timestamp":"2020-07-03T14:30:00Z","percentageCpuUsage":0.0,"percentageUser":0.0,"percentageNice":0.0,"percentageSys":0.0,"percentageIdle":0.0,"percentageIoWait":0.0,"percentageHardIrq":0.0,"percentageSoftIrq":0.0,"percentageSteal":0.0,"percentageGuest":0.0},{"timestamp":"2020-07-02T14:30:00Z","percentageCpuUsage":0.0,"percentageUser":0.0,"percentageNice":0.0,"percentageSys":0.0,"percentageIdle":0.0,"percentageIoWait":0.0,"percentageHardIrq":0.0,"percentageSoftIrq":0.0,"percentageSteal":0.0,"percentageGuest":0.0},{"timestamp":"2020-07-01T14:30:00Z","percentageCpuUsage":0.0,"percentageUser":0.0,"percentageNice":0.0,"percentageSys":0.0,"percentageIdle":0.0,"percentageIoWait":0.0,"percentageHardIrq":0.0,"percentageSoftIrq":0.0,"percentageSteal":0.0,"percentageGuest":0.0},{"timestamp":"2020-06-30T14:30:00Z","percentageCpuUsage":0.0,"percentageUser":0.0,"percentageNice":0.0,"percentageSys":0.0,"percentageIdle":0.0,"percentageIoWait":0.0,"percentageHardIrq":0.0,"percentageSoftIrq":0.0,"percentageSteal":0.0,"percentageGuest":0.0},{"timestamp":"2020-06-29T14:30:00Z","percentageCpuUsage":0.0,"percentageUser":0.0,"percentageNice":0.0,"percentageSys":0.0,"percentageIdle":0.0,"percentageIoWait":0.0,"percentageHardIrq":0.0,"percentageSoftIrq":0.0,"percentageSteal":0.0,"percentageGuest":0.0},{"timestamp":"2020-06-28T14:30:00Z","percentageCpuUsage":0.0,"percentageUser":0.0,"percentageNice":0.0,"percentageSys":0.0,"percentageIdle":0.0,"percentageIoWait":0.0,"percentageHardIrq":0.0,"percentageSoftIrq":0.0,"percentageSteal":0.0,"percentageGuest":0.0},{"timestamp":"2020-06-27T14:30:00Z","percentageCpuUsage":0.0,"percentageUser":0.0,"percentageNice":0.0,"percentageSys":0.0,"percentageIdle":0.0,"percentageIoWait":0.0,"percentageHardIrq":0.0,"percentageSoftIrq":0.0,"percentageSteal":0.0,"percentageGuest":0.0},{"timestamp":"2020-06-26T14:30:00Z","percentageCpuUsage":0.0,"percentageUser":0.0,"percentageNice":0.0,"percentageSys":0.0,"percentageIdle":0.0,"percentageIoWait":0.0,"percentageHardIrq":0.0,"percentageSoftIrq":0.0,"percentageSteal":0.0,"percentageGuest":0.0},{"timestamp":"2020-06-25T14:30:00Z","percentageCpuUsage":0.0,"percentageUser":0.0,"percentageNice":0.0,"percentageSys":0.0,"percentageIdle":0.0,"percentageIoWait":0.0,"percentageHardIrq":0.0,"percentageSoftIrq":0.0,"percentageSteal":0.0,"percentageGuest":0.0},{"timestamp":"2020-06-24T14:30:00Z","percentageCpuUsage":0.0,"percentageUser":0.0,"percentageNice":0.0,"percentageSys":0.0,"percentageIdle":0.0,"percentageIoWait":0.0,"percentageHardIrq":0.0,"percentageSoftIrq":0.0,"percentageSteal":0.0,"percentageGuest":0.0},{"timestamp":"2020-06-23T14:30:00Z","percentageCpuUsage":0.0,"percentageUser":0.0,"percentageNice":0.0,"percentageSys":0.0,"percentageIdle":0.0,"percentageIoWait":0.0,"percentageHardIrq":0.0,"percentageSoftIrq":0.0,"percentageSteal":0.0,"percentageGuest":0.0},{"timestamp":"2020-06-22T14:30:00Z","percentageCpuUsage":0.0,"percentageUser":0.0,"percentageNice":0.0,"percentageSys":0.0,"percentageIdle":0.0,"percentageIoWait":0.0,"percentageHardIrq":0.0,"percentageSoftIrq":0.0,"percentageSteal":0.0,"percentageGuest":0.0},{"timestamp":"2020-06-21T14:30:00Z","percentageCpuUsage":0.0,"percentageUser":0.0,"percentageNice":0.0,"percentageSys":0.0,"percentageIdle":0.0,"percentageIoWait":0.0,"percentageHardIrq":0.0,"percentageSoftIrq":0.0,"percentageSteal":0.0,"percentageGuest":0.0},{"timestamp":"2020-06-20T14:30:00Z","percentageCpuUsage":0.0,"percentageUser":0.0,"percentageNice":0.0,"percentageSys":0.0,"percentageIdle":0.0,"percentageIoWait":0.0,"percentageHardIrq":0.0,"percentageSoftIrq":0.0,"percentageSteal":0.0,"percentageGuest":0.0},{"timestamp":"2020-06-19T14:30:00Z","percentageCpuUsage":0.0,"percentageUser":0.0,"percentageNice":0.0,"percentageSys":0.0,"percentageIdle":0.0,"percentageIoWait":0.0,"percentageHardIrq":0.0,"percentageSoftIrq":0.0,"percentageSteal":0.0,"percentageGuest":0.0},{"timestamp":"2020-06-18T14:30:00Z","percentageCpuUsage":0.0,"percentageUser":0.0,"percentageNice":0.0,"percentageSys":0.0,"percentageIdle":0.0,"percentageIoWait":0.0,"percentageHardIrq":0.0,"percentageSoftIrq":0.0,"percentageSteal":0.0,"percentageGuest":0.0},{"timestamp":"2020-06-17T14:30:00Z","percentageCpuUsage":0.0,"percentageUser":0.0,"percentageNice":0.0,"percentageSys":0.0,"percentageIdle":0.0,"percentageIoWait":0.0,"percentageHardIrq":0.0,"percentageSoftIrq":0.0,"percentageSteal":0.0,"percentageGuest":0.0},{"timestamp":"2020-06-16T14:30:00Z","percentageCpuUsage":0.0,"percentageUser":0.0,"percentageNice":0.0,"percentageSys":0.0,"percentageIdle":0.0,"percentageIoWait":0.0,"percentageHardIrq":0.0,"percentageSoftIrq":0.0,"percentageSteal":0.0,"percentageGuest":0.0},{"timestamp":"2020-06-15T14:30:00Z","percentageCpuUsage":0.0,"percentageUser":0.0,"percentageNice":0.0,"percentageSys":0.0,"percentageIdle":0.0,"percentageIoWait":0.0,"percentageHardIrq":0.0,"percentageSoftIrq":0.0,"percentageSteal":0.0,"percentageGuest":0.0},{"timestamp":"2020-06-14T14:30:00Z","percentageCpuUsage":0.0,"percentageUser":0.0,"percentageNice":0.0,"percentageSys":0.0,"percentageIdle":0.0,"percentageIoWait":0.0,"percentageHardIrq":0.0,"percentageSoftIrq":0.0,"percentageSteal":0.0,"percentageGuest":0.0},{"timestamp":"2020-06-13T14:30:00Z","percentageCpuUsage":0.0,"percentageUser":0.0,"percentageNice":0.0,"percentageSys":0.0,"percentageIdle":0.0,"percentageIoWait":0.0,"percentageHardIrq":0.0,"percentageSoftIrq":0.0,"percentageSteal":0.0,"percentageGuest":0.0},{"timestamp":"2020-06-12T14:30:00Z","percentageCpuUsage":0.0,"percentageUser":0.0,"percentageNice":0.0,"percentageSys":0.0,"percentageIdle":0.0,"percentageIoWait":0.0,"percentageHardIrq":0.0,"percentageSoftIrq":0.0,"percentageSteal":0.0,"percentageGuest":0.0},{"timestamp":"2020-06-11T14:30:00Z","percentageCpuUsage":0.0,"percentageUser":0.0,"percentageNice":0.0,"percentageSys":0.0,"percentageIdle":0.0,"percentageIoWait":0.0,"percentageHardIrq":0.0,"percentageSoftIrq":0.0,"percentageSteal":0.0,"percentageGuest":0.0},{"timestamp":"2020-06-10T14:30:00Z","percentageCpuUsage":0.0,"percentageUser":0.0,"percentageNice":0.0,"percentageSys":0.0,"percentageIdle":0.0,"percentageIoWait":0.0,"percentageHardIrq":0.0,"percentageSoftIrq":0.0,"percentageSteal":0.0,"percentageGuest":0.0},{"timestamp":"2020-06-09T14:30:00Z","percentageCpuUsage":0.0,"percentageUser":0.0,"percentageNice":0.0,"percentageSys":0.0,"percentageIdle":0.0,"percentageIoWait":0.0,"percentageHardIrq":0.0,"percentageSoftIrq":0.0,"percentageSteal":0.0,"percentageGuest":0.0},{"timestamp":"2020-06-08T14:30:00Z","percentageCpuUsage":0.0,"percentageUser":0.0,"percentageNice":0.0,"percentageSys":0.0,"percentageIdle":0.0,"percentageIoWait":0.0,"percentageHardIrq":0.0,"percentageSoftIrq":0.0,"percentageSteal":0.0,"percentageGuest":0.0},{"timestamp":"2020-06-07T14:30:00Z","percentageCpuUsage":0.0,"percentageUser":0.0,"percentageNice":0.0,"percentageSys":0.0,"percentageIdle":0.0,"percentageIoWait":0.0,"percentageHardIrq":0.0,"percentageSoftIrq":0.0,"percentageSteal":0.0,"percentageGuest":0.0},{"timestamp":"2020-06-06T14:30:00Z","percentageCpuUsage":0.0,"percentageUser":0.0,"percentageNice":0.0,"percentageSys":0.0,"percentageIdle":0.0,"percentageIoWait":0.0,"percentageHardIrq":0.0,"percentageSoftIrq":0.0,"percentageSteal":0.0,"percentageGuest":0.0},{"timestamp":"2020-06-05T14:30:00Z","percentageCpuUsage":0.0,"percentageUser":0.0,"percentageNice":0.0,"percentageSys":0.0,"percentageIdle":0.0,"percentageIoWait":0.0,"percentageHardIrq":0.0,"percentageSoftIrq":0.0,"percentageSteal":0.0,"percentageGuest":0.0},{"timestamp":"2020-06-04T14:30:00Z","percentageCpuUsage":0.0,"percentageUser":0.0,"percentageNice":0.0,"percentageSys":0.0,"percentageIdle":0.0,"percentageIoWait":0.0,"percentageHardIrq":0.0,"percentageSoftIrq":0.0,"percentageSteal":0.0,"percentageGuest":0.0},{"timestamp":"2020-06-03T14:30:00Z","percentageCpuUsage":0.0,"percentageUser":0.0,"percentageNice":0.0,"percentageSys":0.0,"percentageIdle":0.0,"percentageIoWait":0.0,"percentageHardIrq":0.0,"percentageSoftIrq":0.0,"percentageSteal":0.0,"percentageGuest":0.0},{"timestamp":"2020-06-02T14:30:00Z","percentageCpuUsage":0.0,"percentageUser":0.0,"percentageNice":0.0,"percentageSys":0.0,"percentageIdle":0.0,"percentageIoWait":0.0,"percentageHardIrq":0.0,"percentageSoftIrq":0.0,"percentageSteal":0.0,"percentageGuest":0.0},{"timestamp":"2020-06-01T14:30:00Z","percentageCpuUsage":0.0,"percentageUser":0.0,"percentageNice":0.0,"percentageSys":0.0,"percentageIdle":0.0,"percentageIoWait":0.0,"percentageHardIrq":0.0,"percentageSoftIrq":0.0,"percentageSteal":0.0,"percentageGuest":0.0},{"timestamp":"2020-05-31T14:30:00Z","percentageCpuUsage":0.0,"percentageUser":0.0,"percentageNice":0.0,"percentageSys":0.0,"percentageIdle":0.0,"percentageIoWait":0.0,"percentageHardIrq":0.0,"percentageSoftIrq":0.0,"percentageSteal":0.0,"percentageGuest":0.0},{"timestamp":"2020-05-30T14:30:00Z","percentageCpuUsage":0.0,"percentageUser":0.0,"percentageNice":0.0,"percentageSys":0.0,"percentageIdle":0.0,"percentageIoWait":0.0,"percentageHardIrq":0.0,"percentageSoftIrq":0.0,"percentageSteal":0.0,"percentageGuest":0.0},{"timestamp":"2020-05-29T14:30:00Z","percentageCpuUsage":0.0,"percentageUser":0.0,"percentageNice":0.0,"percentageSys":0.0,"percentageIdle":0.0,"percentageIoWait":0.0,"percentageHardIrq":0.0,"percentageSoftIrq":0.0,"percentageSteal":0.0,"percentageGuest":0.0},{"timestamp":"2020-05-28T14:30:00Z","percentageCpuUsage":0.0,"percentageUser":0.0,"percentageNice":0.0,"percentageSys":0.0,"percentageIdle":0.0,"percentageIoWait":0.0,"percentageHardIrq":0.0,"percentageSoftIrq":0.0,"percentageSteal":0.0,"percentageGuest":0.0},{"timestamp":"2020-05-27T14:30:00Z","percentageCpuUsage":0.0,"percentageUser":0.0,"percentageNice":0.0,"percentageSys":0.0,"percentageIdle":0.0,"percentageIoWait":0.0,"percentageHardIrq":0.0,"percentageSoftIrq":0.0,"percentageSteal":0.0,"percentageGuest":0.0},{"timestamp":"2020-05-26T14:30:00Z","percentageCpuUsage":0.0,"percentageUser":0.0,"percentageNice":0.0,"percentageSys":0.0,"percentageIdle":0.0,"percentageIoWait":0.0,"percentageHardIrq":0.0,"percentageSoftIrq":0.0,"percentageSteal":0.0,"percentageGuest":0.0},{"timestamp":"2020-05-25T14:30:00Z","percentageCpuUsage":0.0,"percentageUser":0.0,"percentageNice":0.0,"percentageSys":0.0,"percentageIdle":0.0,"percentageIoWait":0.0,"percentageHardIrq":0.0,"percentageSoftIrq":0.0,"percentageSteal":0.0,"percentageGuest":0.0},{"timestamp":"2020-05-24T14:30:00Z","percentageCpuUsage":0.0,"percentageUser":0.0,"percentageNice":0.0,"percentageSys":0.0,"percentageIdle":0.0,"percentageIoWait":0.0,"percentageHardIrq":0.0,"percentageSoftIrq":0.0,"percentageSteal":0.0,"percentageGuest":0.0},{"timestamp":"2020-05-23T14:30:00Z","percentageCpuUsage":0.0,"percentageUser":0.0,"percentageNice":0.0,"percentageSys":0.0,"percentageIdle":0.0,"percentageIoWait":0.0,"percentageHardIrq":0.0,"percentageSoftIrq":0.0,"percentageSteal":0.0,"percentageGuest":0.0},{"timestamp":"2020-05-22T14:30:00Z","percentageCpuUsage":0.0,"percentageUser":0.0,"percentageNice":0.0,"percentageSys":0.0,"percentageIdle":0.0,"percentageIoWait":0.0,"percentageHardIrq":0.0,"percentageSoftIrq":0.0,"percentageSteal":0.0,"percentageGuest":0.0},{"timestamp":"2020-05-21T14:30:00Z","percentageCpuUsage":0.0,"percentageUser":0.0,"percentageNice":0.0,"percentageSys":0.0,"percentageIdle":0.0,"percentageIoWait":0.0,"percentageHardIrq":0.0,"percentageSoftIrq":0.0,"percentageSteal":0.0,"percentageGuest":0.0},{"timestamp":"2020-05-20T14:30:00Z","percentageCpuUsage":0.0,"percentageUser":0.0,"percentageNice":0.0,"percentageSys":0.0,"percentageIdle":0.0,"percentageIoWait":0.0,"percentageHardIrq":0.0,"percentageSoftIrq":0.0,"percentageSteal":0.0,"percentageGuest":0.0},{"timestamp":"2020-05-19T14:30:00Z","percentageCpuUsage":0.0,"percentageUser":0.0,"percentageNice":0.0,"percentageSys":0.0,"percentageIdle":0.0,"percentageIoWait":0.0,"percentageHardIrq":0.0,"percentageSoftIrq":0.0,"percentageSteal":0.0,"percentageGuest":0.0},{"timestamp":"2020-05-18T14:30:00Z","percentageCpuUsage":0.0,"percentageUser":0.0,"percentageNice":0.0,"percentageSys":0.0,"percentageIdle":0.0,"percentageIoWait":0.0,"percentageHardIrq":0.0,"percentageSoftIrq":0.0,"percentageSteal":0.0,"percentageGuest":0.0},{"timestamp":"2020-05-17T14:30:00Z","percentageCpuUsage":0.0,"percentageUser":0.0,"percentageNice":0.0,"percentageSys":0.0,"percentageIdle":0.0,"percentageIoWait":0.0,"percentageHardIrq":0.0,"percentageSoftIrq":0.0,"percentageSteal":0.0,"percentageGuest":0.0},{"timestamp":"2020-05-16T14:30:00Z","percentageCpuUsage":0.0,"percentageUser":0.0,"percentageNice":0.0,"percentageSys":0.0,"percentageIdle":0.0,"percentageIoWait":0.0,"percentageHardIrq":0.0,"percentageSoftIrq":0.0,"percentageSteal":0.0,"percentageGuest":0.0},{"timestamp":"2020-05-15T14:30:00Z","percentageCpuUsage":0.0,"percentageUser":0.0,"percentageNice":0.0,"percentageSys":0.0,"percentageIdle":0.0,"percentageIoWait":0.0,"percentageHardIrq":0.0,"percentageSoftIrq":0.0,"percentageSteal":0.0,"percentageGuest":0.0},{"timestamp":"2020-05-14T14:30:00Z","percentageCpuUsage":0.0,"percentageUser":0.0,"percentageNice":0.0,"percentageSys":0.0,"percentageIdle":0.0,"percentageIoWait":0.0,"percentageHardIrq":0.0,"percentageSoftIrq":0.0,"percentageSteal":0.0,"percentageGuest":0.0},{"timestamp":"2020-05-13T14:30:00Z","percentageCpuUsage":0.0,"percentageUser":0.0,"percentageNice":0.0,"percentageSys":0.0,"percentageIdle":0.0,"percentageIoWait":0.0,"percentageHardIrq":0.0,"percentageSoftIrq":0.0,"percentageSteal":0.0,"percentageGuest":0.0},{"timestamp":"2020-05-12T14:30:00Z","percentageCpuUsage":0.0,"percentageUser":0.0,"percentageNice":0.0,"percentageSys":0.0,"percentageIdle":0.0,"percentageIoWait":0.0,"percentageHardIrq":0.0,"percentageSoftIrq":0.0,"percentageSteal":0.0,"percentageGuest":0.0},{"timestamp":"2020-05-11T14:30:00Z","percentageCpuUsage":0.0,"percentageUser":0.0,"percentageNice":0.0,"percentageSys":0.0,"percentageIdle":0.0,"percentageIoWait":0.0,"percentageHardIrq":0.0,"percentageSoftIrq":0.0,"percentageSteal":0.0,"percentageGuest":0.0},{"timestamp":"2020-05-10T14:30:00Z","percentageCpuUsage":0.0,"percentageUser":0.0,"percentageNice":0.0,"percentageSys":0.0,"percentageIdle":0.0,"percentageIoWait":0.0,"percentageHardIrq":0.0,"percentageSoftIrq":0.0,"percentageSteal":0.0,"percentageGuest":0.0},{"timestamp":"2020-05-09T14:30:00Z","percentageCpuUsage":0.0,"percentageUser":0.0,"percentageNice":0.0,"percentageSys":0.0,"percentageIdle":0.0,"percentageIoWait":0.0,"percentageHardIrq":0.0,"percentageSoftIrq":0.0,"percentageSteal":0.0,"percentageGuest":0.0},{"timestamp":"2020-05-08T14:30:00Z","percentageCpuUsage":0.0,"percentageUser":0.0,"percentageNice":0.0,"percentageSys":0.0,"percentageIdle":0.0,"percentageIoWait":0.0,"percentageHardIrq":0.0,"percentageSoftIrq":0.0,"percentageSteal":0.0,"percentageGuest":0.0},{"timestamp":"2020-05-07T14:30:00Z","percentageCpuUsage":0.0,"percentageUser":0.0,"percentageNice":0.0,"percentageSys":0.0,"percentageIdle":0.0,"percentageIoWait":0.0,"percentageHardIrq":0.0,"percentageSoftIrq":0.0,"percentageSteal":0.0,"percentageGuest":0.0},{"timestamp":"2020-05-06T14:30:00Z","percentageCpuUsage":0.0,"percentageUser":0.0,"percentageNice":0.0,"percentageSys":0.0,"percentageIdle":0.0,"percentageIoWait":0.0,"percentageHardIrq":0.0,"percentageSoftIrq":0.0,"percentageSteal":0.0,"percentageGuest":0.0},{"timestamp":"2020-05-05T14:30:00Z","percentageCpuUsage":0.0,"percentageUser":0.0,"percentageNice":0.0,"percentageSys":0.0,"percentageIdle":0.0,"percentageIoWait":0.0,"percentageHardIrq":0.0,"percentageSoftIrq":0.0,"percentageSteal":0.0,"percentageGuest":0.0},{"timestamp":"2020-05-04T14:30:00Z","percentageCpuUsage":0.0,"percentageUser":0.0,"percentageNice":0.0,"percentageSys":0.0,"percentageIdle":0.0,"percentageIoWait":0.0,"percentageHardIrq":0.0,"percentageSoftIrq":0.0,"percentageSteal":0.0,"percentageGuest":0.0},{"timestamp":"2020-05-03T14:30:00Z","percentageCpuUsage":0.0,"percentageUser":0.0,"percentageNice":0.0,"percentageSys":0.0,"percentageIdle":0.0,"percentageIoWait":0.0,"percentageHardIrq":0.0,"percentageSoftIrq":0.0,"percentageSteal":0.0,"percentageGuest":0.0},{"timestamp":"2020-05-02T14:30:00Z","percentageCpuUsage":0.0,"percentageUser":0.0,"percentageNice":0.0,"percentageSys":0.0,"percentageIdle":0.0,"percentageIoWait":0.0,"percentageHardIrq":0.0,"percentageSoftIrq":0.0,"percentageSteal":0.0,"percentageGuest":0.0},{"timestamp":"2020-05-01T14:30:00Z","percentageCpuUsage":0.0,"percentageUser":0.0,"percentageNice":0.0,"percentageSys":0.0,"percentageIdle":0.0,"percentageIoWait":0.0,"percentageHardIrq":0.0,"percentageSoftIrq":0.0,"percentageSteal":0.0,"percentageGuest":0.0},{"timestamp":"2020-04-30T14:30:00Z","percentageCpuUsage":0.0,"percentageUser":0.0,"percentageNice":0.0,"percentageSys":0.0,"percentageIdle":0.0,"percentageIoWait":0.0,"percentageHardIrq":0.0,"percentageSoftIrq":0.0,"percentageSteal":0.0,"percentageGuest":0.0},{"timestamp":"2020-04-29T14:30:00Z","percentageCpuUsage":0.0,"percentageUser":0.0,"percentageNice":0.0,"percentageSys":0.0,"percentageIdle":0.0,"percentageIoWait":0.0,"percentageHardIrq":0.0,"percentageSoftIrq":0.0,"percentageSteal":0.0,"percentageGuest":0.0},{"timestamp":"2020-04-28T14:30:00Z","percentageCpuUsage":0.0,"percentageUser":0.0,"percentageNice":0.0,"percentageSys":0.0,"percentageIdle":0.0,"percentageIoWait":0.0,"percentageHardIrq":0.0,"percentageSoftIrq":0.0,"percentageSteal":0.0,"percentageGuest":0.0},{"timestamp":"2020-04-27T14:30:00Z","percentageCpuUsage":0.0,"percentageUser":0.0,"percentageNice":0.0,"percentageSys":0.0,"percentageIdle":0.0,"percentageIoWait":0.0,"percentageHardIrq":0.0,"percentageSoftIrq":0.0,"percentageSteal":0.0,"percentageGuest":0.0},{"timestamp":"2020-04-26T14:30:00Z","percentageCpuUsage":0.0,"percentageUser":0.0,"percentageNice":0.0,"percentageSys":0.0,"percentageIdle":0.0,"percentageIoWait":0.0,"percentageHardIrq":0.0,"percentageSoftIrq":0.0,"percentageSteal":0.0,"percentageGuest":0.0},{"timestamp":"2020-04-25T14:30:00Z","percentageCpuUsage":0.0,"percentageUser":0.0,"percentageNice":0.0,"percentageSys":0.0,"percentageIdle":0.0,"percentageIoWait":0.0,"percentageHardIrq":0.0,"percentageSoftIrq":0.0,"percentageSteal":0.0,"percentageGuest":0.0},{"timestamp":"2020-04-24T14:30:00Z","percentageCpuUsage":0.0,"percentageUser":0.0,"percentageNice":0.0,"percentageSys":0.0,"percentageIdle":0.0,"percentageIoWait":0.0,"percentageHardIrq":0.0,"percentageSoftIrq":0.0,"percentageSteal":0.0,"percentageGuest":0.0},{"timestamp":"2020-04-23T14:30:00Z","percentageCpuUsage":0.0,"percentageUser":0.0,"percentageNice":0.0,"percentageSys":0.0,"percentageIdle":0.0,"percentageIoWait":0.0,"percentageHardIrq":0.0,"percentageSoftIrq":0.0,"percentageSteal":0.0,"percentageGuest":0.0},{"timestamp":"2020-04-22T14:30:00Z","percentageCpuUsage":0.0,"percentageUser":0.0,"percentageNice":0.0,"percentageSys":0.0,"percentageIdle":0.0,"percentageIoWait":0.0,"percentageHardIrq":0.0,"percentageSoftIrq":0.0,"percentageSteal":0.0,"percentageGuest":0.0},{"timestamp":"2020-04-21T14:30:00Z","percentageCpuUsage":0.0,"percentageUser":0.0,"percentageNice":0.0,"percentageSys":0.0,"percentageIdle":0.0,"percentageIoWait":0.0,"percentageHardIrq":0.0,"percentageSoftIrq":0.0,"percentageSteal":0.0,"percentageGuest":0.0},{"timestamp":"2020-04-20T14:30:00Z","percentageCpuUsage":0.0,"percentageUser":0.0,"percentageNice":0.0,"percentageSys":0.0,"percentageIdle":0.0,"percentageIoWait":0.0,"percentageHardIrq":0.0,"percentageSoftIrq":0.0,"percentageSteal":0.0,"percentageGuest":0.0},{"timestamp":"2020-04-19T14:30:00Z","percentageCpuUsage":0.0,"percentageUser":0.0,"percentageNice":0.0,"percentageSys":0.0,"percentageIdle":0.0,"percentageIoWait":0.0,"percentageHardIrq":0.0,"percentageSoftIrq":0.0,"percentageSteal":0.0,"percentageGuest":0.0},{"timestamp":"2020-04-18T14:30:00Z","percentageCpuUsage":0.0,"percentageUser":0.0,"percentageNice":0.0,"percentageSys":0.0,"percentageIdle":0.0,"percentageIoWait":0.0,"percentageHardIrq":0.0,"percentageSoftIrq":0.0,"percentageSteal":0.0,"percentageGuest":0.0},{"timestamp":"2020-04-17T14:30:00Z","percentageCpuUsage":0.0,"percentageUser":0.0,"percentageNice":0.0,"percentageSys":0.0,"percentageIdle":0.0,"percentageIoWait":0.0,"percentageHardIrq":0.0,"percentageSoftIrq":0.0,"percentageSteal":0.0,"percentageGuest":0.0},{"timestamp":"2020-04-16T14:30:00Z","percentageCpuUsage":0.0,"percentageUser":0.0,"percentageNice":0.0,"percentageSys":0.0,"percentageIdle":0.0,"percentageIoWait":0.0,"percentageHardIrq":0.0,"percentageSoftIrq":0.0,"percentageSteal":0.0,"percentageGuest":0.0},{"timestamp":"2020-04-15T14:30:00Z","percentageCpuUsage":0.0,"percentageUser":0.0,"percentageNice":0.0,"percentageSys":0.0,"percentageIdle":0.0,"percentageIoWait":0.0,"percentageHardIrq":0.0,"percentageSoftIrq":0.0,"percentageSteal":0.0,"percentageGuest":0.0},{"timestamp":"2020-04-14T14:30:00Z","percentageCpuUsage":0.0,"percentageUser":0.0,"percentageNice":0.0,"percentageSys":0.0,"percentageIdle":0.0,"percentageIoWait":0.0,"percentageHardIrq":0.0,"percentageSoftIrq":0.0,"percentageSteal":0.0,"percentageGuest":0.0},{"timestamp":"2020-04-13T14:30:00Z","percentageCpuUsage":0.0,"percentageUser":0.0,"percentageNice":0.0,"percentageSys":0.0,"percentageIdle":0.0,"percentageIoWait":0.0,"percentageHardIrq":0.0,"percentageSoftIrq":0.0,"percentageSteal":0.0,"percentageGuest":0.0},{"timestamp":"2020-04-12T14:30:00Z","percentageCpuUsage":0.0,"percentageUser":0.0,"percentageNice":0.0,"percentageSys":0.0,"percentageIdle":0.0,"percentageIoWait":0.0,"percentageHardIrq":0.0,"percentageSoftIrq":0.0,"percentageSteal":0.0,"percentageGuest":0.0},{"timestamp":"2020-04-11T14:30:00Z","percentageCpuUsage":0.0,"percentageUser":0.0,"percentageNice":0.0,"percentageSys":0.0,"percentageIdle":0.0,"percentageIoWait":0.0,"percentageHardIrq":0.0,"percentageSoftIrq":0.0,"percentageSteal":0.0,"percentageGuest":0.0},{"timestamp":"2020-04-10T14:30:00Z","percentageCpuUsage":0.0,"percentageUser":0.0,"percentageNice":0.0,"percentageSys":0.0,"percentageIdle":0.0,"percentageIoWait":0.0,"percentageHardIrq":0.0,"percentageSoftIrq":0.0,"percentageSteal":0.0,"percentageGuest":0.0},{"timestamp":"2020-04-09T14:30:00Z","percentageCpuUsage":0.0,"percentageUser":0.0,"percentageNice":0.0,"percentageSys":0.0,"percentageIdle":0.0,"percentageIoWait":0.0,"percentageHardIrq":0.0,"percentageSoftIrq":0.0,"percentageSteal":0.0,"percentageGuest":0.0},{"timestamp":"2020-04-08T14:30:00Z","percentageCpuUsage":0.0,"percentageUser":0.0,"percentageNice":0.0,"percentageSys":0.0,"percentageIdle":0.0,"percentageIoWait":0.0,"percentageHardIrq":0.0,"percentageSoftIrq":0.0,"percentageSteal":0.0,"percentageGuest":0.0},{"timestamp":"2020-04-07T14:30:00Z","percentageCpuUsage":0.0,"percentageUser":0.0,"percentageNice":0.0,"percentageSys":0.0,"percentageIdle":0.0,"percentageIoWait":0.0,"percentageHardIrq":0.0,"percentageSoftIrq":0.0,"percentageSteal":0.0,"percentageGuest":0.0},{"timestamp":"2020-04-06T14:30:00Z","percentageCpuUsage":0.0,"percentageUser":0.0,"percentageNice":0.0,"percentageSys":0.0,"percentageIdle":0.0,"percentageIoWait":0.0,"percentageHardIrq":0.0,"percentageSoftIrq":0.0,"percentageSteal":0.0,"percentageGuest":0.0},{"timestamp":"2020-04-05T14:30:00Z","percentageCpuUsage":0.0,"percentageUser":0.0,"percentageNice":0.0,"percentageSys":0.0,"percentageIdle":0.0,"percentageIoWait":0.0,"percentageHardIrq":0.0,"percentageSoftIrq":0.0,"percentageSteal":0.0,"percentageGuest":0.0},{"timestamp":"2020-04-04T14:30:00Z","percentageCpuUsage":0.0,"percentageUser":0.0,"percentageNice":0.0,"percentageSys":0.0,"percentageIdle":0.0,"percentageIoWait":0.0,"percentageHardIrq":0.0,"percentageSoftIrq":0.0,"percentageSteal":0.0,"percentageGuest":0.0},{"timestamp":"2020-04-03T14:30:00Z","percentageCpuUsage":0.0,"percentageUser":0.0,"percentageNice":0.0,"percentageSys":0.0,"percentageIdle":0.0,"percentageIoWait":0.0,"percentageHardIrq":0.0,"percentageSoftIrq":0.0,"percentageSteal":0.0,"percentageGuest":0.0},{"timestamp":"2020-04-02T14:30:00Z","percentageCpuUsage":0.0,"percentageUser":0.0,"percentageNice":0.0,"percentageSys":0.0,"percentageIdle":0.0,"percentageIoWait":0.0,"percentageHardIrq":0.0,"percentageSoftIrq":0.0,"percentageSteal":0.0,"percentageGuest":0.0},{"timestamp":"2020-04-01T14:30:00Z","percentageCpuUsage":0.0,"percentageUser":0.0,"percentageNice":0.0,"percentageSys":0.0,"percentageIdle":0.0,"percentageIoWait":0.0,"percentageHardIrq":0.0,"percentageSoftIrq":0.0,"percentageSteal":0.0,"percentageGuest":0.0},{"timestamp":"2020-03-31T14:30:00Z","percentageCpuUsage":0.0,"percentageUser":0.0,"percentageNice":0.0,"percentageSys":0.0,"percentageIdle":0.0,"percentageIoWait":0.0,"percentageHardIrq":0.0,"percentageSoftIrq":0.0,"percentageSteal":0.0,"percentageGuest":0.0},{"timestamp":"2020-03-30T14:30:00Z","percentageCpuUsage":0.0,"percentageUser":0.0,"percentageNice":0.0,"percentageSys":0.0,"percentageIdle":0.0,"percentageIoWait":0.0,"percentageHardIrq":0.0,"percentageSoftIrq":0.0,"percentageSteal":0.0,"percentageGuest":0.0},{"timestamp":"2020-03-29T14:30:00Z","percentageCpuUsage":0.0,"percentageUser":0.0,"percentageNice":0.0,"percentageSys":0.0,"percentageIdle":0.0,"percentageIoWait":0.0,"percentageHardIrq":0.0,"percentageSoftIrq":0.0,"percentageSteal":0.0,"percentageGuest":0.0},{"timestamp":"2020-03-28T14:30:00Z","percentageCpuUsage":0.0,"percentageUser":0.0,"percentageNice":0.0,"percentageSys":0.0,"percentageIdle":0.0,"percentageIoWait":0.0,"percentageHardIrq":0.0,"percentageSoftIrq":0.0,"percentageSteal":0.0,"percentageGuest":0.0},{"timestamp":"2020-03-27T14:30:00Z","percentageCpuUsage":0.0,"percentageUser":0.0,"percentageNice":0.0,"percentageSys":0.0,"percentageIdle":0.0,"percentageIoWait":0.0,"percentageHardIrq":0.0,"percentageSoftIrq":0.0,"percentageSteal":0.0,"percentageGuest":0.0},{"timestamp":"2020-03-26T14:30:00Z","percentageCpuUsage":0.0,"percentageUser":0.0,"percentageNice":0.0,"percentageSys":0.0,"percentageIdle":0.0,"percentageIoWait":0.0,"percentageHardIrq":0.0,"percentageSoftIrq":0.0,"percentageSteal":0.0,"percentageGuest":0.0},{"timestamp":"2020-03-25T14:30:00Z","percentageCpuUsage":0.0,"percentageUser":0.0,"percentageNice":0.0,"percentageSys":0.0,"percentageIdle":0.0,"percentageIoWait":0.0,"percentageHardIrq":0.0,"percentageSoftIrq":0.0,"percentageSteal":0.0,"percentageGuest":0.0},{"timestamp":"2020-03-24T14:30:00Z","percentageCpuUsage":0.0,"percentageUser":0.0,"percentageNice":0.0,"percentageSys":0.0,"percentageIdle":0.0,"percentageIoWait":0.0,"percentageHardIrq":0.0,"percentageSoftIrq":0.0,"percentageSteal":0.0,"percentageGuest":0.0},{"timestamp":"2020-03-23T14:30:00Z","percentageCpuUsage":0.0,"percentageUser":0.0,"percentageNice":0.0,"percentageSys":0.0,"percentageIdle":0.0,"percentageIoWait":0.0,"percentageHardIrq":0.0,"percentageSoftIrq":0.0,"percentageSteal":0.0,"percentageGuest":0.0},{"timestamp":"2020-03-22T14:30:00Z","percentageCpuUsage":0.0,"percentageUser":0.0,"percentageNice":0.0,"percentageSys":0.0,"percentageIdle":0.0,"percentageIoWait":0.0,"percentageHardIrq":0.0,"percentageSoftIrq":0.0,"percentageSteal":0.0,"percentageGuest":0.0},{"timestamp":"2020-03-21T14:30:00Z","percentageCpuUsage":0.0,"percentageUser":0.0,"percentageNice":0.0,"percentageSys":0.0,"percentageIdle":0.0,"percentageIoWait":0.0,"percentageHardIrq":0.0,"percentageSoftIrq":0.0,"percentageSteal":0.0,"percentageGuest":0.0},{"timestamp":"2020-03-20T14:30:00Z","percentageCpuUsage":0.0,"percentageUser":0.0,"percentageNice":0.0,"percentageSys":0.0,"percentageIdle":0.0,"percentageIoWait":0.0,"percentageHardIrq":0.0,"percentageSoftIrq":0.0,"percentageSteal":0.0,"percentageGuest":0.0},{"timestamp":"2020-03-19T14:30:00Z","percentageCpuUsage":0.0,"percentageUser":0.0,"percentageNice":0.0,"percentageSys":0.0,"percentageIdle":0.0,"percentageIoWait":0.0,"percentageHardIrq":0.0,"percentageSoftIrq":0.0,"percentageSteal":0.0,"percentageGuest":0.0},{"timestamp":"2020-03-18T14:30:00Z","percentageCpuUsage":0.0,"percentageUser":0.0,"percentageNice":0.0,"percentageSys":0.0,"percentageIdle":0.0,"percentageIoWait":0.0,"percentageHardIrq":0.0,"percentageSoftIrq":0.0,"percentageSteal":0.0,"percentageGuest":0.0},{"timestamp":"2020-03-17T14:30:00Z","percentageCpuUsage":0.0,"percentageUser":0.0,"percentageNice":0.0,"percentageSys":0.0,"percentageIdle":0.0,"percentageIoWait":0.0,"percentageHardIrq":0.0,"percentageSoftIrq":0.0,"percentageSteal":0.0,"percentageGuest":0.0},{"timestamp":"2020-03-16T14:30:00Z","percentageCpuUsage":0.0,"percentageUser":0.0,"percentageNice":0.0,"percentageSys":0.0,"percentageIdle":0.0,"percentageIoWait":0.0,"percentageHardIrq":0.0,"percentageSoftIrq":0.0,"percentageSteal":0.0,"percentageGuest":0.0},{"timestamp":"2020-03-15T14:30:00Z","percentageCpuUsage":0.0,"percentageUser":0.0,"percentageNice":0.0,"percentageSys":0.0,"percentageIdle":0.0,"percentageIoWait":0.0,"percentageHardIrq":0.0,"percentageSoftIrq":0.0,"percentageSteal":0.0,"percentageGuest":0.0},{"timestamp":"2020-03-14T14:30:00Z","percentageCpuUsage":0.0,"percentageUser":0.0,"percentageNice":0.0,"percentageSys":0.0,"percentageIdle":0.0,"percentageIoWait":0.0,"percentageHardIrq":0.0,"percentageSoftIrq":0.0,"percentageSteal":0.0,"percentageGuest":0.0},{"timestamp":"2020-03-13T14:30:00Z","percentageCpuUsage":0.0,"percentageUser":0.0,"percentageNice":0.0,"percentageSys":0.0,"percentageIdle":0.0,"percentageIoWait":0.0,"percentageHardIrq":0.0,"percentageSoftIrq":0.0,"percentageSteal":0.0,"percentageGuest":0.0},{"timestamp":"2020-03-12T14:30:00Z","percentageCpuUsage":0.0,"percentageUser":0.0,"percentageNice":0.0,"percentageSys":0.0,"percentageIdle":0.0,"percentageIoWait":0.0,"percentageHardIrq":0.0,"percentageSoftIrq":0.0,"percentageSteal":0.0,"percentageGuest":0.0},{"timestamp":"2020-03-11T14:30:00Z","percentageCpuUsage":0.0,"percentageUser":0.0,"percentageNice":0.0,"percentageSys":0.0,"percentageIdle":0.0,"percentageIoWait":0.0,"percentageHardIrq":0.0,"percentageSoftIrq":0.0,"percentageSteal":0.0,"percentageGuest":0.0},{"timestamp":"2020-03-10T14:30:00Z","percentageCpuUsage":0.0,"percentageUser":0.0,"percentageNice":0.0,"percentageSys":0.0,"percentageIdle":0.0,"percentageIoWait":0.0,"percentageHardIrq":0.0,"percentageSoftIrq":0.0,"percentageSteal":0.0,"percentageGuest":0.0},{"timestamp":"2020-03-09T14:30:00Z","percentageCpuUsage":0.0,"percentageUser":0.0,"percentageNice":0.0,"percentageSys":0.0,"percentageIdle":0.0,"percentageIoWait":0.0,"percentageHardIrq":0.0,"percentageSoftIrq":0.0,"percentageSteal":0.0,"percentageGuest":0.0},{"timestamp":"2020-03-08T14:30:00Z","percentageCpuUsage":0.0,"percentageUser":0.0,"percentageNice":0.0,"percentageSys":0.0,"percentageIdle":0.0,"percentageIoWait":0.0,"percentageHardIrq":0.0,"percentageSoftIrq":0.0,"percentageSteal":0.0,"percentageGuest":0.0},{"timestamp":"2020-03-07T15:00:00Z","percentageCpuUsage":0.0,"percentageUser":0.0,"percentageNice":0.0,"percentageSys":0.0,"percentageIdle":0.0,"percentageIoWait":0.0,"percentageHardIrq":0.0,"percentageSoftIrq":0.0,"percentageSteal":0.0,"percentageGuest":0.0}],"numMembers":365}
