{"members":[{"timestamp":"2021-03-07T02:05:30Z","physicalMemoryBytes":24878755840,"availableMemoryBytes":15275063488,"percentageMemoryUsage":38.602,"totalSwapBytes":62999490560,"availableSwapBytes":62995812352},{"timestamp":"2021-03-07T02:01:30Z","physicalMemoryBytes":24878755840,"availableMemoryBytes":15283521590,"percentageMemoryUsage":38.568,"totalSwapBytes":62999490560,"availableSwapBytes":62995812352},{"timestamp":"2021-03-07T01:57:30Z","physicalMemoryBytes":24878755840,"availableMemoryBytes":15279945567,"percentageMemoryUsage":38.5824,"totalSwapBytes":62999490560,"availableSwapBytes":62995812352},{"timestamp":"2021-03-07T01:53:30Z","physicalMemoryBytes":24878755840,"availableMemoryBytes":15275250907,"percentageMemoryUsage":38.6012,"totalSwapBytes":62999490560,"availableSwapBytes":62995812352},{"timestamp":"2021-03-07T01:50:00Z","physicalMemoryBytes":24878755840,"availableMemoryBytes":15280992473,"percentageMemoryUsage":38.5781,"totalSwapBytes":62999490560,"availableSwapBytes":62995812352},{"timestamp":"2021-03-07T01:46:30Z","physicalMemoryBytes":24878755840,"availableMemoryBytes":15277685708,"percentageMemoryUsage":38.5914,"totalSwapBytes":62999490560,"availableSwapBytes":62995812352},{"timestamp":"2021-03-07T01:42:30Z","physicalMemoryBytes":24878755840,"availableMemoryBytes":15283375571,"percentageMemoryUsage":38.5686,"totalSwapBytes":62999490560,"availableSwapBytes":62995812352},{"timestamp":"2021-03-07T01:38:30Z","physicalMemoryBytes":24878755840,"availableMemoryBytes":15276042143,"percentageMemoryUsage":38.598,"totalSwapBytes":62999490560,"availableSwapBytes":62995812352},{"timestamp":"2021-03-07T01:34:30Z","physicalMemoryBytes":24878755840,"availableMemoryBytes":15281343096,"percentageMemoryUsage":38.5767,"totalSwapBytes":62999490560,"availableSwapBytes":62995812352},{"timestamp":"2021-03-07T01:31:00Z","physicalMemoryBytes":24878755840,"availableMemoryBytes":15283455956,"percentageMemoryUsage":38.5682,"totalSwapBytes":62999490560,"availableSwapBytes":62995812352},{"timestamp":"2021-03-07T01:27:30Z","physicalMemoryBytes":24878755840,"availableMemoryBytes":15281100718,"percentageMemoryUsage":38.5777,"totalSwapBytes":62999490560,"availableSwapBytes":62995812352},{"timestamp":"2021-03-07T01:23:30Z","physicalMemoryBytes":24878755840,"availableMemoryBytes":15279552712,"percentageMemoryUsage":38.5839,"totalSwapBytes":62999490560,"availableSwapBytes":62995812352},{"timestamp":"2021-03-07T01:19:30Z","physicalMemoryBytes":24878755840,"availableMemoryBytes":15273658088,"percentageMemoryUsage":38.6076,"totalSwapBytes":62999490560,"availableSwapBytes":62995812352},{"timestamp":"2021-03-07T01:16:00Z","physicalMemoryBytes":24878755840,"availableMemoryBytes":15274002398,"percentageMemoryUsage":38.6062,"totalSwapBytes":62999490560,"availableSwapBytes":62995812352},{"timestamp":"2021-03-07T01:12:30Z","physicalMemoryBytes":24878755840,"availableMemoryBytes":15272602976,"percentageMemoryUsage":38.6119,"totalSwapBytes":62999490560,"availableSwapBytes":62995812352},{"timestamp":"2021-03-07T01:08:30Z","physicalMemoryBytes":24878755840,"availableMemoryBytes":15280245334,"percentageMemoryUsage":38.5812,"totalSwapBytes":62999490560,"availableSwapBytes":62995812352},{"timestamp":"2021-03-07T01:04:30Z","physicalMemoryBytes":24878755840,"availableMemoryBytes":15288137949,"percentageMemoryUsage":38.5494,"totalSwapBytes":62999490560,"availableSwapBytes":62995812352},{"timestamp":"2021-03-07T01:00:30Z","physicalMemoryBytes":24878755840,"availableMemoryBytes":15272786819,"percentageMemoryUsage":38.6111,"totalSwapBytes":62999490560,"availableSwapBytes":62995812352},{"timestamp":"2021-03-07T00:57:00Z","physicalMemoryBytes":24878755840,"availableMemoryBytes":15284577124,"percentageMemoryUsage":38.5637,"totalSwapBytes":62999490560,"availableSwapBytes":62995812352},{"timestamp":"2021-03-07T00:53:30Z","physicalMemoryBytes":24878755840,"availableMemoryBytes":15272601332,"percentageMemoryUsage":38.6119,"totalSwapBytes":62999490560,"availableSwapBytes":62995812352},{"timestamp":"2021-03-07T00:49:30Z","physicalMemoryBytes":24878755840,"availableMemoryBytes":15282132576,"percentageMemoryUsage":38.5736,"totalSwapBytes":62999490560,"availableSwapBytes":62995812352},{"timestamp":"2021-03-07T00:45:30Z","physicalMemoryBytes":24878755840,"availableMemoryBytes":15282689782,"percentageMemoryUsage":38.5713,"totalSwapBytes":62999490560,"availableSwapBytes":62995812352},{"timestamp":"2021-03-07T00:42:00Z","physicalMemoryBytes":24878755840,"availableMemoryBytes":15276754984,"percentageMemoryUsage":38.5952,"totalSwapBytes":62999490560,"availableSwapBytes":62995812352},{"timestamp":"2021-03-07T00:38:30Z","physicalMemoryBytes":24878755840,"availableMemoryBytes":15284969908,"percentageMemoryUsage":38.5622,"totalSwapBytes":62999490560,"availableSwapBytes":62995812352},{"timestamp":"2021-03-07T00:34:30Z","physicalMemoryBytes":24878755840,"availableMemoryBytes":15279174360,"percentageMemoryUsage":38.5855,"totalSwapBytes":62999490560,"availableSwapBytes":62995812352},{"timestamp":"2021-03-07T00:30:30Z","physicalMemoryBytes":24878755840,"availableMemoryBytes":15281976872,"percentageMemoryUsage":38.5742,"totalSwapBytes":62999490560,"availableSwapBytes":62995812352},{"timestamp":"2021-03-07T00:26:30Z","physicalMemoryBytes":24878755840,"availableMemoryBytes":15284334965,"percentageMemoryUsage":38.5647,"totalSwapBytes":62999490560,"availableSwapBytes":62995812352},{"timestamp":"2021-03-07T00:23:00Z","physicalMemoryBytes":24878755840,"availableMemoryBytes":15284531726,"percentageMemoryUsage":38.5639,"totalSwapBytes":62999490560,"availableSwapBytes":62995812352},{"timestamp":"2021-03-07T00:19:30Z","physicalMemoryBytes":24878755840,"availableMemoryBytes":15283499478,"percentageMemoryUsage":38.5681,"totalSwapBytes":62999490560,"availableSwapBytes":62995812352},{"timestamp":"2021-03-07T00:15:30Z","physicalMemoryBytes":24878755840,"availableMemoryBytes":15285899720,"percentageMemoryUsage":38.5584,"totalSwapBytes":62999490560,"availableSwapBytes":62995812352},{"timestamp":"2021-03-07T00:11:30Z","physicalMemoryBytes":24878755840,"availableMemoryBytes":15281475288,"percentageMemoryUsage":38.5762,"totalSwapBytes":62999490560,"availableSwapBytes":62995812352},{"timestamp":"2021-03-07T00:08:00Z","physicalMemoryBytes":24878755840,"availableMemoryBytes":15275194173,"percentageMemoryUsage":38.6015,"totalSwapBytes":62999490560,"availableSwapBytes":62995812352},{"timestamp":"2021-03-07T00:04:30Z","physicalMemoryBytes":24878755840,"availableMemoryBytes":15282949159,"percentageMemoryUsage":38.5703,"totalSwapBytes":62999490560,"availableSwapBytes":62995812352},{"timestamp":"2021-03-07T00:00:30Z","physicalMemoryBytes":24878755840,"availableMemoryBytes":15289064379,"percentageMemoryUsage":38.5457,"totalSwapBytes":62999490560,"availableSwapBytes":62995812352},{"timestamp":"2021-03-06T23:56:30Z","physicalMemoryBytes":24878755840,"availableMemoryBytes":15293342702,"percentageMemoryUsage":38.5285,"totalSwapBytes":62999490560,"availableSwapBytes":62995812352},{"timestamp":"2021-03-06T23:52:30Z","physicalMemoryBytes":24878755840,"availableMemoryBytes":15283720056,"percentageMemoryUsage":38.5672,"totalSwapBytes":62999490560,"availableSwapBytes":62995812352},{"timestamp":"2021-03-06T23:49:00Z","physicalMemoryBytes":24878755840,"availableMemoryBytes":15282925198,"percentageMemoryUsage":38.5704,"totalSwapBytes":62999490560,"availableSwapBytes":62995812352},{"timestamp":"2021-03-06T23:45:30Z","physicalMemoryBytes":24878755840,"availableMemoryBytes":15280789818,"percentageMemoryUsage":38.579,"totalSwapBytes":62999490560,"availableSwapBytes":62995812352},{"timestamp":"2021-03-06T23:41:30Z","physicalMemoryBytes":24878755840,"availableMemoryBytes":15285791371,"percentageMemoryUsage":38.5589,"totalSwapBytes":62999490560,"availableSwapBytes":62995812352},{"timestamp":"2021-03-06T23:37:30Z","physicalMemoryBytes":24878755840,"availableMemoryBytes":15274716818,"percentageMemoryUsage":38.6034,"totalSwapBytes":62999490560,"availableSwapBytes":62995812352},{"timestamp":"2021-03-06T23:33:30Z","physicalMemoryBytes":24878755840,"availableMemoryBytes":15288785287,"percentageMemoryUsage":38.5468,"totalSwapBytes":62999490560,"availableSwapBytes":62995812352},{"timestamp":"2021-03-06T23:30:00Z","physicalMemoryBytes":24878755840,"availableMemoryBytes":15289686217,"percentageMemoryUsage":38.5432,"totalSwapBytes":62999490560,"availableSwapBytes":62995812352},{"timestamp":"2021-03-06T23:26:30Z","physicalMemoryBytes":24878755840,"availableMemoryBytes":15275009370,"percentageMemoryUsage":38.6022,"totalSwapBytes":62999490560,"availableSwapBytes":62995812352},{"timestamp":"2021-03-06T23:22:30Z","physicalMemoryBytes":24878755840,"availableMemoryBytes":15278294967,"percentageMemoryUsage":38.589,"totalSwapBytes":62999490560,"availableSwapBytes":62995812352},{"timestamp":"2021-03-06T23:18:30Z","physicalMemoryBytes":24878755840,"availableMemoryBytes":15288261337,"percentageMemoryUsage":38.5489,"totalSwapBytes":62999490560,"availableSwapBytes":62995812352},{"timestamp":"2021-03-06T23:15:00Z","physicalMemoryBytes":24878755840,"availableMemoryBytes":15281889283,"percentageMemoryUsage":38.5745,"totalSwapBytes":62999490560,"availableSwapBytes":62995812352},{"timestamp":"2021-03-06T23:11:30Z","physicalMemoryBytes":24878755840,"availableMemoryBytes":15291235476,"percentageMemoryUsage":38.537,"totalSwapBytes":62999490560,"availableSwapBytes":62995812352},{"timestamp":"2021-03-06T23:07:30Z","physicalMemoryBytes":24878755840,"availableMemoryBytes":15283990559,"percentageMemoryUsage":38.5661,"totalSwapBytes":62999490560,"availableSwapBytes":62995812352},{"timestamp":"2021-03-06T23:03:30Z","physicalMemoryBytes":24878755840,"availableMemoryBytes":15284451101,"percentageMemoryUsage":38.5642,"totalSwapBytes":62999490560,"availableSwapBytes":62995812352},{"timestamp":"2021-03-06T22:59:30Z","physicalMemoryBytes":24878755840,"availableMemoryBytes":15283300502,"percentageMemoryUsage":38.5689,"totalSwapBytes":62999490560,"availableSwapBytes":62995812352},{"timestamp":"2021-03-06T22:56:00Z","physicalMemoryBytes":24878755840,"availableMemoryBytes":15286159135,"percentageMemoryUsage":38.5574,"totalSwapBytes":62999490560,"availableSwapBytes":62995812352},{"timestamp":"2021-03-06T22:52:30Z","physicalMemoryBytes":24878755840,"availableMemoryBytes":15279860268,"percentageMemoryUsage":38.5827,"totalSwapBytes":62999490560,"availableSwapBytes":62995812352},{"timestamp":"2021-03-06T22:48:30Z","physicalMemoryBytes":24878755840,"availableMemoryBytes":15286801091,"percentageMemoryUsage":38.5548,"totalSwapBytes":62999490560,"availableSwapBytes":62995812352},{"timestamp":"2021-03-06T22:44:30Z","physicalMemoryBytes":24878755840,"availableMemoryBytes":15284573736,"percentageMemoryUsage":38.5638,"totalSwapBytes":62999490560,"availableSwapBytes":62995812352},{"timestamp":"2021-03-06T22:41:00Z","physicalMemoryBytes":24878755840,"availableMemoryBytes":15276865129,"percentageMemoryUsage":38.5947,"totalSwapBytes":62999490560,"availableSwapBytes":62995812352},{"timestamp":"2021-03-06T22:37:30Z","physicalMemoryBytes":24878755840,"availableMemoryBytes":15288986989,"percentageMemoryUsage":38.546,"totalSwapBytes":62999490560,"availableSwapBytes":62995812352},{"timestamp":"2021-03-06T22:33:30Z","physicalMemoryBytes":24878755840,"availableMemoryBytes":15285454409,"percentageMemoryUsage":38.5602,"totalSwapBytes":62999490560,"availableSwapBytes":62995812352},{"timestamp":"2021-03-06T22:29:30Z","physicalMemoryBytes":24878755840,"availableMemoryBytes":15292559324,"percentageMemoryUsage":38.5317,"totalSwapBytes":62999490560,"availableSwapBytes":62995812352},{"timestamp":"2021-03-06T22:25:30Z","physicalMemoryBytes":24878755840,"availableMemoryBytes":15288551880,"percentageMemoryUsage":38.5478,"totalSwapBytes":62999490560,"availableSwapBytes":62995812352},{"timestamp":"2021-03-06T22:22:00Z","physicalMemoryBytes":24878755840,"availableMemoryBytes":15285531725,"percentageMemoryUsage":38.5599,"totalSwapBytes":62999490560,"availableSwapBytes":62995812352},{"timestamp":"2021-03-06T22:18:30Z","physicalMemoryBytes":24878755840,"availableMemoryBytes":15287500321,"percentageMemoryUsage":38.552,"totalSwapBytes":62999490560,"availableSwapBytes":62995812352},{"timestamp":"2021-03-06T22:14:30Z","physicalMemoryBytes":24878755840,"availableMemoryBytes":15288668276,"percentageMemoryUsage":38.5473,"totalSwapBytes":62999490560,"availableSwapBytes":62995812352},{"timestamp":"2021-03-06T22:10:30Z","physicalMemoryBytes":24878755840,"availableMemoryBytes":15276698717,"percentageMemoryUsage":38.5954,"totalSwapBytes":62999490560,"availableSwapBytes":62995812352},{"timestamp":"2021-03-06T22:07:00Z","physicalMemoryBytes":24878755840,"availableMemoryBytes":15287718651,"percentageMemoryUsage":38.5511,"totalSwapBytes":62999490560,"availableSwapBytes":62995812352},{"timestamp":"2021-03-06T22:03:30Z","physicalMemoryBytes":24878755840,"availableMemoryBytes":15282806661,"percentageMemoryUsage":38.5709,"totalSwapBytes":62999490560,"availableSwapBytes":62995812352},{"timestamp":"2021-03-06T21:59:30Z","physicalMemoryBytes":24878755840,"availableMemoryBytes":15280763816,"percentageMemoryUsage":38.5791,"totalSwapBytes":62999490560,"availableSwapBytes":62995812352},{"timestamp":"2021-03-06T21:55:30Z","physicalMemoryBytes":24878755840,"availableMemoryBytes":15279934986,"percentageMemoryUsage":38.5824,"totalSwapBytes":62999490560,"availableSwapBytes":62995812352},{"timestamp":"2021-03-06T21:51:30Z","physicalMemoryBytes":24878755840,"availableMemoryBytes":15290429521,"percentageMemoryUsage":38.5402,"totalSwapBytes":62999490560,"availableSwapBytes":62995812352},{"timestamp":"2021-03-06T21:48:00Z","physicalMemoryBytes":24878755840,"availableMemoryBytes":15280408817,"percentageMemoryUsage":38.5805,"totalSwapBytes":62999490560,"availableSwapBytes":62995812352},{"timestamp":"2021-03-06T21:44:30Z","physicalMemoryBytes":24878755840,"availableMemoryBytes":15273470484,"percentageMemoryUsage":38.6084,"totalSwapBytes":62999490560,"availableSwapBytes":62995812352},{"timestamp":"2021-03-06T21:40:30Z","physicalMemoryBytes":24878755840,"availableMemoryBytes":15279494998,"percentageMemoryUsage":38.5842,"totalSwapBytes":62999490560,"availableSwapBytes":62995812352},{"timestamp":"2021-03-06T21:36:30Z","physicalMemoryBytes":24878755840,"availableMemoryBytes":15285179677,"percentageMemoryUsage":38.5613,"totalSwapBytes":62999490560,"availableSwapBytes":62995812352},{"timestamp":"2021-03-06T21:33:00Z","physicalMemoryBytes":24878755840,"availableMemoryBytes":15283918949,"percentageMemoryUsage":38.5664,"totalSwapBytes":62999490560,"availableSwapBytes":62995812352},{"timestamp":"2021-03-06T21:29:30Z","physicalMemoryBytes":24878755840,"availableMemoryBytes":15288040146,"percentageMemoryUsage":38.5498,"totalSwapBytes":62999490560,"availableSwapBytes":62995812352},{"timestamp":"2021-03-06T21:25:30Z","physicalMemoryBytes":24878755840,"availableMemoryBytes":15278786921,"percentageMemoryUsage":38.587,"totalSwapBytes":62999490560,"availableSwapBytes":62995812352},{"timestamp":"2021-03-06T21:21:30Z","physicalMemoryBytes":24878755840,"availableMemoryBytes":15288296038,"percentageMemoryUsage":38.5488,"totalSwapBytes":62999490560,"availableSwapBytes":62995812352},{"timestamp":"2021-03-06T21:17:30Z","physicalMemoryBytes":24878755840,"availableMemoryBytes":15282575022,"percentageMemoryUsage":38.5718,"totalSwapBytes":62999490560,"availableSwapBytes":62995812352},{"timestamp":"2021-03-06T21:14:00Z","physicalMemoryBytes":24878755840,"availableMemoryBytes":15284046862,"percentageMemoryUsage":38.5659,"totalSwapBytes":62999490560,"availableSwapBytes":62995812352},{"timestamp":"2021-03-06T21:10:30Z","physicalMemoryBytes":24878755840,"availableMemoryBytes":15283360935,"percentageMemoryUsage":38.5686,"totalSwapBytes":62999490560,"availableSwapBytes":62995812352},{"timestamp":"2021-03-06T21:06:30Z","physicalMemoryBytes":24878755840,"availableMemoryBytes":15268391851,"percentageMemoryUsage":38.6288,"totalSwapBytes":62999490560,"availableSwapBytes":62995812352},{"timestamp":"2021-03-06T21:02:30Z","physicalMemoryBytes":24878755840,"availableMemoryBytes":15275461422,"percentageMemoryUsage":38.6004,"totalSwapBytes":62999490560,"availableSwapBytes":62995812352},{"timestamp":"2021-03-06T20:58:30Z","physicalMemoryBytes":24878755840,"availableMemoryBytes":15280297793,"percentageMemoryUsage":38.5809,"totalSwapBytes":62999490560,"availableSwapBytes":62995812352},{"timestamp":"2021-03-06T20:55:00Z","physicalMemoryBytes":24878755840,"availableMemoryBytes":15278236498,"percentageMemoryUsage":38.5892,"totalSwapBytes":62999490560,"availableSwapBytes":62995812352},{"timestamp":"2021-03-06T20:51:30Z","physicalMemoryBytes":24878755840,"availableMemoryBytes":15282452560,"percentageMemoryUsage":38.5723,"totalSwapBytes":62999490560,"availableSwapBytes":62995812352},{"timestamp":"2021-03-06T20:47:30Z","physicalMemoryBytes":24878755840,"availableMemoryBytes":15282166208,"percentageMemoryUsage":38.5734,"totalSwapBytes":62999490560,"availableSwapBytes":62995812352},{"timestamp":"2021-03-06T20:43:30Z","physicalMemoryBytes":24878755840,"availableMemoryBytes":15285373460,"percentageMemoryUsage":38.5605,"totalSwapBytes":62999490560,"availableSwapBytes":62995812352},{"timestamp":"2021-03-06T20:40:00Z","physicalMemoryBytes":24878755840,"availableMemoryBytes":15276392368,"percentageMemoryUsage":38.5966,"totalSwapBytes":62999490560,"availableSwapBytes":62995812352},{"timestamp":"2021-03-06T20:36:30Z","physicalMemoryBytes":24878755840,"availableMemoryBytes":15274693833,"percentageMemoryUsage":38.6035,"totalSwapBytes":62999490560,"availableSwapBytes":62995812352},{"timestamp":"2021-03-06T20:32:30Z","physicalMemoryBytes":24878755840,"availableMemoryBytes":15266915960,"percentageMemoryUsage":38.6347,"totalSwapBytes":62999490560,"availableSwapBytes":62995812352},{"timestamp":"2021-03-06T20:28:30Z","physicalMemoryBytes":24878755840,"availableMemoryBytes":15283154866,"percentageMemoryUsage":38.5695,"totalSwapBytes":62999490560,"availableSwapBytes":62995812352},{"timestamp":"2021-03-06T20:24:30Z","physicalMemoryBytes":24878755840,"availableMemoryBytes":15283655706,"percentageMemoryUsage":38.5674,"totalSwapBytes":62999490560,"availableSwapBytes":62995812352},{"timestamp":"2021-03-06T20:21:00Z","physicalMemoryBytes":24878755840,"availableMemoryBytes":15277461200,"percentageMemoryUsage":38.5923,"totalSwapBytes":62999490560,"availableSwapBytes":62995812352},{"timestamp":"2021-03-06T20:17:30Z","physicalMemoryBytes":24878755840,"availableMemoryBytes":15274317538,"percentageMemoryUsage":38.605,"totalSwapBytes":62999490560,"availableSwapBytes":62995812352},{"timestamp":"2021-03-06T20:13:30Z","physicalMemoryBytes":24878755840,"availableMemoryBytes":15279492595,"percentageMemoryUsage":38.5842,"totalSwapBytes":62999490560,"availableSwapBytes":62995812352},{"timestamp":"2021-03-06T20:09:30Z","physicalMemoryBytes":24878755840,"availableMemoryBytes":15280012675,"percentageMemoryUsage":38.5821,"totalSwapBytes":62999490560,"availableSwapBytes":62995812352},{"timestamp":"2021-03-06T20:06:00Z","physicalMemoryBytes":24878755840,"availableMemoryBytes":15262756870,"percentageMemoryUsage":38.6514,"totalSwapBytes":62999490560,"availableSwapBytes":62995812352},{"timestamp":"2021-03-06T20:02:30Z","physicalMemoryBytes":24878755840,"availableMemoryBytes":15277034128,"percentageMemoryUsage":38.5941,"totalSwapBytes":62999490560,"availableSwapBytes":62995812352},{"timestamp":"2021-03-06T19:58:30Z","physicalMemoryBytes":24878755840,"availableMemoryBytes":15270789013,"percentageMemoryUsage":38.6192,"totalSwapBytes":62999490560,"availableSwapBytes":62995812352},{"timestamp":"2021-03-06T19:54:30Z","physicalMemoryBytes":24878755840,"availableMemoryBytes":15283640848,"percentageMemoryUsage":38.5675,"totalSwapBytes":62999490560,"availableSwapBytes":62995812352},{"timestamp":"2021-03-06T19:50:30Z","physicalMemoryBytes":24878755840,"availableMemoryBytes":15283946047,"percentageMemoryUsage":38.5663,"totalSwapBytes":62999490560,"availableSwapBytes":62995812352},{"timestamp":"2021-03-06T19:47:00Z","physicalMemoryBytes":24878755840,"availableMemoryBytes":15277469960,"percentageMemoryUsage":38.5923,"totalSwapBytes":62999490560,"availableSwapBytes":62995812352},{"timestamp":"2021-03-06T19:43:30Z","physicalMemoryBytes":24878755840,"availableMemoryBytes":15281617712,"percentageMemoryUsage":38.5756,"totalSwapBytes":62999490560,"availableSwapBytes":62995812352},{"timestamp":"2021-03-06T19:39:30Z","physicalMemoryBytes":24878755840,"availableMemoryBytes":15270417171,"percentageMemoryUsage":38.6207,"totalSwapBytes":62999490560,"availableSwapBytes":62995812352},{"timestamp":"2021-03-06T19:35:30Z","physicalMemoryBytes":24878755840,"availableMemoryBytes":15281353509,"percentageMemoryUsage":38.5767,"totalSwapBytes":62999490560,"availableSwapBytes":62995812352},{"timestamp":"2021-03-06T19:32:00Z","physicalMemoryBytes":24878755840,"availableMemoryBytes":15273885901,"percentageMemoryUsage":38.6067,"totalSwapBytes":62999490560,"availableSwapBytes":62995812352},{"timestamp":"2021-03-06T19:28:30Z","physicalMemoryBytes":24878755840,"availableMemoryBytes":15268975183,"percentageMemoryUsage":38.6265,"totalSwapBytes":62999490560,"availableSwapBytes":62995812352},{"timestamp":"2021-03-06T19:24:30Z","physicalMemoryBytes":24878755840,"availableMemoryBytes":15269400889,"percentageMemoryUsage":38.6247,"totalSwapBytes":62999490560,"availableSwapBytes":62995812352},{"timestamp":"2021-03-06T19:20:30Z","physicalMemoryBytes":24878755840,"availableMemoryBytes":15268721950,"percentageMemoryUsage":38.6275,"totalSwapBytes":62999490560,"availableSwapBytes":62995812352},{"timestamp":"2021-03-06T19:16:30Z","physicalMemoryBytes":24878755840,"availableMemoryBytes":15270480646,"percentageMemoryUsage":38.6204,"totalSwapBytes":62999490560,"availableSwapBytes":62995812352},{"timestamp":"2021-03-06T19:13:00Z","physicalMemoryBytes":24878755840,"availableMemoryBytes":15272861804,"percentageMemoryUsage":38.6108,"totalSwapBytes":62999490560,"availableSwapBytes":62995812352},{"timestamp":"2021-03-06T19:09:30Z","physicalMemoryBytes":24878755840,"availableMemoryBytes":15274300417,"percentageMemoryUsage":38.605,"totalSwapBytes":62999490560,"availableSwapBytes":62995812352},{"timestamp":"2021-03-06T19:05:30Z","physicalMemoryBytes":24878755840,"availableMemoryBytes":15282942944,"percentageMemoryUsage":38.5703,"totalSwapBytes":62999490560,"availableSwapBytes":62995812352},{"timestamp":"2021-03-06T19:01:30Z","physicalMemoryBytes":24878755840,"availableMemoryBytes":15275801415,"percentageMemoryUsage":38.599,"totalSwapBytes":62999490560,"availableSwapBytes":62995812352},{"timestamp":"2021-03-06T18:57:30Z","physicalMemoryBytes":24878755840,"availableMemoryBytes":15277262258,"percentageMemoryUsage":38.5931,"totalSwapBytes":62999490560,"availableSwapBytes":62995812352},{"timestamp":"2021-03-06T18:54:00Z","physicalMemoryBytes":24878755840,"availableMemoryBytes":15267787235,"percentageMemoryUsage":38.6312,"totalSwapBytes":62999490560,"availableSwapBytes":62995812352},{"timestamp":"2021-03-06T18:50:30Z","physicalMemoryBytes":24878755840,"availableMemoryBytes":15263618763,"percentageMemoryUsage":38.648,"totalSwapBytes":62999490560,"availableSwapBytes":62995812352},{"timestamp":"2021-03-06T18:46:30Z","physicalMemoryBytes":24878755840,"availableMemoryBytes":15269487504,"percentageMemoryUsage":38.6244,"totalSwapBytes":62999490560,"availableSwapBytes":62995812352},{"timestamp":"2021-03-06T18:42:30Z","physicalMemoryBytes":24878755840,"availableMemoryBytes":15265846084,"percentageMemoryUsage":38.639,"totalSwapBytes":62999490560,"availableSwapBytes":62995812352},{"timestamp":"2021-03-06T18:39:00Z","physicalMemoryBytes":24878755840,"availableMemoryBytes":15255888547,"percentageMemoryUsage":38.6791,"totalSwapBytes":62999490560,"availableSwapBytes":62995812352},{"timestamp":"2021-03-06T18:35:30Z","physicalMemoryBytes":24878755840,"availableMemoryBytes":15249460395,"percentageMemoryUsage":38.7049,"totalSwapBytes":62999490560,"availableSwapBytes":62995812352},{"timestamp":"2021-03-06T18:31:30Z","physicalMemoryBytes":24878755840,"availableMemoryBytes":15256861876,"percentageMemoryUsage":38.6751,"totalSwapBytes":62999490560,"availableSwapBytes":62995812352},{"timestamp":"2021-03-06T18:27:30Z","physicalMemoryBytes":24878755840,"availableMemoryBytes":15244524248,"percentageMemoryUsage":38.7247,"totalSwapBytes":62999490560,"availableSwapBytes":62995812352},{"timestamp":"2021-03-06T18:23:30Z","physicalMemoryBytes":24878755840,"availableMemoryBytes":15260352195,"percentageMemoryUsage":38.6611,"totalSwapBytes":62999490560,"availableSwapBytes":62995812352},{"timestamp":"2021-03-06T18:20:00Z","physicalMemoryBytes":24878755840,"availableMemoryBytes":15253948628,"percentageMemoryUsage":38.6869,"totalSwapBytes":62999490560,"availableSwapBytes":62995812352},{"timestamp":"2021-03-06T18:16:30Z","physicalMemoryBytes":24878755840,"availableMemoryBytes":15221326617,"percentageMemoryUsage":38.818,"totalSwapBytes":62999490560,"availableSwapBytes":62995812352},{"timestamp":"2021-03-06T18:12:30Z","physicalMemoryBytes":24878755840,"availableMemoryBytes":15175738720,"percentageMemoryUsage":39.0012,"totalSwapBytes":62999490560,"availableSwapBytes":62995812352},{"timestamp":"2021-03-06T18:08:30Z","physicalMemoryBytes":24878755840,"availableMemoryBytes":15149077307,"percentageMemoryUsage":39.1084,"totalSwapBytes":62999490560,"availableSwapBytes":62995812352},{"timestamp":"2021-03-06T18:05:00Z","physicalMemoryBytes":24878755840,"availableMemoryBytes":15280422467,"percentageMemoryUsage":38.5804,"totalSwapBytes":62999490560,"availableSwapBytes":62995812352},{"timestamp":"2021-03-06T18:01:30Z","physicalMemoryBytes":24878755840,"availableMemoryBytes":15290806965,"percentageMemoryUsage":38.5387,"totalSwapBytes":62999490560,"availableSwapBytes":62995812352},{"timestamp":"2021-03-06T17:57:30Z","physicalMemoryBytes":24878755840,"availableMemoryBytes":15288613533,"percentageMemoryUsage":38.5475,"totalSwapBytes":62999490560,"availableSwapBytes":62995812352},{"timestamp":"2021-03-06T17:53:30Z","physicalMemoryBytes":24878755840,"availableMemoryBytes":15289019934,"percentageMemoryUsage":38.5459,"totalSwapBytes":62999490560,"availableSwapBytes":62995812352},{"timestamp":"2021-03-06T17:49:30Z","physicalMemoryBytes":24878755840,"availableMemoryBytes":15288934944,"percentageMemoryUsage":38.5462,"totalSwapBytes":62999490560,"availableSwapBytes":62995812352},{"timestamp":"2021-03-06T17:46:00Z","physicalMemoryBytes":24878755840,"availableMemoryBytes":15287496939,"percentageMemoryUsage":38.552,"totalSwapBytes":62999490560,"availableSwapBytes":62995812352},{"timestamp":"2021-03-06T17:42:30Z","physicalMemoryBytes":24878755840,"availableMemoryBytes":15292108986,"percentageMemoryUsage":38.5335,"totalSwapBytes":62999490560,"availableSwapBytes":62995812352},{"timestamp":"2021-03-06T17:38:30Z","physicalMemoryBytes":24878755840,"availableMemoryBytes":15283627653,"percentageMemoryUsage":38.5676,"totalSwapBytes":62999490560,"availableSwapBytes":62995812352},{"timestamp":"2021-03-06T17:34:30Z","physicalMemoryBytes":24878755840,"availableMemoryBytes":15291624957,"percentageMemoryUsage":38.5354,"totalSwapBytes":62999490560,"availableSwapBytes":62995812352},{"timestamp":"2021-03-06T17:31:00Z","physicalMemoryBytes":24878755840,"availableMemoryBytes":15278080995,"percentageMemoryUsage":38.5899,"totalSwapBytes":62999490560,"availableSwapBytes":62995812352},{"timestamp":"2021-03-06T17:27:30Z","physicalMemoryBytes":24878755840,"availableMemoryBytes":15277059823,"percentageMemoryUsage":38.594,"totalSwapBytes":62999490560,"availableSwapBytes":62995812352},{"timestamp":"2021-03-06T17:23:30Z","physicalMemoryBytes":24878755840,"availableMemoryBytes":15283762440,"percentageMemoryUsage":38.567,"totalSwapBytes":62999490560,"availableSwapBytes":62995812352},{"timestamp":"2021-03-06T17:19:30Z","physicalMemoryBytes":24878755840,"availableMemoryBytes":15288993782,"percentageMemoryUsage":38.546,"totalSwapBytes":62999490560,"availableSwapBytes":62995812352},{"timestamp":"2021-03-06T17:15:30Z","physicalMemoryBytes":24878755840,"availableMemoryBytes":15279146494,"percentageMemoryUsage":38.5856,"totalSwapBytes":62999490560,"availableSwapBytes":62995812352},{"timestamp":"2021-03-06T17:12:00Z","physicalMemoryBytes":24878755840,"availableMemoryBytes":15279238157,"percentageMemoryUsage":38.5852,"totalSwapBytes":62999490560,"availableSwapBytes":62995812352},{"timestamp":"2021-03-06T17:08:30Z","physicalMemoryBytes":24878755840,"availableMemoryBytes":15285459031,"percentageMemoryUsage":38.5602,"totalSwapBytes":62999490560,"availableSwapBytes":62995812352},{"timestamp":"2021-03-06T17:04:30Z","physicalMemoryBytes":24878755840,"availableMemoryBytes":15272069936,"percentageMemoryUsage":38.614,"totalSwapBytes":62999490560,"availableSwapBytes":62995812352},{"timestamp":"2021-03-06T17:00:30Z","physicalMemoryBytes":24878755840,"availableMemoryBytes":15267003953,"percentageMemoryUsage":38.6344,"totalSwapBytes":62999490560,"availableSwapBytes":62995812352},{"timestamp":"2021-03-06T16:57:00Z","physicalMemoryBytes":24878755840,"availableMemoryBytes":15279847903,"percentageMemoryUsage":38.5827,"totalSwapBytes":62999490560,"availableSwapBytes":62995812352},{"timestamp":"2021-03-06T16:53:30Z","physicalMemoryBytes":24878755840,"availableMemoryBytes":15280951810,"percentageMemoryUsage":38.5783,"totalSwapBytes":62999490560,"availableSwapBytes":62995812352},{"timestamp":"2021-03-06T16:49:30Z","physicalMemoryBytes":24878755840,"availableMemoryBytes":15269936063,"percentageMemoryUsage":38.6226,"totalSwapBytes":62999490560,"availableSwapBytes":62995812352},{"timestamp":"2021-03-06T16:45:30Z","physicalMemoryBytes":24878755840,"availableMemoryBytes":15277137874,"percentageMemoryUsage":38.5936,"totalSwapBytes":62999490560,"availableSwapBytes":62995812352},{"timestamp":"2021-03-06T16:41:30Z","physicalMemoryBytes":24878755840,"availableMemoryBytes":15267825619,"percentageMemoryUsage":38.6311,"totalSwapBytes":62999490560,"availableSwapBytes":62995812352},{"timestamp":"2021-03-06T16:38:00Z","physicalMemoryBytes":24878755840,"availableMemoryBytes":15262097912,"percentageMemoryUsage":38.6541,"totalSwapBytes":62999490560,"availableSwapBytes":62995812352},{"timestamp":"2021-03-06T16:34:30Z","physicalMemoryBytes":24878755840,"availableMemoryBytes":15258994211,"percentageMemoryUsage":38.6666,"totalSwapBytes":62999490560,"availableSwapBytes":62995812352},{"timestamp":"2021-03-06T16:30:30Z","physicalMemoryBytes":24878755840,"availableMemoryBytes":15271020707,"percentageMemoryUsage":38.6182,"totalSwapBytes":62999490560,"availableSwapBytes":62995812352},{"timestamp":"2021-03-06T16:26:30Z","physicalMemoryBytes":24878755840,"availableMemoryBytes":15273200815,"percentageMemoryUsage":38.6095,"totalSwapBytes":62999490560,"availableSwapBytes":62995812352},{"timestamp":"2021-03-06T16:22:30Z","physicalMemoryBytes":24878755840,"availableMemoryBytes":15270839106,"percentageMemoryUsage":38.619,"totalSwapBytes":62999490560,"availableSwapBytes":62995812352},{"timestamp":"2021-03-06T16:19:00Z","physicalMemoryBytes":24878755840,"availableMemoryBytes":15268972723,"percentageMemoryUsage":38.6265,"totalSwapBytes":62999490560,"availableSwapBytes":62995812352},{"timestamp":"2021-03-06T16:15:30Z","physicalMemoryBytes":24878755840,"availableMemoryBytes":15267836980,"percentageMemoryUsage":38.631,"totalSwapBytes":62999490560,"availableSwapBytes":62995812352},{"timestamp":"2021-03-06T16:11:30Z","physicalMemoryBytes":24878755840,"availableMemoryBytes":15272706598,"percentageMemoryUsage":38.6115,"totalSwapBytes":62999490560,"availableSwapBytes":62995812352},{"timestamp":"2021-03-06T16:07:30Z","physicalMemoryBytes":24878755840,"availableMemoryBytes":15269313623,"percentageMemoryUsage":38.6251,"totalSwapBytes":62999490560,"availableSwapBytes":62995812352},{"timestamp":"2021-03-06T16:04:00Z","physicalMemoryBytes":24878755840,"availableMemoryBytes":15267234099,"percentageMemoryUsage":38.6335,"totalSwapBytes":62999490560,"availableSwapBytes":62995812352},{"timestamp":"2021-03-06T16:00:30Z","physicalMemoryBytes":24878755840,"availableMemoryBytes":15272495118,"percentageMemoryUsage":38.6123,"totalSwapBytes":62999490560,"availableSwapBytes":62995812352},{"timestamp":"2021-03-06T15:56:30Z","physicalMemoryBytes":24878755840,"availableMemoryBytes":15265263773,"percentageMemoryUsage":38.6414,"totalSwapBytes":62999490560,"availableSwapBytes":62995812352},{"timestamp":"2021-03-06T15:52:30Z","physicalMemoryBytes":24878755840,"availableMemoryBytes":15274514235,"percentageMemoryUsage":38.6042,"totalSwapBytes":62999490560,"availableSwapBytes":62995812352},{"timestamp":"2021-03-06T15:48:30Z","physicalMemoryBytes":24878755840,"availableMemoryBytes":15264117649,"percentageMemoryUsage":38.646,"totalSwapBytes":62999490560,"availableSwapBytes":62995812352},{"timestamp":"2021-03-06T15:45:00Z","physicalMemoryBytes":24878755840,"availableMemoryBytes":15273415416,"percentageMemoryUsage":38.6086,"totalSwapBytes":62999490560,"availableSwapBytes":62995812352},{"timestamp":"2021-03-06T15:41:30Z","physicalMemoryBytes":24878755840,"availableMemoryBytes":15264980158,"percentageMemoryUsage":38.6425,"totalSwapBytes":62999490560,"availableSwapBytes":62995812352},{"timestamp":"2021-03-06T15:37:30Z","physicalMemoryBytes":24878755840,"availableMemoryBytes":15260108439,"percentageMemoryUsage":38.6621,"totalSwapBytes":62999490560,"availableSwapBytes":62995812352},{"timestamp":"2021-03-06T15:33:30Z","physicalMemoryBytes":24878755840,"availableMemoryBytes":15271205221,"percentageMemoryUsage":38.6175,"totalSwapBytes":62999490560,"availableSwapBytes":62995812352},{"timestamp":"2021-03-06T15:30:00Z","physicalMemoryBytes":24878755840,"availableMemoryBytes":15247517790,"percentageMemoryUsage":38.7127,"totalSwapBytes":62999490560,"availableSwapBytes":62995812352},{"timestamp":"2021-03-06T15:26:30Z","physicalMemoryBytes":24878755840,"availableMemoryBytes":15259816731,"percentageMemoryUsage":38.6633,"totalSwapBytes":62999490560,"availableSwapBytes":62995812352},{"timestamp":"2021-03-06T15:22:30Z","physicalMemoryBytes":24878755840,"availableMemoryBytes":15265467277,"percentageMemoryUsage":38.6406,"totalSwapBytes":62999490560,"availableSwapBytes":62995812352},{"timestamp":"2021-03-06T15:18:30Z","physicalMemoryBytes":24878755840,"availableMemoryBytes":15279917781,"percentageMemoryUsage":38.5825,"totalSwapBytes":62999490560,"availableSwapBytes":62995812352},{"timestamp":"2021-03-06T15:14:30Z","physicalMemoryBytes":24878755840,"availableMemoryBytes":15263425721,"percentageMemoryUsage":38.6488,"totalSwapBytes":62999490560,"availableSwapBytes":62995812352},{"timestamp":"2021-03-06T15:11:00Z","physicalMemoryBytes":24878755840,"availableMemoryBytes":15270595003,"percentageMemoryUsage":38.6199,"totalSwapBytes":62999490560,"availableSwapBytes":62995812352},{"timestamp":"2021-03-06T15:07:30Z","physicalMemoryBytes":24878755840,"availableMemoryBytes":15267399761,"percentageMemoryUsage":38.6328,"totalSwapBytes":62999490560,"availableSwapBytes":62995812352},{"timestamp":"2021-03-06T15:03:30Z","physicalMemoryBytes":24878755840,"availableMemoryBytes":15274644830,"percentageMemoryUsage":38.6037,"totalSwapBytes":62999490560,"availableSwapBytes":62995812352},{"timestamp":"2021-03-06T14:59:30Z","physicalMemoryBytes":24878755840,"availableMemoryBytes":15279344805,"percentageMemoryUsage":38.5848,"totalSwapBytes":62999490560,"availableSwapBytes":62995812352},{"timestamp":"2021-03-06T14:56:00Z","physicalMemoryBytes":24878755840,"availableMemoryBytes":15281432767,"percentageMemoryUsage":38.5764,"totalSwapBytes":62999490560,"availableSwapBytes":62995812352},{"timestamp":"2021-03-06T14:52:30Z","physicalMemoryBytes":24878755840,"availableMemoryBytes":15275146383,"percentageMemoryUsage":38.6016,"totalSwapBytes":62999490560,"availableSwapBytes":62995812352},{"timestamp":"2021-03-06T14:48:30Z","physicalMemoryBytes":24878755840,"availableMemoryBytes":15268421618,"percentageMemoryUsage":38.6287,"totalSwapBytes":62999490560,"availableSwapBytes":62995812352},{"timestamp":"2021-03-06T14:44:30Z","physicalMemoryBytes":24878755840,"availableMemoryBytes":15265487550,"percentageMemoryUsage":38.6405,"totalSwapBytes":62999490560,"availableSwapBytes":62995812352},{"timestamp":"2021-03-06T14:40:30Z","physicalMemoryBytes":24878755840,"availableMemoryBytes":15267386650,"percentageMemoryUsage":38.6328,"totalSwapBytes":62999490560,"availableSwapBytes":62995812352},{"timestamp":"2021-03-06T14:37:00Z","physicalMemoryBytes":24878755840,"availableMemoryBytes":15264059381,"percentageMemoryUsage":38.6462,"totalSwapBytes":62999490560,"availableSwapBytes":62995812352},{"timestamp":"2021-03-06T14:33:30Z","physicalMemoryBytes":24878755840,"availableMemoryBytes":15264139710,"percentageMemoryUsage":38.6459,"totalSwapBytes":62999490560,"availableSwapBytes":62995812352},{"timestamp":"2021-03-06T14:29:30Z","physicalMemoryBytes":24878755840,"availableMemoryBytes":15256429177,"percentageMemoryUsage":38.6769,"totalSwapBytes":62999490560,"availableSwapBytes":62995812352},{"timestamp":"2021-03-06T14:25:30Z","physicalMemoryBytes":24878755840,"availableMemoryBytes":15258623530,"percentageMemoryUsage":38.6681,"totalSwapBytes":62999490560,"availableSwapBytes":62995812352},{"timestamp":"2021-03-06T14:21:30Z","physicalMemoryBytes":24878755840,"availableMemoryBytes":15283073206,"percentageMemoryUsage":38.5698,"totalSwapBytes":62999490560,"availableSwapBytes":62995812352},{"timestamp":"2021-03-06T14:18:00Z","physicalMemoryBytes":24878755840,"availableMemoryBytes":15278787900,"percentageMemoryUsage":38.587,"totalSwapBytes":62999490560,"availableSwapBytes":62995812352},{"timestamp":"2021-03-06T14:14:30Z","physicalMemoryBytes":24878755840,"availableMemoryBytes":15285537880,"percentageMemoryUsage":38.5599,"totalSwapBytes":62999490560,"availableSwapBytes":62995812352},{"timestamp":"2021-03-06T14:10:30Z","physicalMemoryBytes":24878755840,"availableMemoryBytes":15268540856,"percentageMemoryUsage":38.6282,"totalSwapBytes":62999490560,"availableSwapBytes":62995812352},{"timestamp":"2021-03-06T14:06:30Z","physicalMemoryBytes":24878755840,"availableMemoryBytes":15278701207,"percentageMemoryUsage":38.5874,"totalSwapBytes":62999490560,"availableSwapBytes":62995812352},{"timestamp":"2021-03-06T14:03:00Z","physicalMemoryBytes":24878755840,"availableMemoryBytes":15287597543,"percentageMemoryUsage":38.5516,"totalSwapBytes":62999490560,"availableSwapBytes":62995812352},{"timestamp":"2021-03-06T13:59:30Z","physicalMemoryBytes":24878755840,"availableMemoryBytes":15283509762,"percentageMemoryUsage":38.568,"totalSwapBytes":62999490560,"availableSwapBytes":62995812352},{"timestamp":"2021-03-06T13:55:30Z","physicalMemoryBytes":24878755840,"availableMemoryBytes":15278529163,"percentageMemoryUsage":38.588,"totalSwapBytes":62999490560,"availableSwapBytes":62995812352},{"timestamp":"2021-03-06T13:51:30Z","physicalMemoryBytes":24878755840,"availableMemoryBytes":15274417452,"percentageMemoryUsage":38.6046,"totalSwapBytes":62999490560,"availableSwapBytes":62995812352},{"timestamp":"2021-03-06T13:47:30Z","physicalMemoryBytes":24878755840,"availableMemoryBytes":15271599146,"percentageMemoryUsage":38.6159,"totalSwapBytes":62999490560,"availableSwapBytes":62995812352},{"timestamp":"2021-03-06T13:44:00Z","physicalMemoryBytes":24878755840,"availableMemoryBytes":15277973806,"percentageMemoryUsage":38.5903,"totalSwapBytes":62999490560,"availableSwapBytes":62995812352},{"timestamp":"2021-03-06T13:40:30Z","physicalMemoryBytes":24878755840,"availableMemoryBytes":15276048598,"percentageMemoryUsage":38.598,"totalSwapBytes":62999490560,"availableSwapBytes":62995812352},{"timestamp":"2021-03-06T13:36:30Z","physicalMemoryBytes":24878755840,"availableMemoryBytes":15269119280,"percentageMemoryUsage":38.6259,"totalSwapBytes":62999490560,"availableSwapBytes":62995812352},{"timestamp":"2021-03-06T13:32:30Z","physicalMemoryBytes":24878755840,"availableMemoryBytes":15281676782,"percentageMemoryUsage":38.5754,"totalSwapBytes":62999490560,"availableSwapBytes":62995812352},{"timestamp":"2021-03-06T13:29:00Z","physicalMemoryBytes":24878755840,"availableMemoryBytes":15274287682,"percentageMemoryUsage":38.6051,"totalSwapBytes":62999490560,"availableSwapBytes":62995812352},{"timestamp":"2021-03-06T13:25:30Z","physicalMemoryBytes":24878755840,"availableMemoryBytes":15274584659,"percentageMemoryUsage":38.6039,"totalSwapBytes":62999490560,"availableSwapBytes":62995812352},{"timestamp":"2021-03-06T13:21:30Z","physicalMemoryBytes":24878755840,"availableMemoryBytes":15278944001,"percentageMemoryUsage":38.5864,"totalSwapBytes":62999490560,"availableSwapBytes":62995812352},{"timestamp":"2021-03-06T13:17:30Z","physicalMemoryBytes":24878755840,"availableMemoryBytes":15276740590,"percentageMemoryUsage":38.5952,"totalSwapBytes":62999490560,"availableSwapBytes":62995812352},{"timestamp":"2021-03-06T13:13:30Z","physicalMemoryBytes":24878755840,"availableMemoryBytes":15274472549,"percentageMemoryUsage":38.6044,"totalSwapBytes":62999490560,"availableSwapBytes":62995812352},{"timestamp":"2021-03-06T13:10:00Z","physicalMemoryBytes":24878755840,"availableMemoryBytes":15283581190,"percentageMemoryUsage":38.5677,"totalSwapBytes":62999490560,"availableSwapBytes":62995812352},{"timestamp":"2021-03-06T13:06:30Z","physicalMemoryBytes":24878755840,"availableMemoryBytes":15282001269,"percentageMemoryUsage":38.5741,"totalSwapBytes":62999490560,"availableSwapBytes":62995812352},{"timestamp":"2021-03-06T13:02:30Z","physicalMemoryBytes":24878755840,"availableMemoryBytes":15286661765,"percentageMemoryUsage":38.5554,"totalSwapBytes":62999490560,"availableSwapBytes":62995812352},{"timestamp":"2021-03-06T12:58:30Z","physicalMemoryBytes":24878755840,"availableMemoryBytes":15275687272,"percentageMemoryUsage":38.5995,"totalSwapBytes":62999490560,"availableSwapBytes":62995812352},{"timestamp":"2021-03-06T12:55:00Z","physicalMemoryBytes":24878755840,"availableMemoryBytes":15285099887,"percentageMemoryUsage":38.5616,"totalSwapBytes":62999490560,"availableSwapBytes":62995812352},{"timestamp":"2021-03-06T12:51:30Z","physicalMemoryBytes":24878755840,"availableMemoryBytes":15280798510,"percentageMemoryUsage":38.5789,"totalSwapBytes":62999490560,"availableSwapBytes":62995812352},{"timestamp":"2021-03-06T12:47:30Z","physicalMemoryBytes":24878755840,"availableMemoryBytes":15278350093,"percentageMemoryUsage":38.5888,"totalSwapBytes":62999490560,"availableSwapBytes":62995812352},{"timestamp":"2021-03-06T12:43:30Z","physicalMemoryBytes":24878755840,"availableMemoryBytes":15282776943,"percentageMemoryUsage":38.571,"totalSwapBytes":62999490560,"availableSwapBytes":62995812352},{"timestamp":"2021-03-06T12:39:30Z","physicalMemoryBytes":24878755840,"availableMemoryBytes":15284496091,"percentageMemoryUsage":38.5641,"totalSwapBytes":62999490560,"availableSwapBytes":62995812352},{"timestamp":"2021-03-06T12:36:00Z","physicalMemoryBytes":24878755840,"availableMemoryBytes":15285727008,"percentageMemoryUsage":38.5591,"totalSwapBytes":62999490560,"availableSwapBytes":62995812352},{"timestamp":"2021-03-06T12:32:30Z","physicalMemoryBytes":24878755840,"availableMemoryBytes":15282841952,"percentageMemoryUsage":38.5707,"totalSwapBytes":62999490560,"availableSwapBytes":62995812352},{"timestamp":"2021-03-06T12:28:30Z","physicalMemoryBytes":24878755840,"availableMemoryBytes":15277791447,"percentageMemoryUsage":38.591,"totalSwapBytes":62999490560,"availableSwapBytes":62995812352},{"timestamp":"2021-03-06T12:24:30Z","physicalMemoryBytes":24878755840,"availableMemoryBytes":15278904364,"percentageMemoryUsage":38.5865,"totalSwapBytes":62999490560,"availableSwapBytes":62995812352},{"timestamp":"2021-03-06T12:21:00Z","physicalMemoryBytes":24878755840,"availableMemoryBytes":15278282734,"percentageMemoryUsage":38.589,"totalSwapBytes":62999490560,"availableSwapBytes":62995812352},{"timestamp":"2021-03-06T12:17:30Z","physicalMemoryBytes":24878755840,"availableMemoryBytes":15286480359,"percentageMemoryUsage":38.5561,"totalSwapBytes":62999490560,"availableSwapBytes":62995812352},{"timestamp":"2021-03-06T12:13:30Z","physicalMemoryBytes":24878755840,"availableMemoryBytes":15276689194,"percentageMemoryUsage":38.5954,"totalSwapBytes":62999490560,"availableSwapBytes":62995812352},{"timestamp":"2021-03-06T12:09:30Z","physicalMemoryBytes":24878755840,"availableMemoryBytes":15276048066,"percentageMemoryUsage":38.598,"totalSwapBytes":62999490560,"availableSwapBytes":62995812352},{"timestamp":"2021-03-06T12:05:30Z","physicalMemoryBytes":24878755840,"availableMemoryBytes":15279882968,"percentageMemoryUsage":38.5826,"totalSwapBytes":62999490560,"availableSwapBytes":62995812352},{"timestamp":"2021-03-06T12:02:00Z","physicalMemoryBytes":24878755840,"availableMemoryBytes":15278303379,"percentageMemoryUsage":38.589,"totalSwapBytes":62999490560,"availableSwapBytes":62995812352},{"timestamp":"2021-03-06T11:58:30Z","physicalMemoryBytes":24878755840,"availableMemoryBytes":15285915327,"percentageMemoryUsage":38.5584,"totalSwapBytes":62999490560,"availableSwapBytes":62995812352},{"timestamp":"2021-03-06T11:54:30Z","physicalMemoryBytes":24878755840,"availableMemoryBytes":15283779827,"percentageMemoryUsage":38.5669,"totalSwapBytes":62999490560,"availableSwapBytes":62995812352},{"timestamp":"2021-03-06T11:50:30Z","physicalMemoryBytes":24878755840,"availableMemoryBytes":15278397155,"percentageMemoryUsage":38.5886,"totalSwapBytes":62999490560,"availableSwapBytes":62995812352},{"timestamp":"2021-03-06T11:46:30Z","physicalMemoryBytes":24878755840,"availableMemoryBytes":15272459107,"percentageMemoryUsage":38.6124,"totalSwapBytes":62999490560,"availableSwapBytes":62995812352},{"timestamp":"2021-03-06T11:43:00Z","physicalMemoryBytes":24878755840,"availableMemoryBytes":15270862220,"percentageMemoryUsage":38.6189,"totalSwapBytes":62999490560,"availableSwapBytes":62995812352},{"timestamp":"2021-03-06T11:39:30Z","physicalMemoryBytes":24878755840,"availableMemoryBytes":15277532122,"percentageMemoryUsage":38.5921,"totalSwapBytes":62999490560,"availableSwapBytes":62995812352},{"timestamp":"2021-03-06T11:35:30Z","physicalMemoryBytes":24878755840,"availableMemoryBytes":15285042273,"percentageMemoryUsage":38.5619,"totalSwapBytes":62999490560,"availableSwapBytes":62995812352},{"timestamp":"2021-03-06T11:31:30Z","physicalMemoryBytes":24878755840,"availableMemoryBytes":15273991839,"percentageMemoryUsage":38.6063,"totalSwapBytes":62999490560,"availableSwapBytes":62995812352},{"timestamp":"2021-03-06T11:28:00Z","physicalMemoryBytes":24878755840,"availableMemoryBytes":15264428675,"percentageMemoryUsage":38.6447,"totalSwapBytes":62999490560,"availableSwapBytes":62995812352},{"timestamp":"2021-03-06T11:24:30Z","physicalMemoryBytes":24878755840,"availableMemoryBytes":15264497443,"percentageMemoryUsage":38.6445,"totalSwapBytes":62999490560,"availableSwapBytes":62995812352},{"timestamp":"2021-03-06T11:20:30Z","physicalMemoryBytes":24878755840,"availableMemoryBytes":15263711716,"percentageMemoryUsage":38.6476,"totalSwapBytes":62999490560,"availableSwapBytes":62995812352},{"timestamp":"2021-03-06T11:16:30Z","physicalMemoryBytes":24878755840,"availableMemoryBytes":15278599876,"percentageMemoryUsage":38.5878,"totalSwapBytes":62999490560,"availableSwapBytes":62995812352},{"timestamp":"2021-03-06T11:12:30Z","physicalMemoryBytes":24878755840,"availableMemoryBytes":15276084201,"percentageMemoryUsage":38.5979,"totalSwapBytes":62999490560,"availableSwapBytes":62995812352},{"timestamp":"2021-03-06T11:09:00Z","physicalMemoryBytes":24878755840,"availableMemoryBytes":15267548553,"percentageMemoryUsage":38.6322,"totalSwapBytes":62999490560,"availableSwapBytes":62995812352},{"timestamp":"2021-03-06T11:05:30Z","physicalMemoryBytes":24878755840,"availableMemoryBytes":15269608061,"percentageMemoryUsage":38.6239,"totalSwapBytes":62999490560,"availableSwapBytes":62995812352},{"timestamp":"2021-03-06T11:01:30Z","physicalMemoryBytes":24878755840,"availableMemoryBytes":15275921965,"percentageMemoryUsage":38.5985,"totalSwapBytes":62999490560,"availableSwapBytes":62995812352},{"timestamp":"2021-03-06T10:57:30Z","physicalMemoryBytes":24878755840,"availableMemoryBytes":15273368572,"percentageMemoryUsage":38.6088,"totalSwapBytes":62999490560,"availableSwapBytes":62995812352},{"timestamp":"2021-03-06T10:54:00Z","physicalMemoryBytes":24878755840,"availableMemoryBytes":15264576541,"percentageMemoryUsage":38.6441,"totalSwapBytes":62999490560,"availableSwapBytes":62995812352},{"timestamp":"2021-03-06T10:50:30Z","physicalMemoryBytes":24878755840,"availableMemoryBytes":15276832597,"percentageMemoryUsage":38.5949,"totalSwapBytes":62999490560,"availableSwapBytes":62995812352},{"timestamp":"2021-03-06T10:46:30Z","physicalMemoryBytes":24878755840,"availableMemoryBytes":15273022209,"percentageMemoryUsage":38.6102,"totalSwapBytes":62999490560,"availableSwapBytes":62995812352},{"timestamp":"2021-03-06T10:42:30Z","physicalMemoryBytes":24878755840,"availableMemoryBytes":15259811269,"percentageMemoryUsage":38.6633,"totalSwapBytes":62999490560,"availableSwapBytes":62995812352},{"timestamp":"2021-03-06T10:38:30Z","physicalMemoryBytes":24878755840,"availableMemoryBytes":15259940181,"percentageMemoryUsage":38.6628,"totalSwapBytes":62999490560,"availableSwapBytes":62995812352},{"timestamp":"2021-03-06T10:35:00Z","physicalMemoryBytes":24878755840,"availableMemoryBytes":15265409010,"percentageMemoryUsage":38.6408,"totalSwapBytes":62999490560,"availableSwapBytes":62995812352},{"timestamp":"2021-03-06T10:31:30Z","physicalMemoryBytes":24878755840,"availableMemoryBytes":15264295698,"percentageMemoryUsage":38.6453,"totalSwapBytes":62999490560,"availableSwapBytes":62995812352},{"timestamp":"2021-03-06T10:27:30Z","physicalMemoryBytes":24878755840,"availableMemoryBytes":15262843951,"percentageMemoryUsage":38.6511,"totalSwapBytes":62999490560,"availableSwapBytes":62995812352},{"timestamp":"2021-03-06T10:23:30Z","physicalMemoryBytes":24878755840,"availableMemoryBytes":15258058764,"percentageMemoryUsage":38.6703,"totalSwapBytes":62999490560,"availableSwapBytes":62995812352},{"timestamp":"2021-03-06T10:20:00Z","physicalMemoryBytes":24878755840,"availableMemoryBytes":15250796217,"percentageMemoryUsage":38.6995,"totalSwapBytes":62999490560,"availableSwapBytes":62995812352},{"timestamp":"2021-03-06T10:16:30Z","physicalMemoryBytes":24878755840,"availableMemoryBytes":15247434142,"percentageMemoryUsage":38.713,"totalSwapBytes":62999490560,"availableSwapBytes":62995812352},{"timestamp":"2021-03-06T10:12:30Z","physicalMemoryBytes":24878755840,"availableMemoryBytes":15202646335,"percentageMemoryUsage":38.8931,"totalSwapBytes":62999490560,"availableSwapBytes":62995812352},{"timestamp":"2021-03-06T10:08:30Z","physicalMemoryBytes":24878755840,"availableMemoryBytes":15147019313,"percentageMemoryUsage":39.1167,"totalSwapBytes":62999490560,"availableSwapBytes":62995812352},{"timestamp":"2021-03-06T10:04:30Z","physicalMemoryBytes":24878755840,"availableMemoryBytes":15223429813,"percentageMemoryUsage":38.8095,"totalSwapBytes":62999490560,"availableSwapBytes":62995812352},{"timestamp":"2021-03-06T10:01:00Z","physicalMemoryBytes":24878755840,"availableMemoryBytes":15282730279,"percentageMemoryUsage":38.5712,"totalSwapBytes":62999490560,"availableSwapBytes":62995812352},{"timestamp":"2021-03-06T09:57:30Z","physicalMemoryBytes":24878755840,"availableMemoryBytes":15275446791,"percentageMemoryUsage":38.6004,"totalSwapBytes":62999490560,"availableSwapBytes":62995812352},{"timestamp":"2021-03-06T09:53:30Z","physicalMemoryBytes":24878755840,"availableMemoryBytes":15270547350,"percentageMemoryUsage":38.6201,"totalSwapBytes":62999490560,"availableSwapBytes":62995812352},{"timestamp":"2021-03-06T09:49:30Z","physicalMemoryBytes":24878755840,"availableMemoryBytes":15267359001,"percentageMemoryUsage":38.6329,"totalSwapBytes":62999490560,"availableSwapBytes":62995812352},{"timestamp":"2021-03-06T09:45:30Z","physicalMemoryBytes":24878755840,"availableMemoryBytes":15272768318,"percentageMemoryUsage":38.6112,"totalSwapBytes":62999490560,"availableSwapBytes":62995812352},{"timestamp":"2021-03-06T09:42:00Z","physicalMemoryBytes":24878755840,"availableMemoryBytes":15279734889,"percentageMemoryUsage":38.5832,"totalSwapBytes":62999490560,"availableSwapBytes":62995812352},{"timestamp":"2021-03-06T09:38:30Z","physicalMemoryBytes":24878755840,"availableMemoryBytes":15275427497,"percentageMemoryUsage":38.6005,"totalSwapBytes":62999490560,"availableSwapBytes":62995812352},{"timestamp":"2021-03-06T09:34:30Z","physicalMemoryBytes":24878755840,"availableMemoryBytes":15265388996,"percentageMemoryUsage":38.6409,"totalSwapBytes":62999490560,"availableSwapBytes":62995812352},{"timestamp":"2021-03-06T09:30:30Z","physicalMemoryBytes":24878755840,"availableMemoryBytes":15277410552,"percentageMemoryUsage":38.5925,"totalSwapBytes":62999490560,"availableSwapBytes":62995812352},{"timestamp":"2021-03-06T09:27:00Z","physicalMemoryBytes":24878755840,"availableMemoryBytes":15283231731,"percentageMemoryUsage":38.5691,"totalSwapBytes":62999490560,"availableSwapBytes":62995812352},{"timestamp":"2021-03-06T09:23:30Z","physicalMemoryBytes":24878755840,"availableMemoryBytes":15275067564,"percentageMemoryUsage":38.602,"totalSwapBytes":62999490560,"availableSwapBytes":62995812352},{"timestamp":"2021-03-06T09:19:30Z","physicalMemoryBytes":24878755840,"availableMemoryBytes":15284350015,"percentageMemoryUsage":38.5647,"totalSwapBytes":62999490560,"availableSwapBytes":62995812352},{"timestamp":"2021-03-06T09:15:30Z","physicalMemoryBytes":24878755840,"availableMemoryBytes":15279013319,"percentageMemoryUsage":38.5861,"totalSwapBytes":62999490560,"availableSwapBytes":62995812352},{"timestamp":"2021-03-06T09:11:30Z","physicalMemoryBytes":24878755840,"availableMemoryBytes":15274867962,"percentageMemoryUsage":38.6028,"totalSwapBytes":62999490560,"availableSwapBytes":62995812352},{"timestamp":"2021-03-06T09:08:00Z","physicalMemoryBytes":24878755840,"availableMemoryBytes":15269018647,"percentageMemoryUsage":38.6263,"totalSwapBytes":62999490560,"availableSwapBytes":62995812352},{"timestamp":"2021-03-06T09:04:30Z","physicalMemoryBytes":24878755840,"availableMemoryBytes":15279105053,"percentageMemoryUsage":38.5857,"totalSwapBytes":62999490560,"availableSwapBytes":62995812352},{"timestamp":"2021-03-06T09:00:30Z","physicalMemoryBytes":24878755840,"availableMemoryBytes":15268877955,"percentageMemoryUsage":38.6268,"totalSwapBytes":62999490560,"availableSwapBytes":62995812352},{"timestamp":"2021-03-06T08:56:30Z","physicalMemoryBytes":24878755840,"availableMemoryBytes":15275382907,"percentageMemoryUsage":38.6007,"totalSwapBytes":62999490560,"availableSwapBytes":62995812352},{"timestamp":"2021-03-06T08:53:00Z","physicalMemoryBytes":24878755840,"availableMemoryBytes":15287231069,"percentageMemoryUsage":38.5531,"totalSwapBytes":62999490560,"availableSwapBytes":62995812352},{"timestamp":"2021-03-06T08:49:30Z","physicalMemoryBytes":24878755840,"availableMemoryBytes":15285333193,"percentageMemoryUsage":38.5607,"totalSwapBytes":62999490560,"availableSwapBytes":62995812352},{"timestamp":"2021-03-06T08:45:30Z","physicalMemoryBytes":24878755840,"availableMemoryBytes":15284841847,"percentageMemoryUsage":38.5627,"totalSwapBytes":62999490560,"availableSwapBytes":62995812352},{"timestamp":"2021-03-06T08:41:30Z","physicalMemoryBytes":24878755840,"availableMemoryBytes":15288681748,"percentageMemoryUsage":38.5472,"totalSwapBytes":62999490560,"availableSwapBytes":62995812352},{"timestamp":"2021-03-06T08:37:30Z","physicalMemoryBytes":24878755840,"availableMemoryBytes":15273255035,"percentageMemoryUsage":38.6092,"totalSwapBytes":62999490560,"availableSwapBytes":62995812352},{"timestamp":"2021-03-06T08:34:00Z","physicalMemoryBytes":24878755840,"availableMemoryBytes":15280935647,"percentageMemoryUsage":38.5784,"totalSwapBytes":62999490560,"availableSwapBytes":62995812352},{"timestamp":"2021-03-06T08:30:30Z","physicalMemoryBytes":24878755840,"availableMemoryBytes":15279957754,"percentageMemoryUsage":38.5823,"totalSwapBytes":62999490560,"availableSwapBytes":62995812352},{"timestamp":"2021-03-06T08:26:30Z","physicalMemoryBytes":24878755840,"availableMemoryBytes":15278019716,"percentageMemoryUsage":38.5901,"totalSwapBytes":62999490560,"availableSwapBytes":62995812352},{"timestamp":"2021-03-06T08:22:30Z","physicalMemoryBytes":24878755840,"availableMemoryBytes":15271776448,"percentageMemoryUsage":38.6152,"totalSwapBytes":62999490560,"availableSwapBytes":62995812352},{"timestamp":"2021-03-06T08:19:00Z","physicalMemoryBytes":24878755840,"availableMemoryBytes":15286592199,"percentageMemoryUsage":38.5556,"totalSwapBytes":62999490560,"availableSwapBytes":62995812352},{"timestamp":"2021-03-06T08:15:30Z","physicalMemoryBytes":24878755840,"availableMemoryBytes":15281388899,"percentageMemoryUsage":38.5766,"totalSwapBytes":62999490560,"availableSwapBytes":62995812352},{"timestamp":"2021-03-06T08:11:30Z","physicalMemoryBytes":24878755840,"availableMemoryBytes":15274554258,"percentageMemoryUsage":38.604,"totalSwapBytes":62999490560,"availableSwapBytes":62995812352},{"timestamp":"2021-03-06T08:07:30Z","physicalMemoryBytes":24878755840,"availableMemoryBytes":15286547989,"percentageMemoryUsage":38.5558,"totalSwapBytes":62999490560,"availableSwapBytes":62995812352},{"timestamp":"2021-03-06T08:03:30Z","physicalMemoryBytes":24878755840,"availableMemoryBytes":15269665049,"percentageMemoryUsage":38.6237,"totalSwapBytes":62999490560,"availableSwapBytes":62995812352},{"timestamp":"2021-03-06T08:00:00Z","physicalMemoryBytes":24878755840,"availableMemoryBytes":15285230609,"percentageMemoryUsage":38.5611,"totalSwapBytes":62999490560,"availableSwapBytes":62995812352},{"timestamp":"2021-03-06T07:56:30Z","physicalMemoryBytes":24878755840,"availableMemoryBytes":15281724506,"percentageMemoryUsage":38.5752,"totalSwapBytes":62999490560,"availableSwapBytes":62995812352},{"timestamp":"2021-03-06T07:52:30Z","physicalMemoryBytes":24878755840,"availableMemoryBytes":15273408182,"percentageMemoryUsage":38.6086,"totalSwapBytes":62999490560,"availableSwapBytes":62995812352},{"timestamp":"2021-03-06T07:48:30Z","physicalMemoryBytes":24878755840,"availableMemoryBytes":15266360994,"percentageMemoryUsage":38.637,"totalSwapBytes":62999490560,"availableSwapBytes":62995812352},{"timestamp":"2021-03-06T07:45:00Z","physicalMemoryBytes":24878755840,"availableMemoryBytes":15222690945,"percentageMemoryUsage":38.8125,"totalSwapBytes":62999490560,"availableSwapBytes":62995812352},{"timestamp":"2021-03-06T07:41:30Z","physicalMemoryBytes":24878755840,"availableMemoryBytes":15192257001,"percentageMemoryUsage":38.9348,"totalSwapBytes":62999490560,"availableSwapBytes":62995812352},{"timestamp":"2021-03-06T07:37:30Z","physicalMemoryBytes":24878755840,"availableMemoryBytes":15192911505,"percentageMemoryUsage":38.9322,"totalSwapBytes":62999490560,"availableSwapBytes":62995812352},{"timestamp":"2021-03-06T07:33:30Z","physicalMemoryBytes":24878755840,"availableMemoryBytes":15181519717,"percentageMemoryUsage":38.978,"totalSwapBytes":62999490560,"availableSwapBytes":62995812352},{"timestamp":"2021-03-06T07:29:30Z","physicalMemoryBytes":24878755840,"availableMemoryBytes":15190168855,"percentageMemoryUsage":38.9432,"totalSwapBytes":62999490560,"availableSwapBytes":62995812352},{"timestamp":"2021-03-06T07:26:00Z","physicalMemoryBytes":24878755840,"availableMemoryBytes":15165050036,"percentageMemoryUsage":39.0442,"totalSwapBytes":62999490560,"availableSwapBytes":62995812352},{"timestamp":"2021-03-06T07:22:30Z","physicalMemoryBytes":24878755840,"availableMemoryBytes":15187593130,"percentageMemoryUsage":38.9536,"totalSwapBytes":62999490560,"availableSwapBytes":62995812352},{"timestamp":"2021-03-06T07:18:30Z","physicalMemoryBytes":24878755840,"availableMemoryBytes":15181209807,"percentageMemoryUsage":38.9792,"totalSwapBytes":62999490560,"availableSwapBytes":62995812352},{"timestamp":"2021-03-06T07:14:30Z","physicalMemoryBytes":24878755840,"availableMemoryBytes":15175713801,"percentageMemoryUsage":39.0013,"totalSwapBytes":62999490560,"availableSwapBytes":62995812352},{"timestamp":"2021-03-06T07:10:30Z","physicalMemoryBytes":24878755840,"availableMemoryBytes":15221410585,"percentageMemoryUsage":38.8176,"totalSwapBytes":62999490560,"availableSwapBytes":62995812352},{"timestamp":"2021-03-06T07:07:00Z","physicalMemoryBytes":24878755840,"availableMemoryBytes":15168887823,"percentageMemoryUsage":39.0288,"totalSwapBytes":62999490560,"availableSwapBytes":62995812352},{"timestamp":"2021-03-06T07:03:30Z","physicalMemoryBytes":24878755840,"availableMemoryBytes":15146370377,"percentageMemoryUsage":39.1193,"totalSwapBytes":62999490560,"availableSwapBytes":62995812352},{"timestamp":"2021-03-06T06:59:30Z","physicalMemoryBytes":24878755840,"availableMemoryBytes":15149632866,"percentageMemoryUsage":39.1061,"totalSwapBytes":62999490560,"availableSwapBytes":62995812352},{"timestamp":"2021-03-06T06:55:30Z","physicalMemoryBytes":24878755840,"availableMemoryBytes":15154448640,"percentageMemoryUsage":39.0868,"totalSwapBytes":62999490560,"availableSwapBytes":62995812352},{"timestamp":"2021-03-06T06:52:00Z","physicalMemoryBytes":24878755840,"availableMemoryBytes":15153999861,"percentageMemoryUsage":39.0886,"totalSwapBytes":62999490560,"availableSwapBytes":62995812352},{"timestamp":"2021-03-06T06:48:30Z","physicalMemoryBytes":24878755840,"availableMemoryBytes":15166162126,"percentageMemoryUsage":39.0397,"totalSwapBytes":62999490560,"availableSwapBytes":62995812352},{"timestamp":"2021-03-06T06:44:30Z","physicalMemoryBytes":24878755840,"availableMemoryBytes":15172854912,"percentageMemoryUsage":39.0128,"totalSwapBytes":62999490560,"availableSwapBytes":62995812352},{"timestamp":"2021-03-06T06:40:30Z","physicalMemoryBytes":24878755840,"availableMemoryBytes":15201183373,"percentageMemoryUsage":38.8989,"totalSwapBytes":62999490560,"availableSwapBytes":62995812352},{"timestamp":"2021-03-06T06:36:30Z","physicalMemoryBytes":24878755840,"availableMemoryBytes":15200587564,"percentageMemoryUsage":38.9013,"totalSwapBytes":62999490560,"availableSwapBytes":62995812352},{"timestamp":"2021-03-06T06:33:00Z","physicalMemoryBytes":24878755840,"availableMemoryBytes":15139880831,"percentageMemoryUsage":39.1453,"totalSwapBytes":62999490560,"availableSwapBytes":62995812352},{"timestamp":"2021-03-06T06:29:30Z","physicalMemoryBytes":24878755840,"availableMemoryBytes":15132912515,"percentageMemoryUsage":39.1734,"totalSwapBytes":62999490560,"availableSwapBytes":62995812352},{"timestamp":"2021-03-06T06:25:30Z","physicalMemoryBytes":24878755840,"availableMemoryBytes":15138985539,"percentageMemoryUsage":39.1489,"totalSwapBytes":62999490560,"availableSwapBytes":62995812352},{"timestamp":"2021-03-06T06:21:30Z","physicalMemoryBytes":24878755840,"availableMemoryBytes":15128304341,"percentageMemoryUsage":39.1919,"totalSwapBytes":62999490560,"availableSwapBytes":62995812352},{"timestamp":"2021-03-06T06:18:00Z","physicalMemoryBytes":24878755840,"availableMemoryBytes":15149693586,"percentageMemoryUsage":39.1059,"totalSwapBytes":62999490560,"availableSwapBytes":62995812352},{"timestamp":"2021-03-06T06:14:30Z","physicalMemoryBytes":24878755840,"availableMemoryBytes":15158572414,"percentageMemoryUsage":39.0702,"totalSwapBytes":62999490560,"availableSwapBytes":62995812352},{"timestamp":"2021-03-06T06:10:30Z","physicalMemoryBytes":24878755840,"availableMemoryBytes":15165628404,"percentageMemoryUsage":39.0419,"totalSwapBytes":62999490560,"availableSwapBytes":62995812352},{"timestamp":"2021-03-06T06:06:30Z","physicalMemoryBytes":24878755840,"availableMemoryBytes":15163006771,"percentageMemoryUsage":39.0524,"totalSwapBytes":62999490560,"availableSwapBytes":62995812352},{"timestamp":"2021-03-06T06:02:30Z","physicalMemoryBytes":24878755840,"availableMemoryBytes":15253951751,"percentageMemoryUsage":38.6868,"totalSwapBytes":62999490560,"availableSwapBytes":62995812352},{"timestamp":"2021-03-06T05:59:00Z","physicalMemoryBytes":24878755840,"availableMemoryBytes":15292413615,"percentageMemoryUsage":38.5322,"totalSwapBytes":62999490560,"availableSwapBytes":62995812352},{"timestamp":"2021-03-06T05:55:30Z","physicalMemoryBytes":24878755840,"availableMemoryBytes":15296708115,"percentageMemoryUsage":38.515,"totalSwapBytes":62999490560,"availableSwapBytes":62995812352},{"timestamp":"2021-03-06T05:51:30Z","physicalMemoryBytes":24878755840,"availableMemoryBytes":15292938778,"percentageMemoryUsage":38.5301,"totalSwapBytes":62999490560,"availableSwapBytes":62995812352},{"timestamp":"2021-03-06T05:47:30Z","physicalMemoryBytes":24878755840,"availableMemoryBytes":15286499778,"percentageMemoryUsage":38.556,"totalSwapBytes":62999490560,"availableSwapBytes":62995812352},{"timestamp":"2021-03-06T05:44:00Z","physicalMemoryBytes":24878755840,"availableMemoryBytes":15281733853,"percentageMemoryUsage":38.5752,"totalSwapBytes":62999490560,"availableSwapBytes":62995812352},{"timestamp":"2021-03-06T05:40:30Z","physicalMemoryBytes":24878755840,"availableMemoryBytes":15290994244,"percentageMemoryUsage":38.5379,"totalSwapBytes":62999490560,"availableSwapBytes":62995812352},{"timestamp":"2021-03-06T05:36:30Z","physicalMemoryBytes":24878755840,"availableMemoryBytes":15290956585,"percentageMemoryUsage":38.5381,"totalSwapBytes":62999490560,"availableSwapBytes":62995812352},{"timestamp":"2021-03-06T05:32:30Z","physicalMemoryBytes":24878755840,"availableMemoryBytes":15288584239,"percentageMemoryUsage":38.5476,"totalSwapBytes":62999490560,"availableSwapBytes":62995812352},{"timestamp":"2021-03-06T05:28:30Z","physicalMemoryBytes":24878755840,"availableMemoryBytes":15297919838,"percentageMemoryUsage":38.5101,"totalSwapBytes":62999490560,"availableSwapBytes":62995812352},{"timestamp":"2021-03-06T05:25:00Z","physicalMemoryBytes":24878755840,"availableMemoryBytes":15296667848,"percentageMemoryUsage":38.5151,"totalSwapBytes":62999490560,"availableSwapBytes":62995812352},{"timestamp":"2021-03-06T05:21:30Z","physicalMemoryBytes":24878755840,"availableMemoryBytes":15303502292,"percentageMemoryUsage":38.4877,"totalSwapBytes":62999490560,"availableSwapBytes":62995812352},{"timestamp":"2021-03-06T05:17:30Z","physicalMemoryBytes":24878755840,"availableMemoryBytes":15298353884,"percentageMemoryUsage":38.5084,"totalSwapBytes":62999490560,"availableSwapBytes":62995812352},{"timestamp":"2021-03-06T05:13:30Z","physicalMemoryBytes":24878755840,"availableMemoryBytes":15289230699,"percentageMemoryUsage":38.545,"totalSwapBytes":62999490560,"availableSwapBytes":62995812352},{"timestamp":"2021-03-06T05:09:30Z","physicalMemoryBytes":24878755840,"availableMemoryBytes":15288420462,"percentageMemoryUsage":38.5483,"totalSwapBytes":62999490560,"availableSwapBytes":62995812352},{"timestamp":"2021-03-06T05:06:00Z","physicalMemoryBytes":24878755840,"availableMemoryBytes":15289956398,"percentageMemoryUsage":38.5421,"totalSwapBytes":62999490560,"availableSwapBytes":62995812352},{"timestamp":"2021-03-06T05:02:30Z","physicalMemoryBytes":24878755840,"availableMemoryBytes":15290624629,"percentageMemoryUsage":38.5394,"totalSwapBytes":62999490560,"availableSwapBytes":62995812352},{"timestamp":"2021-03-06T04:58:30Z","physicalMemoryBytes":24878755840,"availableMemoryBytes":15293868401,"percentageMemoryUsage":38.5264,"totalSwapBytes":62999490560,"availableSwapBytes":62995812352},{"timestamp":"2021-03-06T04:54:30Z","physicalMemoryBytes":24878755840,"availableMemoryBytes":15289810587,"percentageMemoryUsage":38.5427,"totalSwapBytes":62999490560,"availableSwapBytes":62995812352},{"timestamp":"2021-03-06T04:51:00Z","physicalMemoryBytes":24878755840,"availableMemoryBytes":15296618931,"percentageMemoryUsage":38.5153,"totalSwapBytes":62999490560,"availableSwapBytes":62995812352},{"timestamp":"2021-03-06T04:47:30Z","physicalMemoryBytes":24878755840,"availableMemoryBytes":15295032841,"percentageMemoryUsage":38.5217,"totalSwapBytes":62999490560,"availableSwapBytes":62995812352},{"timestamp":"2021-03-06T04:43:30Z","physicalMemoryBytes":24878755840,"availableMemoryBytes":15290061624,"percentageMemoryUsage":38.5417,"totalSwapBytes":62999490560,"availableSwapBytes":62995812352},{"timestamp":"2021-03-06T04:39:30Z","physicalMemoryBytes":24878755840,"availableMemoryBytes":15285814683,"percentageMemoryUsage":38.5588,"totalSwapBytes":62999490560,"availableSwapBytes":62995812352},{"timestamp":"2021-03-06T04:35:30Z","physicalMemoryBytes":24878755840,"availableMemoryBytes":15287480188,"percentageMemoryUsage":38.5521,"totalSwapBytes":62999490560,"availableSwapBytes":62995812352},{"timestamp":"2021-03-06T04:32:00Z","physicalMemoryBytes":24878755840,"availableMemoryBytes":15276771323,"percentageMemoryUsage":38.5951,"totalSwapBytes":62999490560,"availableSwapBytes":62995812352},{"timestamp":"2021-03-06T04:28:30Z","physicalMemoryBytes":24878755840,"availableMemoryBytes":15288633588,"percentageMemoryUsage":38.5474,"totalSwapBytes":62999490560,"availableSwapBytes":62995812352},{"timestamp":"2021-03-06T04:24:30Z","physicalMemoryBytes":24878755840,"availableMemoryBytes":15281410262,"percentageMemoryUsage":38.5765,"totalSwapBytes":62999490560,"availableSwapBytes":62995812352},{"timestamp":"2021-03-06T04:20:30Z","physicalMemoryBytes":24878755840,"availableMemoryBytes":15285702141,"percentageMemoryUsage":38.5592,"totalSwapBytes":62999490560,"availableSwapBytes":62995812352},{"timestamp":"2021-03-06T04:17:00Z","physicalMemoryBytes":24878755840,"availableMemoryBytes":15283445049,"percentageMemoryUsage":38.5683,"totalSwapBytes":62999490560,"availableSwapBytes":62995812352},{"timestamp":"2021-03-06T04:13:30Z","physicalMemoryBytes":24878755840,"availableMemoryBytes":15286849844,"percentageMemoryUsage":38.5546,"totalSwapBytes":62999490560,"availableSwapBytes":62995812352},{"timestamp":"2021-03-06T04:09:30Z","physicalMemoryBytes":24878755840,"availableMemoryBytes":15285651960,"percentageMemoryUsage":38.5594,"totalSwapBytes":62999490560,"availableSwapBytes":62995812352},{"timestamp":"2021-03-06T04:05:30Z","physicalMemoryBytes":24878755840,"availableMemoryBytes":15286797963,"percentageMemoryUsage":38.5548,"totalSwapBytes":62999490560,"availableSwapBytes":62995812352},{"timestamp":"2021-03-06T04:01:30Z","physicalMemoryBytes":24878755840,"availableMemoryBytes":15284445522,"percentageMemoryUsage":38.5643,"totalSwapBytes":62999490560,"availableSwapBytes":62995812352},{"timestamp":"2021-03-06T03:58:00Z","physicalMemoryBytes":24878755840,"availableMemoryBytes":15277386004,"percentageMemoryUsage":38.5926,"totalSwapBytes":62999490560,"availableSwapBytes":62995812352},{"timestamp":"2021-03-06T03:54:30Z","physicalMemoryBytes":24878755840,"availableMemoryBytes":15276420988,"percentageMemoryUsage":38.5965,"totalSwapBytes":62999490560,"availableSwapBytes":62995812352},{"timestamp":"2021-03-06T03:50:30Z","physicalMemoryBytes":24878755840,"availableMemoryBytes":15289212418,"percentageMemoryUsage":38.5451,"totalSwapBytes":62999490560,"availableSwapBytes":62995812352},{"timestamp":"2021-03-06T03:46:30Z","physicalMemoryBytes":24878755840,"availableMemoryBytes":15277127608,"percentageMemoryUsage":38.5937,"totalSwapBytes":62999490560,"availableSwapBytes":62995812352},{"timestamp":"2021-03-06T03:43:00Z","physicalMemoryBytes":24878755840,"availableMemoryBytes":15287736047,"percentageMemoryUsage":38.551,"totalSwapBytes":62999490560,"availableSwapBytes":62995812352},{"timestamp":"2021-03-06T03:39:30Z","physicalMemoryBytes":24878755840,"availableMemoryBytes":15283193584,"percentageMemoryUsage":38.5693,"totalSwapBytes":62999490560,"availableSwapBytes":62995812352},{"timestamp":"2021-03-06T03:35:30Z","physicalMemoryBytes":24878755840,"availableMemoryBytes":15292181128,"percentageMemoryUsage":38.5332,"totalSwapBytes":62999490560,"availableSwapBytes":62995812352},{"timestamp":"2021-03-06T03:31:30Z","physicalMemoryBytes":24878755840,"availableMemoryBytes":15286329069,"percentageMemoryUsage":38.5567,"totalSwapBytes":62999490560,"availableSwapBytes":62995812352},{"timestamp":"2021-03-06T03:27:30Z","physicalMemoryBytes":24878755840,"availableMemoryBytes":15276374460,"percentageMemoryUsage":38.5967,"totalSwapBytes":62999490560,"availableSwapBytes":62995812352},{"timestamp":"2021-03-06T03:24:00Z","physicalMemoryBytes":24878755840,"availableMemoryBytes":15283582975,"percentageMemoryUsage":38.5677,"totalSwapBytes":62999490560,"availableSwapBytes":62995812352},{"timestamp":"2021-03-06T03:20:30Z","physicalMemoryBytes":24878755840,"availableMemoryBytes":15275927182,"percentageMemoryUsage":38.5985,"totalSwapBytes":62999490560,"availableSwapBytes":62995812352},{"timestamp":"2021-03-06T03:16:30Z","physicalMemoryBytes":24878755840,"availableMemoryBytes":15268343554,"percentageMemoryUsage":38.629,"totalSwapBytes":62999490560,"availableSwapBytes":62995812352},{"timestamp":"2021-03-06T03:12:30Z","physicalMemoryBytes":24878755840,"availableMemoryBytes":15266423632,"percentageMemoryUsage":38.6367,"totalSwapBytes":62999490560,"availableSwapBytes":62995812352},{"timestamp":"2021-03-06T03:09:00Z","physicalMemoryBytes":24878755840,"availableMemoryBytes":15262241675,"percentageMemoryUsage":38.6535,"totalSwapBytes":62999490560,"availableSwapBytes":62995812352}],"numMembers":365}
