{"numReportedSystems":2,"numUnreachableSystems":0,"numSynchronisingSystems":0,"softwareUpdateRecommended":false,"overallLocalDiskBytes":78076936192,"overallLocalUserBytes":1219295451365,"overallLocalFreeBytes":2115579707392,"overallLocalCapacityBytes":2193656643584,"overallCloudDiskBytes":0,"overallCloudUserBytes":0,"overallCloudFreeBytes":0,"overallCloudCapacityBytes":0,"systemHealthSummary":{"numUnreachable":0,"numSynchronising":0,"total":2,"numOk":2,"numWarning":0,"numCritical":0,"numUnknown":0},"catStoresSummary":{"statusSummary":{"numOk":3,"numWarning":0,"numCritical":0,"numUnknown":0,"total":3}},"cloudBankStoresSummary":{"statusSummary":{"numOk":0,"numWarning":0,"numCritical":0,"numUnknown":0,"total":0}},"nasSharesSummary":{"statusSummary":{"numOk":0,"numWarning":0,"numCritical":0,"numUnknown":0,"total":0}},"vtlLibrariesSummary":{"statusSummary":{"numOk":0,"numWarning":0,"numCritical":0,"numUnknown":0,"total":0}},"nasRepMappingSummary":{"statusSummary":{"numOk":0,"numWarning":0,"numCritical":0,"numUnknown":0,"total":0}},"vtlRepMappingSummary":{"statusSummary":{"numOk":0,"numWarning":0,"numCritical":0,"numUnknown":0,"total":0}},"softwareVersions":{"4.2.1-1942.21":2},"platformTypes":{"HPE StoreOnce VSA":2},"lowestSoftwareVersion":"4.2.1","highestSoftwareVersion":"4.2.1","overallUserBytes":1219295451365,"overallDiskBytes":78076936192,"overallDedupeRatio":15.61659,"overallCapacitySavedBytes":1141218515173,"overallCapacitySavedPercent":93.59655}
