{
    "count": 2,
    "total": 2,
    "unFilteredTotal": 2,
    "start": 0,
    "category": "resources",
    "members": [
        {
            "category": "systems",
            "status": "OK",
            "type": "IndexResource",
            "categoryVersion": 2,
            "softwareVersion": "4.2.1-1942.21",
            "apiVersion": 1,
            "dedupeRatio": 19.289792619983782,
            "numRemainingStores": 30,
            "numRemainingShares": 30,
            "numRemainingLibraries": 30,
            "localDiskBytes": 52898242560,
            "localUserBytes": 1020396128944,
            "localFreeBytes": 1043930079232,
            "localCapacityBytes": 1096828321792,
            "cloudDiskBytes": 0,
            "cloudUserBytes": 0,
            "cloudFreeBytes": 0,
            "cloudCapacityBytes": 0,
            "catalystInboundCopyJobSessions": 0,
            "catalystOutboundCopyJobSessions": 0,
            "catalystDataJobSessions": 0,
            "nasOpenFileDescriptors": 0,
            "nasNumDedupeSessions": 0,
            "applianceStatus": "OK",
            "applianceStatusString": "OK",
            "dataServicesStatus": "OK",
            "dataServicesStatusString": "OK",
            "licenseStatus": "OK",
            "licenseStatusString": "OK",
            "userStorageStatus": "OK",
            "userStorageStatusString": "OK",
            "vtlNumActiveSessions": 0,
            "hardwareStatus": "NOT_HARDWARE",
            "hardwareStatusString": "Status Invalid.  Not a hardware appliance.",
            "remoteSupportStatus": "OK",
            "remoteSupportStatusString": "OK",
            "hamaStatus": "NOT_APPLICABLE",
            "hamaStatusString": "Not Applicable",
            "repNumSourceJobs": 0,
            "repNumTargetJobs": 0,
            "repVtlNumMappingsTotal": 0,
            "repVtlNumMappingsStatusPendingSynchronisation": 0,
            "repVtlNumMappingsStatusSynchronising": 0,
            "repVtlNumMappingStatusSynchronised": 0,
            "repVtlNumMappingsHealthLevelOK": 0,
            "repVtlNumMappingsHealthLevelWarning": 0,
            "repVtlNumMappingsHealthLevelCritical": 0,
            "repNasNumMappingsTotal": 0,
            "repNasNumMappingsStatusPendingSynchronisation": 0,
            "repNasNumMappingsStatusSynchronising": 0,
            "repNasNumMappingStatusSynchronised": 0,
            "repNasNumMappingsHealthLevelOK": 0,
            "repNasNumMappingsHealthLevelWarning": 0,
            "repNasNumMappingsHealthLevelCritical": 0,
            "metricsCpuTotal": 99.85,
            "metricsMemoryTotalPhysical": 24879906816,
            "metricsMemoryUsedPercent": 43.021,
            "metricsDataDiskUtilisationPercent": 0.339641,
            "maxStreamsLimit": 30,
            "isVSA": true,
            "isHama": false,
            "softwareUpdateRecommended": false,
            "recommendedSoftwareVersion": ""
        },
        {
            "category": "systems",
            "status": "OK",
            "type": "IndexResource",
            "categoryVersion": 2,
            "softwareVersion": "4.2.1-1942.21",
            "apiVersion": 1,
            "dedupeRatio": 7.899509217119021,
            "numRemainingStores": 31,
            "numRemainingShares": 31,
            "numRemainingLibraries": 31,
            "localDiskBytes": 25178693632,
            "localUserBytes": 198899322421,
            "localFreeBytes": 1071649628160,
            "localCapacityBytes": 1096828321792,
            "cloudDiskBytes": 0,
            "cloudUserBytes": 0,
            "cloudFreeBytes": 0,
            "cloudCapacityBytes": 0,
            "catalystInboundCopyJobSessions": 0,
            "catalystOutboundCopyJobSessions": 0,
            "catalystDataJobSessions": 0,
            "nasOpenFileDescriptors": 0,
            "nasNumDedupeSessions": 0,
            "applianceStatus": "OK",
            "applianceStatusString": "OK",
            "dataServicesStatus": "OK",
            "dataServicesStatusString": "OK",
            "licenseStatus": "OK",
            "licenseStatusString": "OK",
            "userStorageStatus": "OK",
            "userStorageStatusString": "OK",
            "vtlNumActiveSessions": 0,
            "hardwareStatus": "NOT_HARDWARE",
            "hardwareStatusString": "Status Invalid.  Not a hardware appliance.",
            "remoteSupportStatus": "OK",
            "remoteSupportStatusString": "OK",
            "hamaStatus": "NOT_APPLICABLE",
            "hamaStatusString": "Not Applicable",
            "repNumSourceJobs": 0,
            "repNumTargetJobs": 0,
            "repVtlNumMappingsTotal": 0,
            "repVtlNumMappingsStatusPendingSynchronisation": 0,
            "repVtlNumMappingsStatusSynchronising": 0,
            "repVtlNumMappingStatusSynchronised": 0,
            "repVtlNumMappingsHealthLevelOK": 0,
            "repVtlNumMappingsHealthLevelWarning": 0,
            "repVtlNumMappingsHealthLevelCritical": 0,
            "repNasNumMappingsTotal": 0,
            "repNasNumMappingsStatusPendingSynchronisation": 0,
            "repNasNumMappingsStatusSynchronising": 0,
            "repNasNumMappingStatusSynchronised": 0,
            "repNasNumMappingsHealthLevelOK": 0,
            "repNasNumMappingsHealthLevelWarning": 0,
            "repNasNumMappingsHealthLevelCritical": 0,
            "metricsCpuTotal": 5.08071,
            "metricsMemoryTotalPhysical": 24879906816,
            "metricsMemoryUsedPercent": 39.9693,
            "metricsDataDiskUtilisationPercent": 0.113307,
            "maxStreamsLimit": 32,
            "isVSA": true,
            "isHama": false,
            "softwareUpdateRecommended": false,
            "recommendedSoftwareVersion": ""
        }
    ]
}