{"numReportedSystems":1,"numUnreachableSystems":0,"numSynchronisingSystems":0,"softwareUpdateRecommended":false,"overallLocalDiskBytes":4877939593216,"overallLocalUserBytes":74754416507516,"overallLocalFreeBytes":5000495673344,"overallLocalCapacityBytes":9878435266560,"overallCloudDiskBytes":0,"overallCloudUserBytes":0,"overallCloudFreeBytes":0,"overallCloudCapacityBytes":0,"systemHealthSummary":{"numUnreachable":0,"numSynchronising":0,"numOk":1,"numWarning":0,"numCritical":0,"numUnknown":0,"total":1},"catStoresSummary":{"statusSummary":{"numOk":1,"numWarning":0,"numCritical":0,"numUnknown":0,"total":1}},"cloudBankStoresSummary":{"statusSummary":{"numOk":0,"numWarning":0,"numCritical":0,"numUnknown":0,"total":0}},"nasSharesSummary":{"statusSummary":{"numOk":0,"numWarning":0,"numCritical":0,"numUnknown":0,"total":0}},"vtlLibrariesSummary":{"statusSummary":{"numOk":0,"numWarning":0,"numCritical":0,"numUnknown":0,"total":0}},"nasRepMappingSummary":{"statusSummary":{"numOk":0,"numWarning":0,"numCritical":0,"numUnknown":0,"total":0}},"vtlRepMappingSummary":{"statusSummary":{"numOk":0,"numWarning":0,"numCritical":0,"numUnknown":0,"total":0}},"softwareVersions":{"4.2.3-2011.40":1},"platformTypes":{"HPE StoreOnce VSA":1},"lowestSoftwareVersion":"4.2.3","highestSoftwareVersion":"4.2.3","overallUserBytes":74754416507516,"overallDiskBytes":4877939593216,"overallDedupeRatio":15.32500,"overallCapacitySavedBytes":69876476914300,"overallCapacitySavedPercent":93.47471}
