{
    "category": "systems",
    "status": "OK",
    "type": "IndexResource",
    "categoryVersion": 2,
    "softwareVersion": "4.2.3-2011.40",
    "apiVersion": 1,
    "dedupeRatio": 15.324998409467963,
    "numRemainingStores": 31,
    "numRemainingShares": 31,
    "numRemainingLibraries": 31,
    "localDiskBytes": 4877939593216,
    "localUserBytes": 74754416507516,
    "localFreeBytes": 5000495673344,
    "localCapacityBytes": 9878435266560,
    "cloudDiskBytes": 0,
    "cloudUserBytes": 0,
    "cloudFreeBytes": 0,
    "cloudCapacityBytes": 0,
    "catalystInboundCopyJobSessions": 0,
    "catalystOutboundCopyJobSessions": 0,
    "catalystDataJobSessions": 0,
    "nasOpenFileDescriptors": 0,
    "nasNumDedupeSessions": 0,
    "applianceStatus": "OK",
    "applianceStatusString": "OK",
    "dataServicesStatus": "OK",
    "dataServicesStatusString": "OK",
    "licenseStatus": "OK",
    "licenseStatusString": "OK",
    "userStorageStatus": "OK",
    "userStorageStatusString": "OK",
    "vtlNumActiveSessions": 0,
    "hardwareStatus": "NOT_HARDWARE",
    "hardwareStatusString": "Status Invalid.  Not a hardware appliance.",
    "remoteSupportStatus": "OK",
    "remoteSupportStatusString": "OK",
    "hamaStatus": "NOT_APPLICABLE",
    "hamaStatusString": "Not Applicable",
    "repNumSourceJobs": 0,
    "repNumTargetJobs": 0,
    "repVtlNumMappingsTotal": 0,
    "repVtlNumMappingsStatusPendingSynchronisation": 0,
    "repVtlNumMappingsStatusSynchronising": 0,
    "repVtlNumMappingStatusSynchronised": 0,
    "repVtlNumMappingsHealthLevelOK": 0,
    "repVtlNumMappingsHealthLevelWarning": 0,
    "repVtlNumMappingsHealthLevelCritical": 0,
    "repNasNumMappingsTotal": 0,
    "repNasNumMappingsStatusPendingSynchronisation": 0,
    "repNasNumMappingsStatusSynchronising": 0,
    "repNasNumMappingStatusSynchronised": 0,
    "repNasNumMappingsHealthLevelOK": 0,
    "repNasNumMappingsHealthLevelWarning": 0,
    "repNasNumMappingsHealthLevelCritical": 0,
    "metricsCpuTotal": 65.5015,
    "metricsMemoryTotalPhysical": 24879775744,
    "metricsMemoryUsedPercent": 42.7114,
    "metricsDataDiskUtilisationPercent": 0.19,
    "maxStreamsLimit": 31,
    "isVSA": true,
    "isHama": false,
    "softwareUpdateRecommended": false,
    "recommendedSoftwareVersion": ""
}