{
    "count": 2,
    "total": 2,
    "unFilteredTotal": 2,
    "start": 0,
    "category": "resources",
    "members": [
        {
            "category": "systems",
            "status": "OK",
            "type": "IndexResource",
            "categoryVersion": 2,
            "softwareVersion": "4.2.3-2011.40",
            "apiVersion": 1,
            "dedupeRatio": 5.9470616628329855,
            "numRemainingStores": 30,
            "numRemainingShares": 30,
            "numRemainingLibraries": 30,
            "localDiskBytes": 53977824305152,
            "localUserBytes": 321009449568304,
            "localFreeBytes": 55805845233664,
            "localCapacityBytes": 109783669538816,
            "cloudDiskBytes": 0,
            "cloudUserBytes": 0,
            "cloudFreeBytes": 0,
            "cloudCapacityBytes": 0,
            "catalystInboundCopyJobSessions": 0,
            "catalystOutboundCopyJobSessions": 5,
            "catalystDataJobSessions": 0,
            "nasOpenFileDescriptors": 0,
            "nasNumDedupeSessions": 0,
            "applianceStatus": "OK",
            "applianceStatusString": "OK",
            "dataServicesStatus": "OK",
            "dataServicesStatusString": "OK",
            "licenseStatus": "OK",
            "licenseStatusString": "OK",
            "userStorageStatus": "OK",
            "userStorageStatusString": "OK",
            "vtlNumActiveSessions": 0,
            "hardwareStatus": "NOT_HARDWARE",
            "hardwareStatusString": "Status Invalid.  Not a hardware appliance.",
            "remoteSupportStatus": "OK",
            "remoteSupportStatusString": "OK",
            "hamaStatus": "NOT_APPLICABLE",
            "hamaStatusString": "Not Applicable",
            "repNumSourceJobs": 0,
            "repNumTargetJobs": 0,
            "repVtlNumMappingsTotal": 0,
            "repVtlNumMappingsStatusPendingSynchronisation": 0,
            "repVtlNumMappingsStatusSynchronising": 0,
            "repVtlNumMappingStatusSynchronised": 0,
            "repVtlNumMappingsHealthLevelOK": 0,
            "repVtlNumMappingsHealthLevelWarning": 0,
            "repVtlNumMappingsHealthLevelCritical": 0,
            "repNasNumMappingsTotal": 0,
            "repNasNumMappingsStatusPendingSynchronisation": 0,
            "repNasNumMappingsStatusSynchronising": 0,
            "repNasNumMappingStatusSynchronised": 0,
            "repNasNumMappingsHealthLevelOK": 0,
            "repNasNumMappingsHealthLevelWarning": 0,
            "repNasNumMappingsHealthLevelCritical": 0,
            "metricsCpuTotal": 25.3755,
            "metricsMemoryTotalPhysical": 43902984192,
            "metricsMemoryUsedPercent": 38.9148,
            "metricsDataDiskUtilisationPercent": 100.0,
            "maxStreamsLimit": 45,
            "isVSA": true,
            "isHama": false,
            "softwareUpdateRecommended": false,
            "recommendedSoftwareVersion": ""
        },
        {
            "category": "systems",
            "status": "OK",
            "type": "IndexResource",
            "categoryVersion": 2,
            "softwareVersion": "4.2.3-2011.40",
            "apiVersion": 1,
            "dedupeRatio": 7.599249649001002,
            "numRemainingStores": 30,
            "numRemainingShares": 30,
            "numRemainingLibraries": 30,
            "localDiskBytes": 68111822635008,
            "localUserBytes": 517598744251903,
            "localFreeBytes": 41671846903808,
            "localCapacityBytes": 109783669538816,
            "cloudDiskBytes": 0,
            "cloudUserBytes": 0,
            "cloudFreeBytes": 0,
            "cloudCapacityBytes": 0,
            "catalystInboundCopyJobSessions": 5,
            "catalystOutboundCopyJobSessions": 0,
            "catalystDataJobSessions": 0,
            "nasOpenFileDescriptors": 0,
            "nasNumDedupeSessions": 0,
            "applianceStatus": "OK",
            "applianceStatusString": "OK",
            "dataServicesStatus": "OK",
            "dataServicesStatusString": "OK",
            "licenseStatus": "OK",
            "licenseStatusString": "OK",
            "userStorageStatus": "OK",
            "userStorageStatusString": "OK",
            "vtlNumActiveSessions": 0,
            "hardwareStatus": "NOT_HARDWARE",
            "hardwareStatusString": "Status Invalid.  Not a hardware appliance.",
            "remoteSupportStatus": "OK",
            "remoteSupportStatusString": "OK",
            "hamaStatus": "NOT_APPLICABLE",
            "hamaStatusString": "Not Applicable",
            "repNumSourceJobs": 0,
            "repNumTargetJobs": 0,
            "repVtlNumMappingsTotal": 0,
            "repVtlNumMappingsStatusPendingSynchronisation": 0,
            "repVtlNumMappingsStatusSynchronising": 0,
            "repVtlNumMappingStatusSynchronised": 0,
            "repVtlNumMappingsHealthLevelOK": 0,
            "repVtlNumMappingsHealthLevelWarning": 0,
            "repVtlNumMappingsHealthLevelCritical": 0,
            "repNasNumMappingsTotal": 0,
            "repNasNumMappingsStatusPendingSynchronisation": 0,
            "repNasNumMappingsStatusSynchronising": 0,
            "repNasNumMappingStatusSynchronised": 0,
            "repNasNumMappingsHealthLevelOK": 0,
            "repNasNumMappingsHealthLevelWarning": 0,
            "repNasNumMappingsHealthLevelCritical": 0,
            "metricsCpuTotal": 16.9383,
            "metricsMemoryTotalPhysical": 43902984192,
            "metricsMemoryUsedPercent": 34.8194,
            "metricsDataDiskUtilisationPercent": 41.74,
            "maxStreamsLimit": 45,
            "isVSA": true,
            "isHama": false,
            "softwareUpdateRecommended": false,
            "recommendedSoftwareVersion": ""
        }
    ]
}