{"members":[{"timestamp":"2021-03-02T19:30:00Z","percentageCpuUsage":5.66075,"percentageUser":3.25308,"percentageNice":9.41746E-4,"percentageSys":2.32027,"percentageIdle":93.9246,"percentageIoWait":0.414658,"percentageHardIrq":0.0,"percentageSoftIrq":0.08645,"percentageSteal":0.0,"percentageGuest":0.0},{"timestamp":"2021-03-01T19:30:00Z","percentageCpuUsage":5.61292,"percentageUser":3.26121,"percentageNice":8.34482E-4,"percentageSys":2.26462,"percentageIdle":94.0114,"percentageIoWait":0.375677,"percentageHardIrq":0.0,"percentageSoftIrq":0.0862562,"percentageSteal":0.0,"percentageGuest":0.0},{"timestamp":"2021-02-28T19:30:00Z","percentageCpuUsage":5.53579,"percentageUser":3.2459,"percentageNice":8.68998E-4,"percentageSys":2.20409,"percentageIdle":94.0719,"percentageIoWait":0.392267,"percentageHardIrq":0.0,"percentageSoftIrq":0.0849308,"percentageSteal":0.0,"percentageGuest":0.0},{"timestamp":"2021-02-27T19:30:00Z","percentageCpuUsage":5.50035,"percentageUser":3.27212,"percentageNice":8.28835E-4,"percentageSys":2.14088,"percentageIdle":94.0667,"percentageIoWait":0.432984,"percentageHardIrq":0.0,"percentageSoftIrq":0.0865182,"percentageSteal":0.0,"percentageGuest":0.0},{"timestamp":"2021-02-26T19:30:00Z","percentageCpuUsage":7.44709,"percentageUser":4.80976,"percentageNice":8.16367E-4,"percentageSys":2.4227,"percentageIdle":91.9996,"percentageIoWait":0.553271,"percentageHardIrq":0.0,"percentageSoftIrq":0.213812,"percentageSteal":0.0,"percentageGuest":0.0},{"timestamp":"2021-02-25T19:30:00Z","percentageCpuUsage":5.72004,"percentageUser":3.27025,"percentageNice":8.92264E-4,"percentageSys":2.36255,"percentageIdle":93.8669,"percentageIoWait":0.413029,"percentageHardIrq":0.0,"percentageSoftIrq":0.0863408,"percentageSteal":0.0,"percentageGuest":0.0},{"timestamp":"2021-02-24T19:30:00Z","percentageCpuUsage":5.66955,"percentageUser":3.23861,"percentageNice":8.46159E-4,"percentageSys":2.34337,"percentageIdle":93.9082,"percentageIoWait":0.422274,"percentageHardIrq":0.0,"percentageSoftIrq":0.086726,"percentageSteal":0.0,"percentageGuest":0.0},{"timestamp":"2021-02-23T19:30:00Z","percentageCpuUsage":5.64833,"percentageUser":3.23216,"percentageNice":8.27617E-4,"percentageSys":2.32822,"percentageIdle":93.9374,"percentageIoWait":0.414268,"percentageHardIrq":0.0,"percentageSoftIrq":0.0871172,"percentageSteal":0.0,"percentageGuest":0.0},{"timestamp":"2021-02-22T19:30:00Z","percentageCpuUsage":5.62513,"percentageUser":3.2376,"percentageNice":8.97948E-4,"percentageSys":2.29997,"percentageIdle":93.9814,"percentageIoWait":0.393424,"percentageHardIrq":0.0,"percentageSoftIrq":0.0866676,"percentageSteal":0.0,"percentageGuest":0.0},{"timestamp":"2021-02-21T19:30:00Z","percentageCpuUsage":5.57426,"percentageUser":3.25058,"percentageNice":8.35524E-4,"percentageSys":2.23647,"percentageIdle":94.0326,"percentageIoWait":0.393177,"percentageHardIrq":0.0,"percentageSoftIrq":0.0863726,"percentageSteal":0.0,"percentageGuest":0.0},{"timestamp":"2021-02-20T19:30:00Z","percentageCpuUsage":5.48521,"percentageUser":3.24581,"percentageNice":8.20519E-4,"percentageSys":2.15093,"percentageIdle":94.0824,"percentageIoWait":0.432407,"percentageHardIrq":0.0,"percentageSoftIrq":0.0876412,"percentageSteal":0.0,"percentageGuest":0.0},{"timestamp":"2021-02-19T19:30:00Z","percentageCpuUsage":7.47896,"percentageUser":4.84136,"percentageNice":9.09319E-4,"percentageSys":2.4167,"percentageIdle":91.9903,"percentageIoWait":0.530714,"percentageHardIrq":0.0,"percentageSoftIrq":0.220003,"percentageSteal":0.0,"percentageGuest":0.0},{"timestamp":"2021-02-18T19:30:00Z","percentageCpuUsage":5.6992,"percentageUser":3.27903,"percentageNice":9.30492E-4,"percentageSys":2.33018,"percentageIdle":93.8641,"percentageIoWait":0.43672,"percentageHardIrq":0.0,"percentageSoftIrq":0.0890564,"percentageSteal":0.0,"percentageGuest":0.0},{"timestamp":"2021-02-17T19:30:00Z","percentageCpuUsage":5.71179,"percentageUser":3.29377,"percentageNice":8.46565E-4,"percentageSys":2.3291,"percentageIdle":93.8581,"percentageIoWait":0.430106,"percentageHardIrq":0.0,"percentageSoftIrq":0.0880691,"percentageSteal":0.0,"percentageGuest":0.0},{"timestamp":"2021-02-16T19:30:00Z","percentageCpuUsage":5.67758,"percentageUser":3.2618,"percentageNice":8.7358E-4,"percentageSys":2.32663,"percentageIdle":93.9081,"percentageIoWait":0.414328,"percentageHardIrq":0.0,"percentageSoftIrq":0.0882836,"percentageSteal":0.0,"percentageGuest":0.0},{"timestamp":"2021-02-15T19:30:00Z","percentageCpuUsage":5.68179,"percentageUser":3.29036,"percentageNice":8.34035E-4,"percentageSys":2.30228,"percentageIdle":93.9263,"percentageIoWait":0.391865,"percentageHardIrq":0.0,"percentageSoftIrq":0.0883237,"percentageSteal":0.0,"percentageGuest":0.0},{"timestamp":"2021-02-14T19:30:00Z","percentageCpuUsage":5.62512,"percentageUser":3.28613,"percentageNice":8.26227E-4,"percentageSys":2.2503,"percentageIdle":93.9779,"percentageIoWait":0.396991,"percentageHardIrq":0.0,"percentageSoftIrq":0.0878587,"percentageSteal":0.0,"percentageGuest":0.0},{"timestamp":"2021-02-13T19:30:00Z","percentageCpuUsage":5.54558,"percentageUser":3.29146,"percentageNice":8.73227E-4,"percentageSys":2.16477,"percentageIdle":94.0257,"percentageIoWait":0.428691,"percentageHardIrq":0.0,"percentageSoftIrq":0.0884725,"percentageSteal":0.0,"percentageGuest":0.0},{"timestamp":"2021-02-12T19:30:00Z","percentageCpuUsage":7.40397,"percentageUser":4.80306,"percentageNice":8.33936E-4,"percentageSys":2.38221,"percentageIdle":92.0731,"percentageIoWait":0.522888,"percentageHardIrq":0.0,"percentageSoftIrq":0.217869,"percentageSteal":0.0,"percentageGuest":0.0},{"timestamp":"2021-02-11T19:30:00Z","percentageCpuUsage":5.68975,"percentageUser":3.27478,"percentageNice":8.92151E-4,"percentageSys":2.32585,"percentageIdle":93.8934,"percentageIoWait":0.416821,"percentageHardIrq":0.0,"percentageSoftIrq":0.0882362,"percentageSteal":0.0,"percentageGuest":0.0},{"timestamp":"2021-02-10T19:30:00Z","percentageCpuUsage":5.71604,"percentageUser":3.28463,"percentageNice":8.90967E-4,"percentageSys":2.34295,"percentageIdle":93.866,"percentageIoWait":0.418001,"percentageHardIrq":0.0,"percentageSoftIrq":0.0875654,"percentageSteal":0.0,"percentageGuest":0.0},{"timestamp":"2021-02-09T19:30:00Z","percentageCpuUsage":5.74635,"percentageUser":3.31227,"percentageNice":8.39856E-4,"percentageSys":2.34479,"percentageIdle":93.8471,"percentageIoWait":0.4065,"percentageHardIrq":0.0,"percentageSoftIrq":0.0884523,"percentageSteal":0.0,"percentageGuest":0.0},{"timestamp":"2021-02-08T19:30:00Z","percentageCpuUsage":5.69166,"percentageUser":3.29303,"percentageNice":8.14971E-4,"percentageSys":2.30998,"percentageIdle":93.9286,"percentageIoWait":0.379696,"percentageHardIrq":0.0,"percentageSoftIrq":0.0878409,"percentageSteal":0.0,"percentageGuest":0.0},{"timestamp":"2021-02-07T19:30:00Z","percentageCpuUsage":5.57947,"percentageUser":3.26052,"percentageNice":8.6816E-4,"percentageSys":2.23003,"percentageIdle":94.0229,"percentageIoWait":0.397651,"percentageHardIrq":0.0,"percentageSoftIrq":0.0880579,"percentageSteal":0.0,"percentageGuest":0.0},{"timestamp":"2021-02-06T19:30:00Z","percentageCpuUsage":5.50778,"percentageUser":3.27105,"percentageNice":9.29773E-4,"percentageSys":2.14817,"percentageIdle":94.0579,"percentageIoWait":0.434297,"percentageHardIrq":0.0,"percentageSoftIrq":0.087631,"percentageSteal":0.0,"percentageGuest":0.0},{"timestamp":"2021-02-05T19:30:00Z","percentageCpuUsage":7.4379,"percentageUser":4.82529,"percentageNice":8.47019E-4,"percentageSys":2.39375,"percentageIdle":92.0452,"percentageIoWait":0.516884,"percentageHardIrq":0.0,"percentageSoftIrq":0.218014,"percentageSteal":0.0,"percentageGuest":0.0},{"timestamp":"2021-02-04T19:30:00Z","percentageCpuUsage":5.66917,"percentageUser":3.26384,"percentageNice":9.42383E-4,"percentageSys":2.31589,"percentageIdle":93.8919,"percentageIoWait":0.438919,"percentageHardIrq":0.0,"percentageSoftIrq":0.0885092,"percentageSteal":0.0,"percentageGuest":0.0},{"timestamp":"2021-02-03T19:30:00Z","percentageCpuUsage":5.67554,"percentageUser":3.26773,"percentageNice":8.04381E-4,"percentageSys":2.31795,"percentageIdle":93.911,"percentageIoWait":0.413482,"percentageHardIrq":0.0,"percentageSoftIrq":0.0890613,"percentageSteal":0.0,"percentageGuest":0.0},{"timestamp":"2021-02-02T19:30:00Z","percentageCpuUsage":5.66223,"percentageUser":3.27851,"percentageNice":8.33992E-4,"percentageSys":2.29468,"percentageIdle":93.9294,"percentageIoWait":0.408351,"percentageHardIrq":0.0,"percentageSoftIrq":0.088206,"percentageSteal":0.0,"percentageGuest":0.0},{"timestamp":"2021-02-01T19:30:00Z","percentageCpuUsage":5.61843,"percentageUser":3.26945,"percentageNice":9.10061E-4,"percentageSys":2.26095,"percentageIdle":93.9881,"percentageIoWait":0.393443,"percentageHardIrq":0.0,"percentageSoftIrq":0.087109,"percentageSteal":0.0,"percentageGuest":0.0},{"timestamp":"2021-01-31T19:30:00Z","percentageCpuUsage":5.57081,"percentageUser":3.27813,"percentageNice":8.36328E-4,"percentageSys":2.20446,"percentageIdle":94.0412,"percentageIoWait":0.38803,"percentageHardIrq":0.0,"percentageSoftIrq":0.0873827,"percentageSteal":0.0,"percentageGuest":0.0},{"timestamp":"2021-01-30T19:30:00Z","percentageCpuUsage":5.46762,"percentageUser":3.23779,"percentageNice":8.51487E-4,"percentageSys":2.14154,"percentageIdle":94.1235,"percentageIoWait":0.408835,"percentageHardIrq":0.0,"percentageSoftIrq":0.0874443,"percentageSteal":0.0,"percentageGuest":0.0},{"timestamp":"2021-01-29T19:30:00Z","percentageCpuUsage":7.45166,"percentageUser":4.838,"percentageNice":9.10654E-4,"percentageSys":2.39484,"percentageIdle":92.0331,"percentageIoWait":0.515245,"percentageHardIrq":0.0,"percentageSoftIrq":0.217913,"percentageSteal":0.0,"percentageGuest":0.0},{"timestamp":"2021-01-28T19:30:00Z","percentageCpuUsage":5.63762,"percentageUser":3.26132,"percentageNice":8.44956E-4,"percentageSys":2.28716,"percentageIdle":93.9512,"percentageIoWait":0.411152,"percentageHardIrq":0.0,"percentageSoftIrq":0.0882957,"percentageSteal":0.0,"percentageGuest":0.0},{"timestamp":"2021-01-27T19:30:00Z","percentageCpuUsage":5.63655,"percentageUser":3.26208,"percentageNice":8.25406E-4,"percentageSys":2.2851,"percentageIdle":93.9453,"percentageIoWait":0.418179,"percentageHardIrq":0.0,"percentageSoftIrq":0.0885409,"percentageSteal":0.0,"percentageGuest":0.0},{"timestamp":"2021-01-26T19:30:00Z","percentageCpuUsage":5.59097,"percentageUser":3.23717,"percentageNice":8.75734E-4,"percentageSys":2.26453,"percentageIdle":94.0039,"percentageIoWait":0.40512,"percentageHardIrq":0.0,"percentageSoftIrq":0.0883967,"percentageSteal":0.0,"percentageGuest":0.0},{"timestamp":"2021-01-25T19:30:00Z","percentageCpuUsage":5.57491,"percentageUser":3.24955,"percentageNice":8.14655E-4,"percentageSys":2.23669,"percentageIdle":94.0385,"percentageIoWait":0.386594,"percentageHardIrq":0.0,"percentageSoftIrq":0.0878567,"percentageSteal":0.0,"percentageGuest":0.0},{"timestamp":"2021-01-24T19:30:00Z","percentageCpuUsage":5.50914,"percentageUser":3.2295,"percentageNice":8.57746E-4,"percentageSys":2.19109,"percentageIdle":94.108,"percentageIoWait":0.382882,"percentageHardIrq":0.0,"percentageSoftIrq":0.0876928,"percentageSteal":0.0,"percentageGuest":0.0},{"timestamp":"2021-01-23T19:30:00Z","percentageCpuUsage":5.49004,"percentageUser":3.29524,"percentageNice":8.74848E-4,"percentageSys":2.10626,"percentageIdle":94.0911,"percentageIoWait":0.418874,"percentageHardIrq":0.0,"percentageSoftIrq":0.0876591,"percentageSteal":0.0,"percentageGuest":0.0},{"timestamp":"2021-01-22T19:30:00Z","percentageCpuUsage":7.30551,"percentageUser":4.81123,"percentageNice":9.04968E-4,"percentageSys":2.27854,"percentageIdle":92.2204,"percentageIoWait":0.474083,"percentageHardIrq":0.0,"percentageSoftIrq":0.214841,"percentageSteal":0.0,"percentageGuest":0.0},{"timestamp":"2021-01-21T19:30:00Z","percentageCpuUsage":5.4002,"percentageUser":3.23992,"percentageNice":8.88092E-4,"percentageSys":2.07165,"percentageIdle":94.2382,"percentageIoWait":0.361626,"percentageHardIrq":0.0,"percentageSoftIrq":0.0877409,"percentageSteal":0.0,"percentageGuest":0.0},{"timestamp":"2021-01-20T19:30:00Z","percentageCpuUsage":5.42256,"percentageUser":3.28956,"percentageNice":9.81427E-4,"percentageSys":2.04199,"percentageIdle":94.132,"percentageIoWait":0.445447,"percentageHardIrq":0.0,"percentageSoftIrq":0.0900391,"percentageSteal":0.0,"percentageGuest":0.0},{"timestamp":"2021-01-19T19:30:00Z","percentageCpuUsage":5.81446,"percentageUser":3.50224,"percentageNice":8.21842E-4,"percentageSys":2.20128,"percentageIdle":93.7045,"percentageIoWait":0.481,"percentageHardIrq":0.0,"percentageSoftIrq":0.110124,"percentageSteal":0.0,"percentageGuest":0.0},{"timestamp":"2021-01-18T19:30:00Z","percentageCpuUsage":5.59023,"percentageUser":3.26451,"percentageNice":8.27377E-4,"percentageSys":2.2371,"percentageIdle":94.0158,"percentageIoWait":0.393942,"percentageHardIrq":0.0,"percentageSoftIrq":0.0878031,"percentageSteal":0.0,"percentageGuest":0.0},{"timestamp":"2021-01-17T19:30:00Z","percentageCpuUsage":5.4848,"percentageUser":3.21854,"percentageNice":8.98817E-4,"percentageSys":2.17914,"percentageIdle":94.1346,"percentageIoWait":0.380625,"percentageHardIrq":0.0,"percentageSoftIrq":0.0862185,"percentageSteal":0.0,"percentageGuest":0.0},{"timestamp":"2021-01-16T19:30:00Z","percentageCpuUsage":5.48993,"percentageUser":3.28003,"percentageNice":8.51528E-4,"percentageSys":2.12191,"percentageIdle":94.078,"percentageIoWait":0.432072,"percentageHardIrq":0.0,"percentageSoftIrq":0.0871364,"percentageSteal":0.0,"percentageGuest":0.0},{"timestamp":"2021-01-15T19:30:00Z","percentageCpuUsage":7.13623,"percentageUser":4.58409,"percentageNice":8.3444E-4,"percentageSys":2.35312,"percentageIdle":92.3617,"percentageIoWait":0.502097,"percentageHardIrq":0.0,"percentageSoftIrq":0.198182,"percentageSteal":0.0,"percentageGuest":0.0},{"timestamp":"2021-01-14T19:30:00Z","percentageCpuUsage":5.57004,"percentageUser":3.21149,"percentageNice":9.10345E-4,"percentageSys":2.2697,"percentageIdle":94.0234,"percentageIoWait":0.406552,"percentageHardIrq":0.0,"percentageSoftIrq":0.0879443,"percentageSteal":0.0,"percentageGuest":0.0},{"timestamp":"2021-01-13T19:30:00Z","percentageCpuUsage":5.62428,"percentageUser":3.25249,"percentageNice":9.1597E-4,"percentageSys":2.28197,"percentageIdle":93.943,"percentageIoWait":0.432722,"percentageHardIrq":0.0,"percentageSoftIrq":0.0889037,"percentageSteal":0.0,"percentageGuest":0.0},{"timestamp":"2021-01-12T19:30:00Z","percentageCpuUsage":5.62292,"percentageUser":3.25303,"percentageNice":8.5823E-4,"percentageSys":2.2815,"percentageIdle":93.9884,"percentageIoWait":0.388678,"percentageHardIrq":0.0,"percentageSoftIrq":0.0875362,"percentageSteal":0.0,"percentageGuest":0.0},{"timestamp":"2021-01-11T19:30:00Z","percentageCpuUsage":5.68511,"percentageUser":3.32989,"percentageNice":8.87296E-4,"percentageSys":2.26717,"percentageIdle":93.9153,"percentageIoWait":0.39959,"percentageHardIrq":0.0,"percentageSoftIrq":0.0871651,"percentageSteal":0.0,"percentageGuest":0.0},{"timestamp":"2021-01-10T19:30:00Z","percentageCpuUsage":5.60215,"percentageUser":3.29384,"percentageNice":8.22579E-4,"percentageSys":2.22144,"percentageIdle":94.0103,"percentageIoWait":0.387575,"percentageHardIrq":0.0,"percentageSoftIrq":0.0860496,"percentageSteal":0.0,"percentageGuest":0.0},{"timestamp":"2021-01-09T19:30:00Z","percentageCpuUsage":5.55424,"percentageUser":3.32336,"percentageNice":8.2186E-4,"percentageSys":2.14253,"percentageIdle":94.0157,"percentageIoWait":0.430091,"percentageHardIrq":0.0,"percentageSoftIrq":0.0875328,"percentageSteal":0.0,"percentageGuest":0.0},{"timestamp":"2021-01-08T19:30:00Z","percentageCpuUsage":7.50404,"percentageUser":4.88221,"percentageNice":8.67492E-4,"percentageSys":2.40774,"percentageIdle":91.987,"percentageIoWait":0.508924,"percentageHardIrq":0.0,"percentageSoftIrq":0.213226,"percentageSteal":0.0,"percentageGuest":0.0},{"timestamp":"2021-01-07T19:30:00Z","percentageCpuUsage":5.69742,"percentageUser":3.30124,"percentageNice":8.74599E-4,"percentageSys":2.30861,"percentageIdle":93.9102,"percentageIoWait":0.392393,"percentageHardIrq":0.0,"percentageSoftIrq":0.0866955,"percentageSteal":0.0,"percentageGuest":0.0},{"timestamp":"2021-01-06T19:30:00Z","percentageCpuUsage":5.72131,"percentageUser":3.32337,"percentageNice":7.92684E-4,"percentageSys":2.30978,"percentageIdle":93.8876,"percentageIoWait":0.391089,"percentageHardIrq":0.0,"percentageSoftIrq":0.0873733,"percentageSteal":0.0,"percentageGuest":0.0},{"timestamp":"2021-01-05T19:30:00Z","percentageCpuUsage":5.68893,"percentageUser":3.31908,"percentageNice":9.02324E-4,"percentageSys":2.28167,"percentageIdle":93.9095,"percentageIoWait":0.401535,"percentageHardIrq":0.0,"percentageSoftIrq":0.0872792,"percentageSteal":0.0,"percentageGuest":0.0},{"timestamp":"2021-01-04T19:30:00Z","percentageCpuUsage":5.70102,"percentageUser":3.33005,"percentageNice":8.34079E-4,"percentageSys":2.28293,"percentageIdle":93.8905,"percentageIoWait":0.40846,"percentageHardIrq":0.0,"percentageSoftIrq":0.0872046,"percentageSteal":0.0,"percentageGuest":0.0},{"timestamp":"2021-01-03T19:30:00Z","percentageCpuUsage":5.60454,"percentageUser":3.2788,"percentageNice":8.45606E-4,"percentageSys":2.23833,"percentageIdle":94.0123,"percentageIoWait":0.383142,"percentageHardIrq":0.0,"percentageSoftIrq":0.0865708,"percentageSteal":0.0,"percentageGuest":0.0},{"timestamp":"2021-01-02T19:30:00Z","percentageCpuUsage":5.56573,"percentageUser":3.3123,"percentageNice":8.86477E-4,"percentageSys":2.16649,"percentageIdle":94.0243,"percentageIoWait":0.409943,"percentageHardIrq":0.0,"percentageSoftIrq":0.0860563,"percentageSteal":0.0,"percentageGuest":0.0},{"timestamp":"2021-01-01T19:30:00Z","percentageCpuUsage":7.43326,"percentageUser":4.83578,"percentageNice":8.68021E-4,"percentageSys":2.38263,"percentageIdle":92.0601,"percentageIoWait":0.506638,"percentageHardIrq":0.0,"percentageSoftIrq":0.213977,"percentageSteal":0.0,"percentageGuest":0.0},{"timestamp":"2020-12-31T19:30:00Z","percentageCpuUsage":5.68071,"percentageUser":3.30267,"percentageNice":8.42843E-4,"percentageSys":2.29007,"percentageIdle":93.9201,"percentageIoWait":0.399201,"percentageHardIrq":0.0,"percentageSoftIrq":0.0871332,"percentageSteal":0.0,"percentageGuest":0.0},{"timestamp":"2020-12-30T19:30:00Z","percentageCpuUsage":5.70209,"percentageUser":3.30779,"percentageNice":0.00102686,"percentageSys":2.30594,"percentageIdle":93.8624,"percentageIoWait":0.435544,"percentageHardIrq":0.0,"percentageSoftIrq":0.087335,"percentageSteal":0.0,"percentageGuest":0.0},{"timestamp":"2020-12-29T19:30:00Z","percentageCpuUsage":5.63815,"percentageUser":3.26451,"percentageNice":8.64411E-4,"percentageSys":2.28512,"percentageIdle":93.9715,"percentageIoWait":0.390304,"percentageHardIrq":0.0,"percentageSoftIrq":0.0876604,"percentageSteal":0.0,"percentageGuest":0.0},{"timestamp":"2020-12-28T19:30:00Z","percentageCpuUsage":5.66919,"percentageUser":3.30948,"percentageNice":8.47145E-4,"percentageSys":2.27199,"percentageIdle":93.952,"percentageIoWait":0.37883,"percentageHardIrq":0.0,"percentageSoftIrq":0.0868705,"percentageSteal":0.0,"percentageGuest":0.0},{"timestamp":"2020-12-27T19:30:00Z","percentageCpuUsage":5.60809,"percentageUser":3.29137,"percentageNice":9.07853E-4,"percentageSys":2.22936,"percentageIdle":94.0079,"percentageIoWait":0.383961,"percentageHardIrq":0.0,"percentageSoftIrq":0.0864483,"percentageSteal":0.0,"percentageGuest":0.0},{"timestamp":"2020-12-26T19:30:00Z","percentageCpuUsage":5.55556,"percentageUser":3.31883,"percentageNice":8.33869E-4,"percentageSys":2.14834,"percentageIdle":93.9699,"percentageIoWait":0.474498,"percentageHardIrq":0.0,"percentageSoftIrq":0.0875571,"percentageSteal":0.0,"percentageGuest":0.0},{"timestamp":"2020-12-25T19:30:00Z","percentageCpuUsage":7.40662,"percentageUser":4.82914,"percentageNice":8.39586E-4,"percentageSys":2.36227,"percentageIdle":92.1037,"percentageIoWait":0.48967,"percentageHardIrq":0.0,"percentageSoftIrq":0.214376,"percentageSteal":0.0,"percentageGuest":0.0},{"timestamp":"2020-12-24T19:30:00Z","percentageCpuUsage":5.65936,"percentageUser":3.29879,"percentageNice":9.27998E-4,"percentageSys":2.27236,"percentageIdle":93.9553,"percentageIoWait":0.385376,"percentageHardIrq":0.0,"percentageSoftIrq":0.0872802,"percentageSteal":0.0,"percentageGuest":0.0},{"timestamp":"2020-12-23T19:30:00Z","percentageCpuUsage":5.67315,"percentageUser":3.3188,"percentageNice":8.29813E-4,"percentageSys":2.266,"percentageIdle":93.9314,"percentageIoWait":0.395405,"percentageHardIrq":0.0,"percentageSoftIrq":0.0875278,"percentageSteal":0.0,"percentageGuest":0.0},{"timestamp":"2020-12-22T19:30:00Z","percentageCpuUsage":5.63318,"percentageUser":3.30075,"percentageNice":8.41387E-4,"percentageSys":2.24442,"percentageIdle":93.9755,"percentageIoWait":0.391312,"percentageHardIrq":0.0,"percentageSoftIrq":0.0871718,"percentageSteal":0.0,"percentageGuest":0.0},{"timestamp":"2020-12-21T19:30:00Z","percentageCpuUsage":5.62848,"percentageUser":3.3067,"percentageNice":8.81492E-4,"percentageSys":2.23364,"percentageIdle":93.9825,"percentageIoWait":0.389014,"percentageHardIrq":0.0,"percentageSoftIrq":0.0872676,"percentageSteal":0.0,"percentageGuest":0.0},{"timestamp":"2020-12-20T19:30:00Z","percentageCpuUsage":5.53016,"percentageUser":3.27424,"percentageNice":9.44814E-4,"percentageSys":2.16888,"percentageIdle":94.0921,"percentageIoWait":0.377726,"percentageHardIrq":0.0,"percentageSoftIrq":0.0860969,"percentageSteal":0.0,"percentageGuest":0.0},{"timestamp":"2020-12-19T19:30:00Z","percentageCpuUsage":5.42466,"percentageUser":3.29541,"percentageNice":8.10692E-4,"percentageSys":2.04249,"percentageIdle":94.1819,"percentageIoWait":0.39346,"percentageHardIrq":0.0,"percentageSoftIrq":0.0859441,"percentageSteal":0.0,"percentageGuest":0.0},{"timestamp":"2020-12-18T19:30:00Z","percentageCpuUsage":7.39112,"percentageUser":4.84613,"percentageNice":8.97194E-4,"percentageSys":2.32987,"percentageIdle":92.1051,"percentageIoWait":0.503785,"percentageHardIrq":0.0,"percentageSoftIrq":0.214228,"percentageSteal":0.0,"percentageGuest":0.0},{"timestamp":"2020-12-17T19:30:00Z","percentageCpuUsage":5.71848,"percentageUser":3.335,"percentageNice":9.83246E-4,"percentageSys":2.29551,"percentageIdle":93.8926,"percentageIoWait":0.388917,"percentageHardIrq":0.0,"percentageSoftIrq":0.0869799,"percentageSteal":0.0,"percentageGuest":0.0},{"timestamp":"2020-12-16T19:30:00Z","percentageCpuUsage":5.64341,"percentageUser":3.28939,"percentageNice":8.47379E-4,"percentageSys":2.26571,"percentageIdle":93.9682,"percentageIoWait":0.388428,"percentageHardIrq":0.0,"percentageSoftIrq":0.087473,"percentageSteal":0.0,"percentageGuest":0.0},{"timestamp":"2020-12-15T19:30:00Z","percentageCpuUsage":5.6096,"percentageUser":3.28358,"percentageNice":8.94026E-4,"percentageSys":2.23834,"percentageIdle":94.0106,"percentageIoWait":0.37977,"percentageHardIrq":0.0,"percentageSoftIrq":0.0867836,"percentageSteal":0.0,"percentageGuest":0.0},{"timestamp":"2020-12-14T19:30:00Z","percentageCpuUsage":5.58339,"percentageUser":3.28569,"percentageNice":8.52352E-4,"percentageSys":2.20889,"percentageIdle":94.0124,"percentageIoWait":0.404199,"percentageHardIrq":0.0,"percentageSoftIrq":0.0879599,"percentageSteal":0.0,"percentageGuest":0.0},{"timestamp":"2020-12-13T19:30:00Z","percentageCpuUsage":5.5319,"percentageUser":3.26635,"percentageNice":8.64827E-4,"percentageSys":2.17844,"percentageIdle":94.0869,"percentageIoWait":0.381207,"percentageHardIrq":0.0,"percentageSoftIrq":0.0862436,"percentageSteal":0.0,"percentageGuest":0.0},{"timestamp":"2020-12-12T19:30:00Z","percentageCpuUsage":5.46733,"percentageUser":3.27789,"percentageNice":8.98554E-4,"percentageSys":2.10205,"percentageIdle":94.1305,"percentageIoWait":0.402175,"percentageHardIrq":0.0,"percentageSoftIrq":0.0864893,"percentageSteal":0.0,"percentageGuest":0.0},{"timestamp":"2020-12-11T19:30:00Z","percentageCpuUsage":7.3226,"percentageUser":4.79241,"percentageNice":8.38765E-4,"percentageSys":2.31668,"percentageIdle":92.1849,"percentageIoWait":0.492449,"percentageHardIrq":0.0,"percentageSoftIrq":0.212672,"percentageSteal":0.0,"percentageGuest":0.0},{"timestamp":"2020-12-10T19:30:00Z","percentageCpuUsage":5.6327,"percentageUser":3.30239,"percentageNice":8.64569E-4,"percentageSys":2.24142,"percentageIdle":93.9773,"percentageIoWait":0.38999,"percentageHardIrq":0.0,"percentageSoftIrq":0.0880298,"percentageSteal":0.0,"percentageGuest":0.0},{"timestamp":"2020-12-09T19:30:00Z","percentageCpuUsage":5.58102,"percentageUser":3.26665,"percentageNice":8.62083E-4,"percentageSys":2.2264,"percentageIdle":94.0419,"percentageIoWait":0.37707,"percentageHardIrq":0.0,"percentageSoftIrq":0.0871179,"percentageSteal":0.0,"percentageGuest":0.0},{"timestamp":"2020-12-08T19:30:00Z","percentageCpuUsage":5.59465,"percentageUser":3.30273,"percentageNice":8.07141E-4,"percentageSys":2.20386,"percentageIdle":94.0125,"percentageIoWait":0.392886,"percentageHardIrq":0.0,"percentageSoftIrq":0.0872522,"percentageSteal":0.0,"percentageGuest":0.0},{"timestamp":"2020-12-07T19:30:00Z","percentageCpuUsage":5.52456,"percentageUser":3.27734,"percentageNice":8.26603E-4,"percentageSys":2.1593,"percentageIdle":94.075,"percentageIoWait":0.40039,"percentageHardIrq":0.0,"percentageSoftIrq":0.0870898,"percentageSteal":0.0,"percentageGuest":0.0},{"timestamp":"2020-12-06T19:30:00Z","percentageCpuUsage":5.46105,"percentageUser":3.26197,"percentageNice":9.0186E-4,"percentageSys":2.11193,"percentageIdle":94.16,"percentageIoWait":0.37895,"percentageHardIrq":0.0,"percentageSoftIrq":0.0862542,"percentageSteal":0.0,"percentageGuest":0.0},{"timestamp":"2020-12-05T19:30:00Z","percentageCpuUsage":5.38195,"percentageUser":3.26096,"percentageNice":8.56563E-4,"percentageSys":2.0334,"percentageIdle":94.2314,"percentageIoWait":0.386667,"percentageHardIrq":0.0,"percentageSoftIrq":0.0867367,"percentageSteal":0.0,"percentageGuest":0.0},{"timestamp":"2020-12-04T19:30:00Z","percentageCpuUsage":7.24944,"percentageUser":4.8043,"percentageNice":8.48679E-4,"percentageSys":2.22859,"percentageIdle":92.2609,"percentageIoWait":0.489707,"percentageHardIrq":0.0,"percentageSoftIrq":0.215694,"percentageSteal":0.0,"percentageGuest":0.0},{"timestamp":"2020-12-03T19:30:00Z","percentageCpuUsage":5.44345,"percentageUser":3.26642,"percentageNice":9.38171E-4,"percentageSys":2.09006,"percentageIdle":94.2045,"percentageIoWait":0.352039,"percentageHardIrq":0.0,"percentageSoftIrq":0.0860305,"percentageSteal":0.0,"percentageGuest":0.0},{"timestamp":"2020-12-02T19:30:00Z","percentageCpuUsage":5.36892,"percentageUser":3.27598,"percentageNice":8.40602E-4,"percentageSys":2.00505,"percentageIdle":94.2469,"percentageIoWait":0.38421,"percentageHardIrq":0.0,"percentageSoftIrq":0.0870491,"percentageSteal":0.0,"percentageGuest":0.0},{"timestamp":"2020-12-01T19:30:00Z","percentageCpuUsage":5.54797,"percentageUser":3.38134,"percentageNice":8.77258E-4,"percentageSys":2.07459,"percentageIdle":94.021,"percentageIoWait":0.431075,"percentageHardIrq":0.0,"percentageSoftIrq":0.0911679,"percentageSteal":0.0,"percentageGuest":0.0},{"timestamp":"2020-11-30T19:30:00Z","percentageCpuUsage":5.51137,"percentageUser":3.37164,"percentageNice":9.34787E-4,"percentageSys":2.04657,"percentageIdle":94.0351,"percentageIoWait":0.453572,"percentageHardIrq":0.0,"percentageSoftIrq":0.0922258,"percentageSteal":0.0,"percentageGuest":0.0},{"timestamp":"2020-11-29T19:30:00Z","percentageCpuUsage":5.33308,"percentageUser":3.26822,"percentageNice":8.27641E-4,"percentageSys":1.97429,"percentageIdle":94.2626,"percentageIoWait":0.404362,"percentageHardIrq":0.0,"percentageSoftIrq":0.0897396,"percentageSteal":0.0,"percentageGuest":0.0},{"timestamp":"2020-11-28T19:30:00Z","percentageCpuUsage":5.25349,"percentageUser":3.24735,"percentageNice":8.3608E-4,"percentageSys":1.91399,"percentageIdle":94.3004,"percentageIoWait":0.446076,"percentageHardIrq":0.0,"percentageSoftIrq":0.0913119,"percentageSteal":0.0,"percentageGuest":0.0},{"timestamp":"2020-11-27T19:30:00Z","percentageCpuUsage":7.58305,"percentageUser":5.10899,"percentageNice":8.79928E-4,"percentageSys":2.25014,"percentageIdle":91.7108,"percentageIoWait":0.706114,"percentageHardIrq":0.0,"percentageSoftIrq":0.223047,"percentageSteal":0.0,"percentageGuest":0.0},{"timestamp":"2020-11-26T19:30:00Z","percentageCpuUsage":5.44574,"percentageUser":3.45098,"percentageNice":8.40804E-4,"percentageSys":1.86773,"percentageIdle":94.0296,"percentageIoWait":0.524673,"percentageHardIrq":0.0,"percentageSoftIrq":0.109826,"percentageSteal":0.0,"percentageGuest":0.0},{"timestamp":"2020-11-25T19:30:00Z","percentageCpuUsage":5.86815,"percentageUser":3.74735,"percentageNice":8.23065E-4,"percentageSys":2.00217,"percentageIdle":93.6151,"percentageIoWait":0.516783,"percentageHardIrq":0.0,"percentageSoftIrq":0.0887374,"percentageSteal":0.0,"percentageGuest":0.0},{"timestamp":"2020-11-24T19:30:00Z","percentageCpuUsage":5.58209,"percentageUser":3.54764,"percentageNice":8.77876E-4,"percentageSys":1.93602,"percentageIdle":94.006,"percentageIoWait":0.411901,"percentageHardIrq":0.0,"percentageSoftIrq":0.097554,"percentageSteal":0.0,"percentageGuest":0.0},{"timestamp":"2020-11-23T19:30:00Z","percentageCpuUsage":5.51501,"percentageUser":3.35689,"percentageNice":8.28058E-4,"percentageSys":2.07267,"percentageIdle":94.0011,"percentageIoWait":0.483872,"percentageHardIrq":0.0,"percentageSoftIrq":0.0846141,"percentageSteal":0.0,"percentageGuest":0.0},{"timestamp":"2020-11-22T19:30:00Z","percentageCpuUsage":5.30061,"percentageUser":3.17595,"percentageNice":8.62224E-4,"percentageSys":2.04863,"percentageIdle":94.3333,"percentageIoWait":0.366094,"percentageHardIrq":0.0,"percentageSoftIrq":0.0751625,"percentageSteal":0.0,"percentageGuest":0.0},{"timestamp":"2020-11-21T19:30:00Z","percentageCpuUsage":5.13467,"percentageUser":3.19638,"percentageNice":9.26788E-4,"percentageSys":1.8628,"percentageIdle":94.4673,"percentageIoWait":0.398008,"percentageHardIrq":0.0,"percentageSoftIrq":0.0745601,"percentageSteal":0.0,"percentageGuest":0.0},{"timestamp":"2020-11-20T19:30:00Z","percentageCpuUsage":7.38757,"percentageUser":4.91068,"percentageNice":8.22977E-4,"percentageSys":2.2977,"percentageIdle":91.9975,"percentageIoWait":0.614963,"percentageHardIrq":0.0,"percentageSoftIrq":0.178363,"percentageSteal":0.0,"percentageGuest":0.0},{"timestamp":"2020-11-19T19:30:00Z","percentageCpuUsage":5.50478,"percentageUser":3.19034,"percentageNice":8.65062E-4,"percentageSys":2.23608,"percentageIdle":94.0911,"percentageIoWait":0.404135,"percentageHardIrq":0.0,"percentageSoftIrq":0.0774988,"percentageSteal":0.0,"percentageGuest":0.0},{"timestamp":"2020-11-18T19:30:00Z","percentageCpuUsage":5.42518,"percentageUser":3.1599,"percentageNice":9.09307E-4,"percentageSys":2.18705,"percentageIdle":94.1776,"percentageIoWait":0.397181,"percentageHardIrq":0.0,"percentageSoftIrq":0.0773205,"percentageSteal":0.0,"percentageGuest":0.0},{"timestamp":"2020-11-17T19:30:00Z","percentageCpuUsage":5.39576,"percentageUser":3.1639,"percentageNice":8.17244E-4,"percentageSys":2.1538,"percentageIdle":94.2042,"percentageIoWait":0.400025,"percentageHardIrq":0.0,"percentageSoftIrq":0.0772382,"percentageSteal":0.0,"percentageGuest":0.0},{"timestamp":"2020-11-16T19:30:00Z","percentageCpuUsage":5.33453,"percentageUser":3.23522,"percentageNice":9.65453E-4,"percentageSys":2.01624,"percentageIdle":94.2165,"percentageIoWait":0.448999,"percentageHardIrq":0.0,"percentageSoftIrq":0.0821103,"percentageSteal":0.0,"percentageGuest":0.0},{"timestamp":"2020-11-15T19:30:00Z","percentageCpuUsage":5.10045,"percentageUser":3.18926,"percentageNice":0.00100744,"percentageSys":1.81398,"percentageIdle":94.3527,"percentageIoWait":0.546811,"percentageHardIrq":0.0,"percentageSoftIrq":0.0961832,"percentageSteal":0.0,"percentageGuest":0.0},{"timestamp":"2020-11-14T19:30:00Z","percentageCpuUsage":5.56873,"percentageUser":3.44434,"percentageNice":9.79076E-4,"percentageSys":2.01894,"percentageIdle":93.9321,"percentageIoWait":0.499178,"percentageHardIrq":0.0,"percentageSoftIrq":0.0884475,"percentageSteal":0.0,"percentageGuest":0.0},{"timestamp":"2020-11-13T19:30:00Z","percentageCpuUsage":5.65745,"percentageUser":3.49862,"percentageNice":0.00101621,"percentageSys":2.05204,"percentageIdle":93.7864,"percentageIoWait":0.556147,"percentageHardIrq":0.0,"percentageSoftIrq":0.105774,"percentageSteal":0.0,"percentageGuest":0.0},{"timestamp":"2020-11-12T19:30:00Z","percentageCpuUsage":5.65918,"percentageUser":3.52298,"percentageNice":9.97459E-4,"percentageSys":2.03165,"percentageIdle":93.8274,"percentageIoWait":0.513438,"percentageHardIrq":0.0,"percentageSoftIrq":0.103561,"percentageSteal":0.0,"percentageGuest":0.0},{"timestamp":"2020-11-11T19:30:00Z","percentageCpuUsage":5.46133,"percentageUser":3.31171,"percentageNice":9.07314E-4,"percentageSys":2.05575,"percentageIdle":94.08,"percentageIoWait":0.45867,"percentageHardIrq":0.0,"percentageSoftIrq":0.0929634,"percentageSteal":0.0,"percentageGuest":0.0},{"timestamp":"2020-11-10T19:30:00Z","percentageCpuUsage":5.42544,"percentageUser":3.29838,"percentageNice":9.43728E-4,"percentageSys":2.03323,"percentageIdle":94.1225,"percentageIoWait":0.452027,"percentageHardIrq":0.0,"percentageSoftIrq":0.0928863,"percentageSteal":0.0,"percentageGuest":0.0},{"timestamp":"2020-11-09T19:30:00Z","percentageCpuUsage":5.40676,"percentageUser":3.30741,"percentageNice":9.69373E-4,"percentageSys":2.00529,"percentageIdle":94.1247,"percentageIoWait":0.468532,"percentageHardIrq":0.0,"percentageSoftIrq":0.0930854,"percentageSteal":0.0,"percentageGuest":0.0},{"timestamp":"2020-11-08T19:30:00Z","percentageCpuUsage":5.43213,"percentageUser":3.31738,"percentageNice":9.48981E-4,"percentageSys":2.01659,"percentageIdle":94.0985,"percentageIoWait":0.469396,"percentageHardIrq":0.0,"percentageSoftIrq":0.0972075,"percentageSteal":0.0,"percentageGuest":0.0},{"timestamp":"2020-11-07T19:30:00Z","percentageCpuUsage":5.4328,"percentageUser":3.30043,"percentageNice":9.23834E-4,"percentageSys":2.03474,"percentageIdle":94.0961,"percentageIoWait":0.471061,"percentageHardIrq":0.0,"percentageSoftIrq":0.0967049,"percentageSteal":0.0,"percentageGuest":0.0},{"timestamp":"2020-11-06T19:30:00Z","percentageCpuUsage":5.43419,"percentageUser":3.29057,"percentageNice":9.93734E-4,"percentageSys":2.04787,"percentageIdle":94.0909,"percentageIoWait":0.474941,"percentageHardIrq":0.0,"percentageSoftIrq":0.094755,"percentageSteal":0.0,"percentageGuest":0.0},{"timestamp":"2020-11-05T19:30:00Z","percentageCpuUsage":5.40098,"percentageUser":3.27763,"percentageNice":9.80217E-4,"percentageSys":2.02942,"percentageIdle":94.1169,"percentageIoWait":0.482162,"percentageHardIrq":0.0,"percentageSoftIrq":0.0929569,"percentageSteal":0.0,"percentageGuest":0.0},{"timestamp":"2020-11-04T19:30:00Z","percentageCpuUsage":5.39384,"percentageUser":3.27557,"percentageNice":9.69197E-4,"percentageSys":2.02403,"percentageIdle":94.0983,"percentageIoWait":0.507812,"percentageHardIrq":0.0,"percentageSoftIrq":0.0932709,"percentageSteal":0.0,"percentageGuest":0.0},{"timestamp":"2020-11-03T19:30:00Z","percentageCpuUsage":5.42287,"percentageUser":3.30973,"percentageNice":0.00102341,"percentageSys":2.01813,"percentageIdle":94.0413,"percentageIoWait":0.535814,"percentageHardIrq":0.0,"percentageSoftIrq":0.0939783,"percentageSteal":0.0,"percentageGuest":0.0},{"timestamp":"2020-11-02T19:30:00Z","percentageCpuUsage":5.37421,"percentageUser":3.2786,"percentageNice":0.00114784,"percentageSys":2.00013,"percentageIdle":94.126,"percentageIoWait":0.499803,"percentageHardIrq":0.0,"percentageSoftIrq":0.0943311,"percentageSteal":0.0,"percentageGuest":0.0},{"timestamp":"2020-11-01T19:30:00Z","percentageCpuUsage":5.38488,"percentageUser":3.29343,"percentageNice":9.15369E-4,"percentageSys":1.9942,"percentageIdle":94.1489,"percentageIoWait":0.466232,"percentageHardIrq":0.0,"percentageSoftIrq":0.0963389,"percentageSteal":0.0,"percentageGuest":0.0},{"timestamp":"2020-10-31T19:30:00Z","percentageCpuUsage":5.39853,"percentageUser":3.28693,"percentageNice":9.88887E-4,"percentageSys":2.01418,"percentageIdle":94.1111,"percentageIoWait":0.490355,"percentageHardIrq":0.0,"percentageSoftIrq":0.0964218,"percentageSteal":0.0,"percentageGuest":0.0},{"timestamp":"2020-10-30T19:30:00Z","percentageCpuUsage":5.42205,"percentageUser":3.27578,"percentageNice":9.76197E-4,"percentageSys":2.05087,"percentageIdle":94.0914,"percentageIoWait":0.486508,"percentageHardIrq":0.0,"percentageSoftIrq":0.0944277,"percentageSteal":0.0,"percentageGuest":0.0},{"timestamp":"2020-10-29T19:30:00Z","percentageCpuUsage":5.38919,"percentageUser":3.23894,"percentageNice":9.41071E-4,"percentageSys":2.0556,"percentageIdle":94.1362,"percentageIoWait":0.474625,"percentageHardIrq":0.0,"percentageSoftIrq":0.0937079,"percentageSteal":0.0,"percentageGuest":0.0},{"timestamp":"2020-10-28T19:30:00Z","percentageCpuUsage":5.30753,"percentageUser":3.18967,"percentageNice":9.94738E-4,"percentageSys":2.02413,"percentageIdle":94.2109,"percentageIoWait":0.481582,"percentageHardIrq":0.0,"percentageSoftIrq":0.0927295,"percentageSteal":0.0,"percentageGuest":0.0},{"timestamp":"2020-10-27T19:30:00Z","percentageCpuUsage":5.31351,"percentageUser":3.18346,"percentageNice":9.5183E-4,"percentageSys":2.03692,"percentageIdle":94.1899,"percentageIoWait":0.496624,"percentageHardIrq":0.0,"percentageSoftIrq":0.0921742,"percentageSteal":0.0,"percentageGuest":0.0},{"timestamp":"2020-10-26T19:30:00Z","percentageCpuUsage":5.51117,"percentageUser":3.32378,"percentageNice":9.68008E-4,"percentageSys":2.09209,"percentageIdle":93.9878,"percentageIoWait":0.501049,"percentageHardIrq":0.0,"percentageSoftIrq":0.0943309,"percentageSteal":0.0,"percentageGuest":0.0},{"timestamp":"2020-10-25T19:30:00Z","percentageCpuUsage":5.40678,"percentageUser":3.2475,"percentageNice":0.00103021,"percentageSys":2.06054,"percentageIdle":94.1011,"percentageIoWait":0.492143,"percentageHardIrq":0.0,"percentageSoftIrq":0.0977104,"percentageSteal":0.0,"percentageGuest":0.0},{"timestamp":"2020-10-24T19:30:00Z","percentageCpuUsage":5.36721,"percentageUser":3.22212,"percentageNice":9.29334E-4,"percentageSys":2.04452,"percentageIdle":94.1469,"percentageIoWait":0.485912,"percentageHardIrq":0.0,"percentageSoftIrq":0.0996394,"percentageSteal":0.0,"percentageGuest":0.0},{"timestamp":"2020-10-23T19:30:00Z","percentageCpuUsage":5.31245,"percentageUser":3.1922,"percentageNice":9.27559E-4,"percentageSys":2.01739,"percentageIdle":94.1956,"percentageIoWait":0.491901,"percentageHardIrq":0.0,"percentageSoftIrq":0.101939,"percentageSteal":0.0,"percentageGuest":0.0},{"timestamp":"2020-10-22T19:30:00Z","percentageCpuUsage":6.17482,"percentageUser":4.18514,"percentageNice":9.4683E-4,"percentageSys":1.80545,"percentageIdle":93.3427,"percentageIoWait":0.482496,"percentageHardIrq":0.0,"percentageSoftIrq":0.183286,"percentageSteal":0.0,"percentageGuest":0.0},{"timestamp":"2020-10-21T19:30:00Z","percentageCpuUsage":1.76555,"percentageUser":1.139,"percentageNice":6.79803E-4,"percentageSys":0.584278,"percentageIdle":97.9775,"percentageIoWait":0.256998,"percentageHardIrq":0.0,"percentageSoftIrq":0.0415954,"percentageSteal":0.0,"percentageGuest":0.0},{"timestamp":"2020-10-20T19:30:00Z","percentageCpuUsage":3.02984,"percentageUser":2.23421,"percentageNice":7.10077E-4,"percentageSys":0.626778,"percentageIdle":92.4928,"percentageIoWait":0.310703,"percentageHardIrq":0.0,"percentageSoftIrq":0.0944965,"percentageSteal":0.0,"percentageGuest":0.0},{"timestamp":"2020-10-19T19:30:00Z","percentageCpuUsage":2.48856,"percentageUser":1.54991,"percentageNice":8.25406E-4,"percentageSys":0.73383,"percentageIdle":97.1699,"percentageIoWait":0.34149,"percentageHardIrq":0.0,"percentageSoftIrq":0.185939,"percentageSteal":0.0,"percentageGuest":0.0},{"timestamp":"2020-10-18T19:30:00Z","percentageCpuUsage":2.67184,"percentageUser":1.46556,"percentageNice":7.2338E-4,"percentageSys":1.03633,"percentageIdle":96.8082,"percentageIoWait":0.519998,"percentageHardIrq":0.0,"percentageSoftIrq":0.169224,"percentageSteal":0.0,"percentageGuest":0.0},{"timestamp":"2020-10-17T19:30:00Z","percentageCpuUsage":2.63174,"percentageUser":1.45531,"percentageNice":7.33568E-4,"percentageSys":1.00509,"percentageIdle":96.8493,"percentageIoWait":0.518914,"percentageHardIrq":0.0,"percentageSoftIrq":0.170614,"percentageSteal":0.0,"percentageGuest":0.0},{"timestamp":"2020-10-16T19:30:00Z","percentageCpuUsage":2.56557,"percentageUser":1.44826,"percentageNice":7.1827E-4,"percentageSys":0.946702,"percentageIdle":96.9116,"percentageIoWait":0.522792,"percentageHardIrq":0.0,"percentageSoftIrq":0.169887,"percentageSteal":0.0,"percentageGuest":0.0},{"timestamp":"2020-10-15T19:30:00Z","percentageCpuUsage":2.49023,"percentageUser":1.44182,"percentageNice":7.40881E-4,"percentageSys":0.880402,"percentageIdle":96.9881,"percentageIoWait":0.521653,"percentageHardIrq":0.0,"percentageSoftIrq":0.167269,"percentageSteal":0.0,"percentageGuest":0.0},{"timestamp":"2020-10-14T19:30:00Z","percentageCpuUsage":2.4261,"percentageUser":1.44047,"percentageNice":6.34595E-4,"percentageSys":0.812997,"percentageIdle":97.0526,"percentageIoWait":0.521318,"percentageHardIrq":0.0,"percentageSoftIrq":0.172,"percentageSteal":0.0,"percentageGuest":0.0},{"timestamp":"2020-10-13T19:30:00Z","percentageCpuUsage":1.58471,"percentageUser":0.982,"percentageNice":0.003541,"percentageSys":0.477411,"percentageIdle":60.5771,"percentageIoWait":0.338205,"percentageHardIrq":0.0,"percentageSoftIrq":0.12169,"percentageSteal":0.0,"percentageGuest":0.0},{"timestamp":"2020-10-12T19:30:00Z","percentageCpuUsage":0.0,"percentageUser":0.0,"percentageNice":0.0,"percentageSys":0.0,"percentageIdle":0.0,"percentageIoWait":0.0,"percentageHardIrq":0.0,"percentageSoftIrq":0.0,"percentageSteal":0.0,"percentageGuest":0.0},{"timestamp":"2020-10-11T19:30:00Z","percentageCpuUsage":0.0,"percentageUser":0.0,"percentageNice":0.0,"percentageSys":0.0,"percentageIdle":0.0,"percentageIoWait":0.0,"percentageHardIrq":0.0,"percentageSoftIrq":0.0,"percentageSteal":0.0,"percentageGuest":0.0},{"timestamp":"2020-10-10T19:30:00Z","percentageCpuUsage":0.0,"percentageUser":0.0,"percentageNice":0.0,"percentageSys":0.0,"percentageIdle":0.0,"percentageIoWait":0.0,"percentageHardIrq":0.0,"percentageSoftIrq":0.0,"percentageSteal":0.0,"percentageGuest":0.0},{"timestamp":"2020-10-09T19:30:00Z","percentageCpuUsage":0.0,"percentageUser":0.0,"percentageNice":0.0,"percentageSys":0.0,"percentageIdle":0.0,"percentageIoWait":0.0,"percentageHardIrq":0.0,"percentageSoftIrq":0.0,"percentageSteal":0.0,"percentageGuest":0.0},{"timestamp":"2020-10-08T19:30:00Z","percentageCpuUsage":0.0,"percentageUser":0.0,"percentageNice":0.0,"percentageSys":0.0,"percentageIdle":0.0,"percentageIoWait":0.0,"percentageHardIrq":0.0,"percentageSoftIrq":0.0,"percentageSteal":0.0,"percentageGuest":0.0},{"timestamp":"2020-10-07T19:30:00Z","percentageCpuUsage":0.0,"percentageUser":0.0,"percentageNice":0.0,"percentageSys":0.0,"percentageIdle":0.0,"percentageIoWait":0.0,"percentageHardIrq":0.0,"percentageSoftIrq":0.0,"percentageSteal":0.0,"percentageGuest":0.0},{"timestamp":"2020-10-06T19:30:00Z","percentageCpuUsage":0.0,"percentageUser":0.0,"percentageNice":0.0,"percentageSys":0.0,"percentageIdle":0.0,"percentageIoWait":0.0,"percentageHardIrq":0.0,"percentageSoftIrq":0.0,"percentageSteal":0.0,"percentageGuest":0.0},{"timestamp":"2020-10-05T19:30:00Z","percentageCpuUsage":0.0,"percentageUser":0.0,"percentageNice":0.0,"percentageSys":0.0,"percentageIdle":0.0,"percentageIoWait":0.0,"percentageHardIrq":0.0,"percentageSoftIrq":0.0,"percentageSteal":0.0,"percentageGuest":0.0},{"timestamp":"2020-10-04T19:30:00Z","percentageCpuUsage":0.0,"percentageUser":0.0,"percentageNice":0.0,"percentageSys":0.0,"percentageIdle":0.0,"percentageIoWait":0.0,"percentageHardIrq":0.0,"percentageSoftIrq":0.0,"percentageSteal":0.0,"percentageGuest":0.0},{"timestamp":"2020-10-03T19:30:00Z","percentageCpuUsage":0.0,"percentageUser":0.0,"percentageNice":0.0,"percentageSys":0.0,"percentageIdle":0.0,"percentageIoWait":0.0,"percentageHardIrq":0.0,"percentageSoftIrq":0.0,"percentageSteal":0.0,"percentageGuest":0.0},{"timestamp":"2020-10-02T19:30:00Z","percentageCpuUsage":0.0,"percentageUser":0.0,"percentageNice":0.0,"percentageSys":0.0,"percentageIdle":0.0,"percentageIoWait":0.0,"percentageHardIrq":0.0,"percentageSoftIrq":0.0,"percentageSteal":0.0,"percentageGuest":0.0},{"timestamp":"2020-10-01T19:30:00Z","percentageCpuUsage":0.0,"percentageUser":0.0,"percentageNice":0.0,"percentageSys":0.0,"percentageIdle":0.0,"percentageIoWait":0.0,"percentageHardIrq":0.0,"percentageSoftIrq":0.0,"percentageSteal":0.0,"percentageGuest":0.0},{"timestamp":"2020-09-30T19:30:00Z","percentageCpuUsage":0.0,"percentageUser":0.0,"percentageNice":0.0,"percentageSys":0.0,"percentageIdle":0.0,"percentageIoWait":0.0,"percentageHardIrq":0.0,"percentageSoftIrq":0.0,"percentageSteal":0.0,"percentageGuest":0.0},{"timestamp":"2020-09-29T19:30:00Z","percentageCpuUsage":0.0,"percentageUser":0.0,"percentageNice":0.0,"percentageSys":0.0,"percentageIdle":0.0,"percentageIoWait":0.0,"percentageHardIrq":0.0,"percentageSoftIrq":0.0,"percentageSteal":0.0,"percentageGuest":0.0},{"timestamp":"2020-09-28T19:30:00Z","percentageCpuUsage":0.0,"percentageUser":0.0,"percentageNice":0.0,"percentageSys":0.0,"percentageIdle":0.0,"percentageIoWait":0.0,"percentageHardIrq":0.0,"percentageSoftIrq":0.0,"percentageSteal":0.0,"percentageGuest":0.0},{"timestamp":"2020-09-27T19:30:00Z","percentageCpuUsage":0.0,"percentageUser":0.0,"percentageNice":0.0,"percentageSys":0.0,"percentageIdle":0.0,"percentageIoWait":0.0,"percentageHardIrq":0.0,"percentageSoftIrq":0.0,"percentageSteal":0.0,"percentageGuest":0.0},{"timestamp":"2020-09-26T19:30:00Z","percentageCpuUsage":0.0,"percentageUser":0.0,"percentageNice":0.0,"percentageSys":0.0,"percentageIdle":0.0,"percentageIoWait":0.0,"percentageHardIrq":0.0,"percentageSoftIrq":0.0,"percentageSteal":0.0,"percentageGuest":0.0},{"timestamp":"2020-09-25T19:30:00Z","percentageCpuUsage":0.0,"percentageUser":0.0,"percentageNice":0.0,"percentageSys":0.0,"percentageIdle":0.0,"percentageIoWait":0.0,"percentageHardIrq":0.0,"percentageSoftIrq":0.0,"percentageSteal":0.0,"percentageGuest":0.0},{"timestamp":"2020-09-24T19:30:00Z","percentageCpuUsage":0.0,"percentageUser":0.0,"percentageNice":0.0,"percentageSys":0.0,"percentageIdle":0.0,"percentageIoWait":0.0,"percentageHardIrq":0.0,"percentageSoftIrq":0.0,"percentageSteal":0.0,"percentageGuest":0.0},{"timestamp":"2020-09-23T19:30:00Z","percentageCpuUsage":0.0,"percentageUser":0.0,"percentageNice":0.0,"percentageSys":0.0,"percentageIdle":0.0,"percentageIoWait":0.0,"percentageHardIrq":0.0,"percentageSoftIrq":0.0,"percentageSteal":0.0,"percentageGuest":0.0},{"timestamp":"2020-09-22T19:30:00Z","percentageCpuUsage":0.0,"percentageUser":0.0,"percentageNice":0.0,"percentageSys":0.0,"percentageIdle":0.0,"percentageIoWait":0.0,"percentageHardIrq":0.0,"percentageSoftIrq":0.0,"percentageSteal":0.0,"percentageGuest":0.0},{"timestamp":"2020-09-21T19:30:00Z","percentageCpuUsage":0.0,"percentageUser":0.0,"percentageNice":0.0,"percentageSys":0.0,"percentageIdle":0.0,"percentageIoWait":0.0,"percentageHardIrq":0.0,"percentageSoftIrq":0.0,"percentageSteal":0.0,"percentageGuest":0.0},{"timestamp":"2020-09-20T19:30:00Z","percentageCpuUsage":0.0,"percentageUser":0.0,"percentageNice":0.0,"percentageSys":0.0,"percentageIdle":0.0,"percentageIoWait":0.0,"percentageHardIrq":0.0,"percentageSoftIrq":0.0,"percentageSteal":0.0,"percentageGuest":0.0},{"timestamp":"2020-09-19T19:30:00Z","percentageCpuUsage":0.0,"percentageUser":0.0,"percentageNice":0.0,"percentageSys":0.0,"percentageIdle":0.0,"percentageIoWait":0.0,"percentageHardIrq":0.0,"percentageSoftIrq":0.0,"percentageSteal":0.0,"percentageGuest":0.0},{"timestamp":"2020-09-18T19:30:00Z","percentageCpuUsage":0.0,"percentageUser":0.0,"percentageNice":0.0,"percentageSys":0.0,"percentageIdle":0.0,"percentageIoWait":0.0,"percentageHardIrq":0.0,"percentageSoftIrq":0.0,"percentageSteal":0.0,"percentageGuest":0.0},{"timestamp":"2020-09-17T19:30:00Z","percentageCpuUsage":0.0,"percentageUser":0.0,"percentageNice":0.0,"percentageSys":0.0,"percentageIdle":0.0,"percentageIoWait":0.0,"percentageHardIrq":0.0,"percentageSoftIrq":0.0,"percentageSteal":0.0,"percentageGuest":0.0},{"timestamp":"2020-09-16T19:30:00Z","percentageCpuUsage":0.0,"percentageUser":0.0,"percentageNice":0.0,"percentageSys":0.0,"percentageIdle":0.0,"percentageIoWait":0.0,"percentageHardIrq":0.0,"percentageSoftIrq":0.0,"percentageSteal":0.0,"percentageGuest":0.0},{"timestamp":"2020-09-15T19:30:00Z","percentageCpuUsage":0.0,"percentageUser":0.0,"percentageNice":0.0,"percentageSys":0.0,"percentageIdle":0.0,"percentageIoWait":0.0,"percentageHardIrq":0.0,"percentageSoftIrq":0.0,"percentageSteal":0.0,"percentageGuest":0.0},{"timestamp":"2020-09-14T19:30:00Z","percentageCpuUsage":0.0,"percentageUser":0.0,"percentageNice":0.0,"percentageSys":0.0,"percentageIdle":0.0,"percentageIoWait":0.0,"percentageHardIrq":0.0,"percentageSoftIrq":0.0,"percentageSteal":0.0,"percentageGuest":0.0},{"timestamp":"2020-09-13T19:30:00Z","percentageCpuUsage":0.0,"percentageUser":0.0,"percentageNice":0.0,"percentageSys":0.0,"percentageIdle":0.0,"percentageIoWait":0.0,"percentageHardIrq":0.0,"percentageSoftIrq":0.0,"percentageSteal":0.0,"percentageGuest":0.0},{"timestamp":"2020-09-12T19:30:00Z","percentageCpuUsage":0.0,"percentageUser":0.0,"percentageNice":0.0,"percentageSys":0.0,"percentageIdle":0.0,"percentageIoWait":0.0,"percentageHardIrq":0.0,"percentageSoftIrq":0.0,"percentageSteal":0.0,"percentageGuest":0.0},{"timestamp":"2020-09-11T19:30:00Z","percentageCpuUsage":0.0,"percentageUser":0.0,"percentageNice":0.0,"percentageSys":0.0,"percentageIdle":0.0,"percentageIoWait":0.0,"percentageHardIrq":0.0,"percentageSoftIrq":0.0,"percentageSteal":0.0,"percentageGuest":0.0},{"timestamp":"2020-09-10T19:30:00Z","percentageCpuUsage":0.0,"percentageUser":0.0,"percentageNice":0.0,"percentageSys":0.0,"percentageIdle":0.0,"percentageIoWait":0.0,"percentageHardIrq":0.0,"percentageSoftIrq":0.0,"percentageSteal":0.0,"percentageGuest":0.0},{"timestamp":"2020-09-09T19:30:00Z","percentageCpuUsage":0.0,"percentageUser":0.0,"percentageNice":0.0,"percentageSys":0.0,"percentageIdle":0.0,"percentageIoWait":0.0,"percentageHardIrq":0.0,"percentageSoftIrq":0.0,"percentageSteal":0.0,"percentageGuest":0.0},{"timestamp":"2020-09-08T19:30:00Z","percentageCpuUsage":0.0,"percentageUser":0.0,"percentageNice":0.0,"percentageSys":0.0,"percentageIdle":0.0,"percentageIoWait":0.0,"percentageHardIrq":0.0,"percentageSoftIrq":0.0,"percentageSteal":0.0,"percentageGuest":0.0},{"timestamp":"2020-09-07T19:30:00Z","percentageCpuUsage":0.0,"percentageUser":0.0,"percentageNice":0.0,"percentageSys":0.0,"percentageIdle":0.0,"percentageIoWait":0.0,"percentageHardIrq":0.0,"percentageSoftIrq":0.0,"percentageSteal":0.0,"percentageGuest":0.0},{"timestamp":"2020-09-06T19:30:00Z","percentageCpuUsage":0.0,"percentageUser":0.0,"percentageNice":0.0,"percentageSys":0.0,"percentageIdle":0.0,"percentageIoWait":0.0,"percentageHardIrq":0.0,"percentageSoftIrq":0.0,"percentageSteal":0.0,"percentageGuest":0.0},{"timestamp":"2020-09-05T19:30:00Z","percentageCpuUsage":0.0,"percentageUser":0.0,"percentageNice":0.0,"percentageSys":0.0,"percentageIdle":0.0,"percentageIoWait":0.0,"percentageHardIrq":0.0,"percentageSoftIrq":0.0,"percentageSteal":0.0,"percentageGuest":0.0},{"timestamp":"2020-09-04T19:30:00Z","percentageCpuUsage":0.0,"percentageUser":0.0,"percentageNice":0.0,"percentageSys":0.0,"percentageIdle":0.0,"percentageIoWait":0.0,"percentageHardIrq":0.0,"percentageSoftIrq":0.0,"percentageSteal":0.0,"percentageGuest":0.0},{"timestamp":"2020-09-03T19:30:00Z","percentageCpuUsage":0.0,"percentageUser":0.0,"percentageNice":0.0,"percentageSys":0.0,"percentageIdle":0.0,"percentageIoWait":0.0,"percentageHardIrq":0.0,"percentageSoftIrq":0.0,"percentageSteal":0.0,"percentageGuest":0.0},{"timestamp":"2020-09-02T19:30:00Z","percentageCpuUsage":0.0,"percentageUser":0.0,"percentageNice":0.0,"percentageSys":0.0,"percentageIdle":0.0,"percentageIoWait":0.0,"percentageHardIrq":0.0,"percentageSoftIrq":0.0,"percentageSteal":0.0,"percentageGuest":0.0},{"timestamp":"2020-09-01T19:30:00Z","percentageCpuUsage":0.0,"percentageUser":0.0,"percentageNice":0.0,"percentageSys":0.0,"percentageIdle":0.0,"percentageIoWait":0.0,"percentageHardIrq":0.0,"percentageSoftIrq":0.0,"percentageSteal":0.0,"percentageGuest":0.0},{"timestamp":"2020-08-31T19:30:00Z","percentageCpuUsage":0.0,"percentageUser":0.0,"percentageNice":0.0,"percentageSys":0.0,"percentageIdle":0.0,"percentageIoWait":0.0,"percentageHardIrq":0.0,"percentageSoftIrq":0.0,"percentageSteal":0.0,"percentageGuest":0.0},{"timestamp":"2020-08-30T19:30:00Z","percentageCpuUsage":0.0,"percentageUser":0.0,"percentageNice":0.0,"percentageSys":0.0,"percentageIdle":0.0,"percentageIoWait":0.0,"percentageHardIrq":0.0,"percentageSoftIrq":0.0,"percentageSteal":0.0,"percentageGuest":0.0},{"timestamp":"2020-08-29T19:30:00Z","percentageCpuUsage":0.0,"percentageUser":0.0,"percentageNice":0.0,"percentageSys":0.0,"percentageIdle":0.0,"percentageIoWait":0.0,"percentageHardIrq":0.0,"percentageSoftIrq":0.0,"percentageSteal":0.0,"percentageGuest":0.0},{"timestamp":"2020-08-28T19:30:00Z","percentageCpuUsage":0.0,"percentageUser":0.0,"percentageNice":0.0,"percentageSys":0.0,"percentageIdle":0.0,"percentageIoWait":0.0,"percentageHardIrq":0.0,"percentageSoftIrq":0.0,"percentageSteal":0.0,"percentageGuest":0.0},{"timestamp":"2020-08-27T19:30:00Z","percentageCpuUsage":0.0,"percentageUser":0.0,"percentageNice":0.0,"percentageSys":0.0,"percentageIdle":0.0,"percentageIoWait":0.0,"percentageHardIrq":0.0,"percentageSoftIrq":0.0,"percentageSteal":0.0,"percentageGuest":0.0},{"timestamp":"2020-08-26T19:30:00Z","percentageCpuUsage":0.0,"percentageUser":0.0,"percentageNice":0.0,"percentageSys":0.0,"percentageIdle":0.0,"percentageIoWait":0.0,"percentageHardIrq":0.0,"percentageSoftIrq":0.0,"percentageSteal":0.0,"percentageGuest":0.0},{"timestamp":"2020-08-25T19:30:00Z","percentageCpuUsage":0.0,"percentageUser":0.0,"percentageNice":0.0,"percentageSys":0.0,"percentageIdle":0.0,"percentageIoWait":0.0,"percentageHardIrq":0.0,"percentageSoftIrq":0.0,"percentageSteal":0.0,"percentageGuest":0.0},{"timestamp":"2020-08-24T19:30:00Z","percentageCpuUsage":0.0,"percentageUser":0.0,"percentageNice":0.0,"percentageSys":0.0,"percentageIdle":0.0,"percentageIoWait":0.0,"percentageHardIrq":0.0,"percentageSoftIrq":0.0,"percentageSteal":0.0,"percentageGuest":0.0},{"timestamp":"2020-08-23T19:30:00Z","percentageCpuUsage":0.0,"percentageUser":0.0,"percentageNice":0.0,"percentageSys":0.0,"percentageIdle":0.0,"percentageIoWait":0.0,"percentageHardIrq":0.0,"percentageSoftIrq":0.0,"percentageSteal":0.0,"percentageGuest":0.0},{"timestamp":"2020-08-22T19:30:00Z","percentageCpuUsage":0.0,"percentageUser":0.0,"percentageNice":0.0,"percentageSys":0.0,"percentageIdle":0.0,"percentageIoWait":0.0,"percentageHardIrq":0.0,"percentageSoftIrq":0.0,"percentageSteal":0.0,"percentageGuest":0.0},{"timestamp":"2020-08-21T19:30:00Z","percentageCpuUsage":0.0,"percentageUser":0.0,"percentageNice":0.0,"percentageSys":0.0,"percentageIdle":0.0,"percentageIoWait":0.0,"percentageHardIrq":0.0,"percentageSoftIrq":0.0,"percentageSteal":0.0,"percentageGuest":0.0},{"timestamp":"2020-08-20T19:30:00Z","percentageCpuUsage":0.0,"percentageUser":0.0,"percentageNice":0.0,"percentageSys":0.0,"percentageIdle":0.0,"percentageIoWait":0.0,"percentageHardIrq":0.0,"percentageSoftIrq":0.0,"percentageSteal":0.0,"percentageGuest":0.0},{"timestamp":"2020-08-19T19:30:00Z","percentageCpuUsage":0.0,"percentageUser":0.0,"percentageNice":0.0,"percentageSys":0.0,"percentageIdle":0.0,"percentageIoWait":0.0,"percentageHardIrq":0.0,"percentageSoftIrq":0.0,"percentageSteal":0.0,"percentageGuest":0.0},{"timestamp":"2020-08-18T19:30:00Z","percentageCpuUsage":0.0,"percentageUser":0.0,"percentageNice":0.0,"percentageSys":0.0,"percentageIdle":0.0,"percentageIoWait":0.0,"percentageHardIrq":0.0,"percentageSoftIrq":0.0,"percentageSteal":0.0,"percentageGuest":0.0},{"timestamp":"2020-08-17T19:30:00Z","percentageCpuUsage":0.0,"percentageUser":0.0,"percentageNice":0.0,"percentageSys":0.0,"percentageIdle":0.0,"percentageIoWait":0.0,"percentageHardIrq":0.0,"percentageSoftIrq":0.0,"percentageSteal":0.0,"percentageGuest":0.0},{"timestamp":"2020-08-16T19:30:00Z","percentageCpuUsage":0.0,"percentageUser":0.0,"percentageNice":0.0,"percentageSys":0.0,"percentageIdle":0.0,"percentageIoWait":0.0,"percentageHardIrq":0.0,"percentageSoftIrq":0.0,"percentageSteal":0.0,"percentageGuest":0.0},{"timestamp":"2020-08-15T19:30:00Z","percentageCpuUsage":0.0,"percentageUser":0.0,"percentageNice":0.0,"percentageSys":0.0,"percentageIdle":0.0,"percentageIoWait":0.0,"percentageHardIrq":0.0,"percentageSoftIrq":0.0,"percentageSteal":0.0,"percentageGuest":0.0},{"timestamp":"2020-08-14T19:30:00Z","percentageCpuUsage":0.0,"percentageUser":0.0,"percentageNice":0.0,"percentageSys":0.0,"percentageIdle":0.0,"percentageIoWait":0.0,"percentageHardIrq":0.0,"percentageSoftIrq":0.0,"percentageSteal":0.0,"percentageGuest":0.0},{"timestamp":"2020-08-13T19:30:00Z","percentageCpuUsage":0.0,"percentageUser":0.0,"percentageNice":0.0,"percentageSys":0.0,"percentageIdle":0.0,"percentageIoWait":0.0,"percentageHardIrq":0.0,"percentageSoftIrq":0.0,"percentageSteal":0.0,"percentageGuest":0.0},{"timestamp":"2020-08-12T19:30:00Z","percentageCpuUsage":0.0,"percentageUser":0.0,"percentageNice":0.0,"percentageSys":0.0,"percentageIdle":0.0,"percentageIoWait":0.0,"percentageHardIrq":0.0,"percentageSoftIrq":0.0,"percentageSteal":0.0,"percentageGuest":0.0},{"timestamp":"2020-08-11T19:30:00Z","percentageCpuUsage":0.0,"percentageUser":0.0,"percentageNice":0.0,"percentageSys":0.0,"percentageIdle":0.0,"percentageIoWait":0.0,"percentageHardIrq":0.0,"percentageSoftIrq":0.0,"percentageSteal":0.0,"percentageGuest":0.0},{"timestamp":"2020-08-10T19:30:00Z","percentageCpuUsage":0.0,"percentageUser":0.0,"percentageNice":0.0,"percentageSys":0.0,"percentageIdle":0.0,"percentageIoWait":0.0,"percentageHardIrq":0.0,"percentageSoftIrq":0.0,"percentageSteal":0.0,"percentageGuest":0.0},{"timestamp":"2020-08-09T19:30:00Z","percentageCpuUsage":0.0,"percentageUser":0.0,"percentageNice":0.0,"percentageSys":0.0,"percentageIdle":0.0,"percentageIoWait":0.0,"percentageHardIrq":0.0,"percentageSoftIrq":0.0,"percentageSteal":0.0,"percentageGuest":0.0},{"timestamp":"2020-08-08T19:30:00Z","percentageCpuUsage":0.0,"percentageUser":0.0,"percentageNice":0.0,"percentageSys":0.0,"percentageIdle":0.0,"percentageIoWait":0.0,"percentageHardIrq":0.0,"percentageSoftIrq":0.0,"percentageSteal":0.0,"percentageGuest":0.0},{"timestamp":"2020-08-07T19:30:00Z","percentageCpuUsage":0.0,"percentageUser":0.0,"percentageNice":0.0,"percentageSys":0.0,"percentageIdle":0.0,"percentageIoWait":0.0,"percentageHardIrq":0.0,"percentageSoftIrq":0.0,"percentageSteal":0.0,"percentageGuest":0.0},{"timestamp":"2020-08-06T19:30:00Z","percentageCpuUsage":0.0,"percentageUser":0.0,"percentageNice":0.0,"percentageSys":0.0,"percentageIdle":0.0,"percentageIoWait":0.0,"percentageHardIrq":0.0,"percentageSoftIrq":0.0,"percentageSteal":0.0,"percentageGuest":0.0},{"timestamp":"2020-08-05T19:30:00Z","percentageCpuUsage":0.0,"percentageUser":0.0,"percentageNice":0.0,"percentageSys":0.0,"percentageIdle":0.0,"percentageIoWait":0.0,"percentageHardIrq":0.0,"percentageSoftIrq":0.0,"percentageSteal":0.0,"percentageGuest":0.0},{"timestamp":"2020-08-04T19:30:00Z","percentageCpuUsage":0.0,"percentageUser":0.0,"percentageNice":0.0,"percentageSys":0.0,"percentageIdle":0.0,"percentageIoWait":0.0,"percentageHardIrq":0.0,"percentageSoftIrq":0.0,"percentageSteal":0.0,"percentageGuest":0.0},{"timestamp":"2020-08-03T19:30:00Z","percentageCpuUsage":0.0,"percentageUser":0.0,"percentageNice":0.0,"percentageSys":0.0,"percentageIdle":0.0,"percentageIoWait":0.0,"percentageHardIrq":0.0,"percentageSoftIrq":0.0,"percentageSteal":0.0,"percentageGuest":0.0},{"timestamp":"2020-08-02T19:30:00Z","percentageCpuUsage":0.0,"percentageUser":0.0,"percentageNice":0.0,"percentageSys":0.0,"percentageIdle":0.0,"percentageIoWait":0.0,"percentageHardIrq":0.0,"percentageSoftIrq":0.0,"percentageSteal":0.0,"percentageGuest":0.0},{"timestamp":"2020-08-01T19:30:00Z","percentageCpuUsage":0.0,"percentageUser":0.0,"percentageNice":0.0,"percentageSys":0.0,"percentageIdle":0.0,"percentageIoWait":0.0,"percentageHardIrq":0.0,"percentageSoftIrq":0.0,"percentageSteal":0.0,"percentageGuest":0.0},{"timestamp":"2020-07-31T19:30:00Z","percentageCpuUsage":0.0,"percentageUser":0.0,"percentageNice":0.0,"percentageSys":0.0,"percentageIdle":0.0,"percentageIoWait":0.0,"percentageHardIrq":0.0,"percentageSoftIrq":0.0,"percentageSteal":0.0,"percentageGuest":0.0},{"timestamp":"2020-07-30T19:30:00Z","percentageCpuUsage":0.0,"percentageUser":0.0,"percentageNice":0.0,"percentageSys":0.0,"percentageIdle":0.0,"percentageIoWait":0.0,"percentageHardIrq":0.0,"percentageSoftIrq":0.0,"percentageSteal":0.0,"percentageGuest":0.0},{"timestamp":"2020-07-29T19:30:00Z","percentageCpuUsage":0.0,"percentageUser":0.0,"percentageNice":0.0,"percentageSys":0.0,"percentageIdle":0.0,"percentageIoWait":0.0,"percentageHardIrq":0.0,"percentageSoftIrq":0.0,"percentageSteal":0.0,"percentageGuest":0.0},{"timestamp":"2020-07-28T19:30:00Z","percentageCpuUsage":0.0,"percentageUser":0.0,"percentageNice":0.0,"percentageSys":0.0,"percentageIdle":0.0,"percentageIoWait":0.0,"percentageHardIrq":0.0,"percentageSoftIrq":0.0,"percentageSteal":0.0,"percentageGuest":0.0},{"timestamp":"2020-07-27T19:30:00Z","percentageCpuUsage":0.0,"percentageUser":0.0,"percentageNice":0.0,"percentageSys":0.0,"percentageIdle":0.0,"percentageIoWait":0.0,"percentageHardIrq":0.0,"percentageSoftIrq":0.0,"percentageSteal":0.0,"percentageGuest":0.0},{"timestamp":"2020-07-26T19:30:00Z","percentageCpuUsage":0.0,"percentageUser":0.0,"percentageNice":0.0,"percentageSys":0.0,"percentageIdle":0.0,"percentageIoWait":0.0,"percentageHardIrq":0.0,"percentageSoftIrq":0.0,"percentageSteal":0.0,"percentageGuest":0.0},{"timestamp":"2020-07-25T19:30:00Z","percentageCpuUsage":0.0,"percentageUser":0.0,"percentageNice":0.0,"percentageSys":0.0,"percentageIdle":0.0,"percentageIoWait":0.0,"percentageHardIrq":0.0,"percentageSoftIrq":0.0,"percentageSteal":0.0,"percentageGuest":0.0},{"timestamp":"2020-07-24T19:30:00Z","percentageCpuUsage":0.0,"percentageUser":0.0,"percentageNice":0.0,"percentageSys":0.0,"percentageIdle":0.0,"percentageIoWait":0.0,"percentageHardIrq":0.0,"percentageSoftIrq":0.0,"percentageSteal":0.0,"percentageGuest":0.0},{"timestamp":"2020-07-23T19:30:00Z","percentageCpuUsage":0.0,"percentageUser":0.0,"percentageNice":0.0,"percentageSys":0.0,"percentageIdle":0.0,"percentageIoWait":0.0,"percentageHardIrq":0.0,"percentageSoftIrq":0.0,"percentageSteal":0.0,"percentageGuest":0.0},{"timestamp":"2020-07-22T19:30:00Z","percentageCpuUsage":0.0,"percentageUser":0.0,"percentageNice":0.0,"percentageSys":0.0,"percentageIdle":0.0,"percentageIoWait":0.0,"percentageHardIrq":0.0,"percentageSoftIrq":0.0,"percentageSteal":0.0,"percentageGuest":0.0},{"timestamp":"2020-07-21T19:30:00Z","percentageCpuUsage":0.0,"percentageUser":0.0,"percentageNice":0.0,"percentageSys":0.0,"percentageIdle":0.0,"percentageIoWait":0.0,"percentageHardIrq":0.0,"percentageSoftIrq":0.0,"percentageSteal":0.0,"percentageGuest":0.0},{"timestamp":"2020-07-20T19:30:00Z","percentageCpuUsage":0.0,"percentageUser":0.0,"percentageNice":0.0,"percentageSys":0.0,"percentageIdle":0.0,"percentageIoWait":0.0,"percentageHardIrq":0.0,"percentageSoftIrq":0.0,"percentageSteal":0.0,"percentageGuest":0.0},{"timestamp":"2020-07-19T19:30:00Z","percentageCpuUsage":0.0,"percentageUser":0.0,"percentageNice":0.0,"percentageSys":0.0,"percentageIdle":0.0,"percentageIoWait":0.0,"percentageHardIrq":0.0,"percentageSoftIrq":0.0,"percentageSteal":0.0,"percentageGuest":0.0},{"timestamp":"2020-07-18T19:30:00Z","percentageCpuUsage":0.0,"percentageUser":0.0,"percentageNice":0.0,"percentageSys":0.0,"percentageIdle":0.0,"percentageIoWait":0.0,"percentageHardIrq":0.0,"percentageSoftIrq":0.0,"percentageSteal":0.0,"percentageGuest":0.0},{"timestamp":"2020-07-17T19:30:00Z","percentageCpuUsage":0.0,"percentageUser":0.0,"percentageNice":0.0,"percentageSys":0.0,"percentageIdle":0.0,"percentageIoWait":0.0,"percentageHardIrq":0.0,"percentageSoftIrq":0.0,"percentageSteal":0.0,"percentageGuest":0.0},{"timestamp":"2020-07-16T19:30:00Z","percentageCpuUsage":0.0,"percentageUser":0.0,"percentageNice":0.0,"percentageSys":0.0,"percentageIdle":0.0,"percentageIoWait":0.0,"percentageHardIrq":0.0,"percentageSoftIrq":0.0,"percentageSteal":0.0,"percentageGuest":0.0},{"timestamp":"2020-07-15T19:30:00Z","percentageCpuUsage":0.0,"percentageUser":0.0,"percentageNice":0.0,"percentageSys":0.0,"percentageIdle":0.0,"percentageIoWait":0.0,"percentageHardIrq":0.0,"percentageSoftIrq":0.0,"percentageSteal":0.0,"percentageGuest":0.0},{"timestamp":"2020-07-14T19:30:00Z","percentageCpuUsage":0.0,"percentageUser":0.0,"percentageNice":0.0,"percentageSys":0.0,"percentageIdle":0.0,"percentageIoWait":0.0,"percentageHardIrq":0.0,"percentageSoftIrq":0.0,"percentageSteal":0.0,"percentageGuest":0.0},{"timestamp":"2020-07-13T19:30:00Z","percentageCpuUsage":0.0,"percentageUser":0.0,"percentageNice":0.0,"percentageSys":0.0,"percentageIdle":0.0,"percentageIoWait":0.0,"percentageHardIrq":0.0,"percentageSoftIrq":0.0,"percentageSteal":0.0,"percentageGuest":0.0},{"timestamp":"2020-07-12T19:30:00Z","percentageCpuUsage":0.0,"percentageUser":0.0,"percentageNice":0.0,"percentageSys":0.0,"percentageIdle":0.0,"percentageIoWait":0.0,"percentageHardIrq":0.0,"percentageSoftIrq":0.0,"percentageSteal":0.0,"percentageGuest":0.0},{"timestamp":"2020-07-11T19:30:00Z","percentageCpuUsage":0.0,"percentageUser":0.0,"percentageNice":0.0,"percentageSys":0.0,"percentageIdle":0.0,"percentageIoWait":0.0,"percentageHardIrq":0.0,"percentageSoftIrq":0.0,"percentageSteal":0.0,"percentageGuest":0.0},{"timestamp":"2020-07-10T19:30:00Z","percentageCpuUsage":0.0,"percentageUser":0.0,"percentageNice":0.0,"percentageSys":0.0,"percentageIdle":0.0,"percentageIoWait":0.0,"percentageHardIrq":0.0,"percentageSoftIrq":0.0,"percentageSteal":0.0,"percentageGuest":0.0},{"timestamp":"2020-07-09T19:30:00Z","percentageCpuUsage":0.0,"percentageUser":0.0,"percentageNice":0.0,"percentageSys":0.0,"percentageIdle":0.0,"percentageIoWait":0.0,"percentageHardIrq":0.0,"percentageSoftIrq":0.0,"percentageSteal":0.0,"percentageGuest":0.0},{"timestamp":"2020-07-08T19:30:00Z","percentageCpuUsage":0.0,"percentageUser":0.0,"percentageNice":0.0,"percentageSys":0.0,"percentageIdle":0.0,"percentageIoWait":0.0,"percentageHardIrq":0.0,"percentageSoftIrq":0.0,"percentageSteal":0.0,"percentageGuest":0.0},{"timestamp":"2020-07-07T19:30:00Z","percentageCpuUsage":0.0,"percentageUser":0.0,"percentageNice":0.0,"percentageSys":0.0,"percentageIdle":0.0,"percentageIoWait":0.0,"percentageHardIrq":0.0,"percentageSoftIrq":0.0,"percentageSteal":0.0,"percentageGuest":0.0},{"timestamp":"2020-07-06T19:30:00Z","percentageCpuUsage":0.0,"percentageUser":0.0,"percentageNice":0.0,"percentageSys":0.0,"percentageIdle":0.0,"percentageIoWait":0.0,"percentageHardIrq":0.0,"percentageSoftIrq":0.0,"percentageSteal":0.0,"percentageGuest":0.0},{"timestamp":"2020-07-05T19:30:00Z","percentageCpuUsage":0.0,"percentageUser":0.0,"percentageNice":0.0,"percentageSys":0.0,"percentageIdle":0.0,"percentageIoWait":0.0,"percentageHardIrq":0.0,"percentageSoftIrq":0.0,"percentageSteal":0.0,"percentageGuest":0.0},{"timestamp":"2020-07-04T19:30:00Z","percentageCpuUsage":0.0,"percentageUser":0.0,"percentageNice":0.0,"percentageSys":0.0,"percentageIdle":0.0,"percentageIoWait":0.0,"percentageHardIrq":0.0,"percentageSoftIrq":0.0,"percentageSteal":0.0,"percentageGuest":0.0},{"timestamp":"2020-07-03T19:30:00Z","percentageCpuUsage":0.0,"percentageUser":0.0,"percentageNice":0.0,"percentageSys":0.0,"percentageIdle":0.0,"percentageIoWait":0.0,"percentageHardIrq":0.0,"percentageSoftIrq":0.0,"percentageSteal":0.0,"percentageGuest":0.0},{"timestamp":"2020-07-02T19:30:00Z","percentageCpuUsage":0.0,"percentageUser":0.0,"percentageNice":0.0,"percentageSys":0.0,"percentageIdle":0.0,"percentageIoWait":0.0,"percentageHardIrq":0.0,"percentageSoftIrq":0.0,"percentageSteal":0.0,"percentageGuest":0.0},{"timestamp":"2020-07-01T19:30:00Z","percentageCpuUsage":0.0,"percentageUser":0.0,"percentageNice":0.0,"percentageSys":0.0,"percentageIdle":0.0,"percentageIoWait":0.0,"percentageHardIrq":0.0,"percentageSoftIrq":0.0,"percentageSteal":0.0,"percentageGuest":0.0},{"timestamp":"2020-06-30T19:30:00Z","percentageCpuUsage":0.0,"percentageUser":0.0,"percentageNice":0.0,"percentageSys":0.0,"percentageIdle":0.0,"percentageIoWait":0.0,"percentageHardIrq":0.0,"percentageSoftIrq":0.0,"percentageSteal":0.0,"percentageGuest":0.0},{"timestamp":"2020-06-29T19:30:00Z","percentageCpuUsage":0.0,"percentageUser":0.0,"percentageNice":0.0,"percentageSys":0.0,"percentageIdle":0.0,"percentageIoWait":0.0,"percentageHardIrq":0.0,"percentageSoftIrq":0.0,"percentageSteal":0.0,"percentageGuest":0.0},{"timestamp":"2020-06-28T19:30:00Z","percentageCpuUsage":0.0,"percentageUser":0.0,"percentageNice":0.0,"percentageSys":0.0,"percentageIdle":0.0,"percentageIoWait":0.0,"percentageHardIrq":0.0,"percentageSoftIrq":0.0,"percentageSteal":0.0,"percentageGuest":0.0},{"timestamp":"2020-06-27T19:30:00Z","percentageCpuUsage":0.0,"percentageUser":0.0,"percentageNice":0.0,"percentageSys":0.0,"percentageIdle":0.0,"percentageIoWait":0.0,"percentageHardIrq":0.0,"percentageSoftIrq":0.0,"percentageSteal":0.0,"percentageGuest":0.0},{"timestamp":"2020-06-26T19:30:00Z","percentageCpuUsage":0.0,"percentageUser":0.0,"percentageNice":0.0,"percentageSys":0.0,"percentageIdle":0.0,"percentageIoWait":0.0,"percentageHardIrq":0.0,"percentageSoftIrq":0.0,"percentageSteal":0.0,"percentageGuest":0.0},{"timestamp":"2020-06-25T19:30:00Z","percentageCpuUsage":0.0,"percentageUser":0.0,"percentageNice":0.0,"percentageSys":0.0,"percentageIdle":0.0,"percentageIoWait":0.0,"percentageHardIrq":0.0,"percentageSoftIrq":0.0,"percentageSteal":0.0,"percentageGuest":0.0},{"timestamp":"2020-06-24T19:30:00Z","percentageCpuUsage":0.0,"percentageUser":0.0,"percentageNice":0.0,"percentageSys":0.0,"percentageIdle":0.0,"percentageIoWait":0.0,"percentageHardIrq":0.0,"percentageSoftIrq":0.0,"percentageSteal":0.0,"percentageGuest":0.0},{"timestamp":"2020-06-23T19:30:00Z","percentageCpuUsage":0.0,"percentageUser":0.0,"percentageNice":0.0,"percentageSys":0.0,"percentageIdle":0.0,"percentageIoWait":0.0,"percentageHardIrq":0.0,"percentageSoftIrq":0.0,"percentageSteal":0.0,"percentageGuest":0.0},{"timestamp":"2020-06-22T19:30:00Z","percentageCpuUsage":0.0,"percentageUser":0.0,"percentageNice":0.0,"percentageSys":0.0,"percentageIdle":0.0,"percentageIoWait":0.0,"percentageHardIrq":0.0,"percentageSoftIrq":0.0,"percentageSteal":0.0,"percentageGuest":0.0},{"timestamp":"2020-06-21T19:30:00Z","percentageCpuUsage":0.0,"percentageUser":0.0,"percentageNice":0.0,"percentageSys":0.0,"percentageIdle":0.0,"percentageIoWait":0.0,"percentageHardIrq":0.0,"percentageSoftIrq":0.0,"percentageSteal":0.0,"percentageGuest":0.0},{"timestamp":"2020-06-20T19:30:00Z","percentageCpuUsage":0.0,"percentageUser":0.0,"percentageNice":0.0,"percentageSys":0.0,"percentageIdle":0.0,"percentageIoWait":0.0,"percentageHardIrq":0.0,"percentageSoftIrq":0.0,"percentageSteal":0.0,"percentageGuest":0.0},{"timestamp":"2020-06-19T19:30:00Z","percentageCpuUsage":0.0,"percentageUser":0.0,"percentageNice":0.0,"percentageSys":0.0,"percentageIdle":0.0,"percentageIoWait":0.0,"percentageHardIrq":0.0,"percentageSoftIrq":0.0,"percentageSteal":0.0,"percentageGuest":0.0},{"timestamp":"2020-06-18T19:30:00Z","percentageCpuUsage":0.0,"percentageUser":0.0,"percentageNice":0.0,"percentageSys":0.0,"percentageIdle":0.0,"percentageIoWait":0.0,"percentageHardIrq":0.0,"percentageSoftIrq":0.0,"percentageSteal":0.0,"percentageGuest":0.0},{"timestamp":"2020-06-17T19:30:00Z","percentageCpuUsage":0.0,"percentageUser":0.0,"percentageNice":0.0,"percentageSys":0.0,"percentageIdle":0.0,"percentageIoWait":0.0,"percentageHardIrq":0.0,"percentageSoftIrq":0.0,"percentageSteal":0.0,"percentageGuest":0.0},{"timestamp":"2020-06-16T19:30:00Z","percentageCpuUsage":0.0,"percentageUser":0.0,"percentageNice":0.0,"percentageSys":0.0,"percentageIdle":0.0,"percentageIoWait":0.0,"percentageHardIrq":0.0,"percentageSoftIrq":0.0,"percentageSteal":0.0,"percentageGuest":0.0},{"timestamp":"2020-06-15T19:30:00Z","percentageCpuUsage":0.0,"percentageUser":0.0,"percentageNice":0.0,"percentageSys":0.0,"percentageIdle":0.0,"percentageIoWait":0.0,"percentageHardIrq":0.0,"percentageSoftIrq":0.0,"percentageSteal":0.0,"percentageGuest":0.0},{"timestamp":"2020-06-14T19:30:00Z","percentageCpuUsage":0.0,"percentageUser":0.0,"percentageNice":0.0,"percentageSys":0.0,"percentageIdle":0.0,"percentageIoWait":0.0,"percentageHardIrq":0.0,"percentageSoftIrq":0.0,"percentageSteal":0.0,"percentageGuest":0.0},{"timestamp":"2020-06-13T19:30:00Z","percentageCpuUsage":0.0,"percentageUser":0.0,"percentageNice":0.0,"percentageSys":0.0,"percentageIdle":0.0,"percentageIoWait":0.0,"percentageHardIrq":0.0,"percentageSoftIrq":0.0,"percentageSteal":0.0,"percentageGuest":0.0},{"timestamp":"2020-06-12T19:30:00Z","percentageCpuUsage":0.0,"percentageUser":0.0,"percentageNice":0.0,"percentageSys":0.0,"percentageIdle":0.0,"percentageIoWait":0.0,"percentageHardIrq":0.0,"percentageSoftIrq":0.0,"percentageSteal":0.0,"percentageGuest":0.0},{"timestamp":"2020-06-11T19:30:00Z","percentageCpuUsage":0.0,"percentageUser":0.0,"percentageNice":0.0,"percentageSys":0.0,"percentageIdle":0.0,"percentageIoWait":0.0,"percentageHardIrq":0.0,"percentageSoftIrq":0.0,"percentageSteal":0.0,"percentageGuest":0.0},{"timestamp":"2020-06-10T19:30:00Z","percentageCpuUsage":0.0,"percentageUser":0.0,"percentageNice":0.0,"percentageSys":0.0,"percentageIdle":0.0,"percentageIoWait":0.0,"percentageHardIrq":0.0,"percentageSoftIrq":0.0,"percentageSteal":0.0,"percentageGuest":0.0},{"timestamp":"2020-06-09T19:30:00Z","percentageCpuUsage":0.0,"percentageUser":0.0,"percentageNice":0.0,"percentageSys":0.0,"percentageIdle":0.0,"percentageIoWait":0.0,"percentageHardIrq":0.0,"percentageSoftIrq":0.0,"percentageSteal":0.0,"percentageGuest":0.0},{"timestamp":"2020-06-08T19:30:00Z","percentageCpuUsage":0.0,"percentageUser":0.0,"percentageNice":0.0,"percentageSys":0.0,"percentageIdle":0.0,"percentageIoWait":0.0,"percentageHardIrq":0.0,"percentageSoftIrq":0.0,"percentageSteal":0.0,"percentageGuest":0.0},{"timestamp":"2020-06-07T19:30:00Z","percentageCpuUsage":0.0,"percentageUser":0.0,"percentageNice":0.0,"percentageSys":0.0,"percentageIdle":0.0,"percentageIoWait":0.0,"percentageHardIrq":0.0,"percentageSoftIrq":0.0,"percentageSteal":0.0,"percentageGuest":0.0},{"timestamp":"2020-06-06T19:30:00Z","percentageCpuUsage":0.0,"percentageUser":0.0,"percentageNice":0.0,"percentageSys":0.0,"percentageIdle":0.0,"percentageIoWait":0.0,"percentageHardIrq":0.0,"percentageSoftIrq":0.0,"percentageSteal":0.0,"percentageGuest":0.0},{"timestamp":"2020-06-05T19:30:00Z","percentageCpuUsage":0.0,"percentageUser":0.0,"percentageNice":0.0,"percentageSys":0.0,"percentageIdle":0.0,"percentageIoWait":0.0,"percentageHardIrq":0.0,"percentageSoftIrq":0.0,"percentageSteal":0.0,"percentageGuest":0.0},{"timestamp":"2020-06-04T19:30:00Z","percentageCpuUsage":0.0,"percentageUser":0.0,"percentageNice":0.0,"percentageSys":0.0,"percentageIdle":0.0,"percentageIoWait":0.0,"percentageHardIrq":0.0,"percentageSoftIrq":0.0,"percentageSteal":0.0,"percentageGuest":0.0},{"timestamp":"2020-06-03T19:30:00Z","percentageCpuUsage":0.0,"percentageUser":0.0,"percentageNice":0.0,"percentageSys":0.0,"percentageIdle":0.0,"percentageIoWait":0.0,"percentageHardIrq":0.0,"percentageSoftIrq":0.0,"percentageSteal":0.0,"percentageGuest":0.0},{"timestamp":"2020-06-02T19:30:00Z","percentageCpuUsage":0.0,"percentageUser":0.0,"percentageNice":0.0,"percentageSys":0.0,"percentageIdle":0.0,"percentageIoWait":0.0,"percentageHardIrq":0.0,"percentageSoftIrq":0.0,"percentageSteal":0.0,"percentageGuest":0.0},{"timestamp":"2020-06-01T19:30:00Z","percentageCpuUsage":0.0,"percentageUser":0.0,"percentageNice":0.0,"percentageSys":0.0,"percentageIdle":0.0,"percentageIoWait":0.0,"percentageHardIrq":0.0,"percentageSoftIrq":0.0,"percentageSteal":0.0,"percentageGuest":0.0},{"timestamp":"2020-05-31T19:30:00Z","percentageCpuUsage":0.0,"percentageUser":0.0,"percentageNice":0.0,"percentageSys":0.0,"percentageIdle":0.0,"percentageIoWait":0.0,"percentageHardIrq":0.0,"percentageSoftIrq":0.0,"percentageSteal":0.0,"percentageGuest":0.0},{"timestamp":"2020-05-30T19:30:00Z","percentageCpuUsage":0.0,"percentageUser":0.0,"percentageNice":0.0,"percentageSys":0.0,"percentageIdle":0.0,"percentageIoWait":0.0,"percentageHardIrq":0.0,"percentageSoftIrq":0.0,"percentageSteal":0.0,"percentageGuest":0.0},{"timestamp":"2020-05-29T19:30:00Z","percentageCpuUsage":0.0,"percentageUser":0.0,"percentageNice":0.0,"percentageSys":0.0,"percentageIdle":0.0,"percentageIoWait":0.0,"percentageHardIrq":0.0,"percentageSoftIrq":0.0,"percentageSteal":0.0,"percentageGuest":0.0},{"timestamp":"2020-05-28T19:30:00Z","percentageCpuUsage":0.0,"percentageUser":0.0,"percentageNice":0.0,"percentageSys":0.0,"percentageIdle":0.0,"percentageIoWait":0.0,"percentageHardIrq":0.0,"percentageSoftIrq":0.0,"percentageSteal":0.0,"percentageGuest":0.0},{"timestamp":"2020-05-27T19:30:00Z","percentageCpuUsage":0.0,"percentageUser":0.0,"percentageNice":0.0,"percentageSys":0.0,"percentageIdle":0.0,"percentageIoWait":0.0,"percentageHardIrq":0.0,"percentageSoftIrq":0.0,"percentageSteal":0.0,"percentageGuest":0.0},{"timestamp":"2020-05-26T19:30:00Z","percentageCpuUsage":0.0,"percentageUser":0.0,"percentageNice":0.0,"percentageSys":0.0,"percentageIdle":0.0,"percentageIoWait":0.0,"percentageHardIrq":0.0,"percentageSoftIrq":0.0,"percentageSteal":0.0,"percentageGuest":0.0},{"timestamp":"2020-05-25T19:30:00Z","percentageCpuUsage":0.0,"percentageUser":0.0,"percentageNice":0.0,"percentageSys":0.0,"percentageIdle":0.0,"percentageIoWait":0.0,"percentageHardIrq":0.0,"percentageSoftIrq":0.0,"percentageSteal":0.0,"percentageGuest":0.0},{"timestamp":"2020-05-24T19:30:00Z","percentageCpuUsage":0.0,"percentageUser":0.0,"percentageNice":0.0,"percentageSys":0.0,"percentageIdle":0.0,"percentageIoWait":0.0,"percentageHardIrq":0.0,"percentageSoftIrq":0.0,"percentageSteal":0.0,"percentageGuest":0.0},{"timestamp":"2020-05-23T19:30:00Z","percentageCpuUsage":0.0,"percentageUser":0.0,"percentageNice":0.0,"percentageSys":0.0,"percentageIdle":0.0,"percentageIoWait":0.0,"percentageHardIrq":0.0,"percentageSoftIrq":0.0,"percentageSteal":0.0,"percentageGuest":0.0},{"timestamp":"2020-05-22T19:30:00Z","percentageCpuUsage":0.0,"percentageUser":0.0,"percentageNice":0.0,"percentageSys":0.0,"percentageIdle":0.0,"percentageIoWait":0.0,"percentageHardIrq":0.0,"percentageSoftIrq":0.0,"percentageSteal":0.0,"percentageGuest":0.0},{"timestamp":"2020-05-21T19:30:00Z","percentageCpuUsage":0.0,"percentageUser":0.0,"percentageNice":0.0,"percentageSys":0.0,"percentageIdle":0.0,"percentageIoWait":0.0,"percentageHardIrq":0.0,"percentageSoftIrq":0.0,"percentageSteal":0.0,"percentageGuest":0.0},{"timestamp":"2020-05-20T19:30:00Z","percentageCpuUsage":0.0,"percentageUser":0.0,"percentageNice":0.0,"percentageSys":0.0,"percentageIdle":0.0,"percentageIoWait":0.0,"percentageHardIrq":0.0,"percentageSoftIrq":0.0,"percentageSteal":0.0,"percentageGuest":0.0},{"timestamp":"2020-05-19T19:30:00Z","percentageCpuUsage":0.0,"percentageUser":0.0,"percentageNice":0.0,"percentageSys":0.0,"percentageIdle":0.0,"percentageIoWait":0.0,"percentageHardIrq":0.0,"percentageSoftIrq":0.0,"percentageSteal":0.0,"percentageGuest":0.0},{"timestamp":"2020-05-18T19:30:00Z","percentageCpuUsage":0.0,"percentageUser":0.0,"percentageNice":0.0,"percentageSys":0.0,"percentageIdle":0.0,"percentageIoWait":0.0,"percentageHardIrq":0.0,"percentageSoftIrq":0.0,"percentageSteal":0.0,"percentageGuest":0.0},{"timestamp":"2020-05-17T19:30:00Z","percentageCpuUsage":0.0,"percentageUser":0.0,"percentageNice":0.0,"percentageSys":0.0,"percentageIdle":0.0,"percentageIoWait":0.0,"percentageHardIrq":0.0,"percentageSoftIrq":0.0,"percentageSteal":0.0,"percentageGuest":0.0},{"timestamp":"2020-05-16T19:30:00Z","percentageCpuUsage":0.0,"percentageUser":0.0,"percentageNice":0.0,"percentageSys":0.0,"percentageIdle":0.0,"percentageIoWait":0.0,"percentageHardIrq":0.0,"percentageSoftIrq":0.0,"percentageSteal":0.0,"percentageGuest":0.0},{"timestamp":"2020-05-15T19:30:00Z","percentageCpuUsage":0.0,"percentageUser":0.0,"percentageNice":0.0,"percentageSys":0.0,"percentageIdle":0.0,"percentageIoWait":0.0,"percentageHardIrq":0.0,"percentageSoftIrq":0.0,"percentageSteal":0.0,"percentageGuest":0.0},{"timestamp":"2020-05-14T19:30:00Z","percentageCpuUsage":0.0,"percentageUser":0.0,"percentageNice":0.0,"percentageSys":0.0,"percentageIdle":0.0,"percentageIoWait":0.0,"percentageHardIrq":0.0,"percentageSoftIrq":0.0,"percentageSteal":0.0,"percentageGuest":0.0},{"timestamp":"2020-05-13T19:30:00Z","percentageCpuUsage":0.0,"percentageUser":0.0,"percentageNice":0.0,"percentageSys":0.0,"percentageIdle":0.0,"percentageIoWait":0.0,"percentageHardIrq":0.0,"percentageSoftIrq":0.0,"percentageSteal":0.0,"percentageGuest":0.0},{"timestamp":"2020-05-12T19:30:00Z","percentageCpuUsage":0.0,"percentageUser":0.0,"percentageNice":0.0,"percentageSys":0.0,"percentageIdle":0.0,"percentageIoWait":0.0,"percentageHardIrq":0.0,"percentageSoftIrq":0.0,"percentageSteal":0.0,"percentageGuest":0.0},{"timestamp":"2020-05-11T19:30:00Z","percentageCpuUsage":0.0,"percentageUser":0.0,"percentageNice":0.0,"percentageSys":0.0,"percentageIdle":0.0,"percentageIoWait":0.0,"percentageHardIrq":0.0,"percentageSoftIrq":0.0,"percentageSteal":0.0,"percentageGuest":0.0},{"timestamp":"2020-05-10T19:30:00Z","percentageCpuUsage":0.0,"percentageUser":0.0,"percentageNice":0.0,"percentageSys":0.0,"percentageIdle":0.0,"percentageIoWait":0.0,"percentageHardIrq":0.0,"percentageSoftIrq":0.0,"percentageSteal":0.0,"percentageGuest":0.0},{"timestamp":"2020-05-09T19:30:00Z","percentageCpuUsage":0.0,"percentageUser":0.0,"percentageNice":0.0,"percentageSys":0.0,"percentageIdle":0.0,"percentageIoWait":0.0,"percentageHardIrq":0.0,"percentageSoftIrq":0.0,"percentageSteal":0.0,"percentageGuest":0.0},{"timestamp":"2020-05-08T19:30:00Z","percentageCpuUsage":0.0,"percentageUser":0.0,"percentageNice":0.0,"percentageSys":0.0,"percentageIdle":0.0,"percentageIoWait":0.0,"percentageHardIrq":0.0,"percentageSoftIrq":0.0,"percentageSteal":0.0,"percentageGuest":0.0},{"timestamp":"2020-05-07T19:30:00Z","percentageCpuUsage":0.0,"percentageUser":0.0,"percentageNice":0.0,"percentageSys":0.0,"percentageIdle":0.0,"percentageIoWait":0.0,"percentageHardIrq":0.0,"percentageSoftIrq":0.0,"percentageSteal":0.0,"percentageGuest":0.0},{"timestamp":"2020-05-06T19:30:00Z","percentageCpuUsage":0.0,"percentageUser":0.0,"percentageNice":0.0,"percentageSys":0.0,"percentageIdle":0.0,"percentageIoWait":0.0,"percentageHardIrq":0.0,"percentageSoftIrq":0.0,"percentageSteal":0.0,"percentageGuest":0.0},{"timestamp":"2020-05-05T19:30:00Z","percentageCpuUsage":0.0,"percentageUser":0.0,"percentageNice":0.0,"percentageSys":0.0,"percentageIdle":0.0,"percentageIoWait":0.0,"percentageHardIrq":0.0,"percentageSoftIrq":0.0,"percentageSteal":0.0,"percentageGuest":0.0},{"timestamp":"2020-05-04T19:30:00Z","percentageCpuUsage":0.0,"percentageUser":0.0,"percentageNice":0.0,"percentageSys":0.0,"percentageIdle":0.0,"percentageIoWait":0.0,"percentageHardIrq":0.0,"percentageSoftIrq":0.0,"percentageSteal":0.0,"percentageGuest":0.0},{"timestamp":"2020-05-03T19:30:00Z","percentageCpuUsage":0.0,"percentageUser":0.0,"percentageNice":0.0,"percentageSys":0.0,"percentageIdle":0.0,"percentageIoWait":0.0,"percentageHardIrq":0.0,"percentageSoftIrq":0.0,"percentageSteal":0.0,"percentageGuest":0.0},{"timestamp":"2020-05-02T19:30:00Z","percentageCpuUsage":0.0,"percentageUser":0.0,"percentageNice":0.0,"percentageSys":0.0,"percentageIdle":0.0,"percentageIoWait":0.0,"percentageHardIrq":0.0,"percentageSoftIrq":0.0,"percentageSteal":0.0,"percentageGuest":0.0},{"timestamp":"2020-05-01T19:30:00Z","percentageCpuUsage":0.0,"percentageUser":0.0,"percentageNice":0.0,"percentageSys":0.0,"percentageIdle":0.0,"percentageIoWait":0.0,"percentageHardIrq":0.0,"percentageSoftIrq":0.0,"percentageSteal":0.0,"percentageGuest":0.0},{"timestamp":"2020-04-30T19:30:00Z","percentageCpuUsage":0.0,"percentageUser":0.0,"percentageNice":0.0,"percentageSys":0.0,"percentageIdle":0.0,"percentageIoWait":0.0,"percentageHardIrq":0.0,"percentageSoftIrq":0.0,"percentageSteal":0.0,"percentageGuest":0.0},{"timestamp":"2020-04-29T19:30:00Z","percentageCpuUsage":0.0,"percentageUser":0.0,"percentageNice":0.0,"percentageSys":0.0,"percentageIdle":0.0,"percentageIoWait":0.0,"percentageHardIrq":0.0,"percentageSoftIrq":0.0,"percentageSteal":0.0,"percentageGuest":0.0},{"timestamp":"2020-04-28T19:30:00Z","percentageCpuUsage":0.0,"percentageUser":0.0,"percentageNice":0.0,"percentageSys":0.0,"percentageIdle":0.0,"percentageIoWait":0.0,"percentageHardIrq":0.0,"percentageSoftIrq":0.0,"percentageSteal":0.0,"percentageGuest":0.0},{"timestamp":"2020-04-27T19:30:00Z","percentageCpuUsage":0.0,"percentageUser":0.0,"percentageNice":0.0,"percentageSys":0.0,"percentageIdle":0.0,"percentageIoWait":0.0,"percentageHardIrq":0.0,"percentageSoftIrq":0.0,"percentageSteal":0.0,"percentageGuest":0.0},{"timestamp":"2020-04-26T19:30:00Z","percentageCpuUsage":0.0,"percentageUser":0.0,"percentageNice":0.0,"percentageSys":0.0,"percentageIdle":0.0,"percentageIoWait":0.0,"percentageHardIrq":0.0,"percentageSoftIrq":0.0,"percentageSteal":0.0,"percentageGuest":0.0},{"timestamp":"2020-04-25T19:30:00Z","percentageCpuUsage":0.0,"percentageUser":0.0,"percentageNice":0.0,"percentageSys":0.0,"percentageIdle":0.0,"percentageIoWait":0.0,"percentageHardIrq":0.0,"percentageSoftIrq":0.0,"percentageSteal":0.0,"percentageGuest":0.0},{"timestamp":"2020-04-24T19:30:00Z","percentageCpuUsage":0.0,"percentageUser":0.0,"percentageNice":0.0,"percentageSys":0.0,"percentageIdle":0.0,"percentageIoWait":0.0,"percentageHardIrq":0.0,"percentageSoftIrq":0.0,"percentageSteal":0.0,"percentageGuest":0.0},{"timestamp":"2020-04-23T19:30:00Z","percentageCpuUsage":0.0,"percentageUser":0.0,"percentageNice":0.0,"percentageSys":0.0,"percentageIdle":0.0,"percentageIoWait":0.0,"percentageHardIrq":0.0,"percentageSoftIrq":0.0,"percentageSteal":0.0,"percentageGuest":0.0},{"timestamp":"2020-04-22T19:30:00Z","percentageCpuUsage":0.0,"percentageUser":0.0,"percentageNice":0.0,"percentageSys":0.0,"percentageIdle":0.0,"percentageIoWait":0.0,"percentageHardIrq":0.0,"percentageSoftIrq":0.0,"percentageSteal":0.0,"percentageGuest":0.0},{"timestamp":"2020-04-21T19:30:00Z","percentageCpuUsage":0.0,"percentageUser":0.0,"percentageNice":0.0,"percentageSys":0.0,"percentageIdle":0.0,"percentageIoWait":0.0,"percentageHardIrq":0.0,"percentageSoftIrq":0.0,"percentageSteal":0.0,"percentageGuest":0.0},{"timestamp":"2020-04-20T19:30:00Z","percentageCpuUsage":0.0,"percentageUser":0.0,"percentageNice":0.0,"percentageSys":0.0,"percentageIdle":0.0,"percentageIoWait":0.0,"percentageHardIrq":0.0,"percentageSoftIrq":0.0,"percentageSteal":0.0,"percentageGuest":0.0},{"timestamp":"2020-04-19T19:30:00Z","percentageCpuUsage":0.0,"percentageUser":0.0,"percentageNice":0.0,"percentageSys":0.0,"percentageIdle":0.0,"percentageIoWait":0.0,"percentageHardIrq":0.0,"percentageSoftIrq":0.0,"percentageSteal":0.0,"percentageGuest":0.0},{"timestamp":"2020-04-18T19:30:00Z","percentageCpuUsage":0.0,"percentageUser":0.0,"percentageNice":0.0,"percentageSys":0.0,"percentageIdle":0.0,"percentageIoWait":0.0,"percentageHardIrq":0.0,"percentageSoftIrq":0.0,"percentageSteal":0.0,"percentageGuest":0.0},{"timestamp":"2020-04-17T19:30:00Z","percentageCpuUsage":0.0,"percentageUser":0.0,"percentageNice":0.0,"percentageSys":0.0,"percentageIdle":0.0,"percentageIoWait":0.0,"percentageHardIrq":0.0,"percentageSoftIrq":0.0,"percentageSteal":0.0,"percentageGuest":0.0},{"timestamp":"2020-04-16T19:30:00Z","percentageCpuUsage":0.0,"percentageUser":0.0,"percentageNice":0.0,"percentageSys":0.0,"percentageIdle":0.0,"percentageIoWait":0.0,"percentageHardIrq":0.0,"percentageSoftIrq":0.0,"percentageSteal":0.0,"percentageGuest":0.0},{"timestamp":"2020-04-15T19:30:00Z","percentageCpuUsage":0.0,"percentageUser":0.0,"percentageNice":0.0,"percentageSys":0.0,"percentageIdle":0.0,"percentageIoWait":0.0,"percentageHardIrq":0.0,"percentageSoftIrq":0.0,"percentageSteal":0.0,"percentageGuest":0.0},{"timestamp":"2020-04-14T19:30:00Z","percentageCpuUsage":0.0,"percentageUser":0.0,"percentageNice":0.0,"percentageSys":0.0,"percentageIdle":0.0,"percentageIoWait":0.0,"percentageHardIrq":0.0,"percentageSoftIrq":0.0,"percentageSteal":0.0,"percentageGuest":0.0},{"timestamp":"2020-04-13T19:30:00Z","percentageCpuUsage":0.0,"percentageUser":0.0,"percentageNice":0.0,"percentageSys":0.0,"percentageIdle":0.0,"percentageIoWait":0.0,"percentageHardIrq":0.0,"percentageSoftIrq":0.0,"percentageSteal":0.0,"percentageGuest":0.0},{"timestamp":"2020-04-12T19:30:00Z","percentageCpuUsage":0.0,"percentageUser":0.0,"percentageNice":0.0,"percentageSys":0.0,"percentageIdle":0.0,"percentageIoWait":0.0,"percentageHardIrq":0.0,"percentageSoftIrq":0.0,"percentageSteal":0.0,"percentageGuest":0.0},{"timestamp":"2020-04-11T19:30:00Z","percentageCpuUsage":0.0,"percentageUser":0.0,"percentageNice":0.0,"percentageSys":0.0,"percentageIdle":0.0,"percentageIoWait":0.0,"percentageHardIrq":0.0,"percentageSoftIrq":0.0,"percentageSteal":0.0,"percentageGuest":0.0},{"timestamp":"2020-04-10T19:30:00Z","percentageCpuUsage":0.0,"percentageUser":0.0,"percentageNice":0.0,"percentageSys":0.0,"percentageIdle":0.0,"percentageIoWait":0.0,"percentageHardIrq":0.0,"percentageSoftIrq":0.0,"percentageSteal":0.0,"percentageGuest":0.0},{"timestamp":"2020-04-09T19:30:00Z","percentageCpuUsage":0.0,"percentageUser":0.0,"percentageNice":0.0,"percentageSys":0.0,"percentageIdle":0.0,"percentageIoWait":0.0,"percentageHardIrq":0.0,"percentageSoftIrq":0.0,"percentageSteal":0.0,"percentageGuest":0.0},{"timestamp":"2020-04-08T19:30:00Z","percentageCpuUsage":0.0,"percentageUser":0.0,"percentageNice":0.0,"percentageSys":0.0,"percentageIdle":0.0,"percentageIoWait":0.0,"percentageHardIrq":0.0,"percentageSoftIrq":0.0,"percentageSteal":0.0,"percentageGuest":0.0},{"timestamp":"2020-04-07T19:30:00Z","percentageCpuUsage":0.0,"percentageUser":0.0,"percentageNice":0.0,"percentageSys":0.0,"percentageIdle":0.0,"percentageIoWait":0.0,"percentageHardIrq":0.0,"percentageSoftIrq":0.0,"percentageSteal":0.0,"percentageGuest":0.0},{"timestamp":"2020-04-06T19:30:00Z","percentageCpuUsage":0.0,"percentageUser":0.0,"percentageNice":0.0,"percentageSys":0.0,"percentageIdle":0.0,"percentageIoWait":0.0,"percentageHardIrq":0.0,"percentageSoftIrq":0.0,"percentageSteal":0.0,"percentageGuest":0.0},{"timestamp":"2020-04-05T19:30:00Z","percentageCpuUsage":0.0,"percentageUser":0.0,"percentageNice":0.0,"percentageSys":0.0,"percentageIdle":0.0,"percentageIoWait":0.0,"percentageHardIrq":0.0,"percentageSoftIrq":0.0,"percentageSteal":0.0,"percentageGuest":0.0},{"timestamp":"2020-04-04T19:30:00Z","percentageCpuUsage":0.0,"percentageUser":0.0,"percentageNice":0.0,"percentageSys":0.0,"percentageIdle":0.0,"percentageIoWait":0.0,"percentageHardIrq":0.0,"percentageSoftIrq":0.0,"percentageSteal":0.0,"percentageGuest":0.0},{"timestamp":"2020-04-03T19:30:00Z","percentageCpuUsage":0.0,"percentageUser":0.0,"percentageNice":0.0,"percentageSys":0.0,"percentageIdle":0.0,"percentageIoWait":0.0,"percentageHardIrq":0.0,"percentageSoftIrq":0.0,"percentageSteal":0.0,"percentageGuest":0.0},{"timestamp":"2020-04-02T19:30:00Z","percentageCpuUsage":0.0,"percentageUser":0.0,"percentageNice":0.0,"percentageSys":0.0,"percentageIdle":0.0,"percentageIoWait":0.0,"percentageHardIrq":0.0,"percentageSoftIrq":0.0,"percentageSteal":0.0,"percentageGuest":0.0},{"timestamp":"2020-04-01T19:30:00Z","percentageCpuUsage":0.0,"percentageUser":0.0,"percentageNice":0.0,"percentageSys":0.0,"percentageIdle":0.0,"percentageIoWait":0.0,"percentageHardIrq":0.0,"percentageSoftIrq":0.0,"percentageSteal":0.0,"percentageGuest":0.0},{"timestamp":"2020-03-31T19:30:00Z","percentageCpuUsage":0.0,"percentageUser":0.0,"percentageNice":0.0,"percentageSys":0.0,"percentageIdle":0.0,"percentageIoWait":0.0,"percentageHardIrq":0.0,"percentageSoftIrq":0.0,"percentageSteal":0.0,"percentageGuest":0.0},{"timestamp":"2020-03-30T19:30:00Z","percentageCpuUsage":0.0,"percentageUser":0.0,"percentageNice":0.0,"percentageSys":0.0,"percentageIdle":0.0,"percentageIoWait":0.0,"percentageHardIrq":0.0,"percentageSoftIrq":0.0,"percentageSteal":0.0,"percentageGuest":0.0},{"timestamp":"2020-03-29T19:30:00Z","percentageCpuUsage":0.0,"percentageUser":0.0,"percentageNice":0.0,"percentageSys":0.0,"percentageIdle":0.0,"percentageIoWait":0.0,"percentageHardIrq":0.0,"percentageSoftIrq":0.0,"percentageSteal":0.0,"percentageGuest":0.0},{"timestamp":"2020-03-28T19:30:00Z","percentageCpuUsage":0.0,"percentageUser":0.0,"percentageNice":0.0,"percentageSys":0.0,"percentageIdle":0.0,"percentageIoWait":0.0,"percentageHardIrq":0.0,"percentageSoftIrq":0.0,"percentageSteal":0.0,"percentageGuest":0.0},{"timestamp":"2020-03-27T19:30:00Z","percentageCpuUsage":0.0,"percentageUser":0.0,"percentageNice":0.0,"percentageSys":0.0,"percentageIdle":0.0,"percentageIoWait":0.0,"percentageHardIrq":0.0,"percentageSoftIrq":0.0,"percentageSteal":0.0,"percentageGuest":0.0},{"timestamp":"2020-03-26T19:30:00Z","percentageCpuUsage":0.0,"percentageUser":0.0,"percentageNice":0.0,"percentageSys":0.0,"percentageIdle":0.0,"percentageIoWait":0.0,"percentageHardIrq":0.0,"percentageSoftIrq":0.0,"percentageSteal":0.0,"percentageGuest":0.0},{"timestamp":"2020-03-25T19:30:00Z","percentageCpuUsage":0.0,"percentageUser":0.0,"percentageNice":0.0,"percentageSys":0.0,"percentageIdle":0.0,"percentageIoWait":0.0,"percentageHardIrq":0.0,"percentageSoftIrq":0.0,"percentageSteal":0.0,"percentageGuest":0.0},{"timestamp":"2020-03-24T19:30:00Z","percentageCpuUsage":0.0,"percentageUser":0.0,"percentageNice":0.0,"percentageSys":0.0,"percentageIdle":0.0,"percentageIoWait":0.0,"percentageHardIrq":0.0,"percentageSoftIrq":0.0,"percentageSteal":0.0,"percentageGuest":0.0},{"timestamp":"2020-03-23T19:30:00Z","percentageCpuUsage":0.0,"percentageUser":0.0,"percentageNice":0.0,"percentageSys":0.0,"percentageIdle":0.0,"percentageIoWait":0.0,"percentageHardIrq":0.0,"percentageSoftIrq":0.0,"percentageSteal":0.0,"percentageGuest":0.0},{"timestamp":"2020-03-22T19:30:00Z","percentageCpuUsage":0.0,"percentageUser":0.0,"percentageNice":0.0,"percentageSys":0.0,"percentageIdle":0.0,"percentageIoWait":0.0,"percentageHardIrq":0.0,"percentageSoftIrq":0.0,"percentageSteal":0.0,"percentageGuest":0.0},{"timestamp":"2020-03-21T19:30:00Z","percentageCpuUsage":0.0,"percentageUser":0.0,"percentageNice":0.0,"percentageSys":0.0,"percentageIdle":0.0,"percentageIoWait":0.0,"percentageHardIrq":0.0,"percentageSoftIrq":0.0,"percentageSteal":0.0,"percentageGuest":0.0},{"timestamp":"2020-03-20T19:30:00Z","percentageCpuUsage":0.0,"percentageUser":0.0,"percentageNice":0.0,"percentageSys":0.0,"percentageIdle":0.0,"percentageIoWait":0.0,"percentageHardIrq":0.0,"percentageSoftIrq":0.0,"percentageSteal":0.0,"percentageGuest":0.0},{"timestamp":"2020-03-19T19:30:00Z","percentageCpuUsage":0.0,"percentageUser":0.0,"percentageNice":0.0,"percentageSys":0.0,"percentageIdle":0.0,"percentageIoWait":0.0,"percentageHardIrq":0.0,"percentageSoftIrq":0.0,"percentageSteal":0.0,"percentageGuest":0.0},{"timestamp":"2020-03-18T19:30:00Z","percentageCpuUsage":0.0,"percentageUser":0.0,"percentageNice":0.0,"percentageSys":0.0,"percentageIdle":0.0,"percentageIoWait":0.0,"percentageHardIrq":0.0,"percentageSoftIrq":0.0,"percentageSteal":0.0,"percentageGuest":0.0},{"timestamp":"2020-03-17T19:30:00Z","percentageCpuUsage":0.0,"percentageUser":0.0,"percentageNice":0.0,"percentageSys":0.0,"percentageIdle":0.0,"percentageIoWait":0.0,"percentageHardIrq":0.0,"percentageSoftIrq":0.0,"percentageSteal":0.0,"percentageGuest":0.0},{"timestamp":"2020-03-16T19:30:00Z","percentageCpuUsage":0.0,"percentageUser":0.0,"percentageNice":0.0,"percentageSys":0.0,"percentageIdle":0.0,"percentageIoWait":0.0,"percentageHardIrq":0.0,"percentageSoftIrq":0.0,"percentageSteal":0.0,"percentageGuest":0.0},{"timestamp":"2020-03-15T19:30:00Z","percentageCpuUsage":0.0,"percentageUser":0.0,"percentageNice":0.0,"percentageSys":0.0,"percentageIdle":0.0,"percentageIoWait":0.0,"percentageHardIrq":0.0,"percentageSoftIrq":0.0,"percentageSteal":0.0,"percentageGuest":0.0},{"timestamp":"2020-03-14T19:30:00Z","percentageCpuUsage":0.0,"percentageUser":0.0,"percentageNice":0.0,"percentageSys":0.0,"percentageIdle":0.0,"percentageIoWait":0.0,"percentageHardIrq":0.0,"percentageSoftIrq":0.0,"percentageSteal":0.0,"percentageGuest":0.0},{"timestamp":"2020-03-13T19:30:00Z","percentageCpuUsage":0.0,"percentageUser":0.0,"percentageNice":0.0,"percentageSys":0.0,"percentageIdle":0.0,"percentageIoWait":0.0,"percentageHardIrq":0.0,"percentageSoftIrq":0.0,"percentageSteal":0.0,"percentageGuest":0.0},{"timestamp":"2020-03-12T19:30:00Z","percentageCpuUsage":0.0,"percentageUser":0.0,"percentageNice":0.0,"percentageSys":0.0,"percentageIdle":0.0,"percentageIoWait":0.0,"percentageHardIrq":0.0,"percentageSoftIrq":0.0,"percentageSteal":0.0,"percentageGuest":0.0},{"timestamp":"2020-03-11T19:30:00Z","percentageCpuUsage":0.0,"percentageUser":0.0,"percentageNice":0.0,"percentageSys":0.0,"percentageIdle":0.0,"percentageIoWait":0.0,"percentageHardIrq":0.0,"percentageSoftIrq":0.0,"percentageSteal":0.0,"percentageGuest":0.0},{"timestamp":"2020-03-10T19:30:00Z","percentageCpuUsage":0.0,"percentageUser":0.0,"percentageNice":0.0,"percentageSys":0.0,"percentageIdle":0.0,"percentageIoWait":0.0,"percentageHardIrq":0.0,"percentageSoftIrq":0.0,"percentageSteal":0.0,"percentageGuest":0.0},{"timestamp":"2020-03-09T19:30:00Z","percentageCpuUsage":0.0,"percentageUser":0.0,"percentageNice":0.0,"percentageSys":0.0,"percentageIdle":0.0,"percentageIoWait":0.0,"percentageHardIrq":0.0,"percentageSoftIrq":0.0,"percentageSteal":0.0,"percentageGuest":0.0},{"timestamp":"2020-03-08T19:30:00Z","percentageCpuUsage":0.0,"percentageUser":0.0,"percentageNice":0.0,"percentageSys":0.0,"percentageIdle":0.0,"percentageIoWait":0.0,"percentageHardIrq":0.0,"percentageSoftIrq":0.0,"percentageSteal":0.0,"percentageGuest":0.0},{"timestamp":"2020-03-07T19:30:00Z","percentageCpuUsage":0.0,"percentageUser":0.0,"percentageNice":0.0,"percentageSys":0.0,"percentageIdle":0.0,"percentageIoWait":0.0,"percentageHardIrq":0.0,"percentageSoftIrq":0.0,"percentageSteal":0.0,"percentageGuest":0.0},{"timestamp":"2020-03-06T19:30:00Z","percentageCpuUsage":0.0,"percentageUser":0.0,"percentageNice":0.0,"percentageSys":0.0,"percentageIdle":0.0,"percentageIoWait":0.0,"percentageHardIrq":0.0,"percentageSoftIrq":0.0,"percentageSteal":0.0,"percentageGuest":0.0},{"timestamp":"2020-03-05T19:30:00Z","percentageCpuUsage":0.0,"percentageUser":0.0,"percentageNice":0.0,"percentageSys":0.0,"percentageIdle":0.0,"percentageIoWait":0.0,"percentageHardIrq":0.0,"percentageSoftIrq":0.0,"percentageSteal":0.0,"percentageGuest":0.0},{"timestamp":"2020-03-04T19:30:00Z","percentageCpuUsage":0.0,"percentageUser":0.0,"percentageNice":0.0,"percentageSys":0.0,"percentageIdle":0.0,"percentageIoWait":0.0,"percentageHardIrq":0.0,"percentageSoftIrq":0.0,"percentageSteal":0.0,"percentageGuest":0.0},{"timestamp":"2020-03-03T20:00:00Z","percentageCpuUsage":0.0,"percentageUser":0.0,"percentageNice":0.0,"percentageSys":0.0,"percentageIdle":0.0,"percentageIoWait":0.0,"percentageHardIrq":0.0,"percentageSoftIrq":0.0,"percentageSteal":0.0,"percentageGuest":0.0}],"numMembers":365}
