{"members":[{"timestamp":"2021-03-06T23:52:30Z","physicalMemoryBytes":24879906816,"availableMemoryBytes":15035964198,"percentageMemoryUsage":39.5658,"totalSwapBytes":63998783488,"availableSwapBytes":63923604188},{"timestamp":"2021-03-06T23:22:30Z","physicalMemoryBytes":24879906816,"availableMemoryBytes":15029298519,"percentageMemoryUsage":39.5926,"totalSwapBytes":63998783488,"availableSwapBytes":63924796244},{"timestamp":"2021-03-06T22:52:30Z","physicalMemoryBytes":24879906816,"availableMemoryBytes":15017204689,"percentageMemoryUsage":39.6412,"totalSwapBytes":63998783488,"availableSwapBytes":63925383681},{"timestamp":"2021-03-06T22:25:00Z","physicalMemoryBytes":24879906816,"availableMemoryBytes":15008106615,"percentageMemoryUsage":39.6778,"totalSwapBytes":63998783488,"availableSwapBytes":63925630284},{"timestamp":"2021-03-06T21:57:30Z","physicalMemoryBytes":24879906816,"availableMemoryBytes":15007587951,"percentageMemoryUsage":39.6799,"totalSwapBytes":63998783488,"availableSwapBytes":63925886565},{"timestamp":"2021-03-06T21:27:30Z","physicalMemoryBytes":24879906816,"availableMemoryBytes":14993349544,"percentageMemoryUsage":39.7371,"totalSwapBytes":63998783488,"availableSwapBytes":63926461443},{"timestamp":"2021-03-06T20:57:30Z","physicalMemoryBytes":24879906816,"availableMemoryBytes":14993354277,"percentageMemoryUsage":39.7371,"totalSwapBytes":63998783488,"availableSwapBytes":63927617506},{"timestamp":"2021-03-06T20:30:00Z","physicalMemoryBytes":24879906816,"availableMemoryBytes":14981483870,"percentageMemoryUsage":39.7848,"totalSwapBytes":63998783488,"availableSwapBytes":63928438028},{"timestamp":"2021-03-06T20:02:30Z","physicalMemoryBytes":24879906816,"availableMemoryBytes":14985404266,"percentageMemoryUsage":39.769,"totalSwapBytes":63998783488,"availableSwapBytes":63929087404},{"timestamp":"2021-03-06T19:32:30Z","physicalMemoryBytes":24879906816,"availableMemoryBytes":14982001135,"percentageMemoryUsage":39.7827,"totalSwapBytes":63998783488,"availableSwapBytes":63929973461},{"timestamp":"2021-03-06T19:05:00Z","physicalMemoryBytes":24879906816,"availableMemoryBytes":14966981732,"percentageMemoryUsage":39.8431,"totalSwapBytes":63998783488,"availableSwapBytes":63930911440},{"timestamp":"2021-03-06T18:37:30Z","physicalMemoryBytes":24879906816,"availableMemoryBytes":14964844354,"percentageMemoryUsage":39.8517,"totalSwapBytes":63998783488,"availableSwapBytes":63931605864},{"timestamp":"2021-03-06T18:07:30Z","physicalMemoryBytes":24879906816,"availableMemoryBytes":14980409556,"percentageMemoryUsage":39.7891,"totalSwapBytes":63998783488,"availableSwapBytes":63931674624},{"timestamp":"2021-03-06T17:37:30Z","physicalMemoryBytes":24879906816,"availableMemoryBytes":14999703659,"percentageMemoryUsage":39.7116,"totalSwapBytes":63998783488,"availableSwapBytes":63931674624},{"timestamp":"2021-03-06T17:10:00Z","physicalMemoryBytes":24879906816,"availableMemoryBytes":14996205800,"percentageMemoryUsage":39.7256,"totalSwapBytes":63998783488,"availableSwapBytes":63931674624},{"timestamp":"2021-03-06T16:42:30Z","physicalMemoryBytes":24879906816,"availableMemoryBytes":14991516100,"percentageMemoryUsage":39.7445,"totalSwapBytes":63998783488,"availableSwapBytes":63931674624},{"timestamp":"2021-03-06T16:12:30Z","physicalMemoryBytes":24879906816,"availableMemoryBytes":14954538344,"percentageMemoryUsage":39.8931,"totalSwapBytes":63998783488,"availableSwapBytes":63932293574},{"timestamp":"2021-03-06T15:42:30Z","physicalMemoryBytes":24879906816,"availableMemoryBytes":14999782962,"percentageMemoryUsage":39.7113,"totalSwapBytes":63998783488,"availableSwapBytes":63933728085},{"timestamp":"2021-03-06T15:15:00Z","physicalMemoryBytes":24879906816,"availableMemoryBytes":15006213301,"percentageMemoryUsage":39.6854,"totalSwapBytes":63998783488,"availableSwapBytes":63934055765},{"timestamp":"2021-03-06T14:47:30Z","physicalMemoryBytes":24879906816,"availableMemoryBytes":15006992232,"percentageMemoryUsage":39.6823,"totalSwapBytes":63998783488,"availableSwapBytes":63934630297},{"timestamp":"2021-03-06T14:17:30Z","physicalMemoryBytes":24879906816,"availableMemoryBytes":15002927988,"percentageMemoryUsage":39.6986,"totalSwapBytes":63998783488,"availableSwapBytes":63935399981},{"timestamp":"2021-03-06T13:50:00Z","physicalMemoryBytes":24879906816,"availableMemoryBytes":15008624701,"percentageMemoryUsage":39.6757,"totalSwapBytes":63998783488,"availableSwapBytes":63936268618},{"timestamp":"2021-03-06T13:22:30Z","physicalMemoryBytes":24879906816,"availableMemoryBytes":14992535879,"percentageMemoryUsage":39.7404,"totalSwapBytes":63998783488,"availableSwapBytes":63936629575},{"timestamp":"2021-03-06T12:52:30Z","physicalMemoryBytes":24879906816,"availableMemoryBytes":14985653107,"percentageMemoryUsage":39.768,"totalSwapBytes":63998783488,"availableSwapBytes":63936655360},{"timestamp":"2021-03-06T12:22:30Z","physicalMemoryBytes":24879906816,"availableMemoryBytes":14987552762,"percentageMemoryUsage":39.7604,"totalSwapBytes":63998783488,"availableSwapBytes":63936655360},{"timestamp":"2021-03-06T11:55:00Z","physicalMemoryBytes":24879906816,"availableMemoryBytes":14988282073,"percentageMemoryUsage":39.7575,"totalSwapBytes":63998783488,"availableSwapBytes":63936655360},{"timestamp":"2021-03-06T11:27:30Z","physicalMemoryBytes":24879906816,"availableMemoryBytes":14990053441,"percentageMemoryUsage":39.7504,"totalSwapBytes":63998783488,"availableSwapBytes":63936655360},{"timestamp":"2021-03-06T10:57:30Z","physicalMemoryBytes":24879906816,"availableMemoryBytes":14983019744,"percentageMemoryUsage":39.7786,"totalSwapBytes":63998783488,"availableSwapBytes":63936655360},{"timestamp":"2021-03-06T10:30:00Z","physicalMemoryBytes":24879906816,"availableMemoryBytes":14989456804,"percentageMemoryUsage":39.7528,"totalSwapBytes":63998783488,"availableSwapBytes":63936655360},{"timestamp":"2021-03-06T10:02:30Z","physicalMemoryBytes":24879906816,"availableMemoryBytes":14992670107,"percentageMemoryUsage":39.7398,"totalSwapBytes":63998783488,"availableSwapBytes":63936655360},{"timestamp":"2021-03-06T09:32:30Z","physicalMemoryBytes":24879906816,"availableMemoryBytes":14993221859,"percentageMemoryUsage":39.7376,"totalSwapBytes":63998783488,"availableSwapBytes":63936655360},{"timestamp":"2021-03-06T09:02:30Z","physicalMemoryBytes":24879906816,"availableMemoryBytes":14992690198,"percentageMemoryUsage":39.7398,"totalSwapBytes":63998783488,"availableSwapBytes":63936655360},{"timestamp":"2021-03-06T08:35:00Z","physicalMemoryBytes":24879906816,"availableMemoryBytes":14962817486,"percentageMemoryUsage":39.8598,"totalSwapBytes":63998783488,"availableSwapBytes":63936655360},{"timestamp":"2021-03-06T08:07:30Z","physicalMemoryBytes":24879906816,"availableMemoryBytes":14928140629,"percentageMemoryUsage":39.9992,"totalSwapBytes":63998783488,"availableSwapBytes":63938242058},{"timestamp":"2021-03-06T07:37:30Z","physicalMemoryBytes":24879906816,"availableMemoryBytes":14988718196,"percentageMemoryUsage":39.7557,"totalSwapBytes":63998783488,"availableSwapBytes":63940063269},{"timestamp":"2021-03-06T07:07:30Z","physicalMemoryBytes":24879906816,"availableMemoryBytes":14992953986,"percentageMemoryUsage":39.7387,"totalSwapBytes":63998783488,"availableSwapBytes":63940933366},{"timestamp":"2021-03-06T06:40:00Z","physicalMemoryBytes":24879906816,"availableMemoryBytes":14991131092,"percentageMemoryUsage":39.746,"totalSwapBytes":63998783488,"availableSwapBytes":63941511140},{"timestamp":"2021-03-06T06:12:30Z","physicalMemoryBytes":24879906816,"availableMemoryBytes":14999281617,"percentageMemoryUsage":39.7133,"totalSwapBytes":63998783488,"availableSwapBytes":63941637265},{"timestamp":"2021-03-06T05:42:30Z","physicalMemoryBytes":24879906816,"availableMemoryBytes":14997106114,"percentageMemoryUsage":39.722,"totalSwapBytes":63998783488,"availableSwapBytes":63942336903},{"timestamp":"2021-03-06T05:15:00Z","physicalMemoryBytes":24879906816,"availableMemoryBytes":15002512193,"percentageMemoryUsage":39.7003,"totalSwapBytes":63998783488,"availableSwapBytes":63943143406},{"timestamp":"2021-03-06T04:47:30Z","physicalMemoryBytes":24879906816,"availableMemoryBytes":14996470661,"percentageMemoryUsage":39.7246,"totalSwapBytes":63998783488,"availableSwapBytes":63943471135},{"timestamp":"2021-03-06T04:17:30Z","physicalMemoryBytes":24879906816,"availableMemoryBytes":14991299584,"percentageMemoryUsage":39.7454,"totalSwapBytes":63998783488,"availableSwapBytes":63944357265},{"timestamp":"2021-03-06T03:47:30Z","physicalMemoryBytes":24879906816,"availableMemoryBytes":14983281432,"percentageMemoryUsage":39.7776,"totalSwapBytes":63998783488,"availableSwapBytes":63944784211},{"timestamp":"2021-03-06T03:20:00Z","physicalMemoryBytes":24879906816,"availableMemoryBytes":14976046815,"percentageMemoryUsage":39.8067,"totalSwapBytes":63998783488,"availableSwapBytes":63946002297},{"timestamp":"2021-03-06T02:52:30Z","physicalMemoryBytes":24879906816,"availableMemoryBytes":14965761697,"percentageMemoryUsage":39.848,"totalSwapBytes":63998783488,"availableSwapBytes":63946093761},{"timestamp":"2021-03-06T02:22:30Z","physicalMemoryBytes":24879906816,"availableMemoryBytes":14963348316,"percentageMemoryUsage":39.8577,"totalSwapBytes":63998783488,"availableSwapBytes":63946820960},{"timestamp":"2021-03-06T01:55:00Z","physicalMemoryBytes":24879906816,"availableMemoryBytes":14968205389,"percentageMemoryUsage":39.8382,"totalSwapBytes":63998783488,"availableSwapBytes":63946878976},{"timestamp":"2021-03-06T01:27:30Z","physicalMemoryBytes":24879906816,"availableMemoryBytes":14969360709,"percentageMemoryUsage":39.8335,"totalSwapBytes":63998783488,"availableSwapBytes":63946878976},{"timestamp":"2021-03-06T00:57:30Z","physicalMemoryBytes":24879906816,"availableMemoryBytes":14966776105,"percentageMemoryUsage":39.8439,"totalSwapBytes":63998783488,"availableSwapBytes":63946878976},{"timestamp":"2021-03-06T00:27:30Z","physicalMemoryBytes":24879906816,"availableMemoryBytes":14920989393,"percentageMemoryUsage":40.028,"totalSwapBytes":63998783488,"availableSwapBytes":63946879010},{"timestamp":"2021-03-06T00:00:00Z","physicalMemoryBytes":24879906816,"availableMemoryBytes":14935098330,"percentageMemoryUsage":39.9712,"totalSwapBytes":63998783488,"availableSwapBytes":63948973471},{"timestamp":"2021-03-05T23:32:30Z","physicalMemoryBytes":24879906816,"availableMemoryBytes":14978404194,"percentageMemoryUsage":39.7972,"totalSwapBytes":63998783488,"availableSwapBytes":63950731772},{"timestamp":"2021-03-05T23:02:30Z","physicalMemoryBytes":24879906816,"availableMemoryBytes":14982062927,"percentageMemoryUsage":39.7825,"totalSwapBytes":63998783488,"availableSwapBytes":63951880094},{"timestamp":"2021-03-05T22:32:30Z","physicalMemoryBytes":24879906816,"availableMemoryBytes":14984448455,"percentageMemoryUsage":39.7729,"totalSwapBytes":63998783488,"availableSwapBytes":63953035721},{"timestamp":"2021-03-05T22:05:00Z","physicalMemoryBytes":24879906816,"availableMemoryBytes":14980179446,"percentageMemoryUsage":39.7901,"totalSwapBytes":63998783488,"availableSwapBytes":63953898306},{"timestamp":"2021-03-05T21:37:30Z","physicalMemoryBytes":24879906816,"availableMemoryBytes":14978574938,"percentageMemoryUsage":39.7965,"totalSwapBytes":63998783488,"availableSwapBytes":63954569998},{"timestamp":"2021-03-05T21:07:30Z","physicalMemoryBytes":24879906816,"availableMemoryBytes":14975563312,"percentageMemoryUsage":39.8086,"totalSwapBytes":63998783488,"availableSwapBytes":63954971933},{"timestamp":"2021-03-05T20:40:00Z","physicalMemoryBytes":24879906816,"availableMemoryBytes":14978798919,"percentageMemoryUsage":39.7956,"totalSwapBytes":63998783488,"availableSwapBytes":63955320886},{"timestamp":"2021-03-05T20:12:30Z","physicalMemoryBytes":24879906816,"availableMemoryBytes":14978560408,"percentageMemoryUsage":39.7966,"totalSwapBytes":63998783488,"availableSwapBytes":63955635319},{"timestamp":"2021-03-05T19:42:30Z","physicalMemoryBytes":24879906816,"availableMemoryBytes":14987940319,"percentageMemoryUsage":39.7589,"totalSwapBytes":63998783488,"availableSwapBytes":63955989058},{"timestamp":"2021-03-05T19:12:30Z","physicalMemoryBytes":24879906816,"availableMemoryBytes":14980872016,"percentageMemoryUsage":39.7873,"totalSwapBytes":63998783488,"availableSwapBytes":63956309749},{"timestamp":"2021-03-05T18:45:00Z","physicalMemoryBytes":24879906816,"availableMemoryBytes":14981397727,"percentageMemoryUsage":39.7852,"totalSwapBytes":63998783488,"availableSwapBytes":63956578304},{"timestamp":"2021-03-05T18:17:30Z","physicalMemoryBytes":24879906816,"availableMemoryBytes":14979077476,"percentageMemoryUsage":39.7945,"totalSwapBytes":63998783488,"availableSwapBytes":63956578304},{"timestamp":"2021-03-05T17:47:30Z","physicalMemoryBytes":24879906816,"availableMemoryBytes":14982401181,"percentageMemoryUsage":39.7811,"totalSwapBytes":63998783488,"availableSwapBytes":63956578304},{"timestamp":"2021-03-05T17:17:30Z","physicalMemoryBytes":24879906816,"availableMemoryBytes":14982154315,"percentageMemoryUsage":39.7821,"totalSwapBytes":63998783488,"availableSwapBytes":63956578304},{"timestamp":"2021-03-05T16:50:00Z","physicalMemoryBytes":24879906816,"availableMemoryBytes":14983713038,"percentageMemoryUsage":39.7758,"totalSwapBytes":63998783488,"availableSwapBytes":63956578304},{"timestamp":"2021-03-05T16:22:30Z","physicalMemoryBytes":24879906816,"availableMemoryBytes":14933078699,"percentageMemoryUsage":39.9794,"totalSwapBytes":63998783488,"availableSwapBytes":63956578304},{"timestamp":"2021-03-05T15:52:30Z","physicalMemoryBytes":24879906816,"availableMemoryBytes":14968028450,"percentageMemoryUsage":39.8389,"totalSwapBytes":63998783488,"availableSwapBytes":63956718842},{"timestamp":"2021-03-05T15:25:00Z","physicalMemoryBytes":24879906816,"availableMemoryBytes":14966584325,"percentageMemoryUsage":39.8447,"totalSwapBytes":63998783488,"availableSwapBytes":63956840448},{"timestamp":"2021-03-05T14:57:30Z","physicalMemoryBytes":24879906816,"availableMemoryBytes":14955801128,"percentageMemoryUsage":39.888,"totalSwapBytes":63998783488,"availableSwapBytes":63956840448},{"timestamp":"2021-03-05T14:27:30Z","physicalMemoryBytes":24879906816,"availableMemoryBytes":14964021177,"percentageMemoryUsage":39.855,"totalSwapBytes":63998783488,"availableSwapBytes":63956840448},{"timestamp":"2021-03-05T13:57:30Z","physicalMemoryBytes":24879906816,"availableMemoryBytes":14966844876,"percentageMemoryUsage":39.8436,"totalSwapBytes":63998783488,"availableSwapBytes":63956840448},{"timestamp":"2021-03-05T13:30:00Z","physicalMemoryBytes":24879906816,"availableMemoryBytes":14971265873,"percentageMemoryUsage":39.8259,"totalSwapBytes":63998783488,"availableSwapBytes":63956840448},{"timestamp":"2021-03-05T13:02:30Z","physicalMemoryBytes":24879906816,"availableMemoryBytes":14968765446,"percentageMemoryUsage":39.8359,"totalSwapBytes":63998783488,"availableSwapBytes":63956840448},{"timestamp":"2021-03-05T12:32:30Z","physicalMemoryBytes":24879906816,"availableMemoryBytes":14965828908,"percentageMemoryUsage":39.8477,"totalSwapBytes":63998783488,"availableSwapBytes":63956840448},{"timestamp":"2021-03-05T12:05:00Z","physicalMemoryBytes":24879906816,"availableMemoryBytes":14970969932,"percentageMemoryUsage":39.8271,"totalSwapBytes":63998783488,"availableSwapBytes":63956840448},{"timestamp":"2021-03-05T11:37:30Z","physicalMemoryBytes":24879906816,"availableMemoryBytes":14970306839,"percentageMemoryUsage":39.8297,"totalSwapBytes":63998783488,"availableSwapBytes":63956840448},{"timestamp":"2021-03-05T11:07:30Z","physicalMemoryBytes":24879906816,"availableMemoryBytes":14969058754,"percentageMemoryUsage":39.8347,"totalSwapBytes":63998783488,"availableSwapBytes":63956840448},{"timestamp":"2021-03-05T10:37:30Z","physicalMemoryBytes":24879906816,"availableMemoryBytes":14963110757,"percentageMemoryUsage":39.8587,"totalSwapBytes":63998783488,"availableSwapBytes":63956840448},{"timestamp":"2021-03-05T10:10:00Z","physicalMemoryBytes":24879906816,"availableMemoryBytes":14962540230,"percentageMemoryUsage":39.8609,"totalSwapBytes":63998783488,"availableSwapBytes":63956840448},{"timestamp":"2021-03-05T09:42:30Z","physicalMemoryBytes":24879906816,"availableMemoryBytes":14967085078,"percentageMemoryUsage":39.8427,"totalSwapBytes":63998783488,"availableSwapBytes":63956840448},{"timestamp":"2021-03-05T09:12:30Z","physicalMemoryBytes":24879906816,"availableMemoryBytes":14964186490,"percentageMemoryUsage":39.8543,"totalSwapBytes":63998783488,"availableSwapBytes":63956840448},{"timestamp":"2021-03-05T08:42:30Z","physicalMemoryBytes":24879906816,"availableMemoryBytes":14961058816,"percentageMemoryUsage":39.8669,"totalSwapBytes":63998783488,"availableSwapBytes":63956840448},{"timestamp":"2021-03-05T08:15:00Z","physicalMemoryBytes":24879906816,"availableMemoryBytes":14893441523,"percentageMemoryUsage":40.1387,"totalSwapBytes":63998783488,"availableSwapBytes":63956842888},{"timestamp":"2021-03-05T07:47:30Z","physicalMemoryBytes":24879906816,"availableMemoryBytes":14971385897,"percentageMemoryUsage":39.8254,"totalSwapBytes":63998783488,"availableSwapBytes":63957810540},{"timestamp":"2021-03-05T07:17:30Z","physicalMemoryBytes":24879906816,"availableMemoryBytes":14974104247,"percentageMemoryUsage":39.8145,"totalSwapBytes":63998783488,"availableSwapBytes":63958098729},{"timestamp":"2021-03-05T06:50:00Z","physicalMemoryBytes":24879906816,"availableMemoryBytes":14972706942,"percentageMemoryUsage":39.8201,"totalSwapBytes":63998783488,"availableSwapBytes":63958151168},{"timestamp":"2021-03-05T06:22:30Z","physicalMemoryBytes":24879906816,"availableMemoryBytes":14971442322,"percentageMemoryUsage":39.8252,"totalSwapBytes":63998783488,"availableSwapBytes":63958151168},{"timestamp":"2021-03-05T05:52:30Z","physicalMemoryBytes":24879906816,"availableMemoryBytes":14976051644,"percentageMemoryUsage":39.8066,"totalSwapBytes":63998783488,"availableSwapBytes":63958327386},{"timestamp":"2021-03-05T05:22:30Z","physicalMemoryBytes":24879906816,"availableMemoryBytes":14981511847,"percentageMemoryUsage":39.7847,"totalSwapBytes":63998783488,"availableSwapBytes":63958675456},{"timestamp":"2021-03-05T04:55:00Z","physicalMemoryBytes":24879906816,"availableMemoryBytes":14983954998,"percentageMemoryUsage":39.7749,"totalSwapBytes":63998783488,"availableSwapBytes":63958675456},{"timestamp":"2021-03-05T04:27:30Z","physicalMemoryBytes":24879906816,"availableMemoryBytes":14980504132,"percentageMemoryUsage":39.7887,"totalSwapBytes":63998783488,"availableSwapBytes":63958675456},{"timestamp":"2021-03-05T03:57:30Z","physicalMemoryBytes":24879906816,"availableMemoryBytes":14974939589,"percentageMemoryUsage":39.8111,"totalSwapBytes":63998783488,"availableSwapBytes":63958728612},{"timestamp":"2021-03-05T03:30:00Z","physicalMemoryBytes":24879906816,"availableMemoryBytes":14969131458,"percentageMemoryUsage":39.8345,"totalSwapBytes":63998783488,"availableSwapBytes":63958988280},{"timestamp":"2021-03-05T03:02:30Z","physicalMemoryBytes":24879906816,"availableMemoryBytes":14963603633,"percentageMemoryUsage":39.8567,"totalSwapBytes":63998783488,"availableSwapBytes":63959199751},{"timestamp":"2021-03-05T02:32:30Z","physicalMemoryBytes":24879906816,"availableMemoryBytes":14967542845,"percentageMemoryUsage":39.8408,"totalSwapBytes":63998783488,"availableSwapBytes":63959402026},{"timestamp":"2021-03-05T02:02:30Z","physicalMemoryBytes":24879906816,"availableMemoryBytes":14971063904,"percentageMemoryUsage":39.8267,"totalSwapBytes":63998783488,"availableSwapBytes":63959715437},{"timestamp":"2021-03-05T01:35:00Z","physicalMemoryBytes":24879906816,"availableMemoryBytes":14967620641,"percentageMemoryUsage":39.8405,"totalSwapBytes":63998783488,"availableSwapBytes":63959724032},{"timestamp":"2021-03-05T01:07:30Z","physicalMemoryBytes":24879906816,"availableMemoryBytes":14973600459,"percentageMemoryUsage":39.8165,"totalSwapBytes":63998783488,"availableSwapBytes":63959724032},{"timestamp":"2021-03-05T00:37:30Z","physicalMemoryBytes":24879906816,"availableMemoryBytes":14961422661,"percentageMemoryUsage":39.8654,"totalSwapBytes":63998783488,"availableSwapBytes":63959724032},{"timestamp":"2021-03-05T00:07:30Z","physicalMemoryBytes":24879906816,"availableMemoryBytes":14896415124,"percentageMemoryUsage":40.1267,"totalSwapBytes":63998783488,"availableSwapBytes":63960149287},{"timestamp":"2021-03-04T23:40:00Z","physicalMemoryBytes":24879906816,"availableMemoryBytes":14957656351,"percentageMemoryUsage":39.8806,"totalSwapBytes":63998783488,"availableSwapBytes":63961381655},{"timestamp":"2021-03-04T23:12:30Z","physicalMemoryBytes":24879906816,"availableMemoryBytes":14958652299,"percentageMemoryUsage":39.8766,"totalSwapBytes":63998783488,"availableSwapBytes":63961639867},{"timestamp":"2021-03-04T22:42:30Z","physicalMemoryBytes":24879906816,"availableMemoryBytes":14955239133,"percentageMemoryUsage":39.8903,"totalSwapBytes":63998783488,"availableSwapBytes":63961977016},{"timestamp":"2021-03-04T22:15:00Z","physicalMemoryBytes":24879906816,"availableMemoryBytes":14956064208,"percentageMemoryUsage":39.887,"totalSwapBytes":63998783488,"availableSwapBytes":63962251970},{"timestamp":"2021-03-04T21:47:30Z","physicalMemoryBytes":24879906816,"availableMemoryBytes":14953427789,"percentageMemoryUsage":39.8976,"totalSwapBytes":63998783488,"availableSwapBytes":63962468533},{"timestamp":"2021-03-04T21:17:30Z","physicalMemoryBytes":24879906816,"availableMemoryBytes":14954461239,"percentageMemoryUsage":39.8934,"totalSwapBytes":63998783488,"availableSwapBytes":63962853739},{"timestamp":"2021-03-04T20:47:30Z","physicalMemoryBytes":24879906816,"availableMemoryBytes":14946056374,"percentageMemoryUsage":39.9272,"totalSwapBytes":63998783488,"availableSwapBytes":63963132632},{"timestamp":"2021-03-04T20:20:00Z","physicalMemoryBytes":24879906816,"availableMemoryBytes":14960098523,"percentageMemoryUsage":39.8708,"totalSwapBytes":63998783488,"availableSwapBytes":63963394749},{"timestamp":"2021-03-04T19:52:30Z","physicalMemoryBytes":24879906816,"availableMemoryBytes":14961216406,"percentageMemoryUsage":39.8663,"totalSwapBytes":63998783488,"availableSwapBytes":63963692022},{"timestamp":"2021-03-04T19:22:30Z","physicalMemoryBytes":24879906816,"availableMemoryBytes":14957507572,"percentageMemoryUsage":39.8812,"totalSwapBytes":63998783488,"availableSwapBytes":63964120033},{"timestamp":"2021-03-04T18:52:30Z","physicalMemoryBytes":24879906816,"availableMemoryBytes":14960092387,"percentageMemoryUsage":39.8708,"totalSwapBytes":63998783488,"availableSwapBytes":63964329756},{"timestamp":"2021-03-04T18:25:00Z","physicalMemoryBytes":24879906816,"availableMemoryBytes":14962614076,"percentageMemoryUsage":39.8607,"totalSwapBytes":63998783488,"availableSwapBytes":63964442624},{"timestamp":"2021-03-04T17:57:30Z","physicalMemoryBytes":24879906816,"availableMemoryBytes":14963922431,"percentageMemoryUsage":39.8554,"totalSwapBytes":63998783488,"availableSwapBytes":63964442624},{"timestamp":"2021-03-04T17:27:30Z","physicalMemoryBytes":24879906816,"availableMemoryBytes":14963295227,"percentageMemoryUsage":39.8579,"totalSwapBytes":63998783488,"availableSwapBytes":63964442624},{"timestamp":"2021-03-04T17:00:00Z","physicalMemoryBytes":24879906816,"availableMemoryBytes":14963530942,"percentageMemoryUsage":39.857,"totalSwapBytes":63998783488,"availableSwapBytes":63964442624},{"timestamp":"2021-03-04T16:32:30Z","physicalMemoryBytes":24879906816,"availableMemoryBytes":14941371697,"percentageMemoryUsage":39.946,"totalSwapBytes":63998783488,"availableSwapBytes":63964442624},{"timestamp":"2021-03-04T16:02:30Z","physicalMemoryBytes":24879906816,"availableMemoryBytes":14893138345,"percentageMemoryUsage":40.1399,"totalSwapBytes":63998783488,"availableSwapBytes":63964645056},{"timestamp":"2021-03-04T15:32:30Z","physicalMemoryBytes":24879906816,"availableMemoryBytes":14961623630,"percentageMemoryUsage":39.8646,"totalSwapBytes":63998783488,"availableSwapBytes":63964964858},{"timestamp":"2021-03-04T15:05:00Z","physicalMemoryBytes":24879906816,"availableMemoryBytes":14962000522,"percentageMemoryUsage":39.8631,"totalSwapBytes":63998783488,"availableSwapBytes":63963980748},{"timestamp":"2021-03-04T14:37:30Z","physicalMemoryBytes":24879906816,"availableMemoryBytes":14960497959,"percentageMemoryUsage":39.8692,"totalSwapBytes":63998783488,"availableSwapBytes":63964163290},{"timestamp":"2021-03-04T14:07:30Z","physicalMemoryBytes":24879906816,"availableMemoryBytes":14967863678,"percentageMemoryUsage":39.8396,"totalSwapBytes":63998783488,"availableSwapBytes":63964268589},{"timestamp":"2021-03-04T13:40:00Z","physicalMemoryBytes":24879906816,"availableMemoryBytes":14970145186,"percentageMemoryUsage":39.8304,"totalSwapBytes":63998783488,"availableSwapBytes":63964495926},{"timestamp":"2021-03-04T13:12:30Z","physicalMemoryBytes":24879906816,"availableMemoryBytes":14969984598,"percentageMemoryUsage":39.831,"totalSwapBytes":63998783488,"availableSwapBytes":63964704768},{"timestamp":"2021-03-04T12:42:30Z","physicalMemoryBytes":24879906816,"availableMemoryBytes":14969180961,"percentageMemoryUsage":39.8343,"totalSwapBytes":63998783488,"availableSwapBytes":63964704768},{"timestamp":"2021-03-04T12:12:30Z","physicalMemoryBytes":24879906816,"availableMemoryBytes":14969584304,"percentageMemoryUsage":39.8326,"totalSwapBytes":63998783488,"availableSwapBytes":63964704768},{"timestamp":"2021-03-04T11:45:00Z","physicalMemoryBytes":24879906816,"availableMemoryBytes":14973708015,"percentageMemoryUsage":39.8161,"totalSwapBytes":63998783488,"availableSwapBytes":63964704768},{"timestamp":"2021-03-04T11:17:30Z","physicalMemoryBytes":24879906816,"availableMemoryBytes":14972064391,"percentageMemoryUsage":39.8227,"totalSwapBytes":63998783488,"availableSwapBytes":63964704768},{"timestamp":"2021-03-04T10:47:30Z","physicalMemoryBytes":24879906816,"availableMemoryBytes":14967481215,"percentageMemoryUsage":39.8411,"totalSwapBytes":63998783488,"availableSwapBytes":63964704768},{"timestamp":"2021-03-04T10:17:30Z","physicalMemoryBytes":24879906816,"availableMemoryBytes":14973024455,"percentageMemoryUsage":39.8188,"totalSwapBytes":63998783488,"availableSwapBytes":63964704768},{"timestamp":"2021-03-04T09:50:00Z","physicalMemoryBytes":24879906816,"availableMemoryBytes":14974935722,"percentageMemoryUsage":39.8111,"totalSwapBytes":63998783488,"availableSwapBytes":63964704768},{"timestamp":"2021-03-04T09:22:30Z","physicalMemoryBytes":24879906816,"availableMemoryBytes":14969682226,"percentageMemoryUsage":39.8322,"totalSwapBytes":63998783488,"availableSwapBytes":63964704768},{"timestamp":"2021-03-04T08:52:30Z","physicalMemoryBytes":24879906816,"availableMemoryBytes":14969152173,"percentageMemoryUsage":39.8344,"totalSwapBytes":63998783488,"availableSwapBytes":63964704768},{"timestamp":"2021-03-04T08:25:00Z","physicalMemoryBytes":24879906816,"availableMemoryBytes":14942121132,"percentageMemoryUsage":39.943,"totalSwapBytes":63998783488,"availableSwapBytes":63964704768},{"timestamp":"2021-03-04T07:57:30Z","physicalMemoryBytes":24879906816,"availableMemoryBytes":14919187563,"percentageMemoryUsage":40.0352,"totalSwapBytes":63998783488,"availableSwapBytes":63965317165},{"timestamp":"2021-03-04T07:27:30Z","physicalMemoryBytes":24879906816,"availableMemoryBytes":14977551408,"percentageMemoryUsage":39.8006,"totalSwapBytes":63998783488,"availableSwapBytes":63966103597},{"timestamp":"2021-03-04T06:57:30Z","physicalMemoryBytes":24879906816,"availableMemoryBytes":14977425802,"percentageMemoryUsage":39.8011,"totalSwapBytes":63998783488,"availableSwapBytes":63966365741},{"timestamp":"2021-03-04T06:30:00Z","physicalMemoryBytes":24879906816,"availableMemoryBytes":14968972817,"percentageMemoryUsage":39.8351,"totalSwapBytes":63998783488,"availableSwapBytes":63966539776},{"timestamp":"2021-03-04T06:02:30Z","physicalMemoryBytes":24879906816,"availableMemoryBytes":14946654937,"percentageMemoryUsage":39.9248,"totalSwapBytes":63998783488,"availableSwapBytes":63966566718},{"timestamp":"2021-03-04T05:32:30Z","physicalMemoryBytes":24879906816,"availableMemoryBytes":14940744127,"percentageMemoryUsage":39.9486,"totalSwapBytes":63998783488,"availableSwapBytes":63966951196},{"timestamp":"2021-03-04T05:05:00Z","physicalMemoryBytes":24879906816,"availableMemoryBytes":14939112068,"percentageMemoryUsage":39.9551,"totalSwapBytes":63998783488,"availableSwapBytes":63967064064},{"timestamp":"2021-03-04T04:37:30Z","physicalMemoryBytes":24879906816,"availableMemoryBytes":14943177285,"percentageMemoryUsage":39.9388,"totalSwapBytes":63998783488,"availableSwapBytes":63967082268},{"timestamp":"2021-03-04T04:07:30Z","physicalMemoryBytes":24879906816,"availableMemoryBytes":14942652956,"percentageMemoryUsage":39.9409,"totalSwapBytes":63998783488,"availableSwapBytes":63967713598},{"timestamp":"2021-03-04T03:37:30Z","physicalMemoryBytes":24879906816,"availableMemoryBytes":14940118519,"percentageMemoryUsage":39.9511,"totalSwapBytes":63998783488,"availableSwapBytes":63968613635},{"timestamp":"2021-03-04T03:10:00Z","physicalMemoryBytes":24879906816,"availableMemoryBytes":14940269932,"percentageMemoryUsage":39.9505,"totalSwapBytes":63998783488,"availableSwapBytes":63969405900},{"timestamp":"2021-03-04T02:42:30Z","physicalMemoryBytes":24879906816,"availableMemoryBytes":14943817656,"percentageMemoryUsage":39.9362,"totalSwapBytes":63998783488,"availableSwapBytes":63970482837},{"timestamp":"2021-03-04T02:12:30Z","physicalMemoryBytes":24879906816,"availableMemoryBytes":14938159702,"percentageMemoryUsage":39.9589,"totalSwapBytes":63998783488,"availableSwapBytes":63970991123},{"timestamp":"2021-03-04T01:42:30Z","physicalMemoryBytes":24879906816,"availableMemoryBytes":14941973451,"percentageMemoryUsage":39.9436,"totalSwapBytes":63998783488,"availableSwapBytes":63971258368},{"timestamp":"2021-03-04T01:15:00Z","physicalMemoryBytes":24879906816,"availableMemoryBytes":14941905996,"percentageMemoryUsage":39.9439,"totalSwapBytes":63998783488,"availableSwapBytes":63971258368},{"timestamp":"2021-03-04T00:47:30Z","physicalMemoryBytes":24879906816,"availableMemoryBytes":14939858802,"percentageMemoryUsage":39.9521,"totalSwapBytes":63998783488,"availableSwapBytes":63971258368},{"timestamp":"2021-03-04T00:17:30Z","physicalMemoryBytes":24879906816,"availableMemoryBytes":14877973173,"percentageMemoryUsage":40.2008,"totalSwapBytes":63998783488,"availableSwapBytes":63971258455},{"timestamp":"2021-03-03T23:50:00Z","physicalMemoryBytes":24879906816,"availableMemoryBytes":14897493302,"percentageMemoryUsage":40.1224,"totalSwapBytes":63998783488,"availableSwapBytes":63973379884},{"timestamp":"2021-03-03T23:22:30Z","physicalMemoryBytes":24879906816,"availableMemoryBytes":14935603625,"percentageMemoryUsage":39.9692,"totalSwapBytes":63998783488,"availableSwapBytes":63974405549},{"timestamp":"2021-03-03T22:52:30Z","physicalMemoryBytes":24879906816,"availableMemoryBytes":14938347951,"percentageMemoryUsage":39.9582,"totalSwapBytes":63998783488,"availableSwapBytes":63974784204},{"timestamp":"2021-03-03T22:22:30Z","physicalMemoryBytes":24879906816,"availableMemoryBytes":14937189192,"percentageMemoryUsage":39.9628,"totalSwapBytes":63998783488,"availableSwapBytes":63975077660},{"timestamp":"2021-03-03T21:55:00Z","physicalMemoryBytes":24879906816,"availableMemoryBytes":14938471981,"percentageMemoryUsage":39.9577,"totalSwapBytes":63998783488,"availableSwapBytes":63975191330},{"timestamp":"2021-03-03T21:27:30Z","physicalMemoryBytes":24879906816,"availableMemoryBytes":14940080340,"percentageMemoryUsage":39.9512,"totalSwapBytes":63998783488,"availableSwapBytes":63975479673},{"timestamp":"2021-03-03T20:57:30Z","physicalMemoryBytes":24879906816,"availableMemoryBytes":14938428322,"percentageMemoryUsage":39.9579,"totalSwapBytes":63998783488,"availableSwapBytes":63975767982},{"timestamp":"2021-03-03T20:27:30Z","physicalMemoryBytes":24879906816,"availableMemoryBytes":14942496872,"percentageMemoryUsage":39.9415,"totalSwapBytes":63998783488,"availableSwapBytes":63976187403},{"timestamp":"2021-03-03T20:00:00Z","physicalMemoryBytes":24879906816,"availableMemoryBytes":14940105243,"percentageMemoryUsage":39.9511,"totalSwapBytes":63998783488,"availableSwapBytes":63976439195},{"timestamp":"2021-03-03T19:32:30Z","physicalMemoryBytes":24879906816,"availableMemoryBytes":14941373187,"percentageMemoryUsage":39.946,"totalSwapBytes":63998783488,"availableSwapBytes":63976580619},{"timestamp":"2021-03-03T19:02:30Z","physicalMemoryBytes":24879906816,"availableMemoryBytes":14938434542,"percentageMemoryUsage":39.9578,"totalSwapBytes":63998783488,"availableSwapBytes":63976912668},{"timestamp":"2021-03-03T18:35:00Z","physicalMemoryBytes":24879906816,"availableMemoryBytes":14943746363,"percentageMemoryUsage":39.9365,"totalSwapBytes":63998783488,"availableSwapBytes":63977025536},{"timestamp":"2021-03-03T18:07:30Z","physicalMemoryBytes":24879906816,"availableMemoryBytes":14945274060,"percentageMemoryUsage":39.9303,"totalSwapBytes":63998783488,"availableSwapBytes":63977025536},{"timestamp":"2021-03-03T17:37:30Z","physicalMemoryBytes":24879906816,"availableMemoryBytes":14944648615,"percentageMemoryUsage":39.9329,"totalSwapBytes":63998783488,"availableSwapBytes":63977025536},{"timestamp":"2021-03-03T17:07:30Z","physicalMemoryBytes":24879906816,"availableMemoryBytes":14944647886,"percentageMemoryUsage":39.9329,"totalSwapBytes":63998783488,"availableSwapBytes":63977025536},{"timestamp":"2021-03-03T16:40:00Z","physicalMemoryBytes":24879906816,"availableMemoryBytes":14941832081,"percentageMemoryUsage":39.9442,"totalSwapBytes":63998783488,"availableSwapBytes":63977025536},{"timestamp":"2021-03-03T16:12:30Z","physicalMemoryBytes":24879906816,"availableMemoryBytes":14874212561,"percentageMemoryUsage":40.216,"totalSwapBytes":63998783488,"availableSwapBytes":63977026060},{"timestamp":"2021-03-03T15:42:30Z","physicalMemoryBytes":24879906816,"availableMemoryBytes":14934362638,"percentageMemoryUsage":39.9742,"totalSwapBytes":63998783488,"availableSwapBytes":63977493957},{"timestamp":"2021-03-03T15:15:00Z","physicalMemoryBytes":24879906816,"availableMemoryBytes":14939385502,"percentageMemoryUsage":39.954,"totalSwapBytes":63998783488,"availableSwapBytes":63977549824},{"timestamp":"2021-03-03T14:47:30Z","physicalMemoryBytes":24879906816,"availableMemoryBytes":14948778005,"percentageMemoryUsage":39.9163,"totalSwapBytes":63998783488,"availableSwapBytes":63977778471},{"timestamp":"2021-03-03T14:17:30Z","physicalMemoryBytes":24879906816,"availableMemoryBytes":14952081120,"percentageMemoryUsage":39.903,"totalSwapBytes":63998783488,"availableSwapBytes":63978074840},{"timestamp":"2021-03-03T13:47:30Z","physicalMemoryBytes":24879906816,"availableMemoryBytes":14950588896,"percentageMemoryUsage":39.909,"totalSwapBytes":63998783488,"availableSwapBytes":63978493541},{"timestamp":"2021-03-03T13:20:00Z","physicalMemoryBytes":24879906816,"availableMemoryBytes":14959529099,"percentageMemoryUsage":39.8731,"totalSwapBytes":63998783488,"availableSwapBytes":63978598399},{"timestamp":"2021-03-03T12:52:30Z","physicalMemoryBytes":24879906816,"availableMemoryBytes":14956594857,"percentageMemoryUsage":39.8848,"totalSwapBytes":63998783488,"availableSwapBytes":63978598399},{"timestamp":"2021-03-03T12:22:30Z","physicalMemoryBytes":24879906816,"availableMemoryBytes":14950648441,"percentageMemoryUsage":39.9087,"totalSwapBytes":63998783488,"availableSwapBytes":63978598399},{"timestamp":"2021-03-03T11:52:30Z","physicalMemoryBytes":24879906816,"availableMemoryBytes":14948676613,"percentageMemoryUsage":39.9167,"totalSwapBytes":63998783488,"availableSwapBytes":63978598399},{"timestamp":"2021-03-03T11:25:00Z","physicalMemoryBytes":24879906816,"availableMemoryBytes":14951570487,"percentageMemoryUsage":39.905,"totalSwapBytes":63998783488,"availableSwapBytes":63978598399},{"timestamp":"2021-03-03T10:57:30Z","physicalMemoryBytes":24879906816,"availableMemoryBytes":14955839855,"percentageMemoryUsage":39.8879,"totalSwapBytes":63998783488,"availableSwapBytes":63978598399},{"timestamp":"2021-03-03T10:27:30Z","physicalMemoryBytes":24879906816,"availableMemoryBytes":14956989694,"percentageMemoryUsage":39.8833,"totalSwapBytes":63998783488,"availableSwapBytes":63978598399},{"timestamp":"2021-03-03T10:00:00Z","physicalMemoryBytes":24879906816,"availableMemoryBytes":14953878806,"percentageMemoryUsage":39.8958,"totalSwapBytes":63998783488,"availableSwapBytes":63978598399},{"timestamp":"2021-03-03T09:32:30Z","physicalMemoryBytes":24879906816,"availableMemoryBytes":14949874635,"percentageMemoryUsage":39.9119,"totalSwapBytes":63998783488,"availableSwapBytes":63978598399},{"timestamp":"2021-03-03T09:02:30Z","physicalMemoryBytes":24879906816,"availableMemoryBytes":14952093919,"percentageMemoryUsage":39.9029,"totalSwapBytes":63998783488,"availableSwapBytes":63978598399},{"timestamp":"2021-03-03T08:32:30Z","physicalMemoryBytes":24879906816,"availableMemoryBytes":14911789530,"percentageMemoryUsage":40.0649,"totalSwapBytes":63998783488,"availableSwapBytes":63978598399},{"timestamp":"2021-03-03T08:05:00Z","physicalMemoryBytes":24879906816,"availableMemoryBytes":14796720229,"percentageMemoryUsage":40.5274,"totalSwapBytes":63998783488,"availableSwapBytes":63978497911},{"timestamp":"2021-03-03T07:37:30Z","physicalMemoryBytes":24879906816,"availableMemoryBytes":14921081095,"percentageMemoryUsage":40.0276,"totalSwapBytes":63998783488,"availableSwapBytes":63978336256},{"timestamp":"2021-03-03T07:07:30Z","physicalMemoryBytes":24879906816,"availableMemoryBytes":14918056432,"percentageMemoryUsage":40.0397,"totalSwapBytes":63998783488,"availableSwapBytes":63978336256},{"timestamp":"2021-03-03T06:40:00Z","physicalMemoryBytes":24879906816,"availableMemoryBytes":14921057971,"percentageMemoryUsage":40.0277,"totalSwapBytes":63998783488,"availableSwapBytes":63978336256},{"timestamp":"2021-03-03T06:12:30Z","physicalMemoryBytes":24879906816,"availableMemoryBytes":14932464917,"percentageMemoryUsage":39.9818,"totalSwapBytes":63998783488,"availableSwapBytes":63978336256},{"timestamp":"2021-03-03T05:42:30Z","physicalMemoryBytes":24879906816,"availableMemoryBytes":14934254389,"percentageMemoryUsage":39.9746,"totalSwapBytes":63998783488,"availableSwapBytes":63978337712},{"timestamp":"2021-03-03T05:12:30Z","physicalMemoryBytes":24879906816,"availableMemoryBytes":14933128870,"percentageMemoryUsage":39.9792,"totalSwapBytes":63998783488,"availableSwapBytes":63978598400},{"timestamp":"2021-03-03T04:45:00Z","physicalMemoryBytes":24879906816,"availableMemoryBytes":14937884265,"percentageMemoryUsage":39.96,"totalSwapBytes":63998783488,"availableSwapBytes":63978598400},{"timestamp":"2021-03-03T04:17:30Z","physicalMemoryBytes":24879906816,"availableMemoryBytes":14944945821,"percentageMemoryUsage":39.9317,"totalSwapBytes":63998783488,"availableSwapBytes":63978598400},{"timestamp":"2021-03-03T03:47:30Z","physicalMemoryBytes":24879906816,"availableMemoryBytes":14953242436,"percentageMemoryUsage":39.8983,"totalSwapBytes":63998783488,"availableSwapBytes":63978598400},{"timestamp":"2021-03-03T03:17:30Z","physicalMemoryBytes":24879906816,"availableMemoryBytes":14949934893,"percentageMemoryUsage":39.9116,"totalSwapBytes":63998783488,"availableSwapBytes":63978598400},{"timestamp":"2021-03-03T02:50:00Z","physicalMemoryBytes":24879906816,"availableMemoryBytes":14951346607,"percentageMemoryUsage":39.9059,"totalSwapBytes":63998783488,"availableSwapBytes":63978598400},{"timestamp":"2021-03-03T02:22:30Z","physicalMemoryBytes":24879906816,"availableMemoryBytes":14949459758,"percentageMemoryUsage":39.9135,"totalSwapBytes":63998783488,"availableSwapBytes":63978598402},{"timestamp":"2021-03-03T01:52:30Z","physicalMemoryBytes":24879906816,"availableMemoryBytes":14945953860,"percentageMemoryUsage":39.9276,"totalSwapBytes":63998783488,"availableSwapBytes":63978782626},{"timestamp":"2021-03-03T01:25:00Z","physicalMemoryBytes":24879906816,"availableMemoryBytes":14948602299,"percentageMemoryUsage":39.917,"totalSwapBytes":63998783488,"availableSwapBytes":63978860544},{"timestamp":"2021-03-03T00:57:30Z","physicalMemoryBytes":24879906816,"availableMemoryBytes":14951603231,"percentageMemoryUsage":39.9049,"totalSwapBytes":63998783488,"availableSwapBytes":63978860544},{"timestamp":"2021-03-03T00:27:30Z","physicalMemoryBytes":24879906816,"availableMemoryBytes":14930114580,"percentageMemoryUsage":39.9913,"totalSwapBytes":63998783488,"availableSwapBytes":63978860544},{"timestamp":"2021-03-02T23:57:30Z","physicalMemoryBytes":24879906816,"availableMemoryBytes":14860665385,"percentageMemoryUsage":40.2704,"totalSwapBytes":63998783488,"availableSwapBytes":63978937002},{"timestamp":"2021-03-02T23:30:00Z","physicalMemoryBytes":24879906816,"availableMemoryBytes":14944240066,"percentageMemoryUsage":39.9345,"totalSwapBytes":63998783488,"availableSwapBytes":63979122688},{"timestamp":"2021-03-02T23:02:30Z","physicalMemoryBytes":24879906816,"availableMemoryBytes":14941918686,"percentageMemoryUsage":39.9438,"totalSwapBytes":63998783488,"availableSwapBytes":63979289738},{"timestamp":"2021-03-02T22:32:30Z","physicalMemoryBytes":24879906816,"availableMemoryBytes":14952542013,"percentageMemoryUsage":39.9011,"totalSwapBytes":63998783488,"availableSwapBytes":63979621191},{"timestamp":"2021-03-02T22:05:00Z","physicalMemoryBytes":24879906816,"availableMemoryBytes":14960192147,"percentageMemoryUsage":39.8704,"totalSwapBytes":63998783488,"availableSwapBytes":63979646976},{"timestamp":"2021-03-02T21:37:30Z","physicalMemoryBytes":24879906816,"availableMemoryBytes":14953024107,"percentageMemoryUsage":39.8992,"totalSwapBytes":63998783488,"availableSwapBytes":63979646976},{"timestamp":"2021-03-02T21:07:30Z","physicalMemoryBytes":24879906816,"availableMemoryBytes":14951599309,"percentageMemoryUsage":39.9049,"totalSwapBytes":63998783488,"availableSwapBytes":63979646976},{"timestamp":"2021-03-02T20:37:30Z","physicalMemoryBytes":24879906816,"availableMemoryBytes":14945831599,"percentageMemoryUsage":39.9281,"totalSwapBytes":63998783488,"availableSwapBytes":63979646976},{"timestamp":"2021-03-02T20:10:00Z","physicalMemoryBytes":24879906816,"availableMemoryBytes":14954079923,"percentageMemoryUsage":39.895,"totalSwapBytes":63998783488,"availableSwapBytes":63979646976},{"timestamp":"2021-03-02T19:42:30Z","physicalMemoryBytes":24879906816,"availableMemoryBytes":14958448492,"percentageMemoryUsage":39.8774,"totalSwapBytes":63998783488,"availableSwapBytes":63979646987},{"timestamp":"2021-03-02T19:12:30Z","physicalMemoryBytes":24879906816,"availableMemoryBytes":14959641268,"percentageMemoryUsage":39.8726,"totalSwapBytes":63998783488,"availableSwapBytes":63979866145},{"timestamp":"2021-03-02T18:42:30Z","physicalMemoryBytes":24879906816,"availableMemoryBytes":14958523487,"percentageMemoryUsage":39.8771,"totalSwapBytes":63998783488,"availableSwapBytes":63979909120},{"timestamp":"2021-03-02T18:15:00Z","physicalMemoryBytes":24879906816,"availableMemoryBytes":14961630534,"percentageMemoryUsage":39.8646,"totalSwapBytes":63998783488,"availableSwapBytes":63979909120},{"timestamp":"2021-03-02T17:47:30Z","physicalMemoryBytes":24879906816,"availableMemoryBytes":14963005138,"percentageMemoryUsage":39.8591,"totalSwapBytes":63998783488,"availableSwapBytes":63979909120},{"timestamp":"2021-03-02T17:17:30Z","physicalMemoryBytes":24879906816,"availableMemoryBytes":14961142346,"percentageMemoryUsage":39.8666,"totalSwapBytes":63998783488,"availableSwapBytes":63979909120},{"timestamp":"2021-03-02T16:50:00Z","physicalMemoryBytes":24879906816,"availableMemoryBytes":14965967742,"percentageMemoryUsage":39.8472,"totalSwapBytes":63998783488,"availableSwapBytes":63979909120},{"timestamp":"2021-03-02T16:22:30Z","physicalMemoryBytes":24879906816,"availableMemoryBytes":14945820914,"percentageMemoryUsage":39.9281,"totalSwapBytes":63998783488,"availableSwapBytes":63979909120},{"timestamp":"2021-03-02T15:52:30Z","physicalMemoryBytes":24879906816,"availableMemoryBytes":14897990423,"percentageMemoryUsage":40.1204,"totalSwapBytes":63998783488,"availableSwapBytes":63979909120},{"timestamp":"2021-03-02T15:22:30Z","physicalMemoryBytes":24879906816,"availableMemoryBytes":14963694278,"percentageMemoryUsage":39.8563,"totalSwapBytes":63998783488,"availableSwapBytes":63979909120},{"timestamp":"2021-03-02T14:55:00Z","physicalMemoryBytes":24879906816,"availableMemoryBytes":14964927153,"percentageMemoryUsage":39.8514,"totalSwapBytes":63998783488,"availableSwapBytes":63979909120},{"timestamp":"2021-03-02T14:27:30Z","physicalMemoryBytes":24879906816,"availableMemoryBytes":14959377096,"percentageMemoryUsage":39.8737,"totalSwapBytes":63998783488,"availableSwapBytes":63979909120},{"timestamp":"2021-03-02T13:57:30Z","physicalMemoryBytes":24879906816,"availableMemoryBytes":14963058188,"percentageMemoryUsage":39.8589,"totalSwapBytes":63998783488,"availableSwapBytes":63979909120},{"timestamp":"2021-03-02T13:27:30Z","physicalMemoryBytes":24879906816,"availableMemoryBytes":14967803350,"percentageMemoryUsage":39.8398,"totalSwapBytes":63998783488,"availableSwapBytes":63979909120},{"timestamp":"2021-03-02T13:00:00Z","physicalMemoryBytes":24879906816,"availableMemoryBytes":14967015414,"percentageMemoryUsage":39.843,"totalSwapBytes":63998783488,"availableSwapBytes":63979909120},{"timestamp":"2021-03-02T12:32:30Z","physicalMemoryBytes":24879906816,"availableMemoryBytes":14963614525,"percentageMemoryUsage":39.8566,"totalSwapBytes":63998783488,"availableSwapBytes":63979909120},{"timestamp":"2021-03-02T12:02:30Z","physicalMemoryBytes":24879906816,"availableMemoryBytes":14964410348,"percentageMemoryUsage":39.8534,"totalSwapBytes":63998783488,"availableSwapBytes":63979909120},{"timestamp":"2021-03-02T11:35:00Z","physicalMemoryBytes":24879906816,"availableMemoryBytes":14969289501,"percentageMemoryUsage":39.8338,"totalSwapBytes":63998783488,"availableSwapBytes":63979909120},{"timestamp":"2021-03-02T11:07:30Z","physicalMemoryBytes":24879906816,"availableMemoryBytes":14962183738,"percentageMemoryUsage":39.8624,"totalSwapBytes":63998783488,"availableSwapBytes":63979909120},{"timestamp":"2021-03-02T10:37:30Z","physicalMemoryBytes":24879906816,"availableMemoryBytes":14973634051,"percentageMemoryUsage":39.8164,"totalSwapBytes":63998783488,"availableSwapBytes":63979909120},{"timestamp":"2021-03-02T10:07:30Z","physicalMemoryBytes":24879906816,"availableMemoryBytes":14972086910,"percentageMemoryUsage":39.8226,"totalSwapBytes":63998783488,"availableSwapBytes":63979909120},{"timestamp":"2021-03-02T09:40:00Z","physicalMemoryBytes":24879906816,"availableMemoryBytes":14962343841,"percentageMemoryUsage":39.8617,"totalSwapBytes":63998783488,"availableSwapBytes":63979909120},{"timestamp":"2021-03-02T09:12:30Z","physicalMemoryBytes":24879906816,"availableMemoryBytes":14971130890,"percentageMemoryUsage":39.8264,"totalSwapBytes":63998783488,"availableSwapBytes":63979909120},{"timestamp":"2021-03-02T08:42:30Z","physicalMemoryBytes":24879906816,"availableMemoryBytes":14970603976,"percentageMemoryUsage":39.8285,"totalSwapBytes":63998783488,"availableSwapBytes":63979909120},{"timestamp":"2021-03-02T08:15:00Z","physicalMemoryBytes":24879906816,"availableMemoryBytes":14933789424,"percentageMemoryUsage":39.9765,"totalSwapBytes":63998783488,"availableSwapBytes":63979909120},{"timestamp":"2021-03-02T07:47:30Z","physicalMemoryBytes":24879906816,"availableMemoryBytes":14917179366,"percentageMemoryUsage":40.0433,"totalSwapBytes":63998783488,"availableSwapBytes":63979909120},{"timestamp":"2021-03-02T07:17:30Z","physicalMemoryBytes":24879906816,"availableMemoryBytes":14982406313,"percentageMemoryUsage":39.7811,"totalSwapBytes":63998783488,"availableSwapBytes":63979909120},{"timestamp":"2021-03-02T06:47:30Z","physicalMemoryBytes":24879906816,"availableMemoryBytes":14973537112,"percentageMemoryUsage":39.8167,"totalSwapBytes":63998783488,"availableSwapBytes":63979909120},{"timestamp":"2021-03-02T06:20:00Z","physicalMemoryBytes":24879906816,"availableMemoryBytes":14976118790,"percentageMemoryUsage":39.8064,"totalSwapBytes":63998783488,"availableSwapBytes":63979909134},{"timestamp":"2021-03-02T05:52:30Z","physicalMemoryBytes":24879906816,"availableMemoryBytes":14973321406,"percentageMemoryUsage":39.8176,"totalSwapBytes":63998783488,"availableSwapBytes":63980242613},{"timestamp":"2021-03-02T05:22:30Z","physicalMemoryBytes":24879906816,"availableMemoryBytes":14973588382,"percentageMemoryUsage":39.8165,"totalSwapBytes":63998783488,"availableSwapBytes":63980433408},{"timestamp":"2021-03-02T04:52:30Z","physicalMemoryBytes":24879906816,"availableMemoryBytes":14972674063,"percentageMemoryUsage":39.8202,"totalSwapBytes":63998783488,"availableSwapBytes":63980547731},{"timestamp":"2021-03-02T04:25:00Z","physicalMemoryBytes":24879906816,"availableMemoryBytes":14973689672,"percentageMemoryUsage":39.8161,"totalSwapBytes":63998783488,"availableSwapBytes":63980695552},{"timestamp":"2021-03-02T03:57:30Z","physicalMemoryBytes":24879906816,"availableMemoryBytes":14971094598,"percentageMemoryUsage":39.8266,"totalSwapBytes":63998783488,"availableSwapBytes":63980695552},{"timestamp":"2021-03-02T03:27:30Z","physicalMemoryBytes":24879906816,"availableMemoryBytes":14972477049,"percentageMemoryUsage":39.821,"totalSwapBytes":63998783488,"availableSwapBytes":63980695552},{"timestamp":"2021-03-02T03:00:00Z","physicalMemoryBytes":24879906816,"availableMemoryBytes":14974853667,"percentageMemoryUsage":39.8115,"totalSwapBytes":63998783488,"availableSwapBytes":63980695552},{"timestamp":"2021-03-02T02:32:30Z","physicalMemoryBytes":24879906816,"availableMemoryBytes":14976411511,"percentageMemoryUsage":39.8052,"totalSwapBytes":63998783488,"availableSwapBytes":63980695552},{"timestamp":"2021-03-02T02:02:30Z","physicalMemoryBytes":24879906816,"availableMemoryBytes":14975503618,"percentageMemoryUsage":39.8088,"totalSwapBytes":63998783488,"availableSwapBytes":63980695552},{"timestamp":"2021-03-02T01:32:30Z","physicalMemoryBytes":24879906816,"availableMemoryBytes":14970981222,"percentageMemoryUsage":39.827,"totalSwapBytes":63998783488,"availableSwapBytes":63980695552},{"timestamp":"2021-03-02T01:05:00Z","physicalMemoryBytes":24879906816,"availableMemoryBytes":14975862659,"percentageMemoryUsage":39.8074,"totalSwapBytes":63998783488,"availableSwapBytes":63980695552},{"timestamp":"2021-03-02T00:37:30Z","physicalMemoryBytes":24879906816,"availableMemoryBytes":14970226774,"percentageMemoryUsage":39.8301,"totalSwapBytes":63998783488,"availableSwapBytes":63980695552},{"timestamp":"2021-03-02T00:07:30Z","physicalMemoryBytes":24879906816,"availableMemoryBytes":14896985210,"percentageMemoryUsage":40.1244,"totalSwapBytes":63998783488,"availableSwapBytes":63980695561},{"timestamp":"2021-03-01T23:40:00Z","physicalMemoryBytes":24879906816,"availableMemoryBytes":14812809127,"percentageMemoryUsage":40.4628,"totalSwapBytes":63998783488,"availableSwapBytes":63980897390},{"timestamp":"2021-03-01T23:12:30Z","physicalMemoryBytes":24879906816,"availableMemoryBytes":14823191191,"percentageMemoryUsage":40.421,"totalSwapBytes":63998783488,"availableSwapBytes":63980957696},{"timestamp":"2021-03-01T22:42:30Z","physicalMemoryBytes":24879906816,"availableMemoryBytes":14823830354,"percentageMemoryUsage":40.4185,"totalSwapBytes":63998783488,"availableSwapBytes":63980957696},{"timestamp":"2021-03-01T22:12:30Z","physicalMemoryBytes":24879906816,"availableMemoryBytes":14822468862,"percentageMemoryUsage":40.4239,"totalSwapBytes":63998783488,"availableSwapBytes":63980957696},{"timestamp":"2021-03-01T21:45:00Z","physicalMemoryBytes":24879906816,"availableMemoryBytes":14822398676,"percentageMemoryUsage":40.4242,"totalSwapBytes":63998783488,"availableSwapBytes":63981000512},{"timestamp":"2021-03-01T21:17:30Z","physicalMemoryBytes":24879906816,"availableMemoryBytes":14824493648,"percentageMemoryUsage":40.4158,"totalSwapBytes":63998783488,"availableSwapBytes":63981219840},{"timestamp":"2021-03-01T20:47:30Z","physicalMemoryBytes":24879906816,"availableMemoryBytes":14826006937,"percentageMemoryUsage":40.4097,"totalSwapBytes":63998783488,"availableSwapBytes":63981219840},{"timestamp":"2021-03-01T20:17:30Z","physicalMemoryBytes":24879906816,"availableMemoryBytes":14825938353,"percentageMemoryUsage":40.41,"totalSwapBytes":63998783488,"availableSwapBytes":63981219840},{"timestamp":"2021-03-01T19:50:00Z","physicalMemoryBytes":24879906816,"availableMemoryBytes":14829407374,"percentageMemoryUsage":40.396,"totalSwapBytes":63998783488,"availableSwapBytes":63981357910},{"timestamp":"2021-03-01T19:22:30Z","physicalMemoryBytes":24879906816,"availableMemoryBytes":14829658978,"percentageMemoryUsage":40.395,"totalSwapBytes":63998783488,"availableSwapBytes":63981684409},{"timestamp":"2021-03-01T18:52:30Z","physicalMemoryBytes":24879906816,"availableMemoryBytes":14830075255,"percentageMemoryUsage":40.3934,"totalSwapBytes":63998783488,"availableSwapBytes":63981744128},{"timestamp":"2021-03-01T18:25:00Z","physicalMemoryBytes":24879906816,"availableMemoryBytes":14833542414,"percentageMemoryUsage":40.3794,"totalSwapBytes":63998783488,"availableSwapBytes":63981744128},{"timestamp":"2021-03-01T17:57:30Z","physicalMemoryBytes":24879906816,"availableMemoryBytes":14835610078,"percentageMemoryUsage":40.3711,"totalSwapBytes":63998783488,"availableSwapBytes":63981744128},{"timestamp":"2021-03-01T17:27:30Z","physicalMemoryBytes":24879906816,"availableMemoryBytes":14838649522,"percentageMemoryUsage":40.3589,"totalSwapBytes":63998783488,"availableSwapBytes":63981744128},{"timestamp":"2021-03-01T16:57:30Z","physicalMemoryBytes":24879906816,"availableMemoryBytes":14839491551,"percentageMemoryUsage":40.3555,"totalSwapBytes":63998783488,"availableSwapBytes":63981744128},{"timestamp":"2021-03-01T16:30:00Z","physicalMemoryBytes":24879906816,"availableMemoryBytes":14846772162,"percentageMemoryUsage":40.3263,"totalSwapBytes":63998783488,"availableSwapBytes":63981744128},{"timestamp":"2021-03-01T16:02:30Z","physicalMemoryBytes":24879906816,"availableMemoryBytes":14851463165,"percentageMemoryUsage":40.3074,"totalSwapBytes":63998783488,"availableSwapBytes":63981744128},{"timestamp":"2021-03-01T15:32:30Z","physicalMemoryBytes":24879906816,"availableMemoryBytes":14870755212,"percentageMemoryUsage":40.2299,"totalSwapBytes":63998783488,"availableSwapBytes":63981744128},{"timestamp":"2021-03-01T15:02:30Z","physicalMemoryBytes":24879906816,"availableMemoryBytes":14877688377,"percentageMemoryUsage":40.202,"totalSwapBytes":63998783488,"availableSwapBytes":63981881753},{"timestamp":"2021-03-01T14:35:00Z","physicalMemoryBytes":24879906816,"availableMemoryBytes":14881729323,"percentageMemoryUsage":40.1858,"totalSwapBytes":63998783488,"availableSwapBytes":63982070060},{"timestamp":"2021-03-01T14:07:30Z","physicalMemoryBytes":24879906816,"availableMemoryBytes":14883727012,"percentageMemoryUsage":40.1777,"totalSwapBytes":63998783488,"availableSwapBytes":63982268571},{"timestamp":"2021-03-01T13:37:30Z","physicalMemoryBytes":24879906816,"availableMemoryBytes":14888383213,"percentageMemoryUsage":40.159,"totalSwapBytes":63998783488,"availableSwapBytes":63982496180},{"timestamp":"2021-03-01T13:10:00Z","physicalMemoryBytes":24879906816,"availableMemoryBytes":14890189189,"percentageMemoryUsage":40.1517,"totalSwapBytes":63998783488,"availableSwapBytes":63982530560},{"timestamp":"2021-03-01T12:42:30Z","physicalMemoryBytes":24879906816,"availableMemoryBytes":14891109904,"percentageMemoryUsage":40.148,"totalSwapBytes":63998783488,"availableSwapBytes":63982530560},{"timestamp":"2021-03-01T12:12:30Z","physicalMemoryBytes":24879906816,"availableMemoryBytes":14892750450,"percentageMemoryUsage":40.1415,"totalSwapBytes":63998783488,"availableSwapBytes":63982530560},{"timestamp":"2021-03-01T11:42:30Z","physicalMemoryBytes":24879906816,"availableMemoryBytes":14892364563,"percentageMemoryUsage":40.143,"totalSwapBytes":63998783488,"availableSwapBytes":63982530560},{"timestamp":"2021-03-01T11:15:00Z","physicalMemoryBytes":24879906816,"availableMemoryBytes":14892925267,"percentageMemoryUsage":40.1408,"totalSwapBytes":63998783488,"availableSwapBytes":63982530560},{"timestamp":"2021-03-01T10:47:30Z","physicalMemoryBytes":24879906816,"availableMemoryBytes":14892512929,"percentageMemoryUsage":40.1424,"totalSwapBytes":63998783488,"availableSwapBytes":63982530560},{"timestamp":"2021-03-01T10:17:30Z","physicalMemoryBytes":24879906816,"availableMemoryBytes":14893216578,"percentageMemoryUsage":40.1396,"totalSwapBytes":63998783488,"availableSwapBytes":63982530560},{"timestamp":"2021-03-01T09:50:00Z","physicalMemoryBytes":24879906816,"availableMemoryBytes":14891821622,"percentageMemoryUsage":40.1452,"totalSwapBytes":63998783488,"availableSwapBytes":63982530560},{"timestamp":"2021-03-01T09:22:30Z","physicalMemoryBytes":24879906816,"availableMemoryBytes":14895625932,"percentageMemoryUsage":40.1299,"totalSwapBytes":63998783488,"availableSwapBytes":63982530560},{"timestamp":"2021-03-01T08:52:30Z","physicalMemoryBytes":24879906816,"availableMemoryBytes":14896103232,"percentageMemoryUsage":40.128,"totalSwapBytes":63998783488,"availableSwapBytes":63982530560},{"timestamp":"2021-03-01T08:22:30Z","physicalMemoryBytes":24879906816,"availableMemoryBytes":14904294476,"percentageMemoryUsage":40.0951,"totalSwapBytes":63998783488,"availableSwapBytes":63982530560},{"timestamp":"2021-03-01T07:55:00Z","physicalMemoryBytes":24879906816,"availableMemoryBytes":14901977852,"percentageMemoryUsage":40.1044,"totalSwapBytes":63998783488,"availableSwapBytes":63982588231},{"timestamp":"2021-03-01T07:27:30Z","physicalMemoryBytes":24879906816,"availableMemoryBytes":14934725120,"percentageMemoryUsage":39.9727,"totalSwapBytes":63998783488,"availableSwapBytes":63983841280},{"timestamp":"2021-03-01T06:57:30Z","physicalMemoryBytes":24879906816,"availableMemoryBytes":14935143466,"percentageMemoryUsage":39.9711,"totalSwapBytes":63998783488,"availableSwapBytes":63983841280},{"timestamp":"2021-03-01T06:27:30Z","physicalMemoryBytes":24879906816,"availableMemoryBytes":14935927967,"percentageMemoryUsage":39.9679,"totalSwapBytes":63998783488,"availableSwapBytes":63983841280},{"timestamp":"2021-03-01T06:00:00Z","physicalMemoryBytes":24879906816,"availableMemoryBytes":14936369765,"percentageMemoryUsage":39.9661,"totalSwapBytes":63998783488,"availableSwapBytes":63983915568},{"timestamp":"2021-03-01T05:32:30Z","physicalMemoryBytes":24879906816,"availableMemoryBytes":14936145930,"percentageMemoryUsage":39.967,"totalSwapBytes":63998783488,"availableSwapBytes":63984332059},{"timestamp":"2021-03-01T05:02:30Z","physicalMemoryBytes":24879906816,"availableMemoryBytes":14935543955,"percentageMemoryUsage":39.9695,"totalSwapBytes":63998783488,"availableSwapBytes":63984627712},{"timestamp":"2021-03-01T04:35:00Z","physicalMemoryBytes":24879906816,"availableMemoryBytes":14935588518,"percentageMemoryUsage":39.9693,"totalSwapBytes":63998783488,"availableSwapBytes":63984627712},{"timestamp":"2021-03-01T04:07:30Z","physicalMemoryBytes":24879906816,"availableMemoryBytes":14936113234,"percentageMemoryUsage":39.9672,"totalSwapBytes":63998783488,"availableSwapBytes":63984627712},{"timestamp":"2021-03-01T03:37:30Z","physicalMemoryBytes":24879906816,"availableMemoryBytes":14933549758,"percentageMemoryUsage":39.9775,"totalSwapBytes":63998783488,"availableSwapBytes":63984663392},{"timestamp":"2021-03-01T03:07:30Z","physicalMemoryBytes":24879906816,"availableMemoryBytes":14933956891,"percentageMemoryUsage":39.9758,"totalSwapBytes":63998783488,"availableSwapBytes":63984890011},{"timestamp":"2021-03-01T02:40:00Z","physicalMemoryBytes":24879906816,"availableMemoryBytes":14931199736,"percentageMemoryUsage":39.9869,"totalSwapBytes":63998783488,"availableSwapBytes":63985205989},{"timestamp":"2021-03-01T02:12:30Z","physicalMemoryBytes":24879906816,"availableMemoryBytes":14932740914,"percentageMemoryUsage":39.9807,"totalSwapBytes":63998783488,"availableSwapBytes":63985414144},{"timestamp":"2021-03-01T01:42:30Z","physicalMemoryBytes":24879906816,"availableMemoryBytes":14931252683,"percentageMemoryUsage":39.9867,"totalSwapBytes":63998783488,"availableSwapBytes":63985414144},{"timestamp":"2021-03-01T01:15:00Z","physicalMemoryBytes":24879906816,"availableMemoryBytes":14929311272,"percentageMemoryUsage":39.9945,"totalSwapBytes":63998783488,"availableSwapBytes":63985414144},{"timestamp":"2021-03-01T00:47:30Z","physicalMemoryBytes":24879906816,"availableMemoryBytes":14928828165,"percentageMemoryUsage":39.9964,"totalSwapBytes":63998783488,"availableSwapBytes":63985414144},{"timestamp":"2021-03-01T00:17:30Z","physicalMemoryBytes":24879906816,"availableMemoryBytes":14932467646,"percentageMemoryUsage":39.9818,"totalSwapBytes":63998783488,"availableSwapBytes":63985414144},{"timestamp":"2021-02-28T23:47:30Z","physicalMemoryBytes":24879906816,"availableMemoryBytes":14927945961,"percentageMemoryUsage":40.0,"totalSwapBytes":63998783488,"availableSwapBytes":63985498612},{"timestamp":"2021-02-28T23:20:00Z","physicalMemoryBytes":24879906816,"availableMemoryBytes":14939859495,"percentageMemoryUsage":39.9521,"totalSwapBytes":63998783488,"availableSwapBytes":63985676288},{"timestamp":"2021-02-28T22:52:30Z","physicalMemoryBytes":24879906816,"availableMemoryBytes":14943810430,"percentageMemoryUsage":39.9362,"totalSwapBytes":63998783488,"availableSwapBytes":63985676288},{"timestamp":"2021-02-28T22:22:30Z","physicalMemoryBytes":24879906816,"availableMemoryBytes":14946376438,"percentageMemoryUsage":39.9259,"totalSwapBytes":63998783488,"availableSwapBytes":63985676288},{"timestamp":"2021-02-28T21:52:30Z","physicalMemoryBytes":24879906816,"availableMemoryBytes":14947438093,"percentageMemoryUsage":39.9216,"totalSwapBytes":63998783488,"availableSwapBytes":63985676288},{"timestamp":"2021-02-28T21:25:00Z","physicalMemoryBytes":24879906816,"availableMemoryBytes":14947580859,"percentageMemoryUsage":39.9211,"totalSwapBytes":63998783488,"availableSwapBytes":63985676288},{"timestamp":"2021-02-28T20:57:30Z","physicalMemoryBytes":24879906816,"availableMemoryBytes":14947287972,"percentageMemoryUsage":39.9223,"totalSwapBytes":63998783488,"availableSwapBytes":63985676288},{"timestamp":"2021-02-28T20:27:30Z","physicalMemoryBytes":24879906816,"availableMemoryBytes":14951841444,"percentageMemoryUsage":39.9039,"totalSwapBytes":63998783488,"availableSwapBytes":63985676288},{"timestamp":"2021-02-28T20:00:00Z","physicalMemoryBytes":24879906816,"availableMemoryBytes":14952452501,"percentageMemoryUsage":39.9015,"totalSwapBytes":63998783488,"availableSwapBytes":63985708618},{"timestamp":"2021-02-28T19:32:30Z","physicalMemoryBytes":24879906816,"availableMemoryBytes":14950890295,"percentageMemoryUsage":39.9078,"totalSwapBytes":63998783488,"availableSwapBytes":63986017074},{"timestamp":"2021-02-28T19:02:30Z","physicalMemoryBytes":24879906816,"availableMemoryBytes":14950370836,"percentageMemoryUsage":39.9099,"totalSwapBytes":63998783488,"availableSwapBytes":63986210042},{"timestamp":"2021-02-28T18:32:30Z","physicalMemoryBytes":24879906816,"availableMemoryBytes":14952738897,"percentageMemoryUsage":39.9003,"totalSwapBytes":63998783488,"availableSwapBytes":63986462720},{"timestamp":"2021-02-28T18:05:00Z","physicalMemoryBytes":24879906816,"availableMemoryBytes":14952248107,"percentageMemoryUsage":39.9023,"totalSwapBytes":63998783488,"availableSwapBytes":63986462720},{"timestamp":"2021-02-28T17:37:30Z","physicalMemoryBytes":24879906816,"availableMemoryBytes":14953932358,"percentageMemoryUsage":39.8955,"totalSwapBytes":63998783488,"availableSwapBytes":63986462720},{"timestamp":"2021-02-28T17:07:30Z","physicalMemoryBytes":24879906816,"availableMemoryBytes":14955541848,"percentageMemoryUsage":39.8891,"totalSwapBytes":63998783488,"availableSwapBytes":63986462720},{"timestamp":"2021-02-28T16:37:30Z","physicalMemoryBytes":24879906816,"availableMemoryBytes":14956128931,"percentageMemoryUsage":39.8867,"totalSwapBytes":63998783488,"availableSwapBytes":63986462720},{"timestamp":"2021-02-28T16:10:00Z","physicalMemoryBytes":24879906816,"availableMemoryBytes":14960040578,"percentageMemoryUsage":39.871,"totalSwapBytes":63998783488,"availableSwapBytes":63986462720},{"timestamp":"2021-02-28T15:42:30Z","physicalMemoryBytes":24879906816,"availableMemoryBytes":14952480344,"percentageMemoryUsage":39.9014,"totalSwapBytes":63998783488,"availableSwapBytes":63986688454},{"timestamp":"2021-02-28T15:12:30Z","physicalMemoryBytes":24879906816,"availableMemoryBytes":14961260591,"percentageMemoryUsage":39.8661,"totalSwapBytes":63998783488,"availableSwapBytes":63986987306},{"timestamp":"2021-02-28T14:45:00Z","physicalMemoryBytes":24879906816,"availableMemoryBytes":14963648554,"percentageMemoryUsage":39.8565,"totalSwapBytes":63998783488,"availableSwapBytes":63987218216},{"timestamp":"2021-02-28T14:17:30Z","physicalMemoryBytes":24879906816,"availableMemoryBytes":14964906060,"percentageMemoryUsage":39.8514,"totalSwapBytes":63998783488,"availableSwapBytes":63987512747},{"timestamp":"2021-02-28T13:47:30Z","physicalMemoryBytes":24879906816,"availableMemoryBytes":14964074511,"percentageMemoryUsage":39.8548,"totalSwapBytes":63998783488,"availableSwapBytes":63987773440},{"timestamp":"2021-02-28T13:17:30Z","physicalMemoryBytes":24879906816,"availableMemoryBytes":14965586992,"percentageMemoryUsage":39.8487,"totalSwapBytes":63998783488,"availableSwapBytes":63987773440},{"timestamp":"2021-02-28T12:50:00Z","physicalMemoryBytes":24879906816,"availableMemoryBytes":14966194122,"percentageMemoryUsage":39.8463,"totalSwapBytes":63998783488,"availableSwapBytes":63987773440},{"timestamp":"2021-02-28T12:22:30Z","physicalMemoryBytes":24879906816,"availableMemoryBytes":14968606099,"percentageMemoryUsage":39.8366,"totalSwapBytes":63998783488,"availableSwapBytes":63987773440},{"timestamp":"2021-02-28T11:52:30Z","physicalMemoryBytes":24879906816,"availableMemoryBytes":14969126766,"percentageMemoryUsage":39.8345,"totalSwapBytes":63998783488,"availableSwapBytes":63987773440},{"timestamp":"2021-02-28T11:25:00Z","physicalMemoryBytes":24879906816,"availableMemoryBytes":14971187529,"percentageMemoryUsage":39.8262,"totalSwapBytes":63998783488,"availableSwapBytes":63987773440},{"timestamp":"2021-02-28T10:57:30Z","physicalMemoryBytes":24879906816,"availableMemoryBytes":14969479539,"percentageMemoryUsage":39.8331,"totalSwapBytes":63998783488,"availableSwapBytes":63987773440},{"timestamp":"2021-02-28T10:27:30Z","physicalMemoryBytes":24879906816,"availableMemoryBytes":14972359633,"percentageMemoryUsage":39.8215,"totalSwapBytes":63998783488,"availableSwapBytes":63987773440},{"timestamp":"2021-02-28T09:57:30Z","physicalMemoryBytes":24879906816,"availableMemoryBytes":14974681634,"percentageMemoryUsage":39.8121,"totalSwapBytes":63998783488,"availableSwapBytes":63987773440},{"timestamp":"2021-02-28T09:30:00Z","physicalMemoryBytes":24879906816,"availableMemoryBytes":14973030737,"percentageMemoryUsage":39.8188,"totalSwapBytes":63998783488,"availableSwapBytes":63987773440},{"timestamp":"2021-02-28T09:02:30Z","physicalMemoryBytes":24879906816,"availableMemoryBytes":14974026342,"percentageMemoryUsage":39.8148,"totalSwapBytes":63998783488,"availableSwapBytes":63987773440},{"timestamp":"2021-02-28T08:32:30Z","physicalMemoryBytes":24879906816,"availableMemoryBytes":14974754150,"percentageMemoryUsage":39.8119,"totalSwapBytes":63998783488,"availableSwapBytes":63987773440},{"timestamp":"2021-02-28T08:02:30Z","physicalMemoryBytes":24879906816,"availableMemoryBytes":14980081659,"percentageMemoryUsage":39.7904,"totalSwapBytes":63998783488,"availableSwapBytes":63987773449},{"timestamp":"2021-02-28T07:35:00Z","physicalMemoryBytes":24879906816,"availableMemoryBytes":14968195239,"percentageMemoryUsage":39.8382,"totalSwapBytes":63998783488,"availableSwapBytes":63988288104},{"timestamp":"2021-02-28T07:07:30Z","physicalMemoryBytes":24879906816,"availableMemoryBytes":14976251750,"percentageMemoryUsage":39.8058,"totalSwapBytes":63998783488,"availableSwapBytes":63988559872},{"timestamp":"2021-02-28T06:37:30Z","physicalMemoryBytes":24879906816,"availableMemoryBytes":14973138457,"percentageMemoryUsage":39.8183,"totalSwapBytes":63998783488,"availableSwapBytes":63988559872},{"timestamp":"2021-02-28T06:10:00Z","physicalMemoryBytes":24879906816,"availableMemoryBytes":14974351857,"percentageMemoryUsage":39.8135,"totalSwapBytes":63998783488,"availableSwapBytes":63988559872},{"timestamp":"2021-02-28T05:42:30Z","physicalMemoryBytes":24879906816,"availableMemoryBytes":14975827906,"percentageMemoryUsage":39.8075,"totalSwapBytes":63998783488,"availableSwapBytes":63988559872},{"timestamp":"2021-02-28T05:12:30Z","physicalMemoryBytes":24879906816,"availableMemoryBytes":14975770550,"percentageMemoryUsage":39.8078,"totalSwapBytes":63998783488,"availableSwapBytes":63988559872},{"timestamp":"2021-02-28T04:42:30Z","physicalMemoryBytes":24879906816,"availableMemoryBytes":14974717077,"percentageMemoryUsage":39.812,"totalSwapBytes":63998783488,"availableSwapBytes":63988559872},{"timestamp":"2021-02-28T04:15:00Z","physicalMemoryBytes":24879906816,"availableMemoryBytes":14973698675,"percentageMemoryUsage":39.8161,"totalSwapBytes":63998783488,"availableSwapBytes":63988559872},{"timestamp":"2021-02-28T03:47:30Z","physicalMemoryBytes":24879906816,"availableMemoryBytes":14972765152,"percentageMemoryUsage":39.8199,"totalSwapBytes":63998783488,"availableSwapBytes":63988559872},{"timestamp":"2021-02-28T03:17:30Z","physicalMemoryBytes":24879906816,"availableMemoryBytes":14970692345,"percentageMemoryUsage":39.8282,"totalSwapBytes":63998783488,"availableSwapBytes":63988559872},{"timestamp":"2021-02-28T02:50:00Z","physicalMemoryBytes":24879906816,"availableMemoryBytes":14969298869,"percentageMemoryUsage":39.8338,"totalSwapBytes":63998783488,"availableSwapBytes":63988559872},{"timestamp":"2021-02-28T02:22:30Z","physicalMemoryBytes":24879906816,"availableMemoryBytes":14970657147,"percentageMemoryUsage":39.8283,"totalSwapBytes":63998783488,"availableSwapBytes":63988559872},{"timestamp":"2021-02-28T01:52:30Z","physicalMemoryBytes":24879906816,"availableMemoryBytes":14971892892,"percentageMemoryUsage":39.8234,"totalSwapBytes":63998783488,"availableSwapBytes":63988559872},{"timestamp":"2021-02-28T01:25:00Z","physicalMemoryBytes":20733255680,"availableMemoryBytes":12476170976,"percentageMemoryUsage":33.1878,"totalSwapBytes":53332319573,"availableSwapBytes":53323799893},{"timestamp":"2021-02-28T01:00:00Z","physicalMemoryBytes":24879906816,"availableMemoryBytes":14969879324,"percentageMemoryUsage":39.8314,"totalSwapBytes":63998783488,"availableSwapBytes":63988559872},{"timestamp":"2021-02-28T00:32:30Z","physicalMemoryBytes":24879906816,"availableMemoryBytes":14970186508,"percentageMemoryUsage":39.8302,"totalSwapBytes":63998783488,"availableSwapBytes":63988559872},{"timestamp":"2021-02-28T00:02:30Z","physicalMemoryBytes":24879906816,"availableMemoryBytes":14968745618,"percentageMemoryUsage":39.836,"totalSwapBytes":63998783488,"availableSwapBytes":63988559872},{"timestamp":"2021-02-27T23:32:30Z","physicalMemoryBytes":24879906816,"availableMemoryBytes":14966198654,"percentageMemoryUsage":39.8462,"totalSwapBytes":63998783488,"availableSwapBytes":63988559872},{"timestamp":"2021-02-27T23:05:00Z","physicalMemoryBytes":24879906816,"availableMemoryBytes":14973389549,"percentageMemoryUsage":39.8173,"totalSwapBytes":63998783488,"availableSwapBytes":63988559872},{"timestamp":"2021-02-27T22:37:30Z","physicalMemoryBytes":24879906816,"availableMemoryBytes":14973647476,"percentageMemoryUsage":39.8163,"totalSwapBytes":63998783488,"availableSwapBytes":63988559872},{"timestamp":"2021-02-27T22:07:30Z","physicalMemoryBytes":24879906816,"availableMemoryBytes":14971924079,"percentageMemoryUsage":39.8232,"totalSwapBytes":63998783488,"availableSwapBytes":63988559872},{"timestamp":"2021-02-27T21:40:00Z","physicalMemoryBytes":24879906816,"availableMemoryBytes":14971605142,"percentageMemoryUsage":39.8245,"totalSwapBytes":63998783488,"availableSwapBytes":63988718031},{"timestamp":"2021-02-27T21:12:30Z","physicalMemoryBytes":24879906816,"availableMemoryBytes":14970001519,"percentageMemoryUsage":39.831,"totalSwapBytes":63998783488,"availableSwapBytes":63988883910},{"timestamp":"2021-02-27T20:42:30Z","physicalMemoryBytes":24879906816,"availableMemoryBytes":14968901205,"percentageMemoryUsage":39.8354,"totalSwapBytes":63998783488,"availableSwapBytes":63989084160},{"timestamp":"2021-02-27T20:12:30Z","physicalMemoryBytes":24879906816,"availableMemoryBytes":14969107543,"percentageMemoryUsage":39.8346,"totalSwapBytes":63998783488,"availableSwapBytes":63989084160},{"timestamp":"2021-02-27T19:45:00Z","physicalMemoryBytes":24879906816,"availableMemoryBytes":14973163140,"percentageMemoryUsage":39.8183,"totalSwapBytes":63998783488,"availableSwapBytes":63989084160},{"timestamp":"2021-02-27T19:17:30Z","physicalMemoryBytes":24879906816,"availableMemoryBytes":14974650579,"percentageMemoryUsage":39.8123,"totalSwapBytes":63998783488,"availableSwapBytes":63989084160},{"timestamp":"2021-02-27T18:47:30Z","physicalMemoryBytes":24879906816,"availableMemoryBytes":14973866589,"percentageMemoryUsage":39.8154,"totalSwapBytes":63998783488,"availableSwapBytes":63989084160},{"timestamp":"2021-02-27T18:20:00Z","physicalMemoryBytes":19903925452,"availableMemoryBytes":11981297356,"percentageMemoryUsage":31.8435,"totalSwapBytes":51199026790,"availableSwapBytes":51191267328}],"numMembers":365}
