{"members":[{"timestamp":"2021-03-07T00:05:00Z","physicalMemoryBytes":24879906816,"availableMemoryBytes":15016922403,"percentageMemoryUsage":39.6424,"totalSwapBytes":63998783488,"availableSwapBytes":63922256461},{"timestamp":"2021-03-07T00:00:00Z","physicalMemoryBytes":24879906816,"availableMemoryBytes":15047840126,"percentageMemoryUsage":39.5181,"totalSwapBytes":63998783488,"availableSwapBytes":63923397758},{"timestamp":"2021-03-06T23:55:00Z","physicalMemoryBytes":24879906816,"availableMemoryBytes":15047334668,"percentageMemoryUsage":39.5201,"totalSwapBytes":63998783488,"availableSwapBytes":63923810868},{"timestamp":"2021-03-06T23:50:00Z","physicalMemoryBytes":24879906816,"availableMemoryBytes":15039529445,"percentageMemoryUsage":39.5515,"totalSwapBytes":63998783488,"availableSwapBytes":63923844728},{"timestamp":"2021-03-06T23:45:00Z","physicalMemoryBytes":24879906816,"availableMemoryBytes":15032509371,"percentageMemoryUsage":39.5797,"totalSwapBytes":63998783488,"availableSwapBytes":63924075196},{"timestamp":"2021-03-06T23:40:00Z","physicalMemoryBytes":24879906816,"availableMemoryBytes":15031649180,"percentageMemoryUsage":39.5832,"totalSwapBytes":63998783488,"availableSwapBytes":63924240118},{"timestamp":"2021-03-06T23:35:00Z","physicalMemoryBytes":24879906816,"availableMemoryBytes":15030017114,"percentageMemoryUsage":39.5897,"totalSwapBytes":63998783488,"availableSwapBytes":63924338904},{"timestamp":"2021-03-06T23:30:00Z","physicalMemoryBytes":24879906816,"availableMemoryBytes":15029641641,"percentageMemoryUsage":39.5912,"totalSwapBytes":63998783488,"availableSwapBytes":63924597659},{"timestamp":"2021-03-06T23:25:00Z","physicalMemoryBytes":24879906816,"availableMemoryBytes":15029536080,"percentageMemoryUsage":39.5917,"totalSwapBytes":63998783488,"availableSwapBytes":63924653096},{"timestamp":"2021-03-06T23:20:00Z","physicalMemoryBytes":24879906816,"availableMemoryBytes":15029265435,"percentageMemoryUsage":39.5928,"totalSwapBytes":63998783488,"availableSwapBytes":63924888977},{"timestamp":"2021-03-06T23:15:00Z","physicalMemoryBytes":24879906816,"availableMemoryBytes":15028677238,"percentageMemoryUsage":39.5951,"totalSwapBytes":63998783488,"availableSwapBytes":63925121939},{"timestamp":"2021-03-06T23:10:00Z","physicalMemoryBytes":24879906816,"availableMemoryBytes":15028653609,"percentageMemoryUsage":39.5952,"totalSwapBytes":63998783488,"availableSwapBytes":63925176890},{"timestamp":"2021-03-06T23:05:00Z","physicalMemoryBytes":24879906816,"availableMemoryBytes":15026671558,"percentageMemoryUsage":39.6032,"totalSwapBytes":63998783488,"availableSwapBytes":63925383168},{"timestamp":"2021-03-06T23:00:00Z","physicalMemoryBytes":24879906816,"availableMemoryBytes":15025328703,"percentageMemoryUsage":39.6086,"totalSwapBytes":63998783488,"availableSwapBytes":63925383168},{"timestamp":"2021-03-06T22:55:00Z","physicalMemoryBytes":24879906816,"availableMemoryBytes":15023311139,"percentageMemoryUsage":39.6167,"totalSwapBytes":63998783488,"availableSwapBytes":63925383168},{"timestamp":"2021-03-06T22:50:00Z","physicalMemoryBytes":24879906816,"availableMemoryBytes":15013715323,"percentageMemoryUsage":39.6553,"totalSwapBytes":63998783488,"availableSwapBytes":63925383168},{"timestamp":"2021-03-06T22:45:00Z","physicalMemoryBytes":24879906816,"availableMemoryBytes":15007667820,"percentageMemoryUsage":39.6796,"totalSwapBytes":63998783488,"availableSwapBytes":63925383217},{"timestamp":"2021-03-06T22:40:00Z","physicalMemoryBytes":24879906816,"availableMemoryBytes":15006533594,"percentageMemoryUsage":39.6841,"totalSwapBytes":63998783488,"availableSwapBytes":63925386197},{"timestamp":"2021-03-06T22:35:00Z","physicalMemoryBytes":24879906816,"availableMemoryBytes":15005093633,"percentageMemoryUsage":39.6899,"totalSwapBytes":63998783488,"availableSwapBytes":63925567958},{"timestamp":"2021-03-06T22:30:00Z","physicalMemoryBytes":24879906816,"availableMemoryBytes":15004840797,"percentageMemoryUsage":39.6909,"totalSwapBytes":63998783488,"availableSwapBytes":63925645312},{"timestamp":"2021-03-06T22:25:00Z","physicalMemoryBytes":24879906816,"availableMemoryBytes":15005826366,"percentageMemoryUsage":39.687,"totalSwapBytes":63998783488,"availableSwapBytes":63925645312},{"timestamp":"2021-03-06T22:20:00Z","physicalMemoryBytes":24879906816,"availableMemoryBytes":15012579306,"percentageMemoryUsage":39.6598,"totalSwapBytes":63998783488,"availableSwapBytes":63925645347},{"timestamp":"2021-03-06T22:15:00Z","physicalMemoryBytes":24879906816,"availableMemoryBytes":15012192975,"percentageMemoryUsage":39.6614,"totalSwapBytes":63998783488,"availableSwapBytes":63925647495},{"timestamp":"2021-03-06T22:10:00Z","physicalMemoryBytes":24879906816,"availableMemoryBytes":15012215677,"percentageMemoryUsage":39.6613,"totalSwapBytes":63998783488,"availableSwapBytes":63925778532},{"timestamp":"2021-03-06T22:05:00Z","physicalMemoryBytes":24879906816,"availableMemoryBytes":15008935167,"percentageMemoryUsage":39.6745,"totalSwapBytes":63998783488,"availableSwapBytes":63925907456},{"timestamp":"2021-03-06T22:00:00Z","physicalMemoryBytes":24879906816,"availableMemoryBytes":15008508114,"percentageMemoryUsage":39.6762,"totalSwapBytes":63998783488,"availableSwapBytes":63925907456},{"timestamp":"2021-03-06T21:55:00Z","physicalMemoryBytes":24879906816,"availableMemoryBytes":15008057890,"percentageMemoryUsage":39.678,"totalSwapBytes":63998783488,"availableSwapBytes":63925907456},{"timestamp":"2021-03-06T21:50:00Z","physicalMemoryBytes":24879906816,"availableMemoryBytes":15006632510,"percentageMemoryUsage":39.6837,"totalSwapBytes":63998783488,"availableSwapBytes":63925907513},{"timestamp":"2021-03-06T21:45:00Z","physicalMemoryBytes":24879906816,"availableMemoryBytes":15001178350,"percentageMemoryUsage":39.7056,"totalSwapBytes":63998783488,"availableSwapBytes":63925910979},{"timestamp":"2021-03-06T21:40:00Z","physicalMemoryBytes":24879906816,"availableMemoryBytes":14995966165,"percentageMemoryUsage":39.7266,"totalSwapBytes":63998783488,"availableSwapBytes":63926122370},{"timestamp":"2021-03-06T21:35:00Z","physicalMemoryBytes":24879906816,"availableMemoryBytes":14995725029,"percentageMemoryUsage":39.7276,"totalSwapBytes":63998783488,"availableSwapBytes":63926172208},{"timestamp":"2021-03-06T21:30:00Z","physicalMemoryBytes":24879906816,"availableMemoryBytes":14992746651,"percentageMemoryUsage":39.7395,"totalSwapBytes":63998783488,"availableSwapBytes":63926328690},{"timestamp":"2021-03-06T21:25:00Z","physicalMemoryBytes":24879906816,"availableMemoryBytes":14992153878,"percentageMemoryUsage":39.7419,"totalSwapBytes":63998783488,"availableSwapBytes":63926436957},{"timestamp":"2021-03-06T21:20:00Z","physicalMemoryBytes":24879906816,"availableMemoryBytes":14992268901,"percentageMemoryUsage":39.7415,"totalSwapBytes":63998783488,"availableSwapBytes":63926749797},{"timestamp":"2021-03-06T21:15:00Z","physicalMemoryBytes":24879906816,"availableMemoryBytes":14991236643,"percentageMemoryUsage":39.7456,"totalSwapBytes":63998783488,"availableSwapBytes":63926958639},{"timestamp":"2021-03-06T21:10:00Z","physicalMemoryBytes":24879906816,"availableMemoryBytes":14994919014,"percentageMemoryUsage":39.7308,"totalSwapBytes":63998783488,"availableSwapBytes":63927115113},{"timestamp":"2021-03-06T21:05:00Z","physicalMemoryBytes":24879906816,"availableMemoryBytes":14993747591,"percentageMemoryUsage":39.7355,"totalSwapBytes":63998783488,"availableSwapBytes":63927222826},{"timestamp":"2021-03-06T21:00:00Z","physicalMemoryBytes":24879906816,"availableMemoryBytes":14994499161,"percentageMemoryUsage":39.7325,"totalSwapBytes":63998783488,"availableSwapBytes":63927501837},{"timestamp":"2021-03-06T20:55:00Z","physicalMemoryBytes":24879906816,"availableMemoryBytes":14994154350,"percentageMemoryUsage":39.7339,"totalSwapBytes":63998783488,"availableSwapBytes":63927744295},{"timestamp":"2021-03-06T20:50:00Z","physicalMemoryBytes":24879906816,"availableMemoryBytes":14992204098,"percentageMemoryUsage":39.7417,"totalSwapBytes":63998783488,"availableSwapBytes":63927854197},{"timestamp":"2021-03-06T20:45:00Z","physicalMemoryBytes":24879906816,"availableMemoryBytes":14990601448,"percentageMemoryUsage":39.7482,"totalSwapBytes":63998783488,"availableSwapBytes":63928266770},{"timestamp":"2021-03-06T20:40:00Z","physicalMemoryBytes":24879906816,"availableMemoryBytes":14989763401,"percentageMemoryUsage":39.7515,"totalSwapBytes":63998783488,"availableSwapBytes":63928267879},{"timestamp":"2021-03-06T20:35:00Z","physicalMemoryBytes":24879906816,"availableMemoryBytes":14984128657,"percentageMemoryUsage":39.7742,"totalSwapBytes":63998783488,"availableSwapBytes":63928335511},{"timestamp":"2021-03-06T20:30:00Z","physicalMemoryBytes":24879906816,"availableMemoryBytes":14977657489,"percentageMemoryUsage":39.8002,"totalSwapBytes":63998783488,"availableSwapBytes":63928528896},{"timestamp":"2021-03-06T20:25:00Z","physicalMemoryBytes":24879906816,"availableMemoryBytes":14978126998,"percentageMemoryUsage":39.7983,"totalSwapBytes":63998783488,"availableSwapBytes":63928528897},{"timestamp":"2021-03-06T20:20:00Z","physicalMemoryBytes":24879906816,"availableMemoryBytes":14977742807,"percentageMemoryUsage":39.7998,"totalSwapBytes":63998783488,"availableSwapBytes":63928528961},{"timestamp":"2021-03-06T20:15:00Z","physicalMemoryBytes":24879906816,"availableMemoryBytes":14978293332,"percentageMemoryUsage":39.7976,"totalSwapBytes":63998783488,"availableSwapBytes":63928532898},{"timestamp":"2021-03-06T20:10:00Z","physicalMemoryBytes":24879906816,"availableMemoryBytes":14975945221,"percentageMemoryUsage":39.8071,"totalSwapBytes":63998783488,"availableSwapBytes":63928773075},{"timestamp":"2021-03-06T20:05:00Z","physicalMemoryBytes":24879906816,"availableMemoryBytes":14990422838,"percentageMemoryUsage":39.7489,"totalSwapBytes":63998783488,"availableSwapBytes":63929005913},{"timestamp":"2021-03-06T20:00:00Z","physicalMemoryBytes":24879906816,"availableMemoryBytes":14991123439,"percentageMemoryUsage":39.7461,"totalSwapBytes":63998783488,"availableSwapBytes":63929315398},{"timestamp":"2021-03-06T19:55:00Z","physicalMemoryBytes":24879906816,"availableMemoryBytes":14988492787,"percentageMemoryUsage":39.7566,"totalSwapBytes":63998783488,"availableSwapBytes":63929319626},{"timestamp":"2021-03-06T19:50:00Z","physicalMemoryBytes":24879906816,"availableMemoryBytes":14988147983,"percentageMemoryUsage":39.758,"totalSwapBytes":63998783488,"availableSwapBytes":63929577514},{"timestamp":"2021-03-06T19:45:00Z","physicalMemoryBytes":24879906816,"availableMemoryBytes":14987652282,"percentageMemoryUsage":39.76,"totalSwapBytes":63998783488,"availableSwapBytes":63929580079},{"timestamp":"2021-03-06T19:40:00Z","physicalMemoryBytes":24879906816,"availableMemoryBytes":14987397217,"percentageMemoryUsage":39.761,"totalSwapBytes":63998783488,"availableSwapBytes":63929736507},{"timestamp":"2021-03-06T19:35:00Z","physicalMemoryBytes":24879906816,"availableMemoryBytes":14987575113,"percentageMemoryUsage":39.7603,"totalSwapBytes":63998783488,"availableSwapBytes":63929841447},{"timestamp":"2021-03-06T19:30:00Z","physicalMemoryBytes":24879906816,"availableMemoryBytes":14986568860,"percentageMemoryUsage":39.7644,"totalSwapBytes":63998783488,"availableSwapBytes":63929951350},{"timestamp":"2021-03-06T19:25:00Z","physicalMemoryBytes":24879906816,"availableMemoryBytes":14977325397,"percentageMemoryUsage":39.8015,"totalSwapBytes":63998783488,"availableSwapBytes":63930363961},{"timestamp":"2021-03-06T19:20:00Z","physicalMemoryBytes":24879906816,"availableMemoryBytes":14965487943,"percentageMemoryUsage":39.8491,"totalSwapBytes":63998783488,"availableSwapBytes":63930367426},{"timestamp":"2021-03-06T19:15:00Z","physicalMemoryBytes":24879906816,"availableMemoryBytes":14966502925,"percentageMemoryUsage":39.845,"totalSwapBytes":63998783488,"availableSwapBytes":63930578776},{"timestamp":"2021-03-06T19:10:00Z","physicalMemoryBytes":24879906816,"availableMemoryBytes":14968262994,"percentageMemoryUsage":39.8379,"totalSwapBytes":63998783488,"availableSwapBytes":63930888234},{"timestamp":"2021-03-06T19:05:00Z","physicalMemoryBytes":24879906816,"availableMemoryBytes":14967152818,"percentageMemoryUsage":39.8424,"totalSwapBytes":63998783488,"availableSwapBytes":63930890799},{"timestamp":"2021-03-06T19:00:00Z","physicalMemoryBytes":24879906816,"availableMemoryBytes":14966770315,"percentageMemoryUsage":39.8439,"totalSwapBytes":63998783488,"availableSwapBytes":63931047227},{"timestamp":"2021-03-06T18:55:00Z","physicalMemoryBytes":24879906816,"availableMemoryBytes":14966219610,"percentageMemoryUsage":39.8462,"totalSwapBytes":63998783488,"availableSwapBytes":63931152167},{"timestamp":"2021-03-06T18:50:00Z","physicalMemoryBytes":24879906816,"availableMemoryBytes":14966889590,"percentageMemoryUsage":39.8435,"totalSwapBytes":63998783488,"availableSwapBytes":63931262069},{"timestamp":"2021-03-06T18:45:00Z","physicalMemoryBytes":24879906816,"availableMemoryBytes":14966048824,"percentageMemoryUsage":39.8468,"totalSwapBytes":63998783488,"availableSwapBytes":63931674624},{"timestamp":"2021-03-06T18:40:00Z","physicalMemoryBytes":24879906816,"availableMemoryBytes":14966551904,"percentageMemoryUsage":39.8448,"totalSwapBytes":63998783488,"availableSwapBytes":63931674624},{"timestamp":"2021-03-06T18:35:00Z","physicalMemoryBytes":24879906816,"availableMemoryBytes":14964029435,"percentageMemoryUsage":39.855,"totalSwapBytes":63998783488,"availableSwapBytes":63931674624},{"timestamp":"2021-03-06T18:30:00Z","physicalMemoryBytes":24879906816,"availableMemoryBytes":14963762909,"percentageMemoryUsage":39.856,"totalSwapBytes":63998783488,"availableSwapBytes":63931674624},{"timestamp":"2021-03-06T18:25:00Z","physicalMemoryBytes":24879906816,"availableMemoryBytes":14961783466,"percentageMemoryUsage":39.864,"totalSwapBytes":63998783488,"availableSwapBytes":63931674624},{"timestamp":"2021-03-06T18:20:00Z","physicalMemoryBytes":24879906816,"availableMemoryBytes":14962594444,"percentageMemoryUsage":39.8607,"totalSwapBytes":63998783488,"availableSwapBytes":63931674624},{"timestamp":"2021-03-06T18:15:00Z","physicalMemoryBytes":24879906816,"availableMemoryBytes":14965455759,"percentageMemoryUsage":39.8492,"totalSwapBytes":63998783488,"availableSwapBytes":63931674624},{"timestamp":"2021-03-06T18:10:00Z","physicalMemoryBytes":24879906816,"availableMemoryBytes":14970306880,"percentageMemoryUsage":39.8297,"totalSwapBytes":63998783488,"availableSwapBytes":63931674624},{"timestamp":"2021-03-06T18:05:00Z","physicalMemoryBytes":24879906816,"availableMemoryBytes":14984895601,"percentageMemoryUsage":39.7711,"totalSwapBytes":63998783488,"availableSwapBytes":63931674624},{"timestamp":"2021-03-06T18:00:00Z","physicalMemoryBytes":24879906816,"availableMemoryBytes":14998660893,"percentageMemoryUsage":39.7158,"totalSwapBytes":63998783488,"availableSwapBytes":63931674624},{"timestamp":"2021-03-06T17:55:00Z","physicalMemoryBytes":24879906816,"availableMemoryBytes":15000543762,"percentageMemoryUsage":39.7082,"totalSwapBytes":63998783488,"availableSwapBytes":63931674624},{"timestamp":"2021-03-06T17:50:00Z","physicalMemoryBytes":24879906816,"availableMemoryBytes":15001017986,"percentageMemoryUsage":39.7063,"totalSwapBytes":63998783488,"availableSwapBytes":63931674624},{"timestamp":"2021-03-06T17:45:00Z","physicalMemoryBytes":24879906816,"availableMemoryBytes":14999864594,"percentageMemoryUsage":39.7109,"totalSwapBytes":63998783488,"availableSwapBytes":63931674624},{"timestamp":"2021-03-06T17:40:00Z","physicalMemoryBytes":24879906816,"availableMemoryBytes":15000282455,"percentageMemoryUsage":39.7092,"totalSwapBytes":63998783488,"availableSwapBytes":63931674624},{"timestamp":"2021-03-06T17:35:00Z","physicalMemoryBytes":24879906816,"availableMemoryBytes":14999692767,"percentageMemoryUsage":39.7116,"totalSwapBytes":63998783488,"availableSwapBytes":63931674624},{"timestamp":"2021-03-06T17:30:00Z","physicalMemoryBytes":24879906816,"availableMemoryBytes":14999053888,"percentageMemoryUsage":39.7142,"totalSwapBytes":63998783488,"availableSwapBytes":63931674624},{"timestamp":"2021-03-06T17:25:00Z","physicalMemoryBytes":24879906816,"availableMemoryBytes":14998310268,"percentageMemoryUsage":39.7172,"totalSwapBytes":63998783488,"availableSwapBytes":63931674624},{"timestamp":"2021-03-06T17:20:00Z","physicalMemoryBytes":24879906816,"availableMemoryBytes":14998222494,"percentageMemoryUsage":39.7175,"totalSwapBytes":63998783488,"availableSwapBytes":63931674624},{"timestamp":"2021-03-06T17:15:00Z","physicalMemoryBytes":24879906816,"availableMemoryBytes":14998221784,"percentageMemoryUsage":39.7175,"totalSwapBytes":63998783488,"availableSwapBytes":63931674624},{"timestamp":"2021-03-06T17:10:00Z","physicalMemoryBytes":24879906816,"availableMemoryBytes":14995671700,"percentageMemoryUsage":39.7278,"totalSwapBytes":63998783488,"availableSwapBytes":63931674624},{"timestamp":"2021-03-06T17:05:00Z","physicalMemoryBytes":24879906816,"availableMemoryBytes":14992852329,"percentageMemoryUsage":39.7391,"totalSwapBytes":63998783488,"availableSwapBytes":63931674624},{"timestamp":"2021-03-06T17:00:00Z","physicalMemoryBytes":24879906816,"availableMemoryBytes":14996060695,"percentageMemoryUsage":39.7262,"totalSwapBytes":63998783488,"availableSwapBytes":63931674624},{"timestamp":"2021-03-06T16:55:00Z","physicalMemoryBytes":24879906816,"availableMemoryBytes":14996244375,"percentageMemoryUsage":39.7255,"totalSwapBytes":63998783488,"availableSwapBytes":63931674624},{"timestamp":"2021-03-06T16:50:00Z","physicalMemoryBytes":24879906816,"availableMemoryBytes":14998277936,"percentageMemoryUsage":39.7173,"totalSwapBytes":63998783488,"availableSwapBytes":63931674624},{"timestamp":"2021-03-06T16:45:00Z","physicalMemoryBytes":24879906816,"availableMemoryBytes":14996434566,"percentageMemoryUsage":39.7247,"totalSwapBytes":63998783488,"availableSwapBytes":63931674624},{"timestamp":"2021-03-06T16:40:00Z","physicalMemoryBytes":24879906816,"availableMemoryBytes":14994789898,"percentageMemoryUsage":39.7313,"totalSwapBytes":63998783488,"availableSwapBytes":63931674624},{"timestamp":"2021-03-06T16:35:00Z","physicalMemoryBytes":24879906816,"availableMemoryBytes":14987829377,"percentageMemoryUsage":39.7593,"totalSwapBytes":63998783488,"availableSwapBytes":63931674624},{"timestamp":"2021-03-06T16:30:00Z","physicalMemoryBytes":24879906816,"availableMemoryBytes":14975520453,"percentageMemoryUsage":39.8088,"totalSwapBytes":63998783488,"availableSwapBytes":63931674624},{"timestamp":"2021-03-06T16:25:00Z","physicalMemoryBytes":24879906816,"availableMemoryBytes":14965228809,"percentageMemoryUsage":39.8501,"totalSwapBytes":63998783488,"availableSwapBytes":63931674625},{"timestamp":"2021-03-06T16:20:00Z","physicalMemoryBytes":24879906816,"availableMemoryBytes":14948397867,"percentageMemoryUsage":39.9178,"totalSwapBytes":63998783488,"availableSwapBytes":63931674696},{"timestamp":"2021-03-06T16:15:00Z","physicalMemoryBytes":24879906816,"availableMemoryBytes":14926020979,"percentageMemoryUsage":40.0077,"totalSwapBytes":63998783488,"availableSwapBytes":63931679070},{"timestamp":"2021-03-06T16:10:00Z","physicalMemoryBytes":24879906816,"availableMemoryBytes":14894344353,"percentageMemoryUsage":40.135,"totalSwapBytes":63998783488,"availableSwapBytes":63931945856},{"timestamp":"2021-03-06T16:05:00Z","physicalMemoryBytes":24879906816,"availableMemoryBytes":14996409964,"percentageMemoryUsage":39.7248,"totalSwapBytes":63998783488,"availableSwapBytes":63933277570},{"timestamp":"2021-03-06T16:00:00Z","physicalMemoryBytes":24879906816,"availableMemoryBytes":14996828092,"percentageMemoryUsage":39.7231,"totalSwapBytes":63998783488,"availableSwapBytes":63933509632},{"timestamp":"2021-03-06T15:55:00Z","physicalMemoryBytes":24879906816,"availableMemoryBytes":14998380494,"percentageMemoryUsage":39.7169,"totalSwapBytes":63998783488,"availableSwapBytes":63933509633},{"timestamp":"2021-03-06T15:50:00Z","physicalMemoryBytes":24879906816,"availableMemoryBytes":15001560089,"percentageMemoryUsage":39.7041,"totalSwapBytes":63998783488,"availableSwapBytes":63933509701},{"timestamp":"2021-03-06T15:45:00Z","physicalMemoryBytes":24879906816,"availableMemoryBytes":15001352709,"percentageMemoryUsage":39.7049,"totalSwapBytes":63998783488,"availableSwapBytes":63933513858},{"timestamp":"2021-03-06T15:40:00Z","physicalMemoryBytes":24879906816,"availableMemoryBytes":15000781646,"percentageMemoryUsage":39.7072,"totalSwapBytes":63998783488,"availableSwapBytes":63933767478},{"timestamp":"2021-03-06T15:35:00Z","physicalMemoryBytes":24879906816,"availableMemoryBytes":14999116188,"percentageMemoryUsage":39.7139,"totalSwapBytes":63998783488,"availableSwapBytes":63934033920},{"timestamp":"2021-03-06T15:30:00Z","physicalMemoryBytes":24879906816,"availableMemoryBytes":14997506646,"percentageMemoryUsage":39.7204,"totalSwapBytes":63998783488,"availableSwapBytes":63934033920},{"timestamp":"2021-03-06T15:25:00Z","physicalMemoryBytes":24879906816,"availableMemoryBytes":14998009511,"percentageMemoryUsage":39.7184,"totalSwapBytes":63998783488,"availableSwapBytes":63934033920},{"timestamp":"2021-03-06T15:20:00Z","physicalMemoryBytes":24879906816,"availableMemoryBytes":15007208934,"percentageMemoryUsage":39.6814,"totalSwapBytes":63998783488,"availableSwapBytes":63934033920},{"timestamp":"2021-03-06T15:15:00Z","physicalMemoryBytes":24879906816,"availableMemoryBytes":15013496785,"percentageMemoryUsage":39.6561,"totalSwapBytes":63998783488,"availableSwapBytes":63934033948},{"timestamp":"2021-03-06T15:10:00Z","physicalMemoryBytes":24879906816,"availableMemoryBytes":15012973812,"percentageMemoryUsage":39.6582,"totalSwapBytes":63998783488,"availableSwapBytes":63934035681},{"timestamp":"2021-03-06T15:05:00Z","physicalMemoryBytes":24879906816,"availableMemoryBytes":14999377466,"percentageMemoryUsage":39.7129,"totalSwapBytes":63998783488,"availableSwapBytes":63934141357},{"timestamp":"2021-03-06T15:00:00Z","physicalMemoryBytes":24879906816,"availableMemoryBytes":15007788017,"percentageMemoryUsage":39.6791,"totalSwapBytes":63998783488,"availableSwapBytes":63934296149},{"timestamp":"2021-03-06T14:55:00Z","physicalMemoryBytes":24879906816,"availableMemoryBytes":15007017103,"percentageMemoryUsage":39.6822,"totalSwapBytes":63998783488,"availableSwapBytes":63934301277},{"timestamp":"2021-03-06T14:50:00Z","physicalMemoryBytes":24879906816,"availableMemoryBytes":15008922141,"percentageMemoryUsage":39.6745,"totalSwapBytes":63998783488,"availableSwapBytes":63934614075},{"timestamp":"2021-03-06T14:45:00Z","physicalMemoryBytes":24879906816,"availableMemoryBytes":15007742231,"percentageMemoryUsage":39.6793,"totalSwapBytes":63998783488,"availableSwapBytes":63934820380},{"timestamp":"2021-03-06T14:40:00Z","physicalMemoryBytes":24879906816,"availableMemoryBytes":15006354088,"percentageMemoryUsage":39.6848,"totalSwapBytes":63998783488,"availableSwapBytes":63934822113},{"timestamp":"2021-03-06T14:35:00Z","physicalMemoryBytes":24879906816,"availableMemoryBytes":15004129814,"percentageMemoryUsage":39.6938,"totalSwapBytes":63998783488,"availableSwapBytes":63934927788},{"timestamp":"2021-03-06T14:30:00Z","physicalMemoryBytes":24879906816,"availableMemoryBytes":15002027895,"percentageMemoryUsage":39.7022,"totalSwapBytes":63998783488,"availableSwapBytes":63935082526},{"timestamp":"2021-03-06T14:25:00Z","physicalMemoryBytes":24879906816,"availableMemoryBytes":15001470857,"percentageMemoryUsage":39.7045,"totalSwapBytes":63998783488,"availableSwapBytes":63935084327},{"timestamp":"2021-03-06T14:20:00Z","physicalMemoryBytes":24879906816,"availableMemoryBytes":15003077541,"percentageMemoryUsage":39.698,"totalSwapBytes":63998783488,"availableSwapBytes":63935194230},{"timestamp":"2021-03-06T14:15:00Z","physicalMemoryBytes":24879906816,"availableMemoryBytes":15002523231,"percentageMemoryUsage":39.7002,"totalSwapBytes":63998783488,"availableSwapBytes":63935606841},{"timestamp":"2021-03-06T14:10:00Z","physicalMemoryBytes":24879906816,"availableMemoryBytes":15002145972,"percentageMemoryUsage":39.7018,"totalSwapBytes":63998783488,"availableSwapBytes":63935610306},{"timestamp":"2021-03-06T14:05:00Z","physicalMemoryBytes":24879906816,"availableMemoryBytes":15006322436,"percentageMemoryUsage":39.685,"totalSwapBytes":63998783488,"availableSwapBytes":63935821656},{"timestamp":"2021-03-06T14:00:00Z","physicalMemoryBytes":24879906816,"availableMemoryBytes":15008592936,"percentageMemoryUsage":39.6758,"totalSwapBytes":63998783488,"availableSwapBytes":63936131114},{"timestamp":"2021-03-06T13:55:00Z","physicalMemoryBytes":24879906816,"availableMemoryBytes":15009590670,"percentageMemoryUsage":39.6718,"totalSwapBytes":63998783488,"availableSwapBytes":63936133678},{"timestamp":"2021-03-06T13:50:00Z","physicalMemoryBytes":24879906816,"availableMemoryBytes":15008566011,"percentageMemoryUsage":39.676,"totalSwapBytes":63998783488,"availableSwapBytes":63936290077},{"timestamp":"2021-03-06T13:45:00Z","physicalMemoryBytes":24879906816,"availableMemoryBytes":15008497154,"percentageMemoryUsage":39.6762,"totalSwapBytes":63998783488,"availableSwapBytes":63936393244},{"timestamp":"2021-03-06T13:40:00Z","physicalMemoryBytes":24879906816,"availableMemoryBytes":15007876738,"percentageMemoryUsage":39.6787,"totalSwapBytes":63998783488,"availableSwapBytes":63936394977},{"timestamp":"2021-03-06T13:35:00Z","physicalMemoryBytes":24879906816,"availableMemoryBytes":15006891298,"percentageMemoryUsage":39.6827,"totalSwapBytes":63998783488,"availableSwapBytes":63936500652},{"timestamp":"2021-03-06T13:30:00Z","physicalMemoryBytes":24879906816,"availableMemoryBytes":14994731328,"percentageMemoryUsage":39.7316,"totalSwapBytes":63998783488,"availableSwapBytes":63936655360},{"timestamp":"2021-03-06T13:25:00Z","physicalMemoryBytes":24879906816,"availableMemoryBytes":14988594255,"percentageMemoryUsage":39.7562,"totalSwapBytes":63998783488,"availableSwapBytes":63936655360},{"timestamp":"2021-03-06T13:20:00Z","physicalMemoryBytes":24879906816,"availableMemoryBytes":14988238585,"percentageMemoryUsage":39.7577,"totalSwapBytes":63998783488,"availableSwapBytes":63936655360},{"timestamp":"2021-03-06T13:15:00Z","physicalMemoryBytes":24879906816,"availableMemoryBytes":14988591492,"percentageMemoryUsage":39.7562,"totalSwapBytes":63998783488,"availableSwapBytes":63936655360},{"timestamp":"2021-03-06T13:10:00Z","physicalMemoryBytes":24879906816,"availableMemoryBytes":14988168320,"percentageMemoryUsage":39.7579,"totalSwapBytes":63998783488,"availableSwapBytes":63936655360},{"timestamp":"2021-03-06T13:05:00Z","physicalMemoryBytes":24879906816,"availableMemoryBytes":14984649401,"percentageMemoryUsage":39.7721,"totalSwapBytes":63998783488,"availableSwapBytes":63936655360},{"timestamp":"2021-03-06T13:00:00Z","physicalMemoryBytes":24879906816,"availableMemoryBytes":14984470037,"percentageMemoryUsage":39.7728,"totalSwapBytes":63998783488,"availableSwapBytes":63936655360},{"timestamp":"2021-03-06T12:55:00Z","physicalMemoryBytes":24879906816,"availableMemoryBytes":14984526599,"percentageMemoryUsage":39.7726,"totalSwapBytes":63998783488,"availableSwapBytes":63936655360},{"timestamp":"2021-03-06T12:50:00Z","physicalMemoryBytes":24879906816,"availableMemoryBytes":14982762677,"percentageMemoryUsage":39.7797,"totalSwapBytes":63998783488,"availableSwapBytes":63936655360},{"timestamp":"2021-03-06T12:45:00Z","physicalMemoryBytes":24879906816,"availableMemoryBytes":14988270427,"percentageMemoryUsage":39.7575,"totalSwapBytes":63998783488,"availableSwapBytes":63936655360},{"timestamp":"2021-03-06T12:40:00Z","physicalMemoryBytes":24879906816,"availableMemoryBytes":14989239502,"percentageMemoryUsage":39.7536,"totalSwapBytes":63998783488,"availableSwapBytes":63936655360},{"timestamp":"2021-03-06T12:35:00Z","physicalMemoryBytes":24879906816,"availableMemoryBytes":14989796683,"percentageMemoryUsage":39.7514,"totalSwapBytes":63998783488,"availableSwapBytes":63936655360},{"timestamp":"2021-03-06T12:30:00Z","physicalMemoryBytes":24879906816,"availableMemoryBytes":14988329744,"percentageMemoryUsage":39.7573,"totalSwapBytes":63998783488,"availableSwapBytes":63936655360},{"timestamp":"2021-03-06T12:25:00Z","physicalMemoryBytes":24879906816,"availableMemoryBytes":14988053209,"percentageMemoryUsage":39.7584,"totalSwapBytes":63998783488,"availableSwapBytes":63936655360},{"timestamp":"2021-03-06T12:20:00Z","physicalMemoryBytes":24879906816,"availableMemoryBytes":14987527617,"percentageMemoryUsage":39.7605,"totalSwapBytes":63998783488,"availableSwapBytes":63936655360},{"timestamp":"2021-03-06T12:15:00Z","physicalMemoryBytes":24879906816,"availableMemoryBytes":14985301780,"percentageMemoryUsage":39.7695,"totalSwapBytes":63998783488,"availableSwapBytes":63936655360},{"timestamp":"2021-03-06T12:10:00Z","physicalMemoryBytes":24879906816,"availableMemoryBytes":14986307543,"percentageMemoryUsage":39.7654,"totalSwapBytes":63998783488,"availableSwapBytes":63936655360},{"timestamp":"2021-03-06T12:05:00Z","physicalMemoryBytes":24879906816,"availableMemoryBytes":14987218500,"percentageMemoryUsage":39.7618,"totalSwapBytes":63998783488,"availableSwapBytes":63936655360},{"timestamp":"2021-03-06T12:00:00Z","physicalMemoryBytes":24879906816,"availableMemoryBytes":14989514332,"percentageMemoryUsage":39.7525,"totalSwapBytes":63998783488,"availableSwapBytes":63936655360},{"timestamp":"2021-03-06T11:55:00Z","physicalMemoryBytes":24879906816,"availableMemoryBytes":14988096527,"percentageMemoryUsage":39.7582,"totalSwapBytes":63998783488,"availableSwapBytes":63936655360},{"timestamp":"2021-03-06T11:50:00Z","physicalMemoryBytes":24879906816,"availableMemoryBytes":14987855820,"percentageMemoryUsage":39.7592,"totalSwapBytes":63998783488,"availableSwapBytes":63936655360},{"timestamp":"2021-03-06T11:45:00Z","physicalMemoryBytes":24879906816,"availableMemoryBytes":14988725187,"percentageMemoryUsage":39.7557,"totalSwapBytes":63998783488,"availableSwapBytes":63936655360},{"timestamp":"2021-03-06T11:40:00Z","physicalMemoryBytes":24879906816,"availableMemoryBytes":14989352352,"percentageMemoryUsage":39.7532,"totalSwapBytes":63998783488,"availableSwapBytes":63936655360},{"timestamp":"2021-03-06T11:35:00Z","physicalMemoryBytes":24879906816,"availableMemoryBytes":14990417749,"percentageMemoryUsage":39.7489,"totalSwapBytes":63998783488,"availableSwapBytes":63936655360},{"timestamp":"2021-03-06T11:30:00Z","physicalMemoryBytes":24879906816,"availableMemoryBytes":14991751020,"percentageMemoryUsage":39.7435,"totalSwapBytes":63998783488,"availableSwapBytes":63936655360},{"timestamp":"2021-03-06T11:25:00Z","physicalMemoryBytes":24879906816,"availableMemoryBytes":14989747448,"percentageMemoryUsage":39.7516,"totalSwapBytes":63998783488,"availableSwapBytes":63936655360},{"timestamp":"2021-03-06T11:20:00Z","physicalMemoryBytes":24879906816,"availableMemoryBytes":14989295385,"percentageMemoryUsage":39.7534,"totalSwapBytes":63998783488,"availableSwapBytes":63936655360},{"timestamp":"2021-03-06T11:15:00Z","physicalMemoryBytes":24879906816,"availableMemoryBytes":14989756692,"percentageMemoryUsage":39.7516,"totalSwapBytes":63998783488,"availableSwapBytes":63936655360},{"timestamp":"2021-03-06T11:10:00Z","physicalMemoryBytes":24879906816,"availableMemoryBytes":14988614113,"percentageMemoryUsage":39.7561,"totalSwapBytes":63998783488,"availableSwapBytes":63936655360},{"timestamp":"2021-03-06T11:05:00Z","physicalMemoryBytes":24879906816,"availableMemoryBytes":14986361503,"percentageMemoryUsage":39.7652,"totalSwapBytes":63998783488,"availableSwapBytes":63936655360},{"timestamp":"2021-03-06T11:00:00Z","physicalMemoryBytes":24879906816,"availableMemoryBytes":14984583159,"percentageMemoryUsage":39.7724,"totalSwapBytes":63998783488,"availableSwapBytes":63936655360},{"timestamp":"2021-03-06T10:55:00Z","physicalMemoryBytes":24879906816,"availableMemoryBytes":14982985231,"percentageMemoryUsage":39.7788,"totalSwapBytes":63998783488,"availableSwapBytes":63936655360},{"timestamp":"2021-03-06T10:50:00Z","physicalMemoryBytes":24879906816,"availableMemoryBytes":14974685624,"percentageMemoryUsage":39.8121,"totalSwapBytes":63998783488,"availableSwapBytes":63936655360},{"timestamp":"2021-03-06T10:45:00Z","physicalMemoryBytes":24879906816,"availableMemoryBytes":14980888836,"percentageMemoryUsage":39.7872,"totalSwapBytes":63998783488,"availableSwapBytes":63936655360},{"timestamp":"2021-03-06T10:40:00Z","physicalMemoryBytes":24879906816,"availableMemoryBytes":14988518911,"percentageMemoryUsage":39.7565,"totalSwapBytes":63998783488,"availableSwapBytes":63936655360},{"timestamp":"2021-03-06T10:35:00Z","physicalMemoryBytes":24879906816,"availableMemoryBytes":14987386340,"percentageMemoryUsage":39.7611,"totalSwapBytes":63998783488,"availableSwapBytes":63936655360},{"timestamp":"2021-03-06T10:30:00Z","physicalMemoryBytes":24879906816,"availableMemoryBytes":14988914570,"percentageMemoryUsage":39.7549,"totalSwapBytes":63998783488,"availableSwapBytes":63936655360},{"timestamp":"2021-03-06T10:25:00Z","physicalMemoryBytes":24879906816,"availableMemoryBytes":14991016963,"percentageMemoryUsage":39.7465,"totalSwapBytes":63998783488,"availableSwapBytes":63936655360},{"timestamp":"2021-03-06T10:20:00Z","physicalMemoryBytes":24879906816,"availableMemoryBytes":14991447239,"percentageMemoryUsage":39.7448,"totalSwapBytes":63998783488,"availableSwapBytes":63936655360},{"timestamp":"2021-03-06T10:15:00Z","physicalMemoryBytes":24879906816,"availableMemoryBytes":14990414721,"percentageMemoryUsage":39.7489,"totalSwapBytes":63998783488,"availableSwapBytes":63936655360},{"timestamp":"2021-03-06T10:10:00Z","physicalMemoryBytes":24879906816,"availableMemoryBytes":14990677480,"percentageMemoryUsage":39.7479,"totalSwapBytes":63998783488,"availableSwapBytes":63936655360},{"timestamp":"2021-03-06T10:05:00Z","physicalMemoryBytes":24879906816,"availableMemoryBytes":14994073686,"percentageMemoryUsage":39.7342,"totalSwapBytes":63998783488,"availableSwapBytes":63936655360},{"timestamp":"2021-03-06T10:00:00Z","physicalMemoryBytes":24879906816,"availableMemoryBytes":14994033792,"percentageMemoryUsage":39.7344,"totalSwapBytes":63998783488,"availableSwapBytes":63936655360},{"timestamp":"2021-03-06T09:55:00Z","physicalMemoryBytes":24879906816,"availableMemoryBytes":14994016930,"percentageMemoryUsage":39.7344,"totalSwapBytes":63998783488,"availableSwapBytes":63936655360},{"timestamp":"2021-03-06T09:50:00Z","physicalMemoryBytes":24879906816,"availableMemoryBytes":14992804038,"percentageMemoryUsage":39.7393,"totalSwapBytes":63998783488,"availableSwapBytes":63936655360},{"timestamp":"2021-03-06T09:45:00Z","physicalMemoryBytes":24879906816,"availableMemoryBytes":14991689522,"percentageMemoryUsage":39.7438,"totalSwapBytes":63998783488,"availableSwapBytes":63936655360},{"timestamp":"2021-03-06T09:40:00Z","physicalMemoryBytes":24879906816,"availableMemoryBytes":14992971534,"percentageMemoryUsage":39.7386,"totalSwapBytes":63998783488,"availableSwapBytes":63936655360},{"timestamp":"2021-03-06T09:35:00Z","physicalMemoryBytes":24879906816,"availableMemoryBytes":14992883337,"percentageMemoryUsage":39.739,"totalSwapBytes":63998783488,"availableSwapBytes":63936655360},{"timestamp":"2021-03-06T09:30:00Z","physicalMemoryBytes":24879906816,"availableMemoryBytes":14993573569,"percentageMemoryUsage":39.7362,"totalSwapBytes":63998783488,"availableSwapBytes":63936655360},{"timestamp":"2021-03-06T09:25:00Z","physicalMemoryBytes":24879906816,"availableMemoryBytes":14994308136,"percentageMemoryUsage":39.7333,"totalSwapBytes":63998783488,"availableSwapBytes":63936655360},{"timestamp":"2021-03-06T09:20:00Z","physicalMemoryBytes":24879906816,"availableMemoryBytes":14993905059,"percentageMemoryUsage":39.7349,"totalSwapBytes":63998783488,"availableSwapBytes":63936655360},{"timestamp":"2021-03-06T09:15:00Z","physicalMemoryBytes":24879906816,"availableMemoryBytes":14993127388,"percentageMemoryUsage":39.738,"totalSwapBytes":63998783488,"availableSwapBytes":63936655360},{"timestamp":"2021-03-06T09:10:00Z","physicalMemoryBytes":24879906816,"availableMemoryBytes":14992641951,"percentageMemoryUsage":39.74,"totalSwapBytes":63998783488,"availableSwapBytes":63936655360},{"timestamp":"2021-03-06T09:05:00Z","physicalMemoryBytes":24879906816,"availableMemoryBytes":14992468221,"percentageMemoryUsage":39.7407,"totalSwapBytes":63998783488,"availableSwapBytes":63936655360},{"timestamp":"2021-03-06T09:00:00Z","physicalMemoryBytes":24879906816,"availableMemoryBytes":14990124136,"percentageMemoryUsage":39.7501,"totalSwapBytes":63998783488,"availableSwapBytes":63936655360},{"timestamp":"2021-03-06T08:55:00Z","physicalMemoryBytes":24879906816,"availableMemoryBytes":14994885878,"percentageMemoryUsage":39.7309,"totalSwapBytes":63998783488,"availableSwapBytes":63936655360},{"timestamp":"2021-03-06T08:50:00Z","physicalMemoryBytes":24879906816,"availableMemoryBytes":14992893617,"percentageMemoryUsage":39.7389,"totalSwapBytes":63998783488,"availableSwapBytes":63936655360},{"timestamp":"2021-03-06T08:45:00Z","physicalMemoryBytes":24879906816,"availableMemoryBytes":14988793925,"percentageMemoryUsage":39.7554,"totalSwapBytes":63998783488,"availableSwapBytes":63936655360},{"timestamp":"2021-03-06T08:40:00Z","physicalMemoryBytes":24879906816,"availableMemoryBytes":14977161380,"percentageMemoryUsage":39.8022,"totalSwapBytes":63998783488,"availableSwapBytes":63936655360},{"timestamp":"2021-03-06T08:35:00Z","physicalMemoryBytes":24879906816,"availableMemoryBytes":14965837632,"percentageMemoryUsage":39.8477,"totalSwapBytes":63998783488,"availableSwapBytes":63936655360},{"timestamp":"2021-03-06T08:30:00Z","physicalMemoryBytes":24879906816,"availableMemoryBytes":14951158358,"percentageMemoryUsage":39.9067,"totalSwapBytes":63998783488,"availableSwapBytes":63936655360},{"timestamp":"2021-03-06T08:25:00Z","physicalMemoryBytes":24879906816,"availableMemoryBytes":14931136136,"percentageMemoryUsage":39.9872,"totalSwapBytes":63998783488,"availableSwapBytes":63936655360},{"timestamp":"2021-03-06T08:20:00Z","physicalMemoryBytes":24879906816,"availableMemoryBytes":14900979322,"percentageMemoryUsage":40.1084,"totalSwapBytes":63998783488,"availableSwapBytes":63936655371},{"timestamp":"2021-03-06T08:15:00Z","physicalMemoryBytes":24879906816,"availableMemoryBytes":14878268207,"percentageMemoryUsage":40.1997,"totalSwapBytes":63998783488,"availableSwapBytes":63936656074},{"timestamp":"2021-03-06T08:10:00Z","physicalMemoryBytes":24879906816,"availableMemoryBytes":14859688543,"percentageMemoryUsage":40.2743,"totalSwapBytes":63998783488,"availableSwapBytes":63936698968},{"timestamp":"2021-03-06T08:05:00Z","physicalMemoryBytes":24879906816,"availableMemoryBytes":14951508160,"percentageMemoryUsage":39.9053,"totalSwapBytes":63998783488,"availableSwapBytes":63939315476},{"timestamp":"2021-03-06T08:00:00Z","physicalMemoryBytes":24879906816,"availableMemoryBytes":14989317628,"percentageMemoryUsage":39.7533,"totalSwapBytes":63998783488,"availableSwapBytes":63940063232},{"timestamp":"2021-03-06T07:55:00Z","physicalMemoryBytes":24879906816,"availableMemoryBytes":14989081915,"percentageMemoryUsage":39.7543,"totalSwapBytes":63998783488,"availableSwapBytes":63940063232},{"timestamp":"2021-03-06T07:50:00Z","physicalMemoryBytes":24879906816,"availableMemoryBytes":14987761449,"percentageMemoryUsage":39.7596,"totalSwapBytes":63998783488,"availableSwapBytes":63940063232},{"timestamp":"2021-03-06T07:45:00Z","physicalMemoryBytes":24879906816,"availableMemoryBytes":14988514501,"percentageMemoryUsage":39.7565,"totalSwapBytes":63998783488,"availableSwapBytes":63940063232},{"timestamp":"2021-03-06T07:40:00Z","physicalMemoryBytes":24879906816,"availableMemoryBytes":14989378325,"percentageMemoryUsage":39.7531,"totalSwapBytes":63998783488,"availableSwapBytes":63940063232},{"timestamp":"2021-03-06T07:35:00Z","physicalMemoryBytes":24879906816,"availableMemoryBytes":14988688387,"percentageMemoryUsage":39.7558,"totalSwapBytes":63998783488,"availableSwapBytes":63940063232},{"timestamp":"2021-03-06T07:30:00Z","physicalMemoryBytes":24879906816,"availableMemoryBytes":14985587908,"percentageMemoryUsage":39.7683,"totalSwapBytes":63998783488,"availableSwapBytes":63940063235},{"timestamp":"2021-03-06T07:25:00Z","physicalMemoryBytes":24879906816,"availableMemoryBytes":14992378606,"percentageMemoryUsage":39.741,"totalSwapBytes":63998783488,"availableSwapBytes":63940063453},{"timestamp":"2021-03-06T07:20:00Z","physicalMemoryBytes":24879906816,"availableMemoryBytes":14996552388,"percentageMemoryUsage":39.7242,"totalSwapBytes":63998783488,"availableSwapBytes":63940076758},{"timestamp":"2021-03-06T07:15:00Z","physicalMemoryBytes":24879906816,"availableMemoryBytes":14991085798,"percentageMemoryUsage":39.7462,"totalSwapBytes":63998783488,"availableSwapBytes":63940888340},{"timestamp":"2021-03-06T07:10:00Z","physicalMemoryBytes":24879906816,"availableMemoryBytes":14992983785,"percentageMemoryUsage":39.7386,"totalSwapBytes":63998783488,"availableSwapBytes":63941111808},{"timestamp":"2021-03-06T07:05:00Z","physicalMemoryBytes":24879906816,"availableMemoryBytes":14993069472,"percentageMemoryUsage":39.7382,"totalSwapBytes":63998783488,"availableSwapBytes":63941111857},{"timestamp":"2021-03-06T07:00:00Z","physicalMemoryBytes":24879906816,"availableMemoryBytes":14992467798,"percentageMemoryUsage":39.7407,"totalSwapBytes":63998783488,"availableSwapBytes":63941114837},{"timestamp":"2021-03-06T06:55:00Z","physicalMemoryBytes":24879906816,"availableMemoryBytes":14991564676,"percentageMemoryUsage":39.7443,"totalSwapBytes":63998783488,"availableSwapBytes":63941296598},{"timestamp":"2021-03-06T06:50:00Z","physicalMemoryBytes":24879906816,"availableMemoryBytes":14990123680,"percentageMemoryUsage":39.7501,"totalSwapBytes":63998783488,"availableSwapBytes":63941373994},{"timestamp":"2021-03-06T06:45:00Z","physicalMemoryBytes":24879906816,"availableMemoryBytes":14989738066,"percentageMemoryUsage":39.7516,"totalSwapBytes":63998783488,"availableSwapBytes":63941376558},{"timestamp":"2021-03-06T06:40:00Z","physicalMemoryBytes":24879906816,"availableMemoryBytes":14988571536,"percentageMemoryUsage":39.7563,"totalSwapBytes":63998783488,"availableSwapBytes":63941532957},{"timestamp":"2021-03-06T06:35:00Z","physicalMemoryBytes":24879906816,"availableMemoryBytes":14989666645,"percentageMemoryUsage":39.7519,"totalSwapBytes":63998783488,"availableSwapBytes":63941636096},{"timestamp":"2021-03-06T06:30:00Z","physicalMemoryBytes":24879906816,"availableMemoryBytes":14997555533,"percentageMemoryUsage":39.7202,"totalSwapBytes":63998783488,"availableSwapBytes":63941636096},{"timestamp":"2021-03-06T06:25:00Z","physicalMemoryBytes":24879906816,"availableMemoryBytes":15000287112,"percentageMemoryUsage":39.7092,"totalSwapBytes":63998783488,"availableSwapBytes":63941636096},{"timestamp":"2021-03-06T06:20:00Z","physicalMemoryBytes":24879906816,"availableMemoryBytes":15000587121,"percentageMemoryUsage":39.708,"totalSwapBytes":63998783488,"availableSwapBytes":63941636096},{"timestamp":"2021-03-06T06:15:00Z","physicalMemoryBytes":24879906816,"availableMemoryBytes":14999575073,"percentageMemoryUsage":39.7121,"totalSwapBytes":63998783488,"availableSwapBytes":63941636096},{"timestamp":"2021-03-06T06:10:00Z","physicalMemoryBytes":24879906816,"availableMemoryBytes":14999611887,"percentageMemoryUsage":39.7119,"totalSwapBytes":63998783488,"availableSwapBytes":63941636097},{"timestamp":"2021-03-06T06:05:00Z","physicalMemoryBytes":24879906816,"availableMemoryBytes":14997777935,"percentageMemoryUsage":39.7193,"totalSwapBytes":63998783488,"availableSwapBytes":63941636209},{"timestamp":"2021-03-06T06:00:00Z","physicalMemoryBytes":24879906816,"availableMemoryBytes":14997850575,"percentageMemoryUsage":39.719,"totalSwapBytes":63998783488,"availableSwapBytes":63941643000},{"timestamp":"2021-03-06T05:55:00Z","physicalMemoryBytes":24879906816,"availableMemoryBytes":14998443638,"percentageMemoryUsage":39.7166,"totalSwapBytes":63998783488,"availableSwapBytes":63942057274},{"timestamp":"2021-03-06T05:50:00Z","physicalMemoryBytes":24879906816,"availableMemoryBytes":14999272007,"percentageMemoryUsage":39.7133,"totalSwapBytes":63998783488,"availableSwapBytes":63942162145},{"timestamp":"2021-03-06T05:45:00Z","physicalMemoryBytes":24879906816,"availableMemoryBytes":14996927246,"percentageMemoryUsage":39.7227,"totalSwapBytes":63998783488,"availableSwapBytes":63942267821},{"timestamp":"2021-03-06T05:40:00Z","physicalMemoryBytes":24879906816,"availableMemoryBytes":14996613732,"percentageMemoryUsage":39.724,"totalSwapBytes":63998783488,"availableSwapBytes":63942422598},{"timestamp":"2021-03-06T05:35:00Z","physicalMemoryBytes":24879906816,"availableMemoryBytes":14995683808,"percentageMemoryUsage":39.7277,"totalSwapBytes":63998783488,"availableSwapBytes":63942426826},{"timestamp":"2021-03-06T05:30:00Z","physicalMemoryBytes":24879906816,"availableMemoryBytes":14995696255,"percentageMemoryUsage":39.7277,"totalSwapBytes":63998783488,"availableSwapBytes":63942684757},{"timestamp":"2021-03-06T05:25:00Z","physicalMemoryBytes":24879906816,"availableMemoryBytes":14999715960,"percentageMemoryUsage":39.7115,"totalSwapBytes":63998783488,"availableSwapBytes":63942689885},{"timestamp":"2021-03-06T05:20:00Z","physicalMemoryBytes":24879906816,"availableMemoryBytes":15004593362,"percentageMemoryUsage":39.6919,"totalSwapBytes":63998783488,"availableSwapBytes":63943002718},{"timestamp":"2021-03-06T05:15:00Z","physicalMemoryBytes":24879906816,"availableMemoryBytes":15004204606,"percentageMemoryUsage":39.6935,"totalSwapBytes":63998783488,"availableSwapBytes":63943211143},{"timestamp":"2021-03-06T05:10:00Z","physicalMemoryBytes":24879906816,"availableMemoryBytes":15003399385,"percentageMemoryUsage":39.6967,"totalSwapBytes":63998783488,"availableSwapBytes":63943342180},{"timestamp":"2021-03-06T05:05:00Z","physicalMemoryBytes":24879906816,"availableMemoryBytes":15000647654,"percentageMemoryUsage":39.7078,"totalSwapBytes":63998783488,"availableSwapBytes":63943471104},{"timestamp":"2021-03-06T05:00:00Z","physicalMemoryBytes":24879906816,"availableMemoryBytes":15000650243,"percentageMemoryUsage":39.7078,"totalSwapBytes":63998783488,"availableSwapBytes":63943471104},{"timestamp":"2021-03-06T04:55:00Z","physicalMemoryBytes":24879906816,"availableMemoryBytes":14999501529,"percentageMemoryUsage":39.7124,"totalSwapBytes":63998783488,"availableSwapBytes":63943471104},{"timestamp":"2021-03-06T04:50:00Z","physicalMemoryBytes":24879906816,"availableMemoryBytes":14997026274,"percentageMemoryUsage":39.7223,"totalSwapBytes":63998783488,"availableSwapBytes":63943471104},{"timestamp":"2021-03-06T04:45:00Z","physicalMemoryBytes":24879906816,"availableMemoryBytes":14995044082,"percentageMemoryUsage":39.7303,"totalSwapBytes":63998783488,"availableSwapBytes":63943471104},{"timestamp":"2021-03-06T04:40:00Z","physicalMemoryBytes":24879906816,"availableMemoryBytes":14993708971,"percentageMemoryUsage":39.7357,"totalSwapBytes":63998783488,"availableSwapBytes":63943471107},{"timestamp":"2021-03-06T04:35:00Z","physicalMemoryBytes":24879906816,"availableMemoryBytes":14992892870,"percentageMemoryUsage":39.739,"totalSwapBytes":63998783488,"availableSwapBytes":63943471287},{"timestamp":"2021-03-06T04:30:00Z","physicalMemoryBytes":24879906816,"availableMemoryBytes":14991324772,"percentageMemoryUsage":39.7453,"totalSwapBytes":63998783488,"availableSwapBytes":63943482307},{"timestamp":"2021-03-06T04:25:00Z","physicalMemoryBytes":24879906816,"availableMemoryBytes":14988813835,"percentageMemoryUsage":39.7553,"totalSwapBytes":63998783488,"availableSwapBytes":63944154510},{"timestamp":"2021-03-06T04:20:00Z","physicalMemoryBytes":24879906816,"availableMemoryBytes":14990336205,"percentageMemoryUsage":39.7492,"totalSwapBytes":63998783488,"availableSwapBytes":63944264440},{"timestamp":"2021-03-06T04:15:00Z","physicalMemoryBytes":24879906816,"availableMemoryBytes":14995271897,"percentageMemoryUsage":39.7294,"totalSwapBytes":63998783488,"availableSwapBytes":63944678685},{"timestamp":"2021-03-06T04:10:00Z","physicalMemoryBytes":24879906816,"availableMemoryBytes":14995284933,"percentageMemoryUsage":39.7293,"totalSwapBytes":63998783488,"availableSwapBytes":63944781824},{"timestamp":"2021-03-06T04:05:00Z","physicalMemoryBytes":24879906816,"availableMemoryBytes":14986765864,"percentageMemoryUsage":39.7636,"totalSwapBytes":63998783488,"availableSwapBytes":63944781824},{"timestamp":"2021-03-06T04:00:00Z","physicalMemoryBytes":24879906816,"availableMemoryBytes":14984574912,"percentageMemoryUsage":39.7724,"totalSwapBytes":63998783488,"availableSwapBytes":63944781824},{"timestamp":"2021-03-06T03:55:00Z","physicalMemoryBytes":24879906816,"availableMemoryBytes":14983731410,"percentageMemoryUsage":39.7758,"totalSwapBytes":63998783488,"availableSwapBytes":63944781824},{"timestamp":"2021-03-06T03:50:00Z","physicalMemoryBytes":24879906816,"availableMemoryBytes":14983330330,"percentageMemoryUsage":39.7774,"totalSwapBytes":63998783488,"availableSwapBytes":63944781824},{"timestamp":"2021-03-06T03:45:00Z","physicalMemoryBytes":24879906816,"availableMemoryBytes":14981535840,"percentageMemoryUsage":39.7846,"totalSwapBytes":63998783488,"availableSwapBytes":63944781827},{"timestamp":"2021-03-06T03:40:00Z","physicalMemoryBytes":24879906816,"availableMemoryBytes":14979940085,"percentageMemoryUsage":39.791,"totalSwapBytes":63998783488,"availableSwapBytes":63944782054},{"timestamp":"2021-03-06T03:35:00Z","physicalMemoryBytes":24879906816,"availableMemoryBytes":14986576018,"percentageMemoryUsage":39.7643,"totalSwapBytes":63998783488,"availableSwapBytes":63944795913},{"timestamp":"2021-03-06T03:30:00Z","physicalMemoryBytes":24879906816,"availableMemoryBytes":14977549013,"percentageMemoryUsage":39.8006,"totalSwapBytes":63998783488,"availableSwapBytes":63945641312},{"timestamp":"2021-03-06T03:25:00Z","physicalMemoryBytes":24879906816,"availableMemoryBytes":14976621798,"percentageMemoryUsage":39.8043,"totalSwapBytes":63998783488,"availableSwapBytes":63946092544},{"timestamp":"2021-03-06T03:20:00Z","physicalMemoryBytes":24879906816,"availableMemoryBytes":14976008921,"percentageMemoryUsage":39.8068,"totalSwapBytes":63998783488,"availableSwapBytes":63946092544},{"timestamp":"2021-03-06T03:15:00Z","physicalMemoryBytes":24879906816,"availableMemoryBytes":14975970798,"percentageMemoryUsage":39.807,"totalSwapBytes":63998783488,"availableSwapBytes":63946092544},{"timestamp":"2021-03-06T03:10:00Z","physicalMemoryBytes":24879906816,"availableMemoryBytes":14974083547,"percentageMemoryUsage":39.8146,"totalSwapBytes":63998783488,"availableSwapBytes":63946092544},{"timestamp":"2021-03-06T03:05:00Z","physicalMemoryBytes":24879906816,"availableMemoryBytes":14971064628,"percentageMemoryUsage":39.8267,"totalSwapBytes":63998783488,"availableSwapBytes":63946092544},{"timestamp":"2021-03-06T03:00:00Z","physicalMemoryBytes":24879906816,"availableMemoryBytes":14968801643,"percentageMemoryUsage":39.8358,"totalSwapBytes":63998783488,"availableSwapBytes":63946092544},{"timestamp":"2021-03-06T02:55:00Z","physicalMemoryBytes":24879906816,"availableMemoryBytes":14964280970,"percentageMemoryUsage":39.854,"totalSwapBytes":63998783488,"availableSwapBytes":63946092544},{"timestamp":"2021-03-06T02:50:00Z","physicalMemoryBytes":24879906816,"availableMemoryBytes":14964016875,"percentageMemoryUsage":39.855,"totalSwapBytes":63998783488,"availableSwapBytes":63946092545},{"timestamp":"2021-03-06T02:45:00Z","physicalMemoryBytes":24879906816,"availableMemoryBytes":14963017231,"percentageMemoryUsage":39.859,"totalSwapBytes":63998783488,"availableSwapBytes":63946092661},{"timestamp":"2021-03-06T02:40:00Z","physicalMemoryBytes":24879906816,"availableMemoryBytes":14963388835,"percentageMemoryUsage":39.8575,"totalSwapBytes":63998783488,"availableSwapBytes":63946099729},{"timestamp":"2021-03-06T02:35:00Z","physicalMemoryBytes":24879906816,"availableMemoryBytes":14952690705,"percentageMemoryUsage":39.9005,"totalSwapBytes":63998783488,"availableSwapBytes":63946530883},{"timestamp":"2021-03-06T02:30:00Z","physicalMemoryBytes":24879906816,"availableMemoryBytes":14954371140,"percentageMemoryUsage":39.8938,"totalSwapBytes":63998783488,"availableSwapBytes":63946878976},{"timestamp":"2021-03-06T02:25:00Z","physicalMemoryBytes":24879906816,"availableMemoryBytes":14967883850,"percentageMemoryUsage":39.8395,"totalSwapBytes":63998783488,"availableSwapBytes":63946878976},{"timestamp":"2021-03-06T02:20:00Z","physicalMemoryBytes":24879906816,"availableMemoryBytes":14967802277,"percentageMemoryUsage":39.8398,"totalSwapBytes":63998783488,"availableSwapBytes":63946878976},{"timestamp":"2021-03-06T02:15:00Z","physicalMemoryBytes":24879906816,"availableMemoryBytes":14968454267,"percentageMemoryUsage":39.8372,"totalSwapBytes":63998783488,"availableSwapBytes":63946878976},{"timestamp":"2021-03-06T02:10:00Z","physicalMemoryBytes":24879906816,"availableMemoryBytes":14968887660,"percentageMemoryUsage":39.8354,"totalSwapBytes":63998783488,"availableSwapBytes":63946878976},{"timestamp":"2021-03-06T02:05:00Z","physicalMemoryBytes":24879906816,"availableMemoryBytes":14969315047,"percentageMemoryUsage":39.8337,"totalSwapBytes":63998783488,"availableSwapBytes":63946878976},{"timestamp":"2021-03-06T02:00:00Z","physicalMemoryBytes":24879906816,"availableMemoryBytes":14967156010,"percentageMemoryUsage":39.8424,"totalSwapBytes":63998783488,"availableSwapBytes":63946878976},{"timestamp":"2021-03-06T01:55:00Z","physicalMemoryBytes":24879906816,"availableMemoryBytes":14966252293,"percentageMemoryUsage":39.846,"totalSwapBytes":63998783488,"availableSwapBytes":63946878976},{"timestamp":"2021-03-06T01:50:00Z","physicalMemoryBytes":24879906816,"availableMemoryBytes":14969325644,"percentageMemoryUsage":39.8337,"totalSwapBytes":63998783488,"availableSwapBytes":63946878976},{"timestamp":"2021-03-06T01:45:00Z","physicalMemoryBytes":24879906816,"availableMemoryBytes":14968977953,"percentageMemoryUsage":39.8351,"totalSwapBytes":63998783488,"availableSwapBytes":63946878976},{"timestamp":"2021-03-06T01:40:00Z","physicalMemoryBytes":24879906816,"availableMemoryBytes":14971820544,"percentageMemoryUsage":39.8236,"totalSwapBytes":63998783488,"availableSwapBytes":63946878976},{"timestamp":"2021-03-06T01:35:00Z","physicalMemoryBytes":24879906816,"availableMemoryBytes":14970130976,"percentageMemoryUsage":39.8304,"totalSwapBytes":63998783488,"availableSwapBytes":63946878976},{"timestamp":"2021-03-06T01:30:00Z","physicalMemoryBytes":24879906816,"availableMemoryBytes":14968988107,"percentageMemoryUsage":39.835,"totalSwapBytes":63998783488,"availableSwapBytes":63946878976},{"timestamp":"2021-03-06T01:25:00Z","physicalMemoryBytes":24879906816,"availableMemoryBytes":14967594390,"percentageMemoryUsage":39.8406,"totalSwapBytes":63998783488,"availableSwapBytes":63946878976},{"timestamp":"2021-03-06T01:20:00Z","physicalMemoryBytes":24879906816,"availableMemoryBytes":14966185175,"percentageMemoryUsage":39.8463,"totalSwapBytes":63998783488,"availableSwapBytes":63946878976},{"timestamp":"2021-03-06T01:15:00Z","physicalMemoryBytes":24879906816,"availableMemoryBytes":14971445064,"percentageMemoryUsage":39.8252,"totalSwapBytes":63998783488,"availableSwapBytes":63946878976},{"timestamp":"2021-03-06T01:10:00Z","physicalMemoryBytes":24879906816,"availableMemoryBytes":14972343352,"percentageMemoryUsage":39.8215,"totalSwapBytes":63998783488,"availableSwapBytes":63946878976},{"timestamp":"2021-03-06T01:05:00Z","physicalMemoryBytes":24879906816,"availableMemoryBytes":14970093924,"percentageMemoryUsage":39.8306,"totalSwapBytes":63998783488,"availableSwapBytes":63946878976},{"timestamp":"2021-03-06T01:00:00Z","physicalMemoryBytes":24879906816,"availableMemoryBytes":14967993584,"percentageMemoryUsage":39.839,"totalSwapBytes":63998783488,"availableSwapBytes":63946878976},{"timestamp":"2021-03-06T00:55:00Z","physicalMemoryBytes":24879906816,"availableMemoryBytes":14966746473,"percentageMemoryUsage":39.844,"totalSwapBytes":63998783488,"availableSwapBytes":63946878976},{"timestamp":"2021-03-06T00:50:00Z","physicalMemoryBytes":24879906816,"availableMemoryBytes":14965543436,"percentageMemoryUsage":39.8489,"totalSwapBytes":63998783488,"availableSwapBytes":63946878976},{"timestamp":"2021-03-06T00:45:00Z","physicalMemoryBytes":24879906816,"availableMemoryBytes":14957935864,"percentageMemoryUsage":39.8795,"totalSwapBytes":63998783488,"availableSwapBytes":63946878976},{"timestamp":"2021-03-06T00:40:00Z","physicalMemoryBytes":24879906816,"availableMemoryBytes":14956676910,"percentageMemoryUsage":39.8845,"totalSwapBytes":63998783488,"availableSwapBytes":63946878976},{"timestamp":"2021-03-06T00:35:00Z","physicalMemoryBytes":24879906816,"availableMemoryBytes":14947345916,"percentageMemoryUsage":39.922,"totalSwapBytes":63998783488,"availableSwapBytes":63946878976},{"timestamp":"2021-03-06T00:30:00Z","physicalMemoryBytes":24879906816,"availableMemoryBytes":14933454139,"percentageMemoryUsage":39.9779,"totalSwapBytes":63998783488,"availableSwapBytes":63946878976},{"timestamp":"2021-03-06T00:25:00Z","physicalMemoryBytes":24879906816,"availableMemoryBytes":14916839186,"percentageMemoryUsage":40.0446,"totalSwapBytes":63998783488,"availableSwapBytes":63946878976},{"timestamp":"2021-03-06T00:20:00Z","physicalMemoryBytes":24879906816,"availableMemoryBytes":14897614713,"percentageMemoryUsage":40.1219,"totalSwapBytes":63998783488,"availableSwapBytes":63946878979},{"timestamp":"2021-03-06T00:15:00Z","physicalMemoryBytes":24879906816,"availableMemoryBytes":14874005498,"percentageMemoryUsage":40.2168,"totalSwapBytes":63998783488,"availableSwapBytes":63946879179},{"timestamp":"2021-03-06T00:10:00Z","physicalMemoryBytes":24879906816,"availableMemoryBytes":14850977474,"percentageMemoryUsage":40.3094,"totalSwapBytes":63998783488,"availableSwapBytes":63946891375},{"timestamp":"2021-03-06T00:05:00Z","physicalMemoryBytes":24879906816,"availableMemoryBytes":14882989138,"percentageMemoryUsage":40.1807,"totalSwapBytes":63998783488,"availableSwapBytes":63947635327},{"timestamp":"2021-03-06T00:00:00Z","physicalMemoryBytes":24879906816,"availableMemoryBytes":14981547948,"percentageMemoryUsage":39.7845,"totalSwapBytes":63998783488,"availableSwapBytes":63950024774},{"timestamp":"2021-03-05T23:55:00Z","physicalMemoryBytes":24879906816,"availableMemoryBytes":14980637698,"percentageMemoryUsage":39.7882,"totalSwapBytes":63998783488,"availableSwapBytes":63950029001},{"timestamp":"2021-03-05T23:50:00Z","physicalMemoryBytes":24879906816,"availableMemoryBytes":14979339392,"percentageMemoryUsage":39.7934,"totalSwapBytes":63998783488,"availableSwapBytes":63950286878},{"timestamp":"2021-03-05T23:45:00Z","physicalMemoryBytes":24879906816,"availableMemoryBytes":14980076164,"percentageMemoryUsage":39.7905,"totalSwapBytes":63998783488,"availableSwapBytes":63950288679},{"timestamp":"2021-03-05T23:40:00Z","physicalMemoryBytes":24879906816,"availableMemoryBytes":14980770207,"percentageMemoryUsage":39.7877,"totalSwapBytes":63998783488,"availableSwapBytes":63950398581},{"timestamp":"2021-03-05T23:35:00Z","physicalMemoryBytes":24879906816,"availableMemoryBytes":14979480311,"percentageMemoryUsage":39.7929,"totalSwapBytes":63998783488,"availableSwapBytes":63950811165},{"timestamp":"2021-03-05T23:30:00Z","physicalMemoryBytes":24879906816,"availableMemoryBytes":14977600780,"percentageMemoryUsage":39.8004,"totalSwapBytes":63998783488,"availableSwapBytes":63950812920},{"timestamp":"2021-03-05T23:25:00Z","physicalMemoryBytes":24879906816,"availableMemoryBytes":14973709312,"percentageMemoryUsage":39.8161,"totalSwapBytes":63998783488,"availableSwapBytes":63950919982},{"timestamp":"2021-03-05T23:20:00Z","physicalMemoryBytes":24879906816,"availableMemoryBytes":14978788394,"percentageMemoryUsage":39.7956,"totalSwapBytes":63998783488,"availableSwapBytes":63951159306},{"timestamp":"2021-03-05T23:15:00Z","physicalMemoryBytes":24879906816,"availableMemoryBytes":14982833707,"percentageMemoryUsage":39.7794,"totalSwapBytes":63998783488,"availableSwapBytes":63951340144},{"timestamp":"2021-03-05T23:10:00Z","physicalMemoryBytes":24879906816,"availableMemoryBytes":14983047267,"percentageMemoryUsage":39.7785,"totalSwapBytes":63998783488,"availableSwapBytes":63951623372},{"timestamp":"2021-03-05T23:05:00Z","physicalMemoryBytes":24879906816,"availableMemoryBytes":14982381514,"percentageMemoryUsage":39.7812,"totalSwapBytes":63998783488,"availableSwapBytes":63951860910},{"timestamp":"2021-03-05T23:00:00Z","physicalMemoryBytes":24879906816,"availableMemoryBytes":14981886778,"percentageMemoryUsage":39.7832,"totalSwapBytes":63998783488,"availableSwapBytes":63951932842},{"timestamp":"2021-03-05T22:55:00Z","physicalMemoryBytes":24879906816,"availableMemoryBytes":14981526768,"percentageMemoryUsage":39.7846,"totalSwapBytes":63998783488,"availableSwapBytes":63952126365},{"timestamp":"2021-03-05T22:50:00Z","physicalMemoryBytes":24879906816,"availableMemoryBytes":14980701532,"percentageMemoryUsage":39.788,"totalSwapBytes":63998783488,"availableSwapBytes":63952396935},{"timestamp":"2021-03-05T22:45:00Z","physicalMemoryBytes":24879906816,"availableMemoryBytes":14983933703,"percentageMemoryUsage":39.775,"totalSwapBytes":63998783488,"availableSwapBytes":63952648751},{"timestamp":"2021-03-05T22:40:00Z","physicalMemoryBytes":24879906816,"availableMemoryBytes":14987171044,"percentageMemoryUsage":39.7619,"totalSwapBytes":63998783488,"availableSwapBytes":63952805192},{"timestamp":"2021-03-05T22:35:00Z","physicalMemoryBytes":24879906816,"availableMemoryBytes":14986054265,"percentageMemoryUsage":39.7664,"totalSwapBytes":63998783488,"availableSwapBytes":63952910904},{"timestamp":"2021-03-05T22:30:00Z","physicalMemoryBytes":24879906816,"availableMemoryBytes":14984789728,"percentageMemoryUsage":39.7715,"totalSwapBytes":63998783488,"availableSwapBytes":63953067895},{"timestamp":"2021-03-05T22:25:00Z","physicalMemoryBytes":24879906816,"availableMemoryBytes":14983388050,"percentageMemoryUsage":39.7772,"totalSwapBytes":63998783488,"availableSwapBytes":63953207137},{"timestamp":"2021-03-05T22:20:00Z","physicalMemoryBytes":24879906816,"availableMemoryBytes":14981353941,"percentageMemoryUsage":39.7853,"totalSwapBytes":63998783488,"availableSwapBytes":63953574451},{"timestamp":"2021-03-05T22:15:00Z","physicalMemoryBytes":24879906816,"availableMemoryBytes":14981787620,"percentageMemoryUsage":39.7836,"totalSwapBytes":63998783488,"availableSwapBytes":63953698383},{"timestamp":"2021-03-05T22:10:00Z","physicalMemoryBytes":24879906816,"availableMemoryBytes":14982179211,"percentageMemoryUsage":39.782,"totalSwapBytes":63998783488,"availableSwapBytes":63953918187},{"timestamp":"2021-03-05T22:05:00Z","physicalMemoryBytes":24879906816,"availableMemoryBytes":14979728947,"percentageMemoryUsage":39.7919,"totalSwapBytes":63998783488,"availableSwapBytes":63953956865},{"timestamp":"2021-03-05T22:00:00Z","physicalMemoryBytes":24879906816,"availableMemoryBytes":14978796107,"percentageMemoryUsage":39.7956,"totalSwapBytes":63998783488,"availableSwapBytes":63953956934},{"timestamp":"2021-03-05T21:55:00Z","physicalMemoryBytes":24879906816,"availableMemoryBytes":14978405347,"percentageMemoryUsage":39.7972,"totalSwapBytes":63998783488,"availableSwapBytes":63953961163},{"timestamp":"2021-03-05T21:50:00Z","physicalMemoryBytes":24879906816,"availableMemoryBytes":14979398981,"percentageMemoryUsage":39.7932,"totalSwapBytes":63998783488,"availableSwapBytes":63954219148},{"timestamp":"2021-03-05T21:45:00Z","physicalMemoryBytes":24879906816,"availableMemoryBytes":14981138844,"percentageMemoryUsage":39.7862,"totalSwapBytes":63998783488,"availableSwapBytes":63954227602},{"timestamp":"2021-03-05T21:40:00Z","physicalMemoryBytes":24879906816,"availableMemoryBytes":14980311652,"percentageMemoryUsage":39.7895,"totalSwapBytes":63998783488,"availableSwapBytes":63954743296},{"timestamp":"2021-03-05T21:35:00Z","physicalMemoryBytes":24879906816,"availableMemoryBytes":14977751545,"percentageMemoryUsage":39.7998,"totalSwapBytes":63998783488,"availableSwapBytes":63954743296},{"timestamp":"2021-03-05T21:30:00Z","physicalMemoryBytes":24879906816,"availableMemoryBytes":14976954512,"percentageMemoryUsage":39.803,"totalSwapBytes":63998783488,"availableSwapBytes":63954743296},{"timestamp":"2021-03-05T21:25:00Z","physicalMemoryBytes":24879906816,"availableMemoryBytes":14975894098,"percentageMemoryUsage":39.8073,"totalSwapBytes":63998783488,"availableSwapBytes":63954743352},{"timestamp":"2021-03-05T21:20:00Z","physicalMemoryBytes":24879906816,"availableMemoryBytes":14975516091,"percentageMemoryUsage":39.8088,"totalSwapBytes":63998783488,"availableSwapBytes":63954746748},{"timestamp":"2021-03-05T21:15:00Z","physicalMemoryBytes":24879906816,"availableMemoryBytes":14974805428,"percentageMemoryUsage":39.8116,"totalSwapBytes":63998783488,"availableSwapBytes":63954953870},{"timestamp":"2021-03-05T21:10:00Z","physicalMemoryBytes":24879906816,"availableMemoryBytes":14975724563,"percentageMemoryUsage":39.808,"totalSwapBytes":63998783488,"availableSwapBytes":63955005440},{"timestamp":"2021-03-05T21:05:00Z","physicalMemoryBytes":24879906816,"availableMemoryBytes":14974267562,"percentageMemoryUsage":39.8138,"totalSwapBytes":63998783488,"availableSwapBytes":63955005468},{"timestamp":"2021-03-05T21:00:00Z","physicalMemoryBytes":24879906816,"availableMemoryBytes":14973163672,"percentageMemoryUsage":39.8182,"totalSwapBytes":63998783488,"availableSwapBytes":63955007201},{"timestamp":"2021-03-05T20:55:00Z","physicalMemoryBytes":24879906816,"availableMemoryBytes":14979902557,"percentageMemoryUsage":39.7912,"totalSwapBytes":63998783488,"availableSwapBytes":63955112876},{"timestamp":"2021-03-05T20:50:00Z","physicalMemoryBytes":24879906816,"availableMemoryBytes":14980526642,"percentageMemoryUsage":39.7887,"totalSwapBytes":63998783488,"availableSwapBytes":63955267584},{"timestamp":"2021-03-05T20:45:00Z","physicalMemoryBytes":24879906816,"availableMemoryBytes":14980027932,"percentageMemoryUsage":39.7907,"totalSwapBytes":63998783488,"availableSwapBytes":63955267585},{"timestamp":"2021-03-05T20:40:00Z","physicalMemoryBytes":24879906816,"availableMemoryBytes":14977590500,"percentageMemoryUsage":39.8005,"totalSwapBytes":63998783488,"availableSwapBytes":63955267654},{"timestamp":"2021-03-05T20:35:00Z","physicalMemoryBytes":24879906816,"availableMemoryBytes":14977260169,"percentageMemoryUsage":39.8018,"totalSwapBytes":63998783488,"availableSwapBytes":63955271881},{"timestamp":"2021-03-05T20:30:00Z","physicalMemoryBytes":24879906816,"availableMemoryBytes":14978589352,"percentageMemoryUsage":39.7964,"totalSwapBytes":63998783488,"availableSwapBytes":63955529728},{"timestamp":"2021-03-05T20:25:00Z","physicalMemoryBytes":24879906816,"availableMemoryBytes":14979248663,"percentageMemoryUsage":39.7938,"totalSwapBytes":63998783488,"availableSwapBytes":63955529728},{"timestamp":"2021-03-05T20:20:00Z","physicalMemoryBytes":24879906816,"availableMemoryBytes":14978453419,"percentageMemoryUsage":39.797,"totalSwapBytes":63998783488,"availableSwapBytes":63955529756},{"timestamp":"2021-03-05T20:15:00Z","physicalMemoryBytes":24879906816,"availableMemoryBytes":14977706992,"percentageMemoryUsage":39.8,"totalSwapBytes":63998783488,"availableSwapBytes":63955531489},{"timestamp":"2021-03-05T20:10:00Z","physicalMemoryBytes":24879906816,"availableMemoryBytes":14976841801,"percentageMemoryUsage":39.8035,"totalSwapBytes":63998783488,"availableSwapBytes":63955637164},{"timestamp":"2021-03-05T20:05:00Z","physicalMemoryBytes":24879906816,"availableMemoryBytes":14977235355,"percentageMemoryUsage":39.8019,"totalSwapBytes":63998783488,"availableSwapBytes":63955791872},{"timestamp":"2021-03-05T20:00:00Z","physicalMemoryBytes":24879906816,"availableMemoryBytes":14981876223,"percentageMemoryUsage":39.7832,"totalSwapBytes":63998783488,"availableSwapBytes":63955791906},{"timestamp":"2021-03-05T19:55:00Z","physicalMemoryBytes":24879906816,"availableMemoryBytes":14988808668,"percentageMemoryUsage":39.7554,"totalSwapBytes":63998783488,"availableSwapBytes":63955793985},{"timestamp":"2021-03-05T19:50:00Z","physicalMemoryBytes":24879906816,"availableMemoryBytes":14989877661,"percentageMemoryUsage":39.7511,"totalSwapBytes":63998783488,"availableSwapBytes":63955920795},{"timestamp":"2021-03-05T19:45:00Z","physicalMemoryBytes":24879906816,"availableMemoryBytes":14989005436,"percentageMemoryUsage":39.7546,"totalSwapBytes":63998783488,"availableSwapBytes":63956054016},{"timestamp":"2021-03-05T19:40:00Z","physicalMemoryBytes":24879906816,"availableMemoryBytes":14987569074,"percentageMemoryUsage":39.7603,"totalSwapBytes":63998783488,"availableSwapBytes":63956054016},{"timestamp":"2021-03-05T19:35:00Z","physicalMemoryBytes":24879906816,"availableMemoryBytes":14986868131,"percentageMemoryUsage":39.7632,"totalSwapBytes":63998783488,"availableSwapBytes":63956054072},{"timestamp":"2021-03-05T19:30:00Z","physicalMemoryBytes":24879906816,"availableMemoryBytes":14985512944,"percentageMemoryUsage":39.7686,"totalSwapBytes":63998783488,"availableSwapBytes":63956057468},{"timestamp":"2021-03-05T19:25:00Z","physicalMemoryBytes":24879906816,"availableMemoryBytes":14985798710,"percentageMemoryUsage":39.7675,"totalSwapBytes":63998783488,"availableSwapBytes":63956264590},{"timestamp":"2021-03-05T19:20:00Z","physicalMemoryBytes":24879906816,"availableMemoryBytes":14984159501,"percentageMemoryUsage":39.7741,"totalSwapBytes":63998783488,"availableSwapBytes":63956316160},{"timestamp":"2021-03-05T19:15:00Z","physicalMemoryBytes":24879906816,"availableMemoryBytes":14979829799,"percentageMemoryUsage":39.7915,"totalSwapBytes":63998783488,"availableSwapBytes":63956316160},{"timestamp":"2021-03-05T19:10:00Z","physicalMemoryBytes":24879906816,"availableMemoryBytes":14979705183,"percentageMemoryUsage":39.792,"totalSwapBytes":63998783488,"availableSwapBytes":63956316163},{"timestamp":"2021-03-05T19:05:00Z","physicalMemoryBytes":24879906816,"availableMemoryBytes":14978132947,"percentageMemoryUsage":39.7983,"totalSwapBytes":63998783488,"availableSwapBytes":63956316371},{"timestamp":"2021-03-05T19:00:00Z","physicalMemoryBytes":24879906816,"availableMemoryBytes":14977605959,"percentageMemoryUsage":39.8004,"totalSwapBytes":63998783488,"availableSwapBytes":63956329052},{"timestamp":"2021-03-05T18:55:00Z","physicalMemoryBytes":24879906816,"availableMemoryBytes":14978428420,"percentageMemoryUsage":39.7971,"totalSwapBytes":63998783488,"availableSwapBytes":63956578304},{"timestamp":"2021-03-05T18:50:00Z","physicalMemoryBytes":24879906816,"availableMemoryBytes":14981170969,"percentageMemoryUsage":39.7861,"totalSwapBytes":63998783488,"availableSwapBytes":63956578304},{"timestamp":"2021-03-05T18:45:00Z","physicalMemoryBytes":24879906816,"availableMemoryBytes":14981931258,"percentageMemoryUsage":39.783,"totalSwapBytes":63998783488,"availableSwapBytes":63956578304},{"timestamp":"2021-03-05T18:40:00Z","physicalMemoryBytes":24879906816,"availableMemoryBytes":14983207879,"percentageMemoryUsage":39.7779,"totalSwapBytes":63998783488,"availableSwapBytes":63956578304},{"timestamp":"2021-03-05T18:35:00Z","physicalMemoryBytes":24879906816,"availableMemoryBytes":14982250111,"percentageMemoryUsage":39.7817,"totalSwapBytes":63998783488,"availableSwapBytes":63956578304},{"timestamp":"2021-03-05T18:30:00Z","physicalMemoryBytes":24879906816,"availableMemoryBytes":14981362808,"percentageMemoryUsage":39.7853,"totalSwapBytes":63998783488,"availableSwapBytes":63956578304},{"timestamp":"2021-03-05T18:25:00Z","physicalMemoryBytes":24879906816,"availableMemoryBytes":14979899598,"percentageMemoryUsage":39.7912,"totalSwapBytes":63998783488,"availableSwapBytes":63956578304},{"timestamp":"2021-03-05T18:20:00Z","physicalMemoryBytes":24879906816,"availableMemoryBytes":14977053004,"percentageMemoryUsage":39.8026,"totalSwapBytes":63998783488,"availableSwapBytes":63956578304},{"timestamp":"2021-03-05T18:15:00Z","physicalMemoryBytes":24879906816,"availableMemoryBytes":14968221522,"percentageMemoryUsage":39.8381,"totalSwapBytes":63998783488,"availableSwapBytes":63956578304},{"timestamp":"2021-03-05T18:10:00Z","physicalMemoryBytes":24879906816,"availableMemoryBytes":14984791710,"percentageMemoryUsage":39.7715,"totalSwapBytes":63998783488,"availableSwapBytes":63956578304}],"numMembers":360}
