{"members":[{"timestamp":"2021-03-03T13:07:30Z","physicalMemoryBytes":43902984192,"availableMemoryBytes":28518523501,"percentageMemoryUsage":35.0419,"totalSwapBytes":62999490560,"availableSwapBytes":57587527674},{"timestamp":"2021-03-03T12:40:00Z","physicalMemoryBytes":43902984192,"availableMemoryBytes":28480176457,"percentageMemoryUsage":35.1293,"totalSwapBytes":62999490560,"availableSwapBytes":57587287400},{"timestamp":"2021-03-03T12:12:30Z","physicalMemoryBytes":43902984192,"availableMemoryBytes":28428749608,"percentageMemoryUsage":35.2464,"totalSwapBytes":62999490560,"availableSwapBytes":57587047787},{"timestamp":"2021-03-03T11:45:00Z","physicalMemoryBytes":43902984192,"availableMemoryBytes":28478778960,"percentageMemoryUsage":35.1325,"totalSwapBytes":62999490560,"availableSwapBytes":57586797184},{"timestamp":"2021-03-03T11:17:30Z","physicalMemoryBytes":43902984192,"availableMemoryBytes":29280820226,"percentageMemoryUsage":33.3056,"totalSwapBytes":62999490560,"availableSwapBytes":57586626923},{"timestamp":"2021-03-03T10:50:00Z","physicalMemoryBytes":43902984192,"availableMemoryBytes":29285493098,"percentageMemoryUsage":33.295,"totalSwapBytes":62999490560,"availableSwapBytes":57586479080},{"timestamp":"2021-03-03T10:22:30Z","physicalMemoryBytes":43902984192,"availableMemoryBytes":29162195137,"percentageMemoryUsage":33.5758,"totalSwapBytes":62999490560,"availableSwapBytes":57586058956},{"timestamp":"2021-03-03T09:55:00Z","physicalMemoryBytes":43902984192,"availableMemoryBytes":28999045696,"percentageMemoryUsage":33.9474,"totalSwapBytes":62999490560,"availableSwapBytes":57585586948},{"timestamp":"2021-03-03T09:27:30Z","physicalMemoryBytes":43902984192,"availableMemoryBytes":29063168240,"percentageMemoryUsage":33.8014,"totalSwapBytes":62999490560,"availableSwapBytes":57585019835},{"timestamp":"2021-03-03T09:00:00Z","physicalMemoryBytes":43902984192,"availableMemoryBytes":29068347085,"percentageMemoryUsage":33.7896,"totalSwapBytes":62999490560,"availableSwapBytes":57584906239},{"timestamp":"2021-03-03T08:32:30Z","physicalMemoryBytes":43902984192,"availableMemoryBytes":29035616919,"percentageMemoryUsage":33.8641,"totalSwapBytes":62999490560,"availableSwapBytes":57584906239},{"timestamp":"2021-03-03T08:05:00Z","physicalMemoryBytes":43902984192,"availableMemoryBytes":29006688301,"percentageMemoryUsage":33.93,"totalSwapBytes":62999490560,"availableSwapBytes":57584769050},{"timestamp":"2021-03-03T07:37:30Z","physicalMemoryBytes":43902984192,"availableMemoryBytes":29044630918,"percentageMemoryUsage":33.8436,"totalSwapBytes":62999490560,"availableSwapBytes":57584644095},{"timestamp":"2021-03-03T07:10:00Z","physicalMemoryBytes":43902984192,"availableMemoryBytes":29087723801,"percentageMemoryUsage":33.7455,"totalSwapBytes":62999490560,"availableSwapBytes":57582721706},{"timestamp":"2021-03-03T06:42:30Z","physicalMemoryBytes":43902984192,"availableMemoryBytes":29058826975,"percentageMemoryUsage":33.8113,"totalSwapBytes":62999490560,"availableSwapBytes":57579366262},{"timestamp":"2021-03-03T06:15:00Z","physicalMemoryBytes":43902984192,"availableMemoryBytes":29099435595,"percentageMemoryUsage":33.7188,"totalSwapBytes":62999490560,"availableSwapBytes":57578992270},{"timestamp":"2021-03-03T05:47:30Z","physicalMemoryBytes":43902984192,"availableMemoryBytes":29057609272,"percentageMemoryUsage":33.814,"totalSwapBytes":62999490560,"availableSwapBytes":57578728379},{"timestamp":"2021-03-03T05:20:00Z","physicalMemoryBytes":43902984192,"availableMemoryBytes":29115490541,"percentageMemoryUsage":33.6822,"totalSwapBytes":62999490560,"availableSwapBytes":57578614783},{"timestamp":"2021-03-03T04:52:30Z","physicalMemoryBytes":43902984192,"availableMemoryBytes":29011416957,"percentageMemoryUsage":33.9193,"totalSwapBytes":62999490560,"availableSwapBytes":57578517935},{"timestamp":"2021-03-03T04:25:00Z","physicalMemoryBytes":43902984192,"availableMemoryBytes":29014874761,"percentageMemoryUsage":33.9114,"totalSwapBytes":62999490560,"availableSwapBytes":57578226810},{"timestamp":"2021-03-03T03:57:30Z","physicalMemoryBytes":43902984192,"availableMemoryBytes":29024583222,"percentageMemoryUsage":33.8893,"totalSwapBytes":62999490560,"availableSwapBytes":57578090483},{"timestamp":"2021-03-03T03:30:00Z","physicalMemoryBytes":43902984192,"availableMemoryBytes":29094594791,"percentageMemoryUsage":33.7298,"totalSwapBytes":62999490560,"availableSwapBytes":57577880794},{"timestamp":"2021-03-03T03:02:30Z","physicalMemoryBytes":43902984192,"availableMemoryBytes":29068779455,"percentageMemoryUsage":33.7886,"totalSwapBytes":62999490560,"availableSwapBytes":57577828351},{"timestamp":"2021-03-03T02:35:00Z","physicalMemoryBytes":43902984192,"availableMemoryBytes":29035299128,"percentageMemoryUsage":33.8649,"totalSwapBytes":62999490560,"availableSwapBytes":57577723493},{"timestamp":"2021-03-03T02:07:30Z","physicalMemoryBytes":43902984192,"availableMemoryBytes":29033455512,"percentageMemoryUsage":33.8691,"totalSwapBytes":62999490560,"availableSwapBytes":57577566207},{"timestamp":"2021-03-03T01:40:00Z","physicalMemoryBytes":43902984192,"availableMemoryBytes":29010278049,"percentageMemoryUsage":33.9219,"totalSwapBytes":62999490560,"availableSwapBytes":57577566000},{"timestamp":"2021-03-03T01:12:30Z","physicalMemoryBytes":43902984192,"availableMemoryBytes":29101976124,"percentageMemoryUsage":33.713,"totalSwapBytes":62999490560,"availableSwapBytes":57575351990},{"timestamp":"2021-03-03T00:45:00Z","physicalMemoryBytes":43902984192,"availableMemoryBytes":29054165386,"percentageMemoryUsage":33.8219,"totalSwapBytes":62999490560,"availableSwapBytes":57574262319},{"timestamp":"2021-03-03T00:17:30Z","physicalMemoryBytes":43902984192,"availableMemoryBytes":29094773106,"percentageMemoryUsage":33.7294,"totalSwapBytes":62999490560,"availableSwapBytes":57574158335},{"timestamp":"2021-03-02T23:50:00Z","physicalMemoryBytes":43902984192,"availableMemoryBytes":29192081312,"percentageMemoryUsage":33.5078,"totalSwapBytes":62999490560,"availableSwapBytes":57574158335},{"timestamp":"2021-03-02T23:22:30Z","physicalMemoryBytes":43902984192,"availableMemoryBytes":29517035159,"percentageMemoryUsage":32.7676,"totalSwapBytes":62999490560,"availableSwapBytes":57574158328},{"timestamp":"2021-03-02T22:55:00Z","physicalMemoryBytes":43902984192,"availableMemoryBytes":29387658978,"percentageMemoryUsage":33.0623,"totalSwapBytes":62999490560,"availableSwapBytes":57573968726},{"timestamp":"2021-03-02T22:27:30Z","physicalMemoryBytes":43902984192,"availableMemoryBytes":29372915260,"percentageMemoryUsage":33.0959,"totalSwapBytes":62999490560,"availableSwapBytes":57573800071},{"timestamp":"2021-03-02T22:00:00Z","physicalMemoryBytes":43902984192,"availableMemoryBytes":29368887175,"percentageMemoryUsage":33.105,"totalSwapBytes":62999490560,"availableSwapBytes":57573634047},{"timestamp":"2021-03-02T21:32:30Z","physicalMemoryBytes":43902984192,"availableMemoryBytes":29337369957,"percentageMemoryUsage":33.1768,"totalSwapBytes":62999490560,"availableSwapBytes":57573438167},{"timestamp":"2021-03-02T21:05:00Z","physicalMemoryBytes":43902984192,"availableMemoryBytes":29373671635,"percentageMemoryUsage":33.0941,"totalSwapBytes":62999490560,"availableSwapBytes":57573109759},{"timestamp":"2021-03-02T20:37:30Z","physicalMemoryBytes":43902984192,"availableMemoryBytes":29369977572,"percentageMemoryUsage":33.1025,"totalSwapBytes":62999490560,"availableSwapBytes":57573109759},{"timestamp":"2021-03-02T20:10:00Z","physicalMemoryBytes":43902984192,"availableMemoryBytes":29371613882,"percentageMemoryUsage":33.0988,"totalSwapBytes":62999490560,"availableSwapBytes":57573109759},{"timestamp":"2021-03-02T19:42:30Z","physicalMemoryBytes":43902984192,"availableMemoryBytes":29368596947,"percentageMemoryUsage":33.1057,"totalSwapBytes":62999490560,"availableSwapBytes":57573109759},{"timestamp":"2021-03-02T19:15:00Z","physicalMemoryBytes":43902984192,"availableMemoryBytes":29371389564,"percentageMemoryUsage":33.0993,"totalSwapBytes":62999490560,"availableSwapBytes":57573109759},{"timestamp":"2021-03-02T18:47:30Z","physicalMemoryBytes":43902984192,"availableMemoryBytes":29371293315,"percentageMemoryUsage":33.0996,"totalSwapBytes":62999490560,"availableSwapBytes":57573109759},{"timestamp":"2021-03-02T18:20:00Z","physicalMemoryBytes":43902984192,"availableMemoryBytes":29374480018,"percentageMemoryUsage":33.0923,"totalSwapBytes":62999490560,"availableSwapBytes":57573077428},{"timestamp":"2021-03-02T17:52:30Z","physicalMemoryBytes":43902984192,"availableMemoryBytes":29375385576,"percentageMemoryUsage":33.0902,"totalSwapBytes":62999490560,"availableSwapBytes":57572820672},{"timestamp":"2021-03-02T17:25:00Z","physicalMemoryBytes":43902984192,"availableMemoryBytes":29376434809,"percentageMemoryUsage":33.0878,"totalSwapBytes":62999490560,"availableSwapBytes":57572490225},{"timestamp":"2021-03-02T16:57:30Z","physicalMemoryBytes":43902984192,"availableMemoryBytes":29372302661,"percentageMemoryUsage":33.0973,"totalSwapBytes":62999490560,"availableSwapBytes":57572323327},{"timestamp":"2021-03-02T16:30:00Z","physicalMemoryBytes":43902984192,"availableMemoryBytes":29380144215,"percentageMemoryUsage":33.0794,"totalSwapBytes":62999490560,"availableSwapBytes":57572207110},{"timestamp":"2021-03-02T16:02:30Z","physicalMemoryBytes":43902984192,"availableMemoryBytes":29374334718,"percentageMemoryUsage":33.0926,"totalSwapBytes":62999490560,"availableSwapBytes":57572008754},{"timestamp":"2021-03-02T15:35:00Z","physicalMemoryBytes":43902984192,"availableMemoryBytes":29374945569,"percentageMemoryUsage":33.0912,"totalSwapBytes":62999490560,"availableSwapBytes":57571799039},{"timestamp":"2021-03-02T15:07:30Z","physicalMemoryBytes":43902984192,"availableMemoryBytes":29379787544,"percentageMemoryUsage":33.0802,"totalSwapBytes":62999490560,"availableSwapBytes":57571693453},{"timestamp":"2021-03-02T14:40:00Z","physicalMemoryBytes":43902984192,"availableMemoryBytes":29380085235,"percentageMemoryUsage":33.0795,"totalSwapBytes":62999490560,"availableSwapBytes":57571536895},{"timestamp":"2021-03-02T14:12:30Z","physicalMemoryBytes":43902984192,"availableMemoryBytes":29370678121,"percentageMemoryUsage":33.101,"totalSwapBytes":62999490560,"availableSwapBytes":57571518702},{"timestamp":"2021-03-02T13:45:00Z","physicalMemoryBytes":43902984192,"availableMemoryBytes":29365094300,"percentageMemoryUsage":33.1137,"totalSwapBytes":62999490560,"availableSwapBytes":57570939181},{"timestamp":"2021-03-02T13:17:30Z","physicalMemoryBytes":43902984192,"availableMemoryBytes":29335628237,"percentageMemoryUsage":33.1808,"totalSwapBytes":62999490560,"availableSwapBytes":57570365988},{"timestamp":"2021-03-02T12:50:00Z","physicalMemoryBytes":43902984192,"availableMemoryBytes":29268500620,"percentageMemoryUsage":33.3337,"totalSwapBytes":62999490560,"availableSwapBytes":57570039187},{"timestamp":"2021-03-02T12:22:30Z","physicalMemoryBytes":43902984192,"availableMemoryBytes":28823497276,"percentageMemoryUsage":34.3473,"totalSwapBytes":62999490560,"availableSwapBytes":57569839071},{"timestamp":"2021-03-02T11:55:00Z","physicalMemoryBytes":43902984192,"availableMemoryBytes":28563296662,"percentageMemoryUsage":34.94,"totalSwapBytes":62999490560,"availableSwapBytes":57569198215},{"timestamp":"2021-03-02T11:27:30Z","physicalMemoryBytes":43902984192,"availableMemoryBytes":28577506976,"percentageMemoryUsage":34.9076,"totalSwapBytes":62999490560,"availableSwapBytes":57568686816},{"timestamp":"2021-03-02T11:00:00Z","physicalMemoryBytes":43902984192,"availableMemoryBytes":28521123648,"percentageMemoryUsage":35.036,"totalSwapBytes":62999490560,"availableSwapBytes":57568063544},{"timestamp":"2021-03-02T10:32:30Z","physicalMemoryBytes":43902984192,"availableMemoryBytes":28528479062,"percentageMemoryUsage":35.0193,"totalSwapBytes":62999490560,"availableSwapBytes":57567083455},{"timestamp":"2021-03-02T10:05:00Z","physicalMemoryBytes":43902984192,"availableMemoryBytes":28492373028,"percentageMemoryUsage":35.1015,"totalSwapBytes":62999490560,"availableSwapBytes":57566167132},{"timestamp":"2021-03-02T09:37:30Z","physicalMemoryBytes":43902984192,"availableMemoryBytes":28527549470,"percentageMemoryUsage":35.0214,"totalSwapBytes":62999490560,"availableSwapBytes":57565624098},{"timestamp":"2021-03-02T09:10:00Z","physicalMemoryBytes":43902984192,"availableMemoryBytes":28577908104,"percentageMemoryUsage":34.9067,"totalSwapBytes":62999490560,"availableSwapBytes":57565245439},{"timestamp":"2021-03-02T08:42:30Z","physicalMemoryBytes":43902984192,"availableMemoryBytes":28583997022,"percentageMemoryUsage":34.8928,"totalSwapBytes":62999490560,"availableSwapBytes":57565158051},{"timestamp":"2021-03-02T08:15:00Z","physicalMemoryBytes":43902984192,"availableMemoryBytes":28976473245,"percentageMemoryUsage":33.9989,"totalSwapBytes":62999490560,"availableSwapBytes":57564545514},{"timestamp":"2021-03-02T07:47:30Z","physicalMemoryBytes":43902984192,"availableMemoryBytes":28719728093,"percentageMemoryUsage":34.5837,"totalSwapBytes":62999490560,"availableSwapBytes":57563973315},{"timestamp":"2021-03-02T07:20:00Z","physicalMemoryBytes":43902984192,"availableMemoryBytes":29452496123,"percentageMemoryUsage":32.9146,"totalSwapBytes":62999490560,"availableSwapBytes":57563494323},{"timestamp":"2021-03-02T06:52:30Z","physicalMemoryBytes":43902984192,"availableMemoryBytes":29595450985,"percentageMemoryUsage":32.589,"totalSwapBytes":62999490560,"availableSwapBytes":57563410431},{"timestamp":"2021-03-02T06:25:00Z","physicalMemoryBytes":43902984192,"availableMemoryBytes":29600960963,"percentageMemoryUsage":32.5764,"totalSwapBytes":62999490560,"availableSwapBytes":57563325669},{"timestamp":"2021-03-02T05:57:30Z","physicalMemoryBytes":43902984192,"availableMemoryBytes":29606070339,"percentageMemoryUsage":32.5648,"totalSwapBytes":62999490560,"availableSwapBytes":57562964788},{"timestamp":"2021-03-02T05:30:00Z","physicalMemoryBytes":43902984192,"availableMemoryBytes":29572096254,"percentageMemoryUsage":32.6422,"totalSwapBytes":62999490560,"availableSwapBytes":57562741964},{"timestamp":"2021-03-02T05:02:30Z","physicalMemoryBytes":43902984192,"availableMemoryBytes":29605292899,"percentageMemoryUsage":32.5666,"totalSwapBytes":62999490560,"availableSwapBytes":57562623999},{"timestamp":"2021-03-02T04:35:00Z","physicalMemoryBytes":43902984192,"availableMemoryBytes":29606750384,"percentageMemoryUsage":32.5632,"totalSwapBytes":62999490560,"availableSwapBytes":57562623998},{"timestamp":"2021-03-02T04:10:00Z","physicalMemoryBytes":43902984192,"availableMemoryBytes":29602069804,"percentageMemoryUsage":32.5739,"totalSwapBytes":62999490560,"availableSwapBytes":57562466713},{"timestamp":"2021-03-02T03:42:30Z","physicalMemoryBytes":43902984192,"availableMemoryBytes":29607025629,"percentageMemoryUsage":32.5626,"totalSwapBytes":62999490560,"availableSwapBytes":57562212578},{"timestamp":"2021-03-02T03:15:00Z","physicalMemoryBytes":43902984192,"availableMemoryBytes":29602799005,"percentageMemoryUsage":32.5722,"totalSwapBytes":62999490560,"availableSwapBytes":57562099711},{"timestamp":"2021-03-02T02:47:30Z","physicalMemoryBytes":43902984192,"availableMemoryBytes":29598076274,"percentageMemoryUsage":32.583,"totalSwapBytes":62999490560,"availableSwapBytes":57562082235},{"timestamp":"2021-03-02T02:20:00Z","physicalMemoryBytes":43902984192,"availableMemoryBytes":29605920390,"percentageMemoryUsage":32.5651,"totalSwapBytes":62999490560,"availableSwapBytes":57561837567},{"timestamp":"2021-03-02T01:52:30Z","physicalMemoryBytes":43902984192,"availableMemoryBytes":29607300417,"percentageMemoryUsage":32.562,"totalSwapBytes":62999490560,"availableSwapBytes":57561837567},{"timestamp":"2021-03-02T01:25:00Z","physicalMemoryBytes":43902984192,"availableMemoryBytes":29610021458,"percentageMemoryUsage":32.5558,"totalSwapBytes":62999490560,"availableSwapBytes":57561731835},{"timestamp":"2021-03-02T00:57:30Z","physicalMemoryBytes":43902984192,"availableMemoryBytes":29617825742,"percentageMemoryUsage":32.538,"totalSwapBytes":62999490560,"availableSwapBytes":57561514256},{"timestamp":"2021-03-02T00:30:00Z","physicalMemoryBytes":43902984192,"availableMemoryBytes":29620547960,"percentageMemoryUsage":32.5318,"totalSwapBytes":62999490560,"availableSwapBytes":57561313279},{"timestamp":"2021-03-02T00:02:30Z","physicalMemoryBytes":43902984192,"availableMemoryBytes":29618760811,"percentageMemoryUsage":32.5359,"totalSwapBytes":62999490560,"availableSwapBytes":57561164719},{"timestamp":"2021-03-01T23:35:00Z","physicalMemoryBytes":43902984192,"availableMemoryBytes":29617184830,"percentageMemoryUsage":32.5395,"totalSwapBytes":62999490560,"availableSwapBytes":57560841420},{"timestamp":"2021-03-01T23:07:30Z","physicalMemoryBytes":43902984192,"availableMemoryBytes":29439959907,"percentageMemoryUsage":32.9431,"totalSwapBytes":62999490560,"availableSwapBytes":57560570549},{"timestamp":"2021-03-01T22:40:00Z","physicalMemoryBytes":43902984192,"availableMemoryBytes":29249848343,"percentageMemoryUsage":33.3762,"totalSwapBytes":62999490560,"availableSwapBytes":57560526847},{"timestamp":"2021-03-01T22:12:30Z","physicalMemoryBytes":43902984192,"availableMemoryBytes":29254716495,"percentageMemoryUsage":33.3651,"totalSwapBytes":62999490560,"availableSwapBytes":57560526274},{"timestamp":"2021-03-01T21:45:00Z","physicalMemoryBytes":43902984192,"availableMemoryBytes":29241168902,"percentageMemoryUsage":33.3959,"totalSwapBytes":62999490560,"availableSwapBytes":57560275876},{"timestamp":"2021-03-01T21:17:30Z","physicalMemoryBytes":43902984192,"availableMemoryBytes":29196683627,"percentageMemoryUsage":33.4973,"totalSwapBytes":62999490560,"availableSwapBytes":57560120524},{"timestamp":"2021-03-01T20:50:00Z","physicalMemoryBytes":43902984192,"availableMemoryBytes":29259513177,"percentageMemoryUsage":33.3542,"totalSwapBytes":62999490560,"availableSwapBytes":57559907313},{"timestamp":"2021-03-01T20:22:30Z","physicalMemoryBytes":43902984192,"availableMemoryBytes":29255204941,"percentageMemoryUsage":33.364,"totalSwapBytes":62999490560,"availableSwapBytes":57559740415},{"timestamp":"2021-03-01T19:55:00Z","physicalMemoryBytes":43902984192,"availableMemoryBytes":29220507749,"percentageMemoryUsage":33.443,"totalSwapBytes":62999490560,"availableSwapBytes":57559740415},{"timestamp":"2021-03-01T19:27:30Z","physicalMemoryBytes":43902984192,"availableMemoryBytes":29142248811,"percentageMemoryUsage":33.6213,"totalSwapBytes":62999490560,"availableSwapBytes":57559631916},{"timestamp":"2021-03-01T19:00:00Z","physicalMemoryBytes":43902984192,"availableMemoryBytes":29111743553,"percentageMemoryUsage":33.6907,"totalSwapBytes":62999490560,"availableSwapBytes":57559478271},{"timestamp":"2021-03-01T18:32:30Z","physicalMemoryBytes":43902984192,"availableMemoryBytes":29149057306,"percentageMemoryUsage":33.6057,"totalSwapBytes":62999490560,"availableSwapBytes":57559477543},{"timestamp":"2021-03-01T18:05:00Z","physicalMemoryBytes":43902984192,"availableMemoryBytes":29150976344,"percentageMemoryUsage":33.6014,"totalSwapBytes":62999490560,"availableSwapBytes":57559216127},{"timestamp":"2021-03-01T17:37:30Z","physicalMemoryBytes":43902984192,"availableMemoryBytes":29028921828,"percentageMemoryUsage":33.8794,"totalSwapBytes":62999490560,"availableSwapBytes":57559189184},{"timestamp":"2021-03-01T17:10:00Z","physicalMemoryBytes":43902984192,"availableMemoryBytes":28988009256,"percentageMemoryUsage":33.9726,"totalSwapBytes":62999490560,"availableSwapBytes":57558818542},{"timestamp":"2021-03-01T16:42:30Z","physicalMemoryBytes":43902984192,"availableMemoryBytes":29023551370,"percentageMemoryUsage":33.8916,"totalSwapBytes":62999490560,"availableSwapBytes":57558139880},{"timestamp":"2021-03-01T16:15:00Z","physicalMemoryBytes":43902984192,"availableMemoryBytes":29010751614,"percentageMemoryUsage":33.9208,"totalSwapBytes":62999490560,"availableSwapBytes":57557905407},{"timestamp":"2021-03-01T15:47:30Z","physicalMemoryBytes":43902984192,"availableMemoryBytes":29019484081,"percentageMemoryUsage":33.9009,"totalSwapBytes":62999490560,"availableSwapBytes":57557905407},{"timestamp":"2021-03-01T15:20:00Z","physicalMemoryBytes":43902984192,"availableMemoryBytes":29047942920,"percentageMemoryUsage":33.8361,"totalSwapBytes":62999490560,"availableSwapBytes":57557905407},{"timestamp":"2021-03-01T14:52:30Z","physicalMemoryBytes":43902984192,"availableMemoryBytes":29041073800,"percentageMemoryUsage":33.8517,"totalSwapBytes":62999490560,"availableSwapBytes":57557905403},{"timestamp":"2021-03-01T14:25:00Z","physicalMemoryBytes":43902984192,"availableMemoryBytes":29016792728,"percentageMemoryUsage":33.907,"totalSwapBytes":62999490560,"availableSwapBytes":57557726277},{"timestamp":"2021-03-01T13:57:30Z","physicalMemoryBytes":43902984192,"availableMemoryBytes":29094358161,"percentageMemoryUsage":33.7303,"totalSwapBytes":62999490560,"availableSwapBytes":57557197620},{"timestamp":"2021-03-01T13:30:00Z","physicalMemoryBytes":43902984192,"availableMemoryBytes":29034711544,"percentageMemoryUsage":33.8662,"totalSwapBytes":62999490560,"availableSwapBytes":57557118330},{"timestamp":"2021-03-01T13:02:30Z","physicalMemoryBytes":43902984192,"availableMemoryBytes":29063035961,"percentageMemoryUsage":33.8017,"totalSwapBytes":62999490560,"availableSwapBytes":57556868291},{"timestamp":"2021-03-01T12:35:00Z","physicalMemoryBytes":43902984192,"availableMemoryBytes":29098861889,"percentageMemoryUsage":33.7201,"totalSwapBytes":62999490560,"availableSwapBytes":57556825374},{"timestamp":"2021-03-01T12:07:30Z","physicalMemoryBytes":43902984192,"availableMemoryBytes":29099462055,"percentageMemoryUsage":33.7187,"totalSwapBytes":62999490560,"availableSwapBytes":57555901462},{"timestamp":"2021-03-01T11:40:00Z","physicalMemoryBytes":43902984192,"availableMemoryBytes":29119522274,"percentageMemoryUsage":33.673,"totalSwapBytes":62999490560,"availableSwapBytes":57554497535},{"timestamp":"2021-03-01T11:12:30Z","physicalMemoryBytes":43902984192,"availableMemoryBytes":29090163240,"percentageMemoryUsage":33.7399,"totalSwapBytes":62999490560,"availableSwapBytes":57554497530},{"timestamp":"2021-03-01T10:45:00Z","physicalMemoryBytes":43902984192,"availableMemoryBytes":29095722718,"percentageMemoryUsage":33.7272,"totalSwapBytes":62999490560,"availableSwapBytes":57554249378},{"timestamp":"2021-03-01T10:17:30Z","physicalMemoryBytes":43902984192,"availableMemoryBytes":29129863137,"percentageMemoryUsage":33.6495,"totalSwapBytes":62999490560,"availableSwapBytes":57553973247},{"timestamp":"2021-03-01T09:50:00Z","physicalMemoryBytes":43902984192,"availableMemoryBytes":29115017235,"percentageMemoryUsage":33.6833,"totalSwapBytes":62999490560,"availableSwapBytes":57553973247},{"timestamp":"2021-03-01T09:22:30Z","physicalMemoryBytes":43902984192,"availableMemoryBytes":29173839202,"percentageMemoryUsage":33.5493,"totalSwapBytes":62999490560,"availableSwapBytes":57553842173},{"timestamp":"2021-03-01T08:55:00Z","physicalMemoryBytes":43902984192,"availableMemoryBytes":29167815821,"percentageMemoryUsage":33.563,"totalSwapBytes":62999490560,"availableSwapBytes":57553439665},{"timestamp":"2021-03-01T08:27:30Z","physicalMemoryBytes":43902984192,"availableMemoryBytes":29121342864,"percentageMemoryUsage":33.6689,"totalSwapBytes":62999490560,"availableSwapBytes":57552678284},{"timestamp":"2021-03-01T08:00:00Z","physicalMemoryBytes":43902984192,"availableMemoryBytes":29133485479,"percentageMemoryUsage":33.6412,"totalSwapBytes":62999490560,"availableSwapBytes":57552662524},{"timestamp":"2021-03-01T07:32:30Z","physicalMemoryBytes":43902984192,"availableMemoryBytes":29167547996,"percentageMemoryUsage":33.5636,"totalSwapBytes":62999490560,"availableSwapBytes":57544839716},{"timestamp":"2021-03-01T07:05:00Z","physicalMemoryBytes":43902984192,"availableMemoryBytes":29162914194,"percentageMemoryUsage":33.5742,"totalSwapBytes":62999490560,"availableSwapBytes":57538386164},{"timestamp":"2021-03-01T06:37:30Z","physicalMemoryBytes":43902984192,"availableMemoryBytes":29163443192,"percentageMemoryUsage":33.573,"totalSwapBytes":62999490560,"availableSwapBytes":57538506751},{"timestamp":"2021-03-01T06:10:00Z","physicalMemoryBytes":43902984192,"availableMemoryBytes":29161653020,"percentageMemoryUsage":33.5771,"totalSwapBytes":62999490560,"availableSwapBytes":57538505891},{"timestamp":"2021-03-01T05:42:30Z","physicalMemoryBytes":43902984192,"availableMemoryBytes":29158931675,"percentageMemoryUsage":33.5833,"totalSwapBytes":62999490560,"availableSwapBytes":57538000656},{"timestamp":"2021-03-01T05:15:00Z","physicalMemoryBytes":43902984192,"availableMemoryBytes":29131159643,"percentageMemoryUsage":33.6465,"totalSwapBytes":62999490560,"availableSwapBytes":57537720319},{"timestamp":"2021-03-01T04:47:30Z","physicalMemoryBytes":43902984192,"availableMemoryBytes":29138851913,"percentageMemoryUsage":33.629,"totalSwapBytes":62999490560,"availableSwapBytes":57537720319},{"timestamp":"2021-03-01T04:20:00Z","physicalMemoryBytes":43902984192,"availableMemoryBytes":29157682784,"percentageMemoryUsage":33.5861,"totalSwapBytes":62999490560,"availableSwapBytes":57537720319},{"timestamp":"2021-03-01T03:52:30Z","physicalMemoryBytes":43902984192,"availableMemoryBytes":29154095040,"percentageMemoryUsage":33.5943,"totalSwapBytes":62999490560,"availableSwapBytes":57537649531},{"timestamp":"2021-03-01T03:25:00Z","physicalMemoryBytes":43902984192,"availableMemoryBytes":29151307696,"percentageMemoryUsage":33.6006,"totalSwapBytes":62999490560,"availableSwapBytes":57537237286},{"timestamp":"2021-03-01T02:57:30Z","physicalMemoryBytes":43902984192,"availableMemoryBytes":29089273746,"percentageMemoryUsage":33.7419,"totalSwapBytes":62999490560,"availableSwapBytes":57537151612},{"timestamp":"2021-03-01T02:30:00Z","physicalMemoryBytes":43902984192,"availableMemoryBytes":28951138094,"percentageMemoryUsage":34.0566,"totalSwapBytes":62999490560,"availableSwapBytes":57536933887},{"timestamp":"2021-03-01T02:02:30Z","physicalMemoryBytes":43902984192,"availableMemoryBytes":29061365572,"percentageMemoryUsage":33.8055,"totalSwapBytes":62999490560,"availableSwapBytes":57536933744},{"timestamp":"2021-03-01T01:35:00Z","physicalMemoryBytes":43902984192,"availableMemoryBytes":29062939216,"percentageMemoryUsage":33.8019,"totalSwapBytes":62999490560,"availableSwapBytes":57536713858},{"timestamp":"2021-03-01T01:07:30Z","physicalMemoryBytes":43902984192,"availableMemoryBytes":29141683313,"percentageMemoryUsage":33.6225,"totalSwapBytes":62999490560,"availableSwapBytes":57536505718},{"timestamp":"2021-03-01T00:40:00Z","physicalMemoryBytes":43902984192,"availableMemoryBytes":29169854571,"percentageMemoryUsage":33.5584,"totalSwapBytes":62999490560,"availableSwapBytes":57536256682},{"timestamp":"2021-03-01T00:12:30Z","physicalMemoryBytes":43902984192,"availableMemoryBytes":29176074243,"percentageMemoryUsage":33.5442,"totalSwapBytes":62999490560,"availableSwapBytes":57536147455},{"timestamp":"2021-02-28T23:45:00Z","physicalMemoryBytes":43902984192,"availableMemoryBytes":29312114786,"percentageMemoryUsage":33.2343,"totalSwapBytes":62999490560,"availableSwapBytes":57536147455},{"timestamp":"2021-02-28T23:17:30Z","physicalMemoryBytes":43902984192,"availableMemoryBytes":29526470689,"percentageMemoryUsage":32.7461,"totalSwapBytes":62999490560,"availableSwapBytes":57536094441},{"timestamp":"2021-02-28T22:50:00Z","physicalMemoryBytes":43902984192,"availableMemoryBytes":29322991882,"percentageMemoryUsage":33.2096,"totalSwapBytes":62999490560,"availableSwapBytes":57535633478},{"timestamp":"2021-02-28T22:22:30Z","physicalMemoryBytes":43902984192,"availableMemoryBytes":29325893622,"percentageMemoryUsage":33.203,"totalSwapBytes":62999490560,"availableSwapBytes":57535157864},{"timestamp":"2021-02-28T21:55:00Z","physicalMemoryBytes":43902984192,"availableMemoryBytes":29306101086,"percentageMemoryUsage":33.248,"totalSwapBytes":62999490560,"availableSwapBytes":57534836730},{"timestamp":"2021-02-28T21:27:30Z","physicalMemoryBytes":43902984192,"availableMemoryBytes":29099516697,"percentageMemoryUsage":33.7186,"totalSwapBytes":62999490560,"availableSwapBytes":57534648140},{"timestamp":"2021-02-28T21:00:00Z","physicalMemoryBytes":43902984192,"availableMemoryBytes":29159651356,"percentageMemoryUsage":33.5816,"totalSwapBytes":62999490560,"availableSwapBytes":57534457500},{"timestamp":"2021-02-28T20:32:30Z","physicalMemoryBytes":43902984192,"availableMemoryBytes":29068391857,"percentageMemoryUsage":33.7895,"totalSwapBytes":62999490560,"availableSwapBytes":57534023933},{"timestamp":"2021-02-28T20:05:00Z","physicalMemoryBytes":43902984192,"availableMemoryBytes":29079447290,"percentageMemoryUsage":33.7643,"totalSwapBytes":62999490560,"availableSwapBytes":57533567270},{"timestamp":"2021-02-28T19:37:30Z","physicalMemoryBytes":43902984192,"availableMemoryBytes":29051498408,"percentageMemoryUsage":33.828,"totalSwapBytes":62999490560,"availableSwapBytes":57533525728},{"timestamp":"2021-02-28T19:10:00Z","physicalMemoryBytes":43902984192,"availableMemoryBytes":29092342146,"percentageMemoryUsage":33.7349,"totalSwapBytes":62999490560,"availableSwapBytes":57533222272},{"timestamp":"2021-02-28T18:45:00Z","physicalMemoryBytes":43902984192,"availableMemoryBytes":29087000433,"percentageMemoryUsage":33.7471,"totalSwapBytes":62999490560,"availableSwapBytes":57532873448},{"timestamp":"2021-02-28T18:17:30Z","physicalMemoryBytes":43902984192,"availableMemoryBytes":29126381711,"percentageMemoryUsage":33.6574,"totalSwapBytes":62999490560,"availableSwapBytes":57532266864},{"timestamp":"2021-02-28T17:50:00Z","physicalMemoryBytes":43902984192,"availableMemoryBytes":29051613838,"percentageMemoryUsage":33.8277,"totalSwapBytes":62999490560,"availableSwapBytes":57531954010},{"timestamp":"2021-02-28T17:22:30Z","physicalMemoryBytes":43902984192,"availableMemoryBytes":29093599745,"percentageMemoryUsage":33.7321,"totalSwapBytes":62999490560,"availableSwapBytes":57531853349},{"timestamp":"2021-02-28T16:55:00Z","physicalMemoryBytes":43902984192,"availableMemoryBytes":29038062216,"percentageMemoryUsage":33.8586,"totalSwapBytes":62999490560,"availableSwapBytes":57530759572},{"timestamp":"2021-02-28T16:27:30Z","physicalMemoryBytes":43902984192,"availableMemoryBytes":29005789733,"percentageMemoryUsage":33.9321,"totalSwapBytes":62999490560,"availableSwapBytes":57529995806},{"timestamp":"2021-02-28T16:00:00Z","physicalMemoryBytes":43902984192,"availableMemoryBytes":29055154824,"percentageMemoryUsage":33.8196,"totalSwapBytes":62999490560,"availableSwapBytes":57529565023},{"timestamp":"2021-02-28T15:32:30Z","physicalMemoryBytes":43902984192,"availableMemoryBytes":29051066623,"percentageMemoryUsage":33.8289,"totalSwapBytes":62999490560,"availableSwapBytes":57529331711},{"timestamp":"2021-02-28T15:05:00Z","physicalMemoryBytes":43902984192,"availableMemoryBytes":29020807811,"percentageMemoryUsage":33.8979,"totalSwapBytes":62999490560,"availableSwapBytes":57529325594},{"timestamp":"2021-02-28T14:37:30Z","physicalMemoryBytes":43902984192,"availableMemoryBytes":29077435861,"percentageMemoryUsage":33.7689,"totalSwapBytes":62999490560,"availableSwapBytes":57528867133},{"timestamp":"2021-02-28T14:10:00Z","physicalMemoryBytes":43902984192,"availableMemoryBytes":29098805565,"percentageMemoryUsage":33.7202,"totalSwapBytes":62999490560,"availableSwapBytes":57528534793},{"timestamp":"2021-02-28T13:42:30Z","physicalMemoryBytes":43902984192,"availableMemoryBytes":29067625157,"percentageMemoryUsage":33.7912,"totalSwapBytes":62999490560,"availableSwapBytes":57528188022},{"timestamp":"2021-02-28T13:15:00Z","physicalMemoryBytes":43902984192,"availableMemoryBytes":29048015587,"percentageMemoryUsage":33.8359,"totalSwapBytes":62999490560,"availableSwapBytes":57527479766},{"timestamp":"2021-02-28T12:47:30Z","physicalMemoryBytes":43902984192,"availableMemoryBytes":29064947541,"percentageMemoryUsage":33.7973,"totalSwapBytes":62999490560,"availableSwapBytes":57527234559},{"timestamp":"2021-02-28T12:20:00Z","physicalMemoryBytes":43902984192,"availableMemoryBytes":29079409809,"percentageMemoryUsage":33.7644,"totalSwapBytes":62999490560,"availableSwapBytes":57527234559},{"timestamp":"2021-02-28T11:52:30Z","physicalMemoryBytes":43902984192,"availableMemoryBytes":29110138415,"percentageMemoryUsage":33.6944,"totalSwapBytes":62999490560,"availableSwapBytes":57527111497},{"timestamp":"2021-02-28T11:25:00Z","physicalMemoryBytes":43902984192,"availableMemoryBytes":29145471215,"percentageMemoryUsage":33.6139,"totalSwapBytes":62999490560,"availableSwapBytes":57526972415},{"timestamp":"2021-02-28T10:57:30Z","physicalMemoryBytes":43902984192,"availableMemoryBytes":29149890095,"percentageMemoryUsage":33.6039,"totalSwapBytes":62999490560,"availableSwapBytes":57526947657},{"timestamp":"2021-02-28T10:30:00Z","physicalMemoryBytes":43902984192,"availableMemoryBytes":29120149809,"percentageMemoryUsage":33.6716,"totalSwapBytes":62999490560,"availableSwapBytes":57526709853},{"timestamp":"2021-02-28T10:02:30Z","physicalMemoryBytes":43902984192,"availableMemoryBytes":29102730758,"percentageMemoryUsage":33.7113,"totalSwapBytes":62999490560,"availableSwapBytes":57526255222},{"timestamp":"2021-02-28T09:35:00Z","physicalMemoryBytes":43902984192,"availableMemoryBytes":29141505010,"percentageMemoryUsage":33.623,"totalSwapBytes":62999490560,"availableSwapBytes":57525487276},{"timestamp":"2021-02-28T09:07:30Z","physicalMemoryBytes":43902984192,"availableMemoryBytes":29120262264,"percentageMemoryUsage":33.6713,"totalSwapBytes":62999490560,"availableSwapBytes":57524734725},{"timestamp":"2021-02-28T08:40:00Z","physicalMemoryBytes":43902984192,"availableMemoryBytes":29126734494,"percentageMemoryUsage":33.6566,"totalSwapBytes":62999490560,"availableSwapBytes":57524350975},{"timestamp":"2021-02-28T08:12:30Z","physicalMemoryBytes":43902984192,"availableMemoryBytes":29191533629,"percentageMemoryUsage":33.509,"totalSwapBytes":62999490560,"availableSwapBytes":57524195145},{"timestamp":"2021-02-28T07:45:00Z","physicalMemoryBytes":43902984192,"availableMemoryBytes":29156295330,"percentageMemoryUsage":33.5893,"totalSwapBytes":62999490560,"availableSwapBytes":57524088831},{"timestamp":"2021-02-28T07:17:30Z","physicalMemoryBytes":43902984192,"availableMemoryBytes":29150082698,"percentageMemoryUsage":33.6034,"totalSwapBytes":62999490560,"availableSwapBytes":57523919894},{"timestamp":"2021-02-28T06:50:00Z","physicalMemoryBytes":43902984192,"availableMemoryBytes":29150273599,"percentageMemoryUsage":33.603,"totalSwapBytes":62999490560,"availableSwapBytes":57523826686},{"timestamp":"2021-02-28T06:22:30Z","physicalMemoryBytes":43902984192,"availableMemoryBytes":29138584480,"percentageMemoryUsage":33.6296,"totalSwapBytes":62999490560,"availableSwapBytes":57523474949},{"timestamp":"2021-02-28T05:55:00Z","physicalMemoryBytes":43902984192,"availableMemoryBytes":29169567696,"percentageMemoryUsage":33.559,"totalSwapBytes":62999490560,"availableSwapBytes":57521656168},{"timestamp":"2021-02-28T05:27:30Z","physicalMemoryBytes":43902984192,"availableMemoryBytes":29116667673,"percentageMemoryUsage":33.6795,"totalSwapBytes":62999490560,"availableSwapBytes":57520770525},{"timestamp":"2021-02-28T05:00:00Z","physicalMemoryBytes":43902984192,"availableMemoryBytes":29124900633,"percentageMemoryUsage":33.6608,"totalSwapBytes":62999490560,"availableSwapBytes":57520418812},{"timestamp":"2021-02-28T04:32:30Z","physicalMemoryBytes":43902984192,"availableMemoryBytes":29074463353,"percentageMemoryUsage":33.7757,"totalSwapBytes":62999490560,"availableSwapBytes":57520115895},{"timestamp":"2021-02-28T04:05:00Z","physicalMemoryBytes":43902984192,"availableMemoryBytes":29134163660,"percentageMemoryUsage":33.6397,"totalSwapBytes":62999490560,"availableSwapBytes":57519547611},{"timestamp":"2021-02-28T03:37:30Z","physicalMemoryBytes":43902984192,"availableMemoryBytes":29155680349,"percentageMemoryUsage":33.5907,"totalSwapBytes":62999490560,"availableSwapBytes":57518980973},{"timestamp":"2021-02-28T03:10:00Z","physicalMemoryBytes":43902984192,"availableMemoryBytes":29137559431,"percentageMemoryUsage":33.6319,"totalSwapBytes":62999490560,"availableSwapBytes":57518605294},{"timestamp":"2021-02-28T02:42:30Z","physicalMemoryBytes":43902984192,"availableMemoryBytes":29140537580,"percentageMemoryUsage":33.6252,"totalSwapBytes":62999490560,"availableSwapBytes":57518431606},{"timestamp":"2021-02-28T02:15:00Z","physicalMemoryBytes":43902984192,"availableMemoryBytes":29101133389,"percentageMemoryUsage":33.7149,"totalSwapBytes":62999490560,"availableSwapBytes":57518111089},{"timestamp":"2021-02-28T01:47:30Z","physicalMemoryBytes":43902984192,"availableMemoryBytes":29053235641,"percentageMemoryUsage":33.824,"totalSwapBytes":62999490560,"availableSwapBytes":57518108307},{"timestamp":"2021-02-28T01:20:00Z","physicalMemoryBytes":43902984192,"availableMemoryBytes":29100837897,"percentageMemoryUsage":33.7156,"totalSwapBytes":62999490560,"availableSwapBytes":57518237769},{"timestamp":"2021-02-28T00:52:30Z","physicalMemoryBytes":43902984192,"availableMemoryBytes":29109311085,"percentageMemoryUsage":33.6963,"totalSwapBytes":62999490560,"availableSwapBytes":57516235659},{"timestamp":"2021-02-28T00:25:00Z","physicalMemoryBytes":43902984192,"availableMemoryBytes":29089151379,"percentageMemoryUsage":33.7422,"totalSwapBytes":62999490560,"availableSwapBytes":57508491918},{"timestamp":"2021-02-27T23:57:30Z","physicalMemoryBytes":43902984192,"availableMemoryBytes":29188601345,"percentageMemoryUsage":33.5157,"totalSwapBytes":62999490560,"availableSwapBytes":57507276173},{"timestamp":"2021-02-27T23:30:00Z","physicalMemoryBytes":43902984192,"availableMemoryBytes":29462515417,"percentageMemoryUsage":32.8918,"totalSwapBytes":62999490560,"availableSwapBytes":57506544951},{"timestamp":"2021-02-27T23:02:30Z","physicalMemoryBytes":43902984192,"availableMemoryBytes":28351224127,"percentageMemoryUsage":35.423,"totalSwapBytes":62999490560,"availableSwapBytes":57506359158},{"timestamp":"2021-02-27T22:35:00Z","physicalMemoryBytes":43902984192,"availableMemoryBytes":28040224067,"percentageMemoryUsage":36.1314,"totalSwapBytes":62999490560,"availableSwapBytes":57506263039},{"timestamp":"2021-02-27T22:07:30Z","physicalMemoryBytes":43902984192,"availableMemoryBytes":28039651362,"percentageMemoryUsage":36.1327,"totalSwapBytes":62999490560,"availableSwapBytes":57506263039},{"timestamp":"2021-02-27T21:40:00Z","physicalMemoryBytes":43902984192,"availableMemoryBytes":28019742082,"percentageMemoryUsage":36.178,"totalSwapBytes":62999490560,"availableSwapBytes":57506126724},{"timestamp":"2021-02-27T21:12:30Z","physicalMemoryBytes":43902984192,"availableMemoryBytes":28182669126,"percentageMemoryUsage":35.8069,"totalSwapBytes":62999490560,"availableSwapBytes":57506000895},{"timestamp":"2021-02-27T20:45:00Z","physicalMemoryBytes":43902984192,"availableMemoryBytes":29210123094,"percentageMemoryUsage":33.4667,"totalSwapBytes":62999490560,"availableSwapBytes":57506000865},{"timestamp":"2021-02-27T20:17:30Z","physicalMemoryBytes":43902984192,"availableMemoryBytes":29750151780,"percentageMemoryUsage":32.2366,"totalSwapBytes":62999490560,"availableSwapBytes":57504860593},{"timestamp":"2021-02-27T19:50:00Z","physicalMemoryBytes":43902984192,"availableMemoryBytes":29769633277,"percentageMemoryUsage":32.1922,"totalSwapBytes":62999490560,"availableSwapBytes":57504281230},{"timestamp":"2021-02-27T19:22:30Z","physicalMemoryBytes":43902984192,"availableMemoryBytes":29773387924,"percentageMemoryUsage":32.1837,"totalSwapBytes":62999490560,"availableSwapBytes":57504165883},{"timestamp":"2021-02-27T18:55:00Z","physicalMemoryBytes":43902984192,"availableMemoryBytes":29776486840,"percentageMemoryUsage":32.1766,"totalSwapBytes":62999490560,"availableSwapBytes":57503993738},{"timestamp":"2021-02-27T18:27:30Z","physicalMemoryBytes":43902984192,"availableMemoryBytes":29779035476,"percentageMemoryUsage":32.1708,"totalSwapBytes":62999490560,"availableSwapBytes":57503691853},{"timestamp":"2021-02-27T18:00:00Z","physicalMemoryBytes":43902984192,"availableMemoryBytes":29782019700,"percentageMemoryUsage":32.164,"totalSwapBytes":62999490560,"availableSwapBytes":57503494798},{"timestamp":"2021-02-27T17:32:30Z","physicalMemoryBytes":43902984192,"availableMemoryBytes":29771797737,"percentageMemoryUsage":32.1873,"totalSwapBytes":62999490560,"availableSwapBytes":57503379455},{"timestamp":"2021-02-27T17:05:00Z","physicalMemoryBytes":43902984192,"availableMemoryBytes":29774060666,"percentageMemoryUsage":32.1821,"totalSwapBytes":62999490560,"availableSwapBytes":57503379446},{"timestamp":"2021-02-27T16:37:30Z","physicalMemoryBytes":43902984192,"availableMemoryBytes":29791197679,"percentageMemoryUsage":32.1431,"totalSwapBytes":62999490560,"availableSwapBytes":57503053967},{"timestamp":"2021-02-27T16:10:00Z","physicalMemoryBytes":43902984192,"availableMemoryBytes":29791495933,"percentageMemoryUsage":32.1424,"totalSwapBytes":62999490560,"availableSwapBytes":57502855167},{"timestamp":"2021-02-27T15:42:30Z","physicalMemoryBytes":43902984192,"availableMemoryBytes":29783842951,"percentageMemoryUsage":32.1599,"totalSwapBytes":62999490560,"availableSwapBytes":57502855167},{"timestamp":"2021-02-27T15:15:00Z","physicalMemoryBytes":43902984192,"availableMemoryBytes":29789187819,"percentageMemoryUsage":32.1477,"totalSwapBytes":62999490560,"availableSwapBytes":57502855167},{"timestamp":"2021-02-27T14:47:30Z","physicalMemoryBytes":43902984192,"availableMemoryBytes":29793007613,"percentageMemoryUsage":32.139,"totalSwapBytes":62999490560,"availableSwapBytes":57502855167},{"timestamp":"2021-02-27T14:20:00Z","physicalMemoryBytes":43902984192,"availableMemoryBytes":29796544842,"percentageMemoryUsage":32.1309,"totalSwapBytes":62999490560,"availableSwapBytes":57502855167},{"timestamp":"2021-02-27T13:52:30Z","physicalMemoryBytes":43902984192,"availableMemoryBytes":29790356081,"percentageMemoryUsage":32.145,"totalSwapBytes":62999490560,"availableSwapBytes":57502811464},{"timestamp":"2021-02-27T13:25:00Z","physicalMemoryBytes":43902984192,"availableMemoryBytes":29779648093,"percentageMemoryUsage":32.1694,"totalSwapBytes":62999490560,"availableSwapBytes":57502318633},{"timestamp":"2021-02-27T12:57:30Z","physicalMemoryBytes":43902984192,"availableMemoryBytes":29773327675,"percentageMemoryUsage":32.1838,"totalSwapBytes":62999490560,"availableSwapBytes":57500817020},{"timestamp":"2021-02-27T12:30:00Z","physicalMemoryBytes":43902984192,"availableMemoryBytes":29787855585,"percentageMemoryUsage":32.1507,"totalSwapBytes":62999490560,"availableSwapBytes":57498660852},{"timestamp":"2021-02-27T12:02:30Z","physicalMemoryBytes":43902984192,"availableMemoryBytes":29788872786,"percentageMemoryUsage":32.1484,"totalSwapBytes":62999490560,"availableSwapBytes":57498451157},{"timestamp":"2021-02-27T11:35:00Z","physicalMemoryBytes":43902984192,"availableMemoryBytes":29793404557,"percentageMemoryUsage":32.1381,"totalSwapBytes":62999490560,"availableSwapBytes":57498345416},{"timestamp":"2021-02-27T11:07:30Z","physicalMemoryBytes":43902984192,"availableMemoryBytes":29799967113,"percentageMemoryUsage":32.1231,"totalSwapBytes":62999490560,"availableSwapBytes":57498127829},{"timestamp":"2021-02-27T10:40:00Z","physicalMemoryBytes":43902984192,"availableMemoryBytes":29798522294,"percentageMemoryUsage":32.1264,"totalSwapBytes":62999490560,"availableSwapBytes":57497684822},{"timestamp":"2021-02-27T10:12:30Z","physicalMemoryBytes":43902984192,"availableMemoryBytes":29798792789,"percentageMemoryUsage":32.1258,"totalSwapBytes":62999490560,"availableSwapBytes":57497612287},{"timestamp":"2021-02-27T09:45:00Z","physicalMemoryBytes":43902984192,"availableMemoryBytes":29798756006,"percentageMemoryUsage":32.1259,"totalSwapBytes":62999490560,"availableSwapBytes":57497612287},{"timestamp":"2021-02-27T09:20:00Z","physicalMemoryBytes":43902984192,"availableMemoryBytes":29799443905,"percentageMemoryUsage":32.1243,"totalSwapBytes":62999490560,"availableSwapBytes":57497601801},{"timestamp":"2021-02-27T08:52:30Z","physicalMemoryBytes":43902984192,"availableMemoryBytes":29801086200,"percentageMemoryUsage":32.1206,"totalSwapBytes":62999490560,"availableSwapBytes":57497350143},{"timestamp":"2021-02-27T08:25:00Z","physicalMemoryBytes":43902984192,"availableMemoryBytes":29796070014,"percentageMemoryUsage":32.132,"totalSwapBytes":62999490560,"availableSwapBytes":57497350143},{"timestamp":"2021-02-27T07:57:30Z","physicalMemoryBytes":43902984192,"availableMemoryBytes":29791601665,"percentageMemoryUsage":32.1422,"totalSwapBytes":62999490560,"availableSwapBytes":57497340676},{"timestamp":"2021-02-27T07:30:00Z","physicalMemoryBytes":43902984192,"availableMemoryBytes":29799789252,"percentageMemoryUsage":32.1235,"totalSwapBytes":62999490560,"availableSwapBytes":57496941198},{"timestamp":"2021-02-27T07:02:30Z","physicalMemoryBytes":43902984192,"availableMemoryBytes":29798720434,"percentageMemoryUsage":32.126,"totalSwapBytes":62999490560,"availableSwapBytes":57496825855},{"timestamp":"2021-02-27T06:35:00Z","physicalMemoryBytes":43902984192,"availableMemoryBytes":29798854765,"percentageMemoryUsage":32.1257,"totalSwapBytes":62999490560,"availableSwapBytes":57496825855},{"timestamp":"2021-02-27T06:07:30Z","physicalMemoryBytes":43902984192,"availableMemoryBytes":29802385394,"percentageMemoryUsage":32.1176,"totalSwapBytes":62999490560,"availableSwapBytes":57496693768},{"timestamp":"2021-02-27T05:40:00Z","physicalMemoryBytes":43902984192,"availableMemoryBytes":29799002743,"percentageMemoryUsage":32.1253,"totalSwapBytes":62999490560,"availableSwapBytes":57496333368},{"timestamp":"2021-02-27T05:12:30Z","physicalMemoryBytes":43902984192,"availableMemoryBytes":29778942736,"percentageMemoryUsage":32.171,"totalSwapBytes":62999490560,"availableSwapBytes":57496301567},{"timestamp":"2021-02-27T04:45:00Z","physicalMemoryBytes":43902984192,"availableMemoryBytes":29808150397,"percentageMemoryUsage":32.1045,"totalSwapBytes":62999490560,"availableSwapBytes":57496301567},{"timestamp":"2021-02-27T04:17:30Z","physicalMemoryBytes":43902984192,"availableMemoryBytes":29809567317,"percentageMemoryUsage":32.1013,"totalSwapBytes":62999490560,"availableSwapBytes":57496301567},{"timestamp":"2021-02-27T03:50:00Z","physicalMemoryBytes":43902984192,"availableMemoryBytes":29805236545,"percentageMemoryUsage":32.1111,"totalSwapBytes":62999490560,"availableSwapBytes":57496301567},{"timestamp":"2021-02-27T03:22:30Z","physicalMemoryBytes":43902984192,"availableMemoryBytes":29806071822,"percentageMemoryUsage":32.1092,"totalSwapBytes":62999490560,"availableSwapBytes":57496301567},{"timestamp":"2021-02-27T02:55:00Z","physicalMemoryBytes":43902984192,"availableMemoryBytes":29801775811,"percentageMemoryUsage":32.119,"totalSwapBytes":62999490560,"availableSwapBytes":57496301558},{"timestamp":"2021-02-27T02:27:30Z","physicalMemoryBytes":43902984192,"availableMemoryBytes":29804770750,"percentageMemoryUsage":32.1122,"totalSwapBytes":62999490560,"availableSwapBytes":57495925827},{"timestamp":"2021-02-27T02:00:00Z","physicalMemoryBytes":43902984192,"availableMemoryBytes":29812154045,"percentageMemoryUsage":32.0954,"totalSwapBytes":62999490560,"availableSwapBytes":57495219789},{"timestamp":"2021-02-27T01:32:30Z","physicalMemoryBytes":43902984192,"availableMemoryBytes":29814545603,"percentageMemoryUsage":32.0899,"totalSwapBytes":62999490560,"availableSwapBytes":57494797884},{"timestamp":"2021-02-27T01:05:00Z","physicalMemoryBytes":43902984192,"availableMemoryBytes":29815079394,"percentageMemoryUsage":32.0887,"totalSwapBytes":62999490560,"availableSwapBytes":57494728703},{"timestamp":"2021-02-27T00:37:30Z","physicalMemoryBytes":43902984192,"availableMemoryBytes":29808203580,"percentageMemoryUsage":32.1044,"totalSwapBytes":62999490560,"availableSwapBytes":57494728703},{"timestamp":"2021-02-27T00:10:00Z","physicalMemoryBytes":43902984192,"availableMemoryBytes":29810144669,"percentageMemoryUsage":32.1,"totalSwapBytes":62999490560,"availableSwapBytes":57494728700},{"timestamp":"2021-02-26T23:42:30Z","physicalMemoryBytes":43902984192,"availableMemoryBytes":29815783215,"percentageMemoryUsage":32.0871,"totalSwapBytes":62999490560,"availableSwapBytes":57494545204},{"timestamp":"2021-02-26T23:15:00Z","physicalMemoryBytes":43902984192,"availableMemoryBytes":29560333224,"percentageMemoryUsage":32.669,"totalSwapBytes":62999490560,"availableSwapBytes":57494466559},{"timestamp":"2021-02-26T22:47:30Z","physicalMemoryBytes":43902984192,"availableMemoryBytes":28989324261,"percentageMemoryUsage":33.9696,"totalSwapBytes":62999490560,"availableSwapBytes":57494430878},{"timestamp":"2021-02-26T22:20:00Z","physicalMemoryBytes":43902984192,"availableMemoryBytes":28985777411,"percentageMemoryUsage":33.9777,"totalSwapBytes":62999490560,"availableSwapBytes":57494204415},{"timestamp":"2021-02-26T21:52:30Z","physicalMemoryBytes":43902984192,"availableMemoryBytes":28977582555,"percentageMemoryUsage":33.9963,"totalSwapBytes":62999490560,"availableSwapBytes":57494204410},{"timestamp":"2021-02-26T21:25:00Z","physicalMemoryBytes":43902984192,"availableMemoryBytes":28955257210,"percentageMemoryUsage":34.0472,"totalSwapBytes":62999490560,"availableSwapBytes":57494026132},{"timestamp":"2021-02-26T20:57:30Z","physicalMemoryBytes":43902984192,"availableMemoryBytes":28960971024,"percentageMemoryUsage":34.0342,"totalSwapBytes":62999490560,"availableSwapBytes":57493322617},{"timestamp":"2021-02-26T20:30:00Z","physicalMemoryBytes":43902984192,"availableMemoryBytes":28990563504,"percentageMemoryUsage":33.9668,"totalSwapBytes":62999490560,"availableSwapBytes":57492893695},{"timestamp":"2021-02-26T20:02:30Z","physicalMemoryBytes":43902984192,"availableMemoryBytes":28994693681,"percentageMemoryUsage":33.9574,"totalSwapBytes":62999490560,"availableSwapBytes":57492893695},{"timestamp":"2021-02-26T19:35:00Z","physicalMemoryBytes":43902984192,"availableMemoryBytes":29004115721,"percentageMemoryUsage":33.9359,"totalSwapBytes":62999490560,"availableSwapBytes":57492495230},{"timestamp":"2021-02-26T19:07:30Z","physicalMemoryBytes":43902984192,"availableMemoryBytes":29546588326,"percentageMemoryUsage":32.7003,"totalSwapBytes":62999490560,"availableSwapBytes":57491387101},{"timestamp":"2021-02-26T18:40:00Z","physicalMemoryBytes":43902984192,"availableMemoryBytes":29594691234,"percentageMemoryUsage":32.5907,"totalSwapBytes":62999490560,"availableSwapBytes":57491320831},{"timestamp":"2021-02-26T18:12:30Z","physicalMemoryBytes":43902984192,"availableMemoryBytes":29589988342,"percentageMemoryUsage":32.6014,"totalSwapBytes":62999490560,"availableSwapBytes":57491154078},{"timestamp":"2021-02-26T17:45:00Z","physicalMemoryBytes":43902984192,"availableMemoryBytes":29588658959,"percentageMemoryUsage":32.6044,"totalSwapBytes":62999490560,"availableSwapBytes":57491058687},{"timestamp":"2021-02-26T17:17:30Z","physicalMemoryBytes":43902984192,"availableMemoryBytes":29587624139,"percentageMemoryUsage":32.6068,"totalSwapBytes":62999490560,"availableSwapBytes":57491058687},{"timestamp":"2021-02-26T16:50:00Z","physicalMemoryBytes":43902984192,"availableMemoryBytes":29610563454,"percentageMemoryUsage":32.5546,"totalSwapBytes":62999490560,"availableSwapBytes":57491058687},{"timestamp":"2021-02-26T16:22:30Z","physicalMemoryBytes":43902984192,"availableMemoryBytes":29609285216,"percentageMemoryUsage":32.5575,"totalSwapBytes":62999490560,"availableSwapBytes":57491058687},{"timestamp":"2021-02-26T15:55:00Z","physicalMemoryBytes":43902984192,"availableMemoryBytes":29608041289,"percentageMemoryUsage":32.5603,"totalSwapBytes":62999490560,"availableSwapBytes":57491058687},{"timestamp":"2021-02-26T15:27:30Z","physicalMemoryBytes":43902984192,"availableMemoryBytes":29607458442,"percentageMemoryUsage":32.5616,"totalSwapBytes":62999490560,"availableSwapBytes":57491058529},{"timestamp":"2021-02-26T15:00:00Z","physicalMemoryBytes":43902984192,"availableMemoryBytes":29609306250,"percentageMemoryUsage":32.5574,"totalSwapBytes":62999490560,"availableSwapBytes":57490669155},{"timestamp":"2021-02-26T14:32:30Z","physicalMemoryBytes":43902984192,"availableMemoryBytes":29608337056,"percentageMemoryUsage":32.5596,"totalSwapBytes":62999490560,"availableSwapBytes":57490507456},{"timestamp":"2021-02-26T14:05:00Z","physicalMemoryBytes":43902984192,"availableMemoryBytes":29611531640,"percentageMemoryUsage":32.5523,"totalSwapBytes":62999490560,"availableSwapBytes":57490272255},{"timestamp":"2021-02-26T13:37:30Z","physicalMemoryBytes":43902984192,"availableMemoryBytes":29607405619,"percentageMemoryUsage":32.5617,"totalSwapBytes":62999490560,"availableSwapBytes":57490272255},{"timestamp":"2021-02-26T13:10:00Z","physicalMemoryBytes":43902984192,"availableMemoryBytes":29581969082,"percentageMemoryUsage":32.6197,"totalSwapBytes":62999490560,"availableSwapBytes":57490272254},{"timestamp":"2021-02-26T12:42:30Z","physicalMemoryBytes":43902984192,"availableMemoryBytes":29618628149,"percentageMemoryUsage":32.5362,"totalSwapBytes":62999490560,"availableSwapBytes":57489763104},{"timestamp":"2021-02-26T12:15:00Z","physicalMemoryBytes":43902984192,"availableMemoryBytes":29618176716,"percentageMemoryUsage":32.5372,"totalSwapBytes":62999490560,"availableSwapBytes":57489264934},{"timestamp":"2021-02-26T11:47:30Z","physicalMemoryBytes":43902984192,"availableMemoryBytes":29618681537,"percentageMemoryUsage":32.5361,"totalSwapBytes":62999490560,"availableSwapBytes":57489091879},{"timestamp":"2021-02-26T11:20:00Z","physicalMemoryBytes":43902984192,"availableMemoryBytes":29624311752,"percentageMemoryUsage":32.5232,"totalSwapBytes":62999490560,"availableSwapBytes":57488424140},{"timestamp":"2021-02-26T10:52:30Z","physicalMemoryBytes":43902984192,"availableMemoryBytes":29626890591,"percentageMemoryUsage":32.5174,"totalSwapBytes":62999490560,"availableSwapBytes":57487833588},{"timestamp":"2021-02-26T10:25:00Z","physicalMemoryBytes":43902984192,"availableMemoryBytes":29626443418,"percentageMemoryUsage":32.5184,"totalSwapBytes":62999490560,"availableSwapBytes":57487650815},{"timestamp":"2021-02-26T09:57:30Z","physicalMemoryBytes":43902984192,"availableMemoryBytes":29628211272,"percentageMemoryUsage":32.5144,"totalSwapBytes":62999490560,"availableSwapBytes":57487650815},{"timestamp":"2021-02-26T09:30:00Z","physicalMemoryBytes":43902984192,"availableMemoryBytes":29623461774,"percentageMemoryUsage":32.5252,"totalSwapBytes":62999490560,"availableSwapBytes":57487503135},{"timestamp":"2021-02-26T09:02:30Z","physicalMemoryBytes":43902984192,"availableMemoryBytes":29600284985,"percentageMemoryUsage":32.578,"totalSwapBytes":62999490560,"availableSwapBytes":57487195816},{"timestamp":"2021-02-26T08:35:00Z","physicalMemoryBytes":43902984192,"availableMemoryBytes":29561719032,"percentageMemoryUsage":32.6658,"totalSwapBytes":62999490560,"availableSwapBytes":57487091446},{"timestamp":"2021-02-26T08:07:30Z","physicalMemoryBytes":43902984192,"availableMemoryBytes":29544094239,"percentageMemoryUsage":32.706,"totalSwapBytes":62999490560,"availableSwapBytes":57486864383},{"timestamp":"2021-02-26T07:40:00Z","physicalMemoryBytes":43902984192,"availableMemoryBytes":29407372299,"percentageMemoryUsage":33.0174,"totalSwapBytes":62999490560,"availableSwapBytes":57486864383},{"timestamp":"2021-02-26T07:12:30Z","physicalMemoryBytes":43902984192,"availableMemoryBytes":29138103152,"percentageMemoryUsage":33.6307,"totalSwapBytes":62999490560,"availableSwapBytes":57486721408},{"timestamp":"2021-02-26T06:45:00Z","physicalMemoryBytes":43902984192,"availableMemoryBytes":29109066943,"percentageMemoryUsage":33.6968,"totalSwapBytes":62999490560,"availableSwapBytes":57485796884},{"timestamp":"2021-02-26T06:17:30Z","physicalMemoryBytes":43902984192,"availableMemoryBytes":29177855843,"percentageMemoryUsage":33.5402,"totalSwapBytes":62999490560,"availableSwapBytes":57485373802},{"timestamp":"2021-02-26T05:50:00Z","physicalMemoryBytes":43902984192,"availableMemoryBytes":29284040739,"percentageMemoryUsage":33.2983,"totalSwapBytes":62999490560,"availableSwapBytes":57485121816},{"timestamp":"2021-02-26T05:22:30Z","physicalMemoryBytes":43902984192,"availableMemoryBytes":29261356903,"percentageMemoryUsage":33.35,"totalSwapBytes":62999490560,"availableSwapBytes":57484387723},{"timestamp":"2021-02-26T04:55:00Z","physicalMemoryBytes":43902984192,"availableMemoryBytes":29264186390,"percentageMemoryUsage":33.3435,"totalSwapBytes":62999490560,"availableSwapBytes":57483293435},{"timestamp":"2021-02-26T04:27:30Z","physicalMemoryBytes":43902984192,"availableMemoryBytes":29284505105,"percentageMemoryUsage":33.2972,"totalSwapBytes":62999490560,"availableSwapBytes":57481084286},{"timestamp":"2021-02-26T04:00:00Z","physicalMemoryBytes":43902984192,"availableMemoryBytes":29258158161,"percentageMemoryUsage":33.3572,"totalSwapBytes":62999490560,"availableSwapBytes":57470204057},{"timestamp":"2021-02-26T03:32:30Z","physicalMemoryBytes":43902984192,"availableMemoryBytes":29312514379,"percentageMemoryUsage":33.2334,"totalSwapBytes":62999490560,"availableSwapBytes":57470086908},{"timestamp":"2021-02-26T03:05:00Z","physicalMemoryBytes":43902984192,"availableMemoryBytes":29357690919,"percentageMemoryUsage":33.1305,"totalSwapBytes":62999490560,"availableSwapBytes":57469986115},{"timestamp":"2021-02-26T02:37:30Z","physicalMemoryBytes":43902984192,"availableMemoryBytes":29252797963,"percentageMemoryUsage":33.3695,"totalSwapBytes":62999490560,"availableSwapBytes":57469336416},{"timestamp":"2021-02-26T02:10:00Z","physicalMemoryBytes":43902984192,"availableMemoryBytes":29311321518,"percentageMemoryUsage":33.2362,"totalSwapBytes":62999490560,"availableSwapBytes":57469038580},{"timestamp":"2021-02-26T01:42:30Z","physicalMemoryBytes":43902984192,"availableMemoryBytes":29319961320,"percentageMemoryUsage":33.2165,"totalSwapBytes":62999490560,"availableSwapBytes":57466356721},{"timestamp":"2021-02-26T01:15:00Z","physicalMemoryBytes":43902984192,"availableMemoryBytes":29265072779,"percentageMemoryUsage":33.3415,"totalSwapBytes":62999490560,"availableSwapBytes":57462747135},{"timestamp":"2021-02-26T00:47:30Z","physicalMemoryBytes":43902984192,"availableMemoryBytes":29265308933,"percentageMemoryUsage":33.341,"totalSwapBytes":62999490560,"availableSwapBytes":57462637587},{"timestamp":"2021-02-26T00:20:00Z","physicalMemoryBytes":43902984192,"availableMemoryBytes":29252133652,"percentageMemoryUsage":33.371,"totalSwapBytes":62999490560,"availableSwapBytes":57462153327},{"timestamp":"2021-02-25T23:55:00Z","physicalMemoryBytes":43902984192,"availableMemoryBytes":29346374508,"percentageMemoryUsage":33.1563,"totalSwapBytes":62999490560,"availableSwapBytes":57461766407},{"timestamp":"2021-02-25T23:27:30Z","physicalMemoryBytes":43902984192,"availableMemoryBytes":29696391258,"percentageMemoryUsage":32.3591,"totalSwapBytes":62999490560,"availableSwapBytes":57460921851},{"timestamp":"2021-02-25T23:00:00Z","physicalMemoryBytes":43902984192,"availableMemoryBytes":29771598420,"percentageMemoryUsage":32.1878,"totalSwapBytes":62999490560,"availableSwapBytes":57460617652},{"timestamp":"2021-02-25T22:32:30Z","physicalMemoryBytes":43902984192,"availableMemoryBytes":29733288369,"percentageMemoryUsage":32.275,"totalSwapBytes":62999490560,"availableSwapBytes":57460265505},{"timestamp":"2021-02-25T22:05:00Z","physicalMemoryBytes":43902984192,"availableMemoryBytes":29736834875,"percentageMemoryUsage":32.2669,"totalSwapBytes":62999490560,"availableSwapBytes":57460125695},{"timestamp":"2021-02-25T21:37:30Z","physicalMemoryBytes":43902984192,"availableMemoryBytes":29736500915,"percentageMemoryUsage":32.2677,"totalSwapBytes":62999490560,"availableSwapBytes":57460125695},{"timestamp":"2021-02-25T21:10:00Z","physicalMemoryBytes":43902984192,"availableMemoryBytes":29703642006,"percentageMemoryUsage":32.3425,"totalSwapBytes":62999490560,"availableSwapBytes":57460084612},{"timestamp":"2021-02-25T20:42:30Z","physicalMemoryBytes":43902984192,"availableMemoryBytes":29737530602,"percentageMemoryUsage":32.2654,"totalSwapBytes":62999490560,"availableSwapBytes":57459645109},{"timestamp":"2021-02-25T20:15:00Z","physicalMemoryBytes":43902984192,"availableMemoryBytes":29742275970,"percentageMemoryUsage":32.2545,"totalSwapBytes":62999490560,"availableSwapBytes":57459601407},{"timestamp":"2021-02-25T19:47:30Z","physicalMemoryBytes":43902984192,"availableMemoryBytes":29740196949,"percentageMemoryUsage":32.2593,"totalSwapBytes":62999490560,"availableSwapBytes":57459572280},{"timestamp":"2021-02-25T19:20:00Z","physicalMemoryBytes":43902984192,"availableMemoryBytes":29746114316,"percentageMemoryUsage":32.2458,"totalSwapBytes":62999490560,"availableSwapBytes":57459339263},{"timestamp":"2021-02-25T18:52:30Z","physicalMemoryBytes":43902984192,"availableMemoryBytes":29745632146,"percentageMemoryUsage":32.2469,"totalSwapBytes":62999490560,"availableSwapBytes":57459339263},{"timestamp":"2021-02-25T18:25:00Z","physicalMemoryBytes":43902984192,"availableMemoryBytes":29741126174,"percentageMemoryUsage":32.2572,"totalSwapBytes":62999490560,"availableSwapBytes":57459339249},{"timestamp":"2021-02-25T17:57:30Z","physicalMemoryBytes":43902984192,"availableMemoryBytes":29743765115,"percentageMemoryUsage":32.2512,"totalSwapBytes":62999490560,"availableSwapBytes":57459120821},{"timestamp":"2021-02-25T17:30:00Z","physicalMemoryBytes":43902984192,"availableMemoryBytes":29742445188,"percentageMemoryUsage":32.2542,"totalSwapBytes":62999490560,"availableSwapBytes":57459077119},{"timestamp":"2021-02-25T17:02:30Z","physicalMemoryBytes":43902984192,"availableMemoryBytes":29748059185,"percentageMemoryUsage":32.2414,"totalSwapBytes":62999490560,"availableSwapBytes":57458941678},{"timestamp":"2021-02-25T16:35:00Z","physicalMemoryBytes":43902984192,"availableMemoryBytes":29753172369,"percentageMemoryUsage":32.2297,"totalSwapBytes":62999490560,"availableSwapBytes":57458814972},{"timestamp":"2021-02-25T16:07:30Z","physicalMemoryBytes":43902984192,"availableMemoryBytes":29763033152,"percentageMemoryUsage":32.2073,"totalSwapBytes":62999490560,"availableSwapBytes":57458469392},{"timestamp":"2021-02-25T15:40:00Z","physicalMemoryBytes":43902984192,"availableMemoryBytes":29758415914,"percentageMemoryUsage":32.2178,"totalSwapBytes":62999490560,"availableSwapBytes":57457713612},{"timestamp":"2021-02-25T15:12:30Z","physicalMemoryBytes":43902984192,"availableMemoryBytes":29759755290,"percentageMemoryUsage":32.2147,"totalSwapBytes":62999490560,"availableSwapBytes":57457504255},{"timestamp":"2021-02-25T14:45:00Z","physicalMemoryBytes":43902984192,"availableMemoryBytes":29759402478,"percentageMemoryUsage":32.2155,"totalSwapBytes":62999490560,"availableSwapBytes":57457504255},{"timestamp":"2021-02-25T14:17:30Z","physicalMemoryBytes":43902984192,"availableMemoryBytes":29763453968,"percentageMemoryUsage":32.2063,"totalSwapBytes":62999490560,"availableSwapBytes":57457504255},{"timestamp":"2021-02-25T13:50:00Z","physicalMemoryBytes":43902984192,"availableMemoryBytes":29759422632,"percentageMemoryUsage":32.2155,"totalSwapBytes":62999490560,"availableSwapBytes":57457504255},{"timestamp":"2021-02-25T13:22:30Z","physicalMemoryBytes":43902984192,"availableMemoryBytes":29750839561,"percentageMemoryUsage":32.235,"totalSwapBytes":62999490560,"availableSwapBytes":57457504200},{"timestamp":"2021-02-25T12:55:00Z","physicalMemoryBytes":43902984192,"availableMemoryBytes":29741340335,"percentageMemoryUsage":32.2567,"totalSwapBytes":62999490560,"availableSwapBytes":57451564137},{"timestamp":"2021-02-25T12:27:30Z","physicalMemoryBytes":43902984192,"availableMemoryBytes":29771179566,"percentageMemoryUsage":32.1887,"totalSwapBytes":62999490560,"availableSwapBytes":57447804927},{"timestamp":"2021-02-25T12:00:00Z","physicalMemoryBytes":43902984192,"availableMemoryBytes":29769544692,"percentageMemoryUsage":32.1924,"totalSwapBytes":62999490560,"availableSwapBytes":57447804927},{"timestamp":"2021-02-25T11:32:30Z","physicalMemoryBytes":43902984192,"availableMemoryBytes":29769220422,"percentageMemoryUsage":32.1932,"totalSwapBytes":62999490560,"availableSwapBytes":57447769246},{"timestamp":"2021-02-25T11:05:00Z","physicalMemoryBytes":43902984192,"availableMemoryBytes":29767118615,"percentageMemoryUsage":32.198,"totalSwapBytes":62999490560,"availableSwapBytes":57447542783},{"timestamp":"2021-02-25T10:37:30Z","physicalMemoryBytes":43902984192,"availableMemoryBytes":29773132305,"percentageMemoryUsage":32.1843,"totalSwapBytes":62999490560,"availableSwapBytes":57447393506},{"timestamp":"2021-02-25T10:10:00Z","physicalMemoryBytes":43902984192,"availableMemoryBytes":29770851948,"percentageMemoryUsage":32.1895,"totalSwapBytes":62999490560,"availableSwapBytes":57447206365},{"timestamp":"2021-02-25T09:42:30Z","physicalMemoryBytes":43902984192,"availableMemoryBytes":29771557244,"percentageMemoryUsage":32.1879,"totalSwapBytes":62999490560,"availableSwapBytes":57447018495},{"timestamp":"2021-02-25T09:15:00Z","physicalMemoryBytes":43902984192,"availableMemoryBytes":29775958174,"percentageMemoryUsage":32.1778,"totalSwapBytes":62999490560,"availableSwapBytes":57447018495},{"timestamp":"2021-02-25T08:47:30Z","physicalMemoryBytes":43902984192,"availableMemoryBytes":29771544291,"percentageMemoryUsage":32.1879,"totalSwapBytes":62999490560,"availableSwapBytes":57447018459},{"timestamp":"2021-02-25T08:20:00Z","physicalMemoryBytes":43902984192,"availableMemoryBytes":29773348196,"percentageMemoryUsage":32.1838,"totalSwapBytes":62999490560,"availableSwapBytes":57446806201},{"timestamp":"2021-02-25T07:52:30Z","physicalMemoryBytes":43902984192,"availableMemoryBytes":29772725984,"percentageMemoryUsage":32.1852,"totalSwapBytes":62999490560,"availableSwapBytes":57446642755},{"timestamp":"2021-02-25T07:25:00Z","physicalMemoryBytes":43902984192,"availableMemoryBytes":29775849556,"percentageMemoryUsage":32.1781,"totalSwapBytes":62999490560,"availableSwapBytes":57446494207},{"timestamp":"2021-02-25T06:57:30Z","physicalMemoryBytes":43902984192,"availableMemoryBytes":29774669752,"percentageMemoryUsage":32.1808,"totalSwapBytes":62999490560,"availableSwapBytes":57446494207},{"timestamp":"2021-02-25T06:30:00Z","physicalMemoryBytes":43902984192,"availableMemoryBytes":29773166111,"percentageMemoryUsage":32.1842,"totalSwapBytes":62999490560,"availableSwapBytes":57446494207},{"timestamp":"2021-02-25T06:02:30Z","physicalMemoryBytes":43902984192,"availableMemoryBytes":29769188324,"percentageMemoryUsage":32.1932,"totalSwapBytes":62999490560,"availableSwapBytes":57446493622},{"timestamp":"2021-02-25T05:35:00Z","physicalMemoryBytes":43902984192,"availableMemoryBytes":29517864052,"percentageMemoryUsage":32.7657,"totalSwapBytes":62999490560,"availableSwapBytes":57446187326},{"timestamp":"2021-02-25T05:07:30Z","physicalMemoryBytes":43902984192,"availableMemoryBytes":29426731346,"percentageMemoryUsage":32.9733,"totalSwapBytes":62999490560,"availableSwapBytes":57445592723},{"timestamp":"2021-02-25T04:40:00Z","physicalMemoryBytes":43902984192,"availableMemoryBytes":29448379252,"percentageMemoryUsage":32.924,"totalSwapBytes":62999490560,"availableSwapBytes":57444148889},{"timestamp":"2021-02-25T04:12:30Z","physicalMemoryBytes":43902984192,"availableMemoryBytes":29424767603,"percentageMemoryUsage":32.9778,"totalSwapBytes":62999490560,"availableSwapBytes":57444255993},{"timestamp":"2021-02-25T03:45:00Z","physicalMemoryBytes":43902984192,"availableMemoryBytes":29403058506,"percentageMemoryUsage":33.0272,"totalSwapBytes":62999490560,"availableSwapBytes":57444353996},{"timestamp":"2021-02-25T03:17:30Z","physicalMemoryBytes":43902984192,"availableMemoryBytes":29369920478,"percentageMemoryUsage":33.1027,"totalSwapBytes":62999490560,"availableSwapBytes":57444397055},{"timestamp":"2021-02-25T02:50:00Z","physicalMemoryBytes":43902984192,"availableMemoryBytes":29307781248,"percentageMemoryUsage":33.2442,"totalSwapBytes":62999490560,"availableSwapBytes":57444397055},{"timestamp":"2021-02-25T02:22:30Z","physicalMemoryBytes":43902984192,"availableMemoryBytes":29368321281,"percentageMemoryUsage":33.1063,"totalSwapBytes":62999490560,"availableSwapBytes":57444397055},{"timestamp":"2021-02-25T01:55:00Z","physicalMemoryBytes":43902984192,"availableMemoryBytes":29420039891,"percentageMemoryUsage":32.9885,"totalSwapBytes":62999490560,"availableSwapBytes":57444249381},{"timestamp":"2021-02-25T01:27:30Z","physicalMemoryBytes":43902984192,"availableMemoryBytes":29447211174,"percentageMemoryUsage":32.9266,"totalSwapBytes":62999490560,"availableSwapBytes":57444134911},{"timestamp":"2021-02-25T01:00:00Z","physicalMemoryBytes":43902984192,"availableMemoryBytes":29396181355,"percentageMemoryUsage":33.0429,"totalSwapBytes":62999490560,"availableSwapBytes":57443994227},{"timestamp":"2021-02-25T00:35:00Z","physicalMemoryBytes":36585820160,"availableMemoryBytes":24510263492,"percentageMemoryUsage":27.5051,"totalSwapBytes":52499575466,"availableSwapBytes":47869893967},{"timestamp":"2021-02-25T00:10:00Z","physicalMemoryBytes":43902984192,"availableMemoryBytes":29479299366,"percentageMemoryUsage":32.8535,"totalSwapBytes":62999490560,"availableSwapBytes":57442822468},{"timestamp":"2021-02-24T23:42:30Z","physicalMemoryBytes":43902984192,"availableMemoryBytes":29500223400,"percentageMemoryUsage":32.8059,"totalSwapBytes":62999490560,"availableSwapBytes":57441343904},{"timestamp":"2021-02-24T23:15:00Z","physicalMemoryBytes":43902984192,"availableMemoryBytes":29505031891,"percentageMemoryUsage":32.7949,"totalSwapBytes":62999490560,"availableSwapBytes":57440944127},{"timestamp":"2021-02-24T22:47:30Z","physicalMemoryBytes":43902984192,"availableMemoryBytes":29702351454,"percentageMemoryUsage":32.3455,"totalSwapBytes":62999490560,"availableSwapBytes":57440944127},{"timestamp":"2021-02-24T22:20:00Z","physicalMemoryBytes":43902984192,"availableMemoryBytes":29703047957,"percentageMemoryUsage":32.3439,"totalSwapBytes":62999490560,"availableSwapBytes":57440944127},{"timestamp":"2021-02-24T21:52:30Z","physicalMemoryBytes":43902984192,"availableMemoryBytes":29707126146,"percentageMemoryUsage":32.3346,"totalSwapBytes":62999490560,"availableSwapBytes":57440944127},{"timestamp":"2021-02-24T21:25:00Z","physicalMemoryBytes":43902984192,"availableMemoryBytes":29702717514,"percentageMemoryUsage":32.3447,"totalSwapBytes":62999490560,"availableSwapBytes":57440944127},{"timestamp":"2021-02-24T20:57:30Z","physicalMemoryBytes":43902984192,"availableMemoryBytes":29679961515,"percentageMemoryUsage":32.3965,"totalSwapBytes":62999490560,"availableSwapBytes":57440839986},{"timestamp":"2021-02-24T20:30:00Z","physicalMemoryBytes":43902984192,"availableMemoryBytes":29719742078,"percentageMemoryUsage":32.3059,"totalSwapBytes":62999490560,"availableSwapBytes":57440349947},{"timestamp":"2021-02-24T20:02:30Z","physicalMemoryBytes":43902984192,"availableMemoryBytes":29665608852,"percentageMemoryUsage":32.4292,"totalSwapBytes":62999490560,"availableSwapBytes":57439765935},{"timestamp":"2021-02-24T19:35:00Z","physicalMemoryBytes":43902984192,"availableMemoryBytes":29780544770,"percentageMemoryUsage":32.1674,"totalSwapBytes":62999490560,"availableSwapBytes":57439371263},{"timestamp":"2021-02-24T19:07:30Z","physicalMemoryBytes":43902984192,"availableMemoryBytes":29790549880,"percentageMemoryUsage":32.1446,"totalSwapBytes":62999490560,"availableSwapBytes":57439371256},{"timestamp":"2021-02-24T18:40:00Z","physicalMemoryBytes":43902984192,"availableMemoryBytes":29790601963,"percentageMemoryUsage":32.1445,"totalSwapBytes":62999490560,"availableSwapBytes":57439181640},{"timestamp":"2021-02-24T18:12:30Z","physicalMemoryBytes":43902984192,"availableMemoryBytes":29790670480,"percentageMemoryUsage":32.1443,"totalSwapBytes":62999490560,"availableSwapBytes":57438880483},{"timestamp":"2021-02-24T17:45:00Z","physicalMemoryBytes":43902984192,"availableMemoryBytes":29672724347,"percentageMemoryUsage":32.413,"totalSwapBytes":62999490560,"availableSwapBytes":57438458128},{"timestamp":"2021-02-24T17:17:30Z","physicalMemoryBytes":43902984192,"availableMemoryBytes":29683746549,"percentageMemoryUsage":32.3879,"totalSwapBytes":62999490560,"availableSwapBytes":57438173410},{"timestamp":"2021-02-24T16:50:00Z","physicalMemoryBytes":43902984192,"availableMemoryBytes":29776732106,"percentageMemoryUsage":32.1761,"totalSwapBytes":62999490560,"availableSwapBytes":57437798398},{"timestamp":"2021-02-24T16:22:30Z","physicalMemoryBytes":43902984192,"availableMemoryBytes":29774778262,"percentageMemoryUsage":32.1805,"totalSwapBytes":62999490560,"availableSwapBytes":57437624364},{"timestamp":"2021-02-24T15:55:00Z","physicalMemoryBytes":43902984192,"availableMemoryBytes":29774894114,"percentageMemoryUsage":32.1803,"totalSwapBytes":62999490560,"availableSwapBytes":57437452369},{"timestamp":"2021-02-24T15:27:30Z","physicalMemoryBytes":43902984192,"availableMemoryBytes":29774501207,"percentageMemoryUsage":32.1811,"totalSwapBytes":62999490560,"availableSwapBytes":57437229692},{"timestamp":"2021-02-24T15:00:00Z","physicalMemoryBytes":43902984192,"availableMemoryBytes":29775538145,"percentageMemoryUsage":32.1788,"totalSwapBytes":62999490560,"availableSwapBytes":57437011967},{"timestamp":"2021-02-24T14:35:00Z","physicalMemoryBytes":35122387353,"availableMemoryBytes":23820106009,"percentageMemoryUsage":25.7438,"totalSwapBytes":50399592448,"availableSwapBytes":45949609402}],"numMembers":365}
