{"members":[{"timestamp":"2021-03-03T13:21:30Z","physicalMemoryBytes":43902984192,"availableMemoryBytes":28595764684,"percentageMemoryUsage":34.866,"totalSwapBytes":62999490560,"availableSwapBytes":57587527679},{"timestamp":"2021-03-03T13:17:30Z","physicalMemoryBytes":43902984192,"availableMemoryBytes":28684220358,"percentageMemoryUsage":34.6645,"totalSwapBytes":62999490560,"availableSwapBytes":57587527679},{"timestamp":"2021-03-03T13:13:30Z","physicalMemoryBytes":43902984192,"availableMemoryBytes":28545648794,"percentageMemoryUsage":34.9802,"totalSwapBytes":62999490560,"availableSwapBytes":57587527679},{"timestamp":"2021-03-03T13:09:30Z","physicalMemoryBytes":43902984192,"availableMemoryBytes":28522373545,"percentageMemoryUsage":35.0332,"totalSwapBytes":62999490560,"availableSwapBytes":57587527679},{"timestamp":"2021-03-03T13:06:00Z","physicalMemoryBytes":43902984192,"availableMemoryBytes":28492629595,"percentageMemoryUsage":35.1009,"totalSwapBytes":62999490560,"availableSwapBytes":57587527679},{"timestamp":"2021-03-03T13:02:30Z","physicalMemoryBytes":43902984192,"availableMemoryBytes":28519285052,"percentageMemoryUsage":35.0402,"totalSwapBytes":62999490560,"availableSwapBytes":57587527679},{"timestamp":"2021-03-03T12:58:30Z","physicalMemoryBytes":43902984192,"availableMemoryBytes":28462551079,"percentageMemoryUsage":35.1694,"totalSwapBytes":62999490560,"availableSwapBytes":57587527679},{"timestamp":"2021-03-03T12:54:30Z","physicalMemoryBytes":43902984192,"availableMemoryBytes":28444156160,"percentageMemoryUsage":35.2113,"totalSwapBytes":62999490560,"availableSwapBytes":57587527679},{"timestamp":"2021-03-03T12:50:30Z","physicalMemoryBytes":43902984192,"availableMemoryBytes":28425364469,"percentageMemoryUsage":35.2541,"totalSwapBytes":62999490560,"availableSwapBytes":57587527679},{"timestamp":"2021-03-03T12:47:00Z","physicalMemoryBytes":43902984192,"availableMemoryBytes":28469889569,"percentageMemoryUsage":35.1527,"totalSwapBytes":62999490560,"availableSwapBytes":57587527676},{"timestamp":"2021-03-03T12:43:30Z","physicalMemoryBytes":43902984192,"availableMemoryBytes":28606096169,"percentageMemoryUsage":34.8425,"totalSwapBytes":62999490560,"availableSwapBytes":57587467607},{"timestamp":"2021-03-03T12:39:30Z","physicalMemoryBytes":43902984192,"availableMemoryBytes":28506730206,"percentageMemoryUsage":35.0688,"totalSwapBytes":62999490560,"availableSwapBytes":57587265535},{"timestamp":"2021-03-03T12:35:30Z","physicalMemoryBytes":43902984192,"availableMemoryBytes":28479489472,"percentageMemoryUsage":35.1309,"totalSwapBytes":62999490560,"availableSwapBytes":57587265505},{"timestamp":"2021-03-03T12:32:00Z","physicalMemoryBytes":43902984192,"availableMemoryBytes":28410710600,"percentageMemoryUsage":35.2875,"totalSwapBytes":62999490560,"availableSwapBytes":57587178194},{"timestamp":"2021-03-03T12:28:30Z","physicalMemoryBytes":43902984192,"availableMemoryBytes":28415643456,"percentageMemoryUsage":35.2763,"totalSwapBytes":62999490560,"availableSwapBytes":57587003392},{"timestamp":"2021-03-03T12:24:30Z","physicalMemoryBytes":43902984192,"availableMemoryBytes":28379246567,"percentageMemoryUsage":35.3592,"totalSwapBytes":62999490560,"availableSwapBytes":57587003424},{"timestamp":"2021-03-03T12:20:30Z","physicalMemoryBytes":43902984192,"availableMemoryBytes":28342107229,"percentageMemoryUsage":35.4438,"totalSwapBytes":62999490560,"availableSwapBytes":57587139890},{"timestamp":"2021-03-03T12:16:30Z","physicalMemoryBytes":43902984192,"availableMemoryBytes":28424807823,"percentageMemoryUsage":35.2554,"totalSwapBytes":62999490560,"availableSwapBytes":57587200001},{"timestamp":"2021-03-03T12:13:00Z","physicalMemoryBytes":43902984192,"availableMemoryBytes":28335057337,"percentageMemoryUsage":35.4598,"totalSwapBytes":62999490560,"availableSwapBytes":57587003391},{"timestamp":"2021-03-03T12:09:30Z","physicalMemoryBytes":43902984192,"availableMemoryBytes":28544155422,"percentageMemoryUsage":34.9836,"totalSwapBytes":62999490560,"availableSwapBytes":57587003391},{"timestamp":"2021-03-03T12:05:30Z","physicalMemoryBytes":43902984192,"availableMemoryBytes":28410948424,"percentageMemoryUsage":35.287,"totalSwapBytes":62999490560,"availableSwapBytes":57587003391},{"timestamp":"2021-03-03T12:01:30Z","physicalMemoryBytes":43902984192,"availableMemoryBytes":28464347476,"percentageMemoryUsage":35.1653,"totalSwapBytes":62999490560,"availableSwapBytes":57587003391},{"timestamp":"2021-03-03T11:57:30Z","physicalMemoryBytes":43902984192,"availableMemoryBytes":28493348534,"percentageMemoryUsage":35.0993,"totalSwapBytes":62999490560,"availableSwapBytes":57587003391},{"timestamp":"2021-03-03T11:54:00Z","physicalMemoryBytes":43902984192,"availableMemoryBytes":28419702061,"percentageMemoryUsage":35.267,"totalSwapBytes":62999490560,"availableSwapBytes":57587003365},{"timestamp":"2021-03-03T11:50:30Z","physicalMemoryBytes":43902984192,"availableMemoryBytes":28487790569,"percentageMemoryUsage":35.1119,"totalSwapBytes":62999490560,"availableSwapBytes":57586894184},{"timestamp":"2021-03-03T11:46:30Z","physicalMemoryBytes":43902984192,"availableMemoryBytes":28426056910,"percentageMemoryUsage":35.2526,"totalSwapBytes":62999490560,"availableSwapBytes":57586741247},{"timestamp":"2021-03-03T11:42:30Z","physicalMemoryBytes":43902984192,"availableMemoryBytes":28441620433,"percentageMemoryUsage":35.2171,"totalSwapBytes":62999490560,"availableSwapBytes":57586741247},{"timestamp":"2021-03-03T11:39:00Z","physicalMemoryBytes":43902984192,"availableMemoryBytes":28367226747,"percentageMemoryUsage":35.3866,"totalSwapBytes":62999490560,"availableSwapBytes":57586741247},{"timestamp":"2021-03-03T11:35:30Z","physicalMemoryBytes":43902984192,"availableMemoryBytes":28511348460,"percentageMemoryUsage":35.0583,"totalSwapBytes":62999490560,"availableSwapBytes":57586741247},{"timestamp":"2021-03-03T11:31:30Z","physicalMemoryBytes":43902984192,"availableMemoryBytes":28845859608,"percentageMemoryUsage":34.2964,"totalSwapBytes":62999490560,"availableSwapBytes":57586741247},{"timestamp":"2021-03-03T11:27:30Z","physicalMemoryBytes":43902984192,"availableMemoryBytes":29276600700,"percentageMemoryUsage":33.3152,"totalSwapBytes":62999490560,"availableSwapBytes":57586741247},{"timestamp":"2021-03-03T11:23:30Z","physicalMemoryBytes":43902984192,"availableMemoryBytes":29278724940,"percentageMemoryUsage":33.3104,"totalSwapBytes":62999490560,"availableSwapBytes":57586741247},{"timestamp":"2021-03-03T11:20:00Z","physicalMemoryBytes":43902984192,"availableMemoryBytes":29281768640,"percentageMemoryUsage":33.3035,"totalSwapBytes":62999490560,"availableSwapBytes":57586741247},{"timestamp":"2021-03-03T11:16:30Z","physicalMemoryBytes":43902984192,"availableMemoryBytes":29285979517,"percentageMemoryUsage":33.2939,"totalSwapBytes":62999490560,"availableSwapBytes":57586740827},{"timestamp":"2021-03-03T11:12:30Z","physicalMemoryBytes":43902984192,"availableMemoryBytes":29284008136,"percentageMemoryUsage":33.2984,"totalSwapBytes":62999490560,"availableSwapBytes":57586539598},{"timestamp":"2021-03-03T11:08:30Z","physicalMemoryBytes":43902984192,"availableMemoryBytes":29283843537,"percentageMemoryUsage":33.2987,"totalSwapBytes":62999490560,"availableSwapBytes":57586479103},{"timestamp":"2021-03-03T11:05:00Z","physicalMemoryBytes":43902984192,"availableMemoryBytes":29291755143,"percentageMemoryUsage":33.2807,"totalSwapBytes":62999490560,"availableSwapBytes":57586479103},{"timestamp":"2021-03-03T11:01:30Z","physicalMemoryBytes":43902984192,"availableMemoryBytes":29278539416,"percentageMemoryUsage":33.3108,"totalSwapBytes":62999490560,"availableSwapBytes":57586479103},{"timestamp":"2021-03-03T10:57:30Z","physicalMemoryBytes":43902984192,"availableMemoryBytes":29277417717,"percentageMemoryUsage":33.3134,"totalSwapBytes":62999490560,"availableSwapBytes":57586479103},{"timestamp":"2021-03-03T10:53:30Z","physicalMemoryBytes":43902984192,"availableMemoryBytes":29283893104,"percentageMemoryUsage":33.2986,"totalSwapBytes":62999490560,"availableSwapBytes":57586479103},{"timestamp":"2021-03-03T10:49:30Z","physicalMemoryBytes":43902984192,"availableMemoryBytes":29285864722,"percentageMemoryUsage":33.2941,"totalSwapBytes":62999490560,"availableSwapBytes":57586479103},{"timestamp":"2021-03-03T10:46:00Z","physicalMemoryBytes":43902984192,"availableMemoryBytes":29283075886,"percentageMemoryUsage":33.3005,"totalSwapBytes":62999490560,"availableSwapBytes":57586479103},{"timestamp":"2021-03-03T10:42:30Z","physicalMemoryBytes":43902984192,"availableMemoryBytes":29288227609,"percentageMemoryUsage":33.2888,"totalSwapBytes":62999490560,"availableSwapBytes":57586479103},{"timestamp":"2021-03-03T10:38:30Z","physicalMemoryBytes":43902984192,"availableMemoryBytes":29293516379,"percentageMemoryUsage":33.2767,"totalSwapBytes":62999490560,"availableSwapBytes":57586479103},{"timestamp":"2021-03-03T10:34:30Z","physicalMemoryBytes":43902984192,"availableMemoryBytes":29287549639,"percentageMemoryUsage":33.2903,"totalSwapBytes":62999490560,"availableSwapBytes":57586479073},{"timestamp":"2021-03-03T10:30:30Z","physicalMemoryBytes":43902984192,"availableMemoryBytes":29292013979,"percentageMemoryUsage":33.2801,"totalSwapBytes":62999490560,"availableSwapBytes":57586342600},{"timestamp":"2021-03-03T10:27:00Z","physicalMemoryBytes":43902984192,"availableMemoryBytes":29282432056,"percentageMemoryUsage":33.302,"totalSwapBytes":62999490560,"availableSwapBytes":57585954815},{"timestamp":"2021-03-03T10:23:30Z","physicalMemoryBytes":43902984192,"availableMemoryBytes":29206218897,"percentageMemoryUsage":33.4755,"totalSwapBytes":62999490560,"availableSwapBytes":57585954815},{"timestamp":"2021-03-03T10:19:30Z","physicalMemoryBytes":43902984192,"availableMemoryBytes":29154815249,"percentageMemoryUsage":33.5926,"totalSwapBytes":62999490560,"availableSwapBytes":57585954815},{"timestamp":"2021-03-03T10:15:30Z","physicalMemoryBytes":43902984192,"availableMemoryBytes":29122017770,"percentageMemoryUsage":33.6673,"totalSwapBytes":62999490560,"availableSwapBytes":57585954815},{"timestamp":"2021-03-03T10:12:00Z","physicalMemoryBytes":43902984192,"availableMemoryBytes":29013712892,"percentageMemoryUsage":33.914,"totalSwapBytes":62999490560,"availableSwapBytes":57585954815},{"timestamp":"2021-03-03T10:08:30Z","physicalMemoryBytes":43902984192,"availableMemoryBytes":29002767890,"percentageMemoryUsage":33.939,"totalSwapBytes":62999490560,"availableSwapBytes":57585954815},{"timestamp":"2021-03-03T10:04:30Z","physicalMemoryBytes":43902984192,"availableMemoryBytes":28995783686,"percentageMemoryUsage":33.9549,"totalSwapBytes":62999490560,"availableSwapBytes":57585954815},{"timestamp":"2021-03-03T10:00:30Z","physicalMemoryBytes":43902984192,"availableMemoryBytes":28961803351,"percentageMemoryUsage":34.0323,"totalSwapBytes":62999490560,"availableSwapBytes":57585949354},{"timestamp":"2021-03-03T09:56:30Z","physicalMemoryBytes":43902984192,"availableMemoryBytes":28984892084,"percentageMemoryUsage":33.9797,"totalSwapBytes":62999490560,"availableSwapBytes":57585687630},{"timestamp":"2021-03-03T09:53:00Z","physicalMemoryBytes":43902984192,"availableMemoryBytes":29045215391,"percentageMemoryUsage":33.8423,"totalSwapBytes":62999490560,"availableSwapBytes":57585437248},{"timestamp":"2021-03-03T09:49:30Z","physicalMemoryBytes":43902984192,"availableMemoryBytes":29005946038,"percentageMemoryUsage":33.9317,"totalSwapBytes":62999490560,"availableSwapBytes":57585430527},{"timestamp":"2021-03-03T09:45:30Z","physicalMemoryBytes":43902984192,"availableMemoryBytes":28996185905,"percentageMemoryUsage":33.954,"totalSwapBytes":62999490560,"availableSwapBytes":57585425486},{"timestamp":"2021-03-03T09:41:30Z","physicalMemoryBytes":43902984192,"availableMemoryBytes":29043412494,"percentageMemoryUsage":33.8464,"totalSwapBytes":62999490560,"availableSwapBytes":57585173424},{"timestamp":"2021-03-03T09:37:30Z","physicalMemoryBytes":43902984192,"availableMemoryBytes":29099301710,"percentageMemoryUsage":33.7191,"totalSwapBytes":62999490560,"availableSwapBytes":57585168383},{"timestamp":"2021-03-03T09:34:00Z","physicalMemoryBytes":43902984192,"availableMemoryBytes":29121773947,"percentageMemoryUsage":33.6679,"totalSwapBytes":62999490560,"availableSwapBytes":57585168383},{"timestamp":"2021-03-03T09:30:30Z","physicalMemoryBytes":43902984192,"availableMemoryBytes":29000499199,"percentageMemoryUsage":33.9441,"totalSwapBytes":62999490560,"availableSwapBytes":57585167995},{"timestamp":"2021-03-03T09:26:30Z","physicalMemoryBytes":43902984192,"availableMemoryBytes":29034023907,"percentageMemoryUsage":33.8678,"totalSwapBytes":62999490560,"availableSwapBytes":57584972163},{"timestamp":"2021-03-03T09:22:30Z","physicalMemoryBytes":43902984192,"availableMemoryBytes":29042733648,"percentageMemoryUsage":33.8479,"totalSwapBytes":62999490560,"availableSwapBytes":57584906239},{"timestamp":"2021-03-03T09:19:00Z","physicalMemoryBytes":43902984192,"availableMemoryBytes":29083987529,"percentageMemoryUsage":33.754,"totalSwapBytes":62999490560,"availableSwapBytes":57584906239},{"timestamp":"2021-03-03T09:15:30Z","physicalMemoryBytes":43902984192,"availableMemoryBytes":29071633781,"percentageMemoryUsage":33.7821,"totalSwapBytes":62999490560,"availableSwapBytes":57584906239},{"timestamp":"2021-03-03T09:11:30Z","physicalMemoryBytes":43902984192,"availableMemoryBytes":29059145029,"percentageMemoryUsage":33.8105,"totalSwapBytes":62999490560,"availableSwapBytes":57584906239},{"timestamp":"2021-03-03T09:07:30Z","physicalMemoryBytes":43902984192,"availableMemoryBytes":29057464782,"percentageMemoryUsage":33.8144,"totalSwapBytes":62999490560,"availableSwapBytes":57584906239},{"timestamp":"2021-03-03T09:03:30Z","physicalMemoryBytes":43902984192,"availableMemoryBytes":29111060481,"percentageMemoryUsage":33.6923,"totalSwapBytes":62999490560,"availableSwapBytes":57584906239},{"timestamp":"2021-03-03T09:00:00Z","physicalMemoryBytes":43902984192,"availableMemoryBytes":29075545663,"percentageMemoryUsage":33.7732,"totalSwapBytes":62999490560,"availableSwapBytes":57584906239},{"timestamp":"2021-03-03T08:56:30Z","physicalMemoryBytes":43902984192,"availableMemoryBytes":29065893305,"percentageMemoryUsage":33.7952,"totalSwapBytes":62999490560,"availableSwapBytes":57584906239},{"timestamp":"2021-03-03T08:52:30Z","physicalMemoryBytes":43902984192,"availableMemoryBytes":29064356965,"percentageMemoryUsage":33.7987,"totalSwapBytes":62999490560,"availableSwapBytes":57584906239},{"timestamp":"2021-03-03T08:48:30Z","physicalMemoryBytes":43902984192,"availableMemoryBytes":29049037344,"percentageMemoryUsage":33.8336,"totalSwapBytes":62999490560,"availableSwapBytes":57584906239},{"timestamp":"2021-03-03T08:45:00Z","physicalMemoryBytes":43902984192,"availableMemoryBytes":29033161819,"percentageMemoryUsage":33.8697,"totalSwapBytes":62999490560,"availableSwapBytes":57584906239},{"timestamp":"2021-03-03T08:41:30Z","physicalMemoryBytes":43902984192,"availableMemoryBytes":29085588026,"percentageMemoryUsage":33.7503,"totalSwapBytes":62999490560,"availableSwapBytes":57584906239},{"timestamp":"2021-03-03T08:37:30Z","physicalMemoryBytes":43902984192,"availableMemoryBytes":29034076344,"percentageMemoryUsage":33.8676,"totalSwapBytes":62999490560,"availableSwapBytes":57584906239},{"timestamp":"2021-03-03T08:33:30Z","physicalMemoryBytes":43902984192,"availableMemoryBytes":28997061105,"percentageMemoryUsage":33.952,"totalSwapBytes":62999490560,"availableSwapBytes":57584906239},{"timestamp":"2021-03-03T08:29:30Z","physicalMemoryBytes":43902984192,"availableMemoryBytes":28989750836,"percentageMemoryUsage":33.9686,"totalSwapBytes":62999490560,"availableSwapBytes":57584906239},{"timestamp":"2021-03-03T08:26:00Z","physicalMemoryBytes":43902984192,"availableMemoryBytes":29037349584,"percentageMemoryUsage":33.8602,"totalSwapBytes":62999490560,"availableSwapBytes":57584906239},{"timestamp":"2021-03-03T08:22:30Z","physicalMemoryBytes":43902984192,"availableMemoryBytes":29072380547,"percentageMemoryUsage":33.7804,"totalSwapBytes":62999490560,"availableSwapBytes":57584906239},{"timestamp":"2021-03-03T08:18:30Z","physicalMemoryBytes":43902984192,"availableMemoryBytes":29030890562,"percentageMemoryUsage":33.8749,"totalSwapBytes":62999490560,"availableSwapBytes":57584906239},{"timestamp":"2021-03-03T08:14:30Z","physicalMemoryBytes":43902984192,"availableMemoryBytes":29057105199,"percentageMemoryUsage":33.8152,"totalSwapBytes":62999490560,"availableSwapBytes":57584906239},{"timestamp":"2021-03-03T08:10:30Z","physicalMemoryBytes":43902984192,"availableMemoryBytes":29048027802,"percentageMemoryUsage":33.8359,"totalSwapBytes":62999490560,"availableSwapBytes":57584906239},{"timestamp":"2021-03-03T08:07:00Z","physicalMemoryBytes":43902984192,"availableMemoryBytes":28802273883,"percentageMemoryUsage":34.3956,"totalSwapBytes":62999490560,"availableSwapBytes":57584906196},{"timestamp":"2021-03-03T08:03:30Z","physicalMemoryBytes":43902984192,"availableMemoryBytes":28929072740,"percentageMemoryUsage":34.1068,"totalSwapBytes":62999490560,"availableSwapBytes":57584769738},{"timestamp":"2021-03-03T07:59:30Z","physicalMemoryBytes":43902984192,"availableMemoryBytes":29064579135,"percentageMemoryUsage":33.7982,"totalSwapBytes":62999490560,"availableSwapBytes":57584644095},{"timestamp":"2021-03-03T07:55:30Z","physicalMemoryBytes":43902984192,"availableMemoryBytes":29070709568,"percentageMemoryUsage":33.7842,"totalSwapBytes":62999490560,"availableSwapBytes":57584644095},{"timestamp":"2021-03-03T07:52:00Z","physicalMemoryBytes":43902984192,"availableMemoryBytes":29043515582,"percentageMemoryUsage":33.8461,"totalSwapBytes":62999490560,"availableSwapBytes":57584644095},{"timestamp":"2021-03-03T07:48:30Z","physicalMemoryBytes":43902984192,"availableMemoryBytes":29038288340,"percentageMemoryUsage":33.8581,"totalSwapBytes":62999490560,"availableSwapBytes":57584644095},{"timestamp":"2021-03-03T07:44:30Z","physicalMemoryBytes":43902984192,"availableMemoryBytes":29049406885,"percentageMemoryUsage":33.8327,"totalSwapBytes":62999490560,"availableSwapBytes":57584644095},{"timestamp":"2021-03-03T07:40:30Z","physicalMemoryBytes":43902984192,"availableMemoryBytes":29061214500,"percentageMemoryUsage":33.8058,"totalSwapBytes":62999490560,"availableSwapBytes":57584644095},{"timestamp":"2021-03-03T07:36:30Z","physicalMemoryBytes":43902984192,"availableMemoryBytes":29076403209,"percentageMemoryUsage":33.7712,"totalSwapBytes":62999490560,"availableSwapBytes":57584644095},{"timestamp":"2021-03-03T07:33:00Z","physicalMemoryBytes":43902984192,"availableMemoryBytes":29098019808,"percentageMemoryUsage":33.722,"totalSwapBytes":62999490560,"availableSwapBytes":57584644095},{"timestamp":"2021-03-03T07:29:30Z","physicalMemoryBytes":43902984192,"availableMemoryBytes":28982678511,"percentageMemoryUsage":33.9847,"totalSwapBytes":62999490560,"availableSwapBytes":57584644095},{"timestamp":"2021-03-03T07:25:30Z","physicalMemoryBytes":43902984192,"availableMemoryBytes":29031133169,"percentageMemoryUsage":33.8744,"totalSwapBytes":62999490560,"availableSwapBytes":57584644095},{"timestamp":"2021-03-03T07:21:30Z","physicalMemoryBytes":43902984192,"availableMemoryBytes":29035575646,"percentageMemoryUsage":33.8642,"totalSwapBytes":62999490560,"availableSwapBytes":57584644095},{"timestamp":"2021-03-03T07:17:30Z","physicalMemoryBytes":43902984192,"availableMemoryBytes":29123375733,"percentageMemoryUsage":33.6642,"totalSwapBytes":62999490560,"availableSwapBytes":57584644095},{"timestamp":"2021-03-03T07:14:00Z","physicalMemoryBytes":43902984192,"availableMemoryBytes":29047129272,"percentageMemoryUsage":33.8379,"totalSwapBytes":62999490560,"availableSwapBytes":57584644095},{"timestamp":"2021-03-03T07:10:30Z","physicalMemoryBytes":43902984192,"availableMemoryBytes":29098219628,"percentageMemoryUsage":33.7215,"totalSwapBytes":62999490560,"availableSwapBytes":57584644087},{"timestamp":"2021-03-03T07:06:30Z","physicalMemoryBytes":43902984192,"availableMemoryBytes":29068712005,"percentageMemoryUsage":33.7888,"totalSwapBytes":62999490560,"availableSwapBytes":57584425650},{"timestamp":"2021-03-03T07:02:30Z","physicalMemoryBytes":43902984192,"availableMemoryBytes":29095659163,"percentageMemoryUsage":33.7274,"totalSwapBytes":62999490560,"availableSwapBytes":57579401215},{"timestamp":"2021-03-03T06:59:00Z","physicalMemoryBytes":43902984192,"availableMemoryBytes":29090690134,"percentageMemoryUsage":33.7387,"totalSwapBytes":62999490560,"availableSwapBytes":57579401215},{"timestamp":"2021-03-03T06:55:30Z","physicalMemoryBytes":43902984192,"availableMemoryBytes":29123587491,"percentageMemoryUsage":33.6638,"totalSwapBytes":62999490560,"availableSwapBytes":57579401215},{"timestamp":"2021-03-03T06:51:30Z","physicalMemoryBytes":43902984192,"availableMemoryBytes":29138558053,"percentageMemoryUsage":33.6297,"totalSwapBytes":62999490560,"availableSwapBytes":57579401215},{"timestamp":"2021-03-03T06:47:30Z","physicalMemoryBytes":43902984192,"availableMemoryBytes":29036055590,"percentageMemoryUsage":33.8631,"totalSwapBytes":62999490560,"availableSwapBytes":57579401215},{"timestamp":"2021-03-03T06:43:30Z","physicalMemoryBytes":43902984192,"availableMemoryBytes":29022384925,"percentageMemoryUsage":33.8943,"totalSwapBytes":62999490560,"availableSwapBytes":57579401215},{"timestamp":"2021-03-03T06:40:00Z","physicalMemoryBytes":43902984192,"availableMemoryBytes":28992978570,"percentageMemoryUsage":33.9613,"totalSwapBytes":62999490560,"availableSwapBytes":57579401215},{"timestamp":"2021-03-03T06:36:30Z","physicalMemoryBytes":43902984192,"availableMemoryBytes":29003350541,"percentageMemoryUsage":33.9376,"totalSwapBytes":62999490560,"availableSwapBytes":57579401215},{"timestamp":"2021-03-03T06:32:30Z","physicalMemoryBytes":43902984192,"availableMemoryBytes":29090252938,"percentageMemoryUsage":33.7397,"totalSwapBytes":62999490560,"availableSwapBytes":57579400827},{"timestamp":"2021-03-03T06:28:30Z","physicalMemoryBytes":43902984192,"availableMemoryBytes":29060932756,"percentageMemoryUsage":33.8065,"totalSwapBytes":62999490560,"availableSwapBytes":57579204995},{"timestamp":"2021-03-03T06:25:00Z","physicalMemoryBytes":43902984192,"availableMemoryBytes":29103217305,"percentageMemoryUsage":33.7102,"totalSwapBytes":62999490560,"availableSwapBytes":57579139071},{"timestamp":"2021-03-03T06:21:30Z","physicalMemoryBytes":43902984192,"availableMemoryBytes":29053148350,"percentageMemoryUsage":33.8242,"totalSwapBytes":62999490560,"availableSwapBytes":57579139071},{"timestamp":"2021-03-03T06:17:30Z","physicalMemoryBytes":43902984192,"availableMemoryBytes":29103514363,"percentageMemoryUsage":33.7095,"totalSwapBytes":62999490560,"availableSwapBytes":57579138683},{"timestamp":"2021-03-03T06:13:30Z","physicalMemoryBytes":43902984192,"availableMemoryBytes":29063678599,"percentageMemoryUsage":33.8002,"totalSwapBytes":62999490560,"availableSwapBytes":57578942851},{"timestamp":"2021-03-03T06:09:30Z","physicalMemoryBytes":43902984192,"availableMemoryBytes":29123535951,"percentageMemoryUsage":33.6639,"totalSwapBytes":62999490560,"availableSwapBytes":57578876927},{"timestamp":"2021-03-03T06:06:00Z","physicalMemoryBytes":43902984192,"availableMemoryBytes":29101996222,"percentageMemoryUsage":33.7129,"totalSwapBytes":62999490560,"availableSwapBytes":57578876927},{"timestamp":"2021-03-03T06:02:30Z","physicalMemoryBytes":43902984192,"availableMemoryBytes":29141113160,"percentageMemoryUsage":33.6238,"totalSwapBytes":62999490560,"availableSwapBytes":57578876927},{"timestamp":"2021-03-03T05:58:30Z","physicalMemoryBytes":43902984192,"availableMemoryBytes":29097641929,"percentageMemoryUsage":33.7229,"totalSwapBytes":62999490560,"availableSwapBytes":57578876927},{"timestamp":"2021-03-03T05:54:30Z","physicalMemoryBytes":43902984192,"availableMemoryBytes":29023210869,"percentageMemoryUsage":33.8924,"totalSwapBytes":62999490560,"availableSwapBytes":57578876927},{"timestamp":"2021-03-03T05:50:30Z","physicalMemoryBytes":43902984192,"availableMemoryBytes":29053137026,"percentageMemoryUsage":33.8242,"totalSwapBytes":62999490560,"availableSwapBytes":57578876539},{"timestamp":"2021-03-03T05:47:00Z","physicalMemoryBytes":43902984192,"availableMemoryBytes":29013772494,"percentageMemoryUsage":33.9139,"totalSwapBytes":62999490560,"availableSwapBytes":57578702681},{"timestamp":"2021-03-03T05:43:30Z","physicalMemoryBytes":43902984192,"availableMemoryBytes":29042956459,"percentageMemoryUsage":33.8474,"totalSwapBytes":62999490560,"availableSwapBytes":57578614783},{"timestamp":"2021-03-03T05:39:30Z","physicalMemoryBytes":43902984192,"availableMemoryBytes":29060660702,"percentageMemoryUsage":33.8071,"totalSwapBytes":62999490560,"availableSwapBytes":57578614783},{"timestamp":"2021-03-03T05:35:30Z","physicalMemoryBytes":43902984192,"availableMemoryBytes":29120803741,"percentageMemoryUsage":33.6701,"totalSwapBytes":62999490560,"availableSwapBytes":57578614783},{"timestamp":"2021-03-03T05:32:00Z","physicalMemoryBytes":43902984192,"availableMemoryBytes":29031514999,"percentageMemoryUsage":33.8735,"totalSwapBytes":62999490560,"availableSwapBytes":57578614783},{"timestamp":"2021-03-03T05:28:30Z","physicalMemoryBytes":43902984192,"availableMemoryBytes":29120257368,"percentageMemoryUsage":33.6713,"totalSwapBytes":62999490560,"availableSwapBytes":57578614783},{"timestamp":"2021-03-03T05:24:30Z","physicalMemoryBytes":43902984192,"availableMemoryBytes":29058736976,"percentageMemoryUsage":33.8115,"totalSwapBytes":62999490560,"availableSwapBytes":57578614783},{"timestamp":"2021-03-03T05:20:30Z","physicalMemoryBytes":43902984192,"availableMemoryBytes":29133927035,"percentageMemoryUsage":33.6402,"totalSwapBytes":62999490560,"availableSwapBytes":57578614783},{"timestamp":"2021-03-03T05:16:30Z","physicalMemoryBytes":43902984192,"availableMemoryBytes":29139017794,"percentageMemoryUsage":33.6286,"totalSwapBytes":62999490560,"availableSwapBytes":57578614783},{"timestamp":"2021-03-03T05:13:00Z","physicalMemoryBytes":43902984192,"availableMemoryBytes":29192834035,"percentageMemoryUsage":33.506,"totalSwapBytes":62999490560,"availableSwapBytes":57578614783},{"timestamp":"2021-03-03T05:09:30Z","physicalMemoryBytes":43902984192,"availableMemoryBytes":29092433966,"percentageMemoryUsage":33.7347,"totalSwapBytes":62999490560,"availableSwapBytes":57578614783},{"timestamp":"2021-03-03T05:05:30Z","physicalMemoryBytes":43902984192,"availableMemoryBytes":29063376287,"percentageMemoryUsage":33.8009,"totalSwapBytes":62999490560,"availableSwapBytes":57578614783},{"timestamp":"2021-03-03T05:01:30Z","physicalMemoryBytes":43902984192,"availableMemoryBytes":29051454720,"percentageMemoryUsage":33.8281,"totalSwapBytes":62999490560,"availableSwapBytes":57578614783},{"timestamp":"2021-03-03T04:58:00Z","physicalMemoryBytes":43902984192,"availableMemoryBytes":29102958730,"percentageMemoryUsage":33.7108,"totalSwapBytes":62999490560,"availableSwapBytes":57578614783},{"timestamp":"2021-03-03T04:54:30Z","physicalMemoryBytes":43902984192,"availableMemoryBytes":29052399223,"percentageMemoryUsage":33.8259,"totalSwapBytes":62999490560,"availableSwapBytes":57578614783},{"timestamp":"2021-03-03T04:50:30Z","physicalMemoryBytes":43902984192,"availableMemoryBytes":28959963210,"percentageMemoryUsage":34.0365,"totalSwapBytes":62999490560,"availableSwapBytes":57578614751},{"timestamp":"2021-03-03T04:46:30Z","physicalMemoryBytes":43902984192,"availableMemoryBytes":29010821330,"percentageMemoryUsage":33.9206,"totalSwapBytes":62999490560,"availableSwapBytes":57578478282},{"timestamp":"2021-03-03T04:42:30Z","physicalMemoryBytes":43902984192,"availableMemoryBytes":28954569919,"percentageMemoryUsage":34.0487,"totalSwapBytes":62999490560,"availableSwapBytes":57578352639},{"timestamp":"2021-03-03T04:39:00Z","physicalMemoryBytes":43902984192,"availableMemoryBytes":28925274472,"percentageMemoryUsage":34.1155,"totalSwapBytes":62999490560,"availableSwapBytes":57578352639},{"timestamp":"2021-03-03T04:35:30Z","physicalMemoryBytes":43902984192,"availableMemoryBytes":28990719608,"percentageMemoryUsage":33.9664,"totalSwapBytes":62999490560,"availableSwapBytes":57578352639},{"timestamp":"2021-03-03T04:31:30Z","physicalMemoryBytes":43902984192,"availableMemoryBytes":29008546207,"percentageMemoryUsage":33.9258,"totalSwapBytes":62999490560,"availableSwapBytes":57578352639},{"timestamp":"2021-03-03T04:27:30Z","physicalMemoryBytes":43902984192,"availableMemoryBytes":29035696633,"percentageMemoryUsage":33.864,"totalSwapBytes":62999490560,"availableSwapBytes":57578352637},{"timestamp":"2021-03-03T04:23:30Z","physicalMemoryBytes":43902984192,"availableMemoryBytes":28967395593,"percentageMemoryUsage":34.0195,"totalSwapBytes":62999490560,"availableSwapBytes":57578287105},{"timestamp":"2021-03-03T04:20:00Z","physicalMemoryBytes":43902984192,"availableMemoryBytes":29081921712,"percentageMemoryUsage":33.7587,"totalSwapBytes":62999490560,"availableSwapBytes":57578090495},{"timestamp":"2021-03-03T04:16:30Z","physicalMemoryBytes":43902984192,"availableMemoryBytes":29002433371,"percentageMemoryUsage":33.9397,"totalSwapBytes":62999490560,"availableSwapBytes":57578090495},{"timestamp":"2021-03-03T04:12:30Z","physicalMemoryBytes":43902984192,"availableMemoryBytes":29032420755,"percentageMemoryUsage":33.8714,"totalSwapBytes":62999490560,"availableSwapBytes":57578090495},{"timestamp":"2021-03-03T04:08:30Z","physicalMemoryBytes":43902984192,"availableMemoryBytes":29005285733,"percentageMemoryUsage":33.9332,"totalSwapBytes":62999490560,"availableSwapBytes":57578090495},{"timestamp":"2021-03-03T04:05:00Z","physicalMemoryBytes":43902984192,"availableMemoryBytes":28960865245,"percentageMemoryUsage":34.0344,"totalSwapBytes":62999490560,"availableSwapBytes":57578090495},{"timestamp":"2021-03-03T04:01:30Z","physicalMemoryBytes":43902984192,"availableMemoryBytes":28995882432,"percentageMemoryUsage":33.9546,"totalSwapBytes":62999490560,"availableSwapBytes":57578090495},{"timestamp":"2021-03-03T03:57:30Z","physicalMemoryBytes":43902984192,"availableMemoryBytes":29081920740,"percentageMemoryUsage":33.7587,"totalSwapBytes":62999490560,"availableSwapBytes":57578090495},{"timestamp":"2021-03-03T03:53:30Z","physicalMemoryBytes":43902984192,"availableMemoryBytes":28995766481,"percentageMemoryUsage":33.9549,"totalSwapBytes":62999490560,"availableSwapBytes":57578090495},{"timestamp":"2021-03-03T03:49:30Z","physicalMemoryBytes":43902984192,"availableMemoryBytes":29074907109,"percentageMemoryUsage":33.7746,"totalSwapBytes":62999490560,"availableSwapBytes":57578090495},{"timestamp":"2021-03-03T03:46:00Z","physicalMemoryBytes":43902984192,"availableMemoryBytes":29030924722,"percentageMemoryUsage":33.8748,"totalSwapBytes":62999490560,"availableSwapBytes":57578090495},{"timestamp":"2021-03-03T03:42:30Z","physicalMemoryBytes":43902984192,"availableMemoryBytes":29034301295,"percentageMemoryUsage":33.8671,"totalSwapBytes":62999490560,"availableSwapBytes":57578090495},{"timestamp":"2021-03-03T03:38:30Z","physicalMemoryBytes":43902984192,"availableMemoryBytes":29080961305,"percentageMemoryUsage":33.7609,"totalSwapBytes":62999490560,"availableSwapBytes":57578090107},{"timestamp":"2021-03-03T03:34:30Z","physicalMemoryBytes":43902984192,"availableMemoryBytes":29095079707,"percentageMemoryUsage":33.7287,"totalSwapBytes":62999490560,"availableSwapBytes":57577894275},{"timestamp":"2021-03-03T03:30:30Z","physicalMemoryBytes":43902984192,"availableMemoryBytes":29054902880,"percentageMemoryUsage":33.8202,"totalSwapBytes":62999490560,"availableSwapBytes":57577828351},{"timestamp":"2021-03-03T03:27:00Z","physicalMemoryBytes":43902984192,"availableMemoryBytes":29106882894,"percentageMemoryUsage":33.7018,"totalSwapBytes":62999490560,"availableSwapBytes":57577828351},{"timestamp":"2021-03-03T03:23:30Z","physicalMemoryBytes":43902984192,"availableMemoryBytes":29110996722,"percentageMemoryUsage":33.6924,"totalSwapBytes":62999490560,"availableSwapBytes":57577828351},{"timestamp":"2021-03-03T03:19:30Z","physicalMemoryBytes":43902984192,"availableMemoryBytes":29139725901,"percentageMemoryUsage":33.627,"totalSwapBytes":62999490560,"availableSwapBytes":57577828351},{"timestamp":"2021-03-03T03:15:30Z","physicalMemoryBytes":43902984192,"availableMemoryBytes":29078597708,"percentageMemoryUsage":33.7662,"totalSwapBytes":62999490560,"availableSwapBytes":57577828351},{"timestamp":"2021-03-03T03:12:00Z","physicalMemoryBytes":43902984192,"availableMemoryBytes":29163623976,"percentageMemoryUsage":33.5726,"totalSwapBytes":62999490560,"availableSwapBytes":57577828351},{"timestamp":"2021-03-03T03:08:30Z","physicalMemoryBytes":43902984192,"availableMemoryBytes":29080270757,"percentageMemoryUsage":33.7624,"totalSwapBytes":62999490560,"availableSwapBytes":57577828351},{"timestamp":"2021-03-03T03:04:30Z","physicalMemoryBytes":43902984192,"availableMemoryBytes":29055885232,"percentageMemoryUsage":33.818,"totalSwapBytes":62999490560,"availableSwapBytes":57577828351},{"timestamp":"2021-03-03T03:00:30Z","physicalMemoryBytes":43902984192,"availableMemoryBytes":29078343261,"percentageMemoryUsage":33.7668,"totalSwapBytes":62999490560,"availableSwapBytes":57577828351},{"timestamp":"2021-03-03T02:56:30Z","physicalMemoryBytes":43902984192,"availableMemoryBytes":29020744484,"percentageMemoryUsage":33.898,"totalSwapBytes":62999490560,"availableSwapBytes":57577828351},{"timestamp":"2021-03-03T02:53:00Z","physicalMemoryBytes":43902984192,"availableMemoryBytes":29060090111,"percentageMemoryUsage":33.8084,"totalSwapBytes":62999490560,"availableSwapBytes":57577828351},{"timestamp":"2021-03-03T02:49:30Z","physicalMemoryBytes":43902984192,"availableMemoryBytes":29056901737,"percentageMemoryUsage":33.8157,"totalSwapBytes":62999490560,"availableSwapBytes":57577828351},{"timestamp":"2021-03-03T02:45:30Z","physicalMemoryBytes":43902984192,"availableMemoryBytes":29050554744,"percentageMemoryUsage":33.8301,"totalSwapBytes":62999490560,"availableSwapBytes":57577828351},{"timestamp":"2021-03-03T02:41:30Z","physicalMemoryBytes":43902984192,"availableMemoryBytes":29059435043,"percentageMemoryUsage":33.8099,"totalSwapBytes":62999490560,"availableSwapBytes":57577828351},{"timestamp":"2021-03-03T02:38:00Z","physicalMemoryBytes":43902984192,"availableMemoryBytes":28993233137,"percentageMemoryUsage":33.9607,"totalSwapBytes":62999490560,"availableSwapBytes":57577828351},{"timestamp":"2021-03-03T02:34:30Z","physicalMemoryBytes":43902984192,"availableMemoryBytes":29052644505,"percentageMemoryUsage":33.8254,"totalSwapBytes":62999490560,"availableSwapBytes":57577828321},{"timestamp":"2021-03-03T02:30:30Z","physicalMemoryBytes":43902984192,"availableMemoryBytes":28988180765,"percentageMemoryUsage":33.9722,"totalSwapBytes":62999490560,"availableSwapBytes":57577697309},{"timestamp":"2021-03-03T02:26:30Z","physicalMemoryBytes":43902984192,"availableMemoryBytes":29006462359,"percentageMemoryUsage":33.9305,"totalSwapBytes":62999490560,"availableSwapBytes":57577566207},{"timestamp":"2021-03-03T02:22:30Z","physicalMemoryBytes":43902984192,"availableMemoryBytes":29074445386,"percentageMemoryUsage":33.7757,"totalSwapBytes":62999490560,"availableSwapBytes":57577566207},{"timestamp":"2021-03-03T02:19:00Z","physicalMemoryBytes":43902984192,"availableMemoryBytes":29024588825,"percentageMemoryUsage":33.8893,"totalSwapBytes":62999490560,"availableSwapBytes":57577566207},{"timestamp":"2021-03-03T02:15:30Z","physicalMemoryBytes":43902984192,"availableMemoryBytes":29048694488,"percentageMemoryUsage":33.8344,"totalSwapBytes":62999490560,"availableSwapBytes":57577566207},{"timestamp":"2021-03-03T02:11:30Z","physicalMemoryBytes":43902984192,"availableMemoryBytes":29050246672,"percentageMemoryUsage":33.8308,"totalSwapBytes":62999490560,"availableSwapBytes":57577566207},{"timestamp":"2021-03-03T02:07:30Z","physicalMemoryBytes":43902984192,"availableMemoryBytes":29022663962,"percentageMemoryUsage":33.8936,"totalSwapBytes":62999490560,"availableSwapBytes":57577566207},{"timestamp":"2021-03-03T02:03:30Z","physicalMemoryBytes":43902984192,"availableMemoryBytes":28997095282,"percentageMemoryUsage":33.9519,"totalSwapBytes":62999490560,"availableSwapBytes":57577566207},{"timestamp":"2021-03-03T02:00:00Z","physicalMemoryBytes":43902984192,"availableMemoryBytes":29098685791,"percentageMemoryUsage":33.7205,"totalSwapBytes":62999490560,"availableSwapBytes":57577566207},{"timestamp":"2021-03-03T01:56:30Z","physicalMemoryBytes":43902984192,"availableMemoryBytes":29031477597,"percentageMemoryUsage":33.8736,"totalSwapBytes":62999490560,"availableSwapBytes":57577566207},{"timestamp":"2021-03-03T01:52:30Z","physicalMemoryBytes":43902984192,"availableMemoryBytes":29010962356,"percentageMemoryUsage":33.9203,"totalSwapBytes":62999490560,"availableSwapBytes":57577566207},{"timestamp":"2021-03-03T01:48:30Z","physicalMemoryBytes":43902984192,"availableMemoryBytes":29002544038,"percentageMemoryUsage":33.9395,"totalSwapBytes":62999490560,"availableSwapBytes":57577566207},{"timestamp":"2021-03-03T01:45:00Z","physicalMemoryBytes":43902984192,"availableMemoryBytes":28979319574,"percentageMemoryUsage":33.9924,"totalSwapBytes":62999490560,"availableSwapBytes":57577566207},{"timestamp":"2021-03-03T01:41:30Z","physicalMemoryBytes":43902984192,"availableMemoryBytes":29000198811,"percentageMemoryUsage":33.9448,"totalSwapBytes":62999490560,"availableSwapBytes":57577566207},{"timestamp":"2021-03-03T01:37:30Z","physicalMemoryBytes":43902984192,"availableMemoryBytes":29037584124,"percentageMemoryUsage":33.8597,"totalSwapBytes":62999490560,"availableSwapBytes":57577566207},{"timestamp":"2021-03-03T01:33:30Z","physicalMemoryBytes":43902984192,"availableMemoryBytes":29003220112,"percentageMemoryUsage":33.9379,"totalSwapBytes":62999490560,"availableSwapBytes":57577566207},{"timestamp":"2021-03-03T01:29:30Z","physicalMemoryBytes":43902984192,"availableMemoryBytes":29015851303,"percentageMemoryUsage":33.9092,"totalSwapBytes":62999490560,"availableSwapBytes":57577566207},{"timestamp":"2021-03-03T01:26:00Z","physicalMemoryBytes":43902984192,"availableMemoryBytes":29071794269,"percentageMemoryUsage":33.7817,"totalSwapBytes":62999490560,"availableSwapBytes":57577566204},{"timestamp":"2021-03-03T01:22:30Z","physicalMemoryBytes":43902984192,"availableMemoryBytes":29078794630,"percentageMemoryUsage":33.7658,"totalSwapBytes":62999490560,"availableSwapBytes":57577495211},{"timestamp":"2021-03-03T01:18:30Z","physicalMemoryBytes":43902984192,"availableMemoryBytes":29103899669,"percentageMemoryUsage":33.7086,"totalSwapBytes":62999490560,"availableSwapBytes":57577267095},{"timestamp":"2021-03-03T01:14:30Z","physicalMemoryBytes":43902984192,"availableMemoryBytes":29041147591,"percentageMemoryUsage":33.8515,"totalSwapBytes":62999490560,"availableSwapBytes":57574697746},{"timestamp":"2021-03-03T01:10:30Z","physicalMemoryBytes":43902984192,"availableMemoryBytes":29140043874,"percentageMemoryUsage":33.6263,"totalSwapBytes":62999490560,"availableSwapBytes":57574420479},{"timestamp":"2021-03-03T01:07:00Z","physicalMemoryBytes":43902984192,"availableMemoryBytes":29160029582,"percentageMemoryUsage":33.5808,"totalSwapBytes":62999490560,"availableSwapBytes":57574420479},{"timestamp":"2021-03-03T01:03:30Z","physicalMemoryBytes":43902984192,"availableMemoryBytes":29113507009,"percentageMemoryUsage":33.6867,"totalSwapBytes":62999490560,"availableSwapBytes":57574420479},{"timestamp":"2021-03-03T00:59:30Z","physicalMemoryBytes":43902984192,"availableMemoryBytes":29076573423,"percentageMemoryUsage":33.7708,"totalSwapBytes":62999490560,"availableSwapBytes":57574420479},{"timestamp":"2021-03-03T00:55:30Z","physicalMemoryBytes":43902984192,"availableMemoryBytes":29057813596,"percentageMemoryUsage":33.8136,"totalSwapBytes":62999490560,"availableSwapBytes":57574420479},{"timestamp":"2021-03-03T00:52:00Z","physicalMemoryBytes":43902984192,"availableMemoryBytes":29001325715,"percentageMemoryUsage":33.9422,"totalSwapBytes":62999490560,"availableSwapBytes":57574420479},{"timestamp":"2021-03-03T00:48:30Z","physicalMemoryBytes":43902984192,"availableMemoryBytes":29099920374,"percentageMemoryUsage":33.7177,"totalSwapBytes":62999490560,"availableSwapBytes":57574420059},{"timestamp":"2021-03-03T00:44:30Z","physicalMemoryBytes":43902984192,"availableMemoryBytes":29077211700,"percentageMemoryUsage":33.7694,"totalSwapBytes":62999490560,"availableSwapBytes":57574218830},{"timestamp":"2021-03-03T00:40:30Z","physicalMemoryBytes":43902984192,"availableMemoryBytes":29095201657,"percentageMemoryUsage":33.7284,"totalSwapBytes":62999490560,"availableSwapBytes":57574158335},{"timestamp":"2021-03-03T00:36:30Z","physicalMemoryBytes":43902984192,"availableMemoryBytes":29018032793,"percentageMemoryUsage":33.9042,"totalSwapBytes":62999490560,"availableSwapBytes":57574158335},{"timestamp":"2021-03-03T00:33:00Z","physicalMemoryBytes":43902984192,"availableMemoryBytes":29034466201,"percentageMemoryUsage":33.8668,"totalSwapBytes":62999490560,"availableSwapBytes":57574158335},{"timestamp":"2021-03-03T00:29:30Z","physicalMemoryBytes":43902984192,"availableMemoryBytes":29081993197,"percentageMemoryUsage":33.7585,"totalSwapBytes":62999490560,"availableSwapBytes":57574158335},{"timestamp":"2021-03-03T00:25:30Z","physicalMemoryBytes":43902984192,"availableMemoryBytes":29093141277,"percentageMemoryUsage":33.7331,"totalSwapBytes":62999490560,"availableSwapBytes":57574158335},{"timestamp":"2021-03-03T00:21:30Z","physicalMemoryBytes":43902984192,"availableMemoryBytes":29107110906,"percentageMemoryUsage":33.7013,"totalSwapBytes":62999490560,"availableSwapBytes":57574158335},{"timestamp":"2021-03-03T00:18:00Z","physicalMemoryBytes":43902984192,"availableMemoryBytes":29111510443,"percentageMemoryUsage":33.6913,"totalSwapBytes":62999490560,"availableSwapBytes":57574158335},{"timestamp":"2021-03-03T00:14:30Z","physicalMemoryBytes":43902984192,"availableMemoryBytes":29139335203,"percentageMemoryUsage":33.6279,"totalSwapBytes":62999490560,"availableSwapBytes":57574158335},{"timestamp":"2021-03-03T00:10:30Z","physicalMemoryBytes":43902984192,"availableMemoryBytes":29023685431,"percentageMemoryUsage":33.8913,"totalSwapBytes":62999490560,"availableSwapBytes":57574158335},{"timestamp":"2021-03-03T00:06:30Z","physicalMemoryBytes":43902984192,"availableMemoryBytes":29130672749,"percentageMemoryUsage":33.6476,"totalSwapBytes":62999490560,"availableSwapBytes":57574158335},{"timestamp":"2021-03-03T00:02:30Z","physicalMemoryBytes":43902984192,"availableMemoryBytes":29071334481,"percentageMemoryUsage":33.7828,"totalSwapBytes":62999490560,"availableSwapBytes":57574158335},{"timestamp":"2021-03-02T23:59:00Z","physicalMemoryBytes":43902984192,"availableMemoryBytes":29101886724,"percentageMemoryUsage":33.7132,"totalSwapBytes":62999490560,"availableSwapBytes":57574158335},{"timestamp":"2021-03-02T23:55:30Z","physicalMemoryBytes":43902984192,"availableMemoryBytes":29066619576,"percentageMemoryUsage":33.7935,"totalSwapBytes":62999490560,"availableSwapBytes":57574158335},{"timestamp":"2021-03-02T23:51:30Z","physicalMemoryBytes":43902984192,"availableMemoryBytes":29151960479,"percentageMemoryUsage":33.5991,"totalSwapBytes":62999490560,"availableSwapBytes":57574158335},{"timestamp":"2021-03-02T23:47:30Z","physicalMemoryBytes":43902984192,"availableMemoryBytes":29173083428,"percentageMemoryUsage":33.551,"totalSwapBytes":62999490560,"availableSwapBytes":57574158335},{"timestamp":"2021-03-02T23:43:30Z","physicalMemoryBytes":43902984192,"availableMemoryBytes":29239293277,"percentageMemoryUsage":33.4002,"totalSwapBytes":62999490560,"availableSwapBytes":57574158335},{"timestamp":"2021-03-02T23:40:00Z","physicalMemoryBytes":43902984192,"availableMemoryBytes":29280044953,"percentageMemoryUsage":33.3074,"totalSwapBytes":62999490560,"availableSwapBytes":57574158335},{"timestamp":"2021-03-02T23:36:30Z","physicalMemoryBytes":43902984192,"availableMemoryBytes":29334171210,"percentageMemoryUsage":33.1841,"totalSwapBytes":62999490560,"availableSwapBytes":57574158335},{"timestamp":"2021-03-02T23:32:30Z","physicalMemoryBytes":43902984192,"availableMemoryBytes":29335725872,"percentageMemoryUsage":33.1806,"totalSwapBytes":62999490560,"availableSwapBytes":57574158335},{"timestamp":"2021-03-02T23:28:30Z","physicalMemoryBytes":43902984192,"availableMemoryBytes":29553630656,"percentageMemoryUsage":32.6842,"totalSwapBytes":62999490560,"availableSwapBytes":57574158335},{"timestamp":"2021-03-02T23:25:00Z","physicalMemoryBytes":43902984192,"availableMemoryBytes":29561184573,"percentageMemoryUsage":32.667,"totalSwapBytes":62999490560,"availableSwapBytes":57574158335},{"timestamp":"2021-03-02T23:21:30Z","physicalMemoryBytes":43902984192,"availableMemoryBytes":29562366412,"percentageMemoryUsage":32.6643,"totalSwapBytes":62999490560,"availableSwapBytes":57574158335},{"timestamp":"2021-03-02T23:17:30Z","physicalMemoryBytes":43902984192,"availableMemoryBytes":29575098357,"percentageMemoryUsage":32.6353,"totalSwapBytes":62999490560,"availableSwapBytes":57574158335},{"timestamp":"2021-03-02T23:13:30Z","physicalMemoryBytes":43902984192,"availableMemoryBytes":29583281706,"percentageMemoryUsage":32.6167,"totalSwapBytes":62999490560,"availableSwapBytes":57574158335},{"timestamp":"2021-03-02T23:09:30Z","physicalMemoryBytes":43902984192,"availableMemoryBytes":29547938037,"percentageMemoryUsage":32.6972,"totalSwapBytes":62999490560,"availableSwapBytes":57574158335},{"timestamp":"2021-03-02T23:06:00Z","physicalMemoryBytes":43902984192,"availableMemoryBytes":29480879665,"percentageMemoryUsage":32.8499,"totalSwapBytes":62999490560,"availableSwapBytes":57574158335},{"timestamp":"2021-03-02T23:02:30Z","physicalMemoryBytes":43902984192,"availableMemoryBytes":29402799562,"percentageMemoryUsage":33.0278,"totalSwapBytes":62999490560,"availableSwapBytes":57574158303},{"timestamp":"2021-03-02T22:58:30Z","physicalMemoryBytes":43902984192,"availableMemoryBytes":29385350743,"percentageMemoryUsage":33.0675,"totalSwapBytes":62999490560,"availableSwapBytes":57574021834},{"timestamp":"2021-03-02T22:54:30Z","physicalMemoryBytes":43902984192,"availableMemoryBytes":29383415251,"percentageMemoryUsage":33.0719,"totalSwapBytes":62999490560,"availableSwapBytes":57573896191},{"timestamp":"2021-03-02T22:50:30Z","physicalMemoryBytes":43902984192,"availableMemoryBytes":29380547200,"percentageMemoryUsage":33.0785,"totalSwapBytes":62999490560,"availableSwapBytes":57573896191},{"timestamp":"2021-03-02T22:47:00Z","physicalMemoryBytes":43902984192,"availableMemoryBytes":29385459691,"percentageMemoryUsage":33.0673,"totalSwapBytes":62999490560,"availableSwapBytes":57573896191},{"timestamp":"2021-03-02T22:43:30Z","physicalMemoryBytes":43902984192,"availableMemoryBytes":29376043943,"percentageMemoryUsage":33.0887,"totalSwapBytes":62999490560,"availableSwapBytes":57573896191},{"timestamp":"2021-03-02T22:39:30Z","physicalMemoryBytes":43902984192,"availableMemoryBytes":29376932677,"percentageMemoryUsage":33.0867,"totalSwapBytes":62999490560,"availableSwapBytes":57573896191},{"timestamp":"2021-03-02T22:35:30Z","physicalMemoryBytes":43902984192,"availableMemoryBytes":29374702191,"percentageMemoryUsage":33.0918,"totalSwapBytes":62999490560,"availableSwapBytes":57573896191},{"timestamp":"2021-03-02T22:32:00Z","physicalMemoryBytes":43902984192,"availableMemoryBytes":29367532260,"percentageMemoryUsage":33.1081,"totalSwapBytes":62999490560,"availableSwapBytes":57573896191},{"timestamp":"2021-03-02T22:28:30Z","physicalMemoryBytes":43902984192,"availableMemoryBytes":29376414465,"percentageMemoryUsage":33.0879,"totalSwapBytes":62999490560,"availableSwapBytes":57573896191},{"timestamp":"2021-03-02T22:24:30Z","physicalMemoryBytes":43902984192,"availableMemoryBytes":29368546971,"percentageMemoryUsage":33.1058,"totalSwapBytes":62999490560,"availableSwapBytes":57573895803},{"timestamp":"2021-03-02T22:20:30Z","physicalMemoryBytes":43902984192,"availableMemoryBytes":29374054053,"percentageMemoryUsage":33.0933,"totalSwapBytes":62999490560,"availableSwapBytes":57573699971},{"timestamp":"2021-03-02T22:16:30Z","physicalMemoryBytes":43902984192,"availableMemoryBytes":29373728451,"percentageMemoryUsage":33.094,"totalSwapBytes":62999490560,"availableSwapBytes":57573634047},{"timestamp":"2021-03-02T22:13:00Z","physicalMemoryBytes":43902984192,"availableMemoryBytes":29366970996,"percentageMemoryUsage":33.1094,"totalSwapBytes":62999490560,"availableSwapBytes":57573634047},{"timestamp":"2021-03-02T22:09:30Z","physicalMemoryBytes":43902984192,"availableMemoryBytes":29371958229,"percentageMemoryUsage":33.098,"totalSwapBytes":62999490560,"availableSwapBytes":57573634047},{"timestamp":"2021-03-02T22:05:30Z","physicalMemoryBytes":43902984192,"availableMemoryBytes":29372583498,"percentageMemoryUsage":33.0966,"totalSwapBytes":62999490560,"availableSwapBytes":57573634047},{"timestamp":"2021-03-02T22:01:30Z","physicalMemoryBytes":43902984192,"availableMemoryBytes":29372401763,"percentageMemoryUsage":33.097,"totalSwapBytes":62999490560,"availableSwapBytes":57573634047},{"timestamp":"2021-03-02T21:58:00Z","physicalMemoryBytes":43902984192,"availableMemoryBytes":29371615955,"percentageMemoryUsage":33.0988,"totalSwapBytes":62999490560,"availableSwapBytes":57573634047},{"timestamp":"2021-03-02T21:54:30Z","physicalMemoryBytes":43902984192,"availableMemoryBytes":29364286992,"percentageMemoryUsage":33.1155,"totalSwapBytes":62999490560,"availableSwapBytes":57573634047},{"timestamp":"2021-03-02T21:50:30Z","physicalMemoryBytes":43902984192,"availableMemoryBytes":29368341694,"percentageMemoryUsage":33.1063,"totalSwapBytes":62999490560,"availableSwapBytes":57573634047},{"timestamp":"2021-03-02T21:46:30Z","physicalMemoryBytes":43902984192,"availableMemoryBytes":29360584694,"percentageMemoryUsage":33.1239,"totalSwapBytes":62999490560,"availableSwapBytes":57573634047},{"timestamp":"2021-03-02T21:42:30Z","physicalMemoryBytes":43902984192,"availableMemoryBytes":29360530583,"percentageMemoryUsage":33.1241,"totalSwapBytes":62999490560,"availableSwapBytes":57573634047},{"timestamp":"2021-03-02T21:39:00Z","physicalMemoryBytes":43902984192,"availableMemoryBytes":29356779005,"percentageMemoryUsage":33.1326,"totalSwapBytes":62999490560,"availableSwapBytes":57573634047},{"timestamp":"2021-03-02T21:35:30Z","physicalMemoryBytes":43902984192,"availableMemoryBytes":29343427861,"percentageMemoryUsage":33.163,"totalSwapBytes":62999490560,"availableSwapBytes":57573634047},{"timestamp":"2021-03-02T21:31:30Z","physicalMemoryBytes":43902984192,"availableMemoryBytes":29346615696,"percentageMemoryUsage":33.1558,"totalSwapBytes":62999490560,"availableSwapBytes":57573633885},{"timestamp":"2021-03-02T21:27:30Z","physicalMemoryBytes":43902984192,"availableMemoryBytes":29321741840,"percentageMemoryUsage":33.2124,"totalSwapBytes":62999490560,"availableSwapBytes":57573470789},{"timestamp":"2021-03-02T21:23:30Z","physicalMemoryBytes":43902984192,"availableMemoryBytes":29284466137,"percentageMemoryUsage":33.2973,"totalSwapBytes":62999490560,"availableSwapBytes":57573114800},{"timestamp":"2021-03-02T21:20:00Z","physicalMemoryBytes":43902984192,"availableMemoryBytes":29330831632,"percentageMemoryUsage":33.1917,"totalSwapBytes":62999490560,"availableSwapBytes":57573109759},{"timestamp":"2021-03-02T21:16:30Z","physicalMemoryBytes":43902984192,"availableMemoryBytes":29360637089,"percentageMemoryUsage":33.1238,"totalSwapBytes":62999490560,"availableSwapBytes":57573109759},{"timestamp":"2021-03-02T21:12:30Z","physicalMemoryBytes":43902984192,"availableMemoryBytes":29374900405,"percentageMemoryUsage":33.0913,"totalSwapBytes":62999490560,"availableSwapBytes":57573109759},{"timestamp":"2021-03-02T21:08:30Z","physicalMemoryBytes":43902984192,"availableMemoryBytes":29371116623,"percentageMemoryUsage":33.1,"totalSwapBytes":62999490560,"availableSwapBytes":57573109759},{"timestamp":"2021-03-02T21:05:00Z","physicalMemoryBytes":43902984192,"availableMemoryBytes":29370044776,"percentageMemoryUsage":33.1024,"totalSwapBytes":62999490560,"availableSwapBytes":57573109759},{"timestamp":"2021-03-02T21:01:30Z","physicalMemoryBytes":43902984192,"availableMemoryBytes":29377811289,"percentageMemoryUsage":33.0847,"totalSwapBytes":62999490560,"availableSwapBytes":57573109759},{"timestamp":"2021-03-02T20:57:30Z","physicalMemoryBytes":43902984192,"availableMemoryBytes":29374961505,"percentageMemoryUsage":33.0912,"totalSwapBytes":62999490560,"availableSwapBytes":57573109759},{"timestamp":"2021-03-02T20:53:30Z","physicalMemoryBytes":43902984192,"availableMemoryBytes":29375339344,"percentageMemoryUsage":33.0903,"totalSwapBytes":62999490560,"availableSwapBytes":57573109759},{"timestamp":"2021-03-02T20:49:30Z","physicalMemoryBytes":43902984192,"availableMemoryBytes":29362184261,"percentageMemoryUsage":33.1203,"totalSwapBytes":62999490560,"availableSwapBytes":57573109759},{"timestamp":"2021-03-02T20:46:00Z","physicalMemoryBytes":43902984192,"availableMemoryBytes":29363888187,"percentageMemoryUsage":33.1164,"totalSwapBytes":62999490560,"availableSwapBytes":57573109759},{"timestamp":"2021-03-02T20:42:30Z","physicalMemoryBytes":43902984192,"availableMemoryBytes":29369171554,"percentageMemoryUsage":33.1044,"totalSwapBytes":62999490560,"availableSwapBytes":57573109759},{"timestamp":"2021-03-02T20:38:30Z","physicalMemoryBytes":43902984192,"availableMemoryBytes":29370171130,"percentageMemoryUsage":33.1021,"totalSwapBytes":62999490560,"availableSwapBytes":57573109759},{"timestamp":"2021-03-02T20:34:30Z","physicalMemoryBytes":43902984192,"availableMemoryBytes":29369798592,"percentageMemoryUsage":33.103,"totalSwapBytes":62999490560,"availableSwapBytes":57573109759},{"timestamp":"2021-03-02T20:31:00Z","physicalMemoryBytes":43902984192,"availableMemoryBytes":29376705033,"percentageMemoryUsage":33.0872,"totalSwapBytes":62999490560,"availableSwapBytes":57573109759},{"timestamp":"2021-03-02T20:27:30Z","physicalMemoryBytes":43902984192,"availableMemoryBytes":29371761780,"percentageMemoryUsage":33.0985,"totalSwapBytes":62999490560,"availableSwapBytes":57573109759},{"timestamp":"2021-03-02T20:23:30Z","physicalMemoryBytes":43902984192,"availableMemoryBytes":29375483096,"percentageMemoryUsage":33.09,"totalSwapBytes":62999490560,"availableSwapBytes":57573109759},{"timestamp":"2021-03-02T20:19:30Z","physicalMemoryBytes":43902984192,"availableMemoryBytes":29370565880,"percentageMemoryUsage":33.1012,"totalSwapBytes":62999490560,"availableSwapBytes":57573109759},{"timestamp":"2021-03-02T20:15:30Z","physicalMemoryBytes":43902984192,"availableMemoryBytes":29371948143,"percentageMemoryUsage":33.0981,"totalSwapBytes":62999490560,"availableSwapBytes":57573109759},{"timestamp":"2021-03-02T20:12:00Z","physicalMemoryBytes":43902984192,"availableMemoryBytes":29370187164,"percentageMemoryUsage":33.1021,"totalSwapBytes":62999490560,"availableSwapBytes":57573109759},{"timestamp":"2021-03-02T20:08:30Z","physicalMemoryBytes":43902984192,"availableMemoryBytes":29370793416,"percentageMemoryUsage":33.1007,"totalSwapBytes":62999490560,"availableSwapBytes":57573109759},{"timestamp":"2021-03-02T20:04:30Z","physicalMemoryBytes":43902984192,"availableMemoryBytes":29367884167,"percentageMemoryUsage":33.1073,"totalSwapBytes":62999490560,"availableSwapBytes":57573109759},{"timestamp":"2021-03-02T20:00:30Z","physicalMemoryBytes":43902984192,"availableMemoryBytes":29373316844,"percentageMemoryUsage":33.0949,"totalSwapBytes":62999490560,"availableSwapBytes":57573109759},{"timestamp":"2021-03-02T19:56:30Z","physicalMemoryBytes":43902984192,"availableMemoryBytes":29376218499,"percentageMemoryUsage":33.0883,"totalSwapBytes":62999490560,"availableSwapBytes":57573109759},{"timestamp":"2021-03-02T19:53:00Z","physicalMemoryBytes":43902984192,"availableMemoryBytes":29368217447,"percentageMemoryUsage":33.1066,"totalSwapBytes":62999490560,"availableSwapBytes":57573109759},{"timestamp":"2021-03-02T19:49:30Z","physicalMemoryBytes":43902984192,"availableMemoryBytes":29373055661,"percentageMemoryUsage":33.0955,"totalSwapBytes":62999490560,"availableSwapBytes":57573109759},{"timestamp":"2021-03-02T19:45:30Z","physicalMemoryBytes":43902984192,"availableMemoryBytes":29359538006,"percentageMemoryUsage":33.1263,"totalSwapBytes":62999490560,"availableSwapBytes":57573109759},{"timestamp":"2021-03-02T19:41:30Z","physicalMemoryBytes":43902984192,"availableMemoryBytes":29372320043,"percentageMemoryUsage":33.0972,"totalSwapBytes":62999490560,"availableSwapBytes":57573109759},{"timestamp":"2021-03-02T19:38:00Z","physicalMemoryBytes":43902984192,"availableMemoryBytes":29367461864,"percentageMemoryUsage":33.1083,"totalSwapBytes":62999490560,"availableSwapBytes":57573109759},{"timestamp":"2021-03-02T19:34:30Z","physicalMemoryBytes":43902984192,"availableMemoryBytes":29362764775,"percentageMemoryUsage":33.119,"totalSwapBytes":62999490560,"availableSwapBytes":57573109759},{"timestamp":"2021-03-02T19:30:30Z","physicalMemoryBytes":43902984192,"availableMemoryBytes":29369280947,"percentageMemoryUsage":33.1041,"totalSwapBytes":62999490560,"availableSwapBytes":57573109759},{"timestamp":"2021-03-02T19:26:30Z","physicalMemoryBytes":43902984192,"availableMemoryBytes":29376053533,"percentageMemoryUsage":33.0887,"totalSwapBytes":62999490560,"availableSwapBytes":57573109759},{"timestamp":"2021-03-02T19:22:30Z","physicalMemoryBytes":43902984192,"availableMemoryBytes":29366685526,"percentageMemoryUsage":33.11,"totalSwapBytes":62999490560,"availableSwapBytes":57573109759},{"timestamp":"2021-03-02T19:19:00Z","physicalMemoryBytes":43902984192,"availableMemoryBytes":29374722586,"percentageMemoryUsage":33.0917,"totalSwapBytes":62999490560,"availableSwapBytes":57573109759},{"timestamp":"2021-03-02T19:15:30Z","physicalMemoryBytes":43902984192,"availableMemoryBytes":29363974747,"percentageMemoryUsage":33.1162,"totalSwapBytes":62999490560,"availableSwapBytes":57573109759},{"timestamp":"2021-03-02T19:11:30Z","physicalMemoryBytes":43902984192,"availableMemoryBytes":29378042423,"percentageMemoryUsage":33.0842,"totalSwapBytes":62999490560,"availableSwapBytes":57573109759},{"timestamp":"2021-03-02T19:07:30Z","physicalMemoryBytes":43902984192,"availableMemoryBytes":29377574834,"percentageMemoryUsage":33.0852,"totalSwapBytes":62999490560,"availableSwapBytes":57573109759},{"timestamp":"2021-03-02T19:03:30Z","physicalMemoryBytes":43902984192,"availableMemoryBytes":29369595057,"percentageMemoryUsage":33.1034,"totalSwapBytes":62999490560,"availableSwapBytes":57573109759},{"timestamp":"2021-03-02T19:00:00Z","physicalMemoryBytes":43902984192,"availableMemoryBytes":29367625699,"percentageMemoryUsage":33.1079,"totalSwapBytes":62999490560,"availableSwapBytes":57573109759},{"timestamp":"2021-03-02T18:56:30Z","physicalMemoryBytes":43902984192,"availableMemoryBytes":29363948298,"percentageMemoryUsage":33.1163,"totalSwapBytes":62999490560,"availableSwapBytes":57573109759},{"timestamp":"2021-03-02T18:52:30Z","physicalMemoryBytes":43902984192,"availableMemoryBytes":29373807412,"percentageMemoryUsage":33.0938,"totalSwapBytes":62999490560,"availableSwapBytes":57573109759},{"timestamp":"2021-03-02T18:48:30Z","physicalMemoryBytes":43902984192,"availableMemoryBytes":29377353263,"percentageMemoryUsage":33.0857,"totalSwapBytes":62999490560,"availableSwapBytes":57573109759},{"timestamp":"2021-03-02T18:45:00Z","physicalMemoryBytes":43902984192,"availableMemoryBytes":29374168307,"percentageMemoryUsage":33.093,"totalSwapBytes":62999490560,"availableSwapBytes":57573109759},{"timestamp":"2021-03-02T18:41:30Z","physicalMemoryBytes":43902984192,"availableMemoryBytes":29370084177,"percentageMemoryUsage":33.1023,"totalSwapBytes":62999490560,"availableSwapBytes":57573109759},{"timestamp":"2021-03-02T18:37:30Z","physicalMemoryBytes":43902984192,"availableMemoryBytes":29370624763,"percentageMemoryUsage":33.1011,"totalSwapBytes":62999490560,"availableSwapBytes":57573109759},{"timestamp":"2021-03-02T18:33:30Z","physicalMemoryBytes":43902984192,"availableMemoryBytes":29372027740,"percentageMemoryUsage":33.0979,"totalSwapBytes":62999490560,"availableSwapBytes":57573109759},{"timestamp":"2021-03-02T18:29:30Z","physicalMemoryBytes":43902984192,"availableMemoryBytes":29368601338,"percentageMemoryUsage":33.1057,"totalSwapBytes":62999490560,"availableSwapBytes":57573109759},{"timestamp":"2021-03-02T18:26:00Z","physicalMemoryBytes":43902984192,"availableMemoryBytes":29377734615,"percentageMemoryUsage":33.0849,"totalSwapBytes":62999490560,"availableSwapBytes":57573109759},{"timestamp":"2021-03-02T18:23:00Z","physicalMemoryBytes":32927238144,"availableMemoryBytes":22033495458,"percentageMemoryUsage":24.8132,"totalSwapBytes":47249617920,"availableSwapBytes":43179832319},{"timestamp":"2021-03-02T18:19:30Z","physicalMemoryBytes":43902984192,"availableMemoryBytes":29377914226,"percentageMemoryUsage":33.0845,"totalSwapBytes":62999490560,"availableSwapBytes":57573109759},{"timestamp":"2021-03-02T18:15:30Z","physicalMemoryBytes":43902984192,"availableMemoryBytes":29366428540,"percentageMemoryUsage":33.1106,"totalSwapBytes":62999490560,"availableSwapBytes":57573109759},{"timestamp":"2021-03-02T18:12:00Z","physicalMemoryBytes":43902984192,"availableMemoryBytes":29377051764,"percentageMemoryUsage":33.0864,"totalSwapBytes":62999490560,"availableSwapBytes":57573109716},{"timestamp":"2021-03-02T18:08:30Z","physicalMemoryBytes":43902984192,"availableMemoryBytes":29378066862,"percentageMemoryUsage":33.0841,"totalSwapBytes":62999490560,"availableSwapBytes":57572973258},{"timestamp":"2021-03-02T18:04:30Z","physicalMemoryBytes":43902984192,"availableMemoryBytes":29376618394,"percentageMemoryUsage":33.0874,"totalSwapBytes":62999490560,"availableSwapBytes":57572847615},{"timestamp":"2021-03-02T18:00:30Z","physicalMemoryBytes":43902984192,"availableMemoryBytes":29373963626,"percentageMemoryUsage":33.0935,"totalSwapBytes":62999490560,"availableSwapBytes":57572847615},{"timestamp":"2021-03-02T17:56:30Z","physicalMemoryBytes":43902984192,"availableMemoryBytes":29372540403,"percentageMemoryUsage":33.0967,"totalSwapBytes":62999490560,"availableSwapBytes":57572847615},{"timestamp":"2021-03-02T17:53:00Z","physicalMemoryBytes":43902984192,"availableMemoryBytes":29371499464,"percentageMemoryUsage":33.0991,"totalSwapBytes":62999490560,"availableSwapBytes":57572847615},{"timestamp":"2021-03-02T17:49:30Z","physicalMemoryBytes":43902984192,"availableMemoryBytes":29377496825,"percentageMemoryUsage":33.0854,"totalSwapBytes":62999490560,"availableSwapBytes":57572847615},{"timestamp":"2021-03-02T17:45:30Z","physicalMemoryBytes":43902984192,"availableMemoryBytes":29381235345,"percentageMemoryUsage":33.0769,"totalSwapBytes":62999490560,"availableSwapBytes":57572847615},{"timestamp":"2021-03-02T17:41:30Z","physicalMemoryBytes":43902984192,"availableMemoryBytes":29368480186,"percentageMemoryUsage":33.106,"totalSwapBytes":62999490560,"availableSwapBytes":57572847195},{"timestamp":"2021-03-02T17:37:30Z","physicalMemoryBytes":43902984192,"availableMemoryBytes":29377950328,"percentageMemoryUsage":33.0844,"totalSwapBytes":62999490560,"availableSwapBytes":57572645966},{"timestamp":"2021-03-02T17:34:00Z","physicalMemoryBytes":43902984192,"availableMemoryBytes":29375651653,"percentageMemoryUsage":33.0896,"totalSwapBytes":62999490560,"availableSwapBytes":57572585471},{"timestamp":"2021-03-02T17:30:30Z","physicalMemoryBytes":43902984192,"availableMemoryBytes":29370602143,"percentageMemoryUsage":33.1011,"totalSwapBytes":62999490560,"availableSwapBytes":57572585471},{"timestamp":"2021-03-02T17:26:30Z","physicalMemoryBytes":43902984192,"availableMemoryBytes":29381918111,"percentageMemoryUsage":33.0754,"totalSwapBytes":62999490560,"availableSwapBytes":57572585471},{"timestamp":"2021-03-02T17:22:30Z","physicalMemoryBytes":43902984192,"availableMemoryBytes":29380334911,"percentageMemoryUsage":33.079,"totalSwapBytes":62999490560,"availableSwapBytes":57572585051},{"timestamp":"2021-03-02T17:19:00Z","physicalMemoryBytes":43902984192,"availableMemoryBytes":29377745660,"percentageMemoryUsage":33.0849,"totalSwapBytes":62999490560,"availableSwapBytes":57572403987},{"timestamp":"2021-03-02T17:15:30Z","physicalMemoryBytes":43902984192,"availableMemoryBytes":29377285150,"percentageMemoryUsage":33.0859,"totalSwapBytes":62999490560,"availableSwapBytes":57572323327},{"timestamp":"2021-03-02T17:11:30Z","physicalMemoryBytes":43902984192,"availableMemoryBytes":29366875886,"percentageMemoryUsage":33.1096,"totalSwapBytes":62999490560,"availableSwapBytes":57572323327},{"timestamp":"2021-03-02T17:07:30Z","physicalMemoryBytes":43902984192,"availableMemoryBytes":29365677582,"percentageMemoryUsage":33.1123,"totalSwapBytes":62999490560,"availableSwapBytes":57572323327},{"timestamp":"2021-03-02T17:03:30Z","physicalMemoryBytes":43902984192,"availableMemoryBytes":29363265555,"percentageMemoryUsage":33.1178,"totalSwapBytes":62999490560,"availableSwapBytes":57572323327},{"timestamp":"2021-03-02T17:00:00Z","physicalMemoryBytes":43902984192,"availableMemoryBytes":29355925883,"percentageMemoryUsage":33.1346,"totalSwapBytes":62999490560,"availableSwapBytes":57572323327},{"timestamp":"2021-03-02T16:56:30Z","physicalMemoryBytes":43902984192,"availableMemoryBytes":29381676268,"percentageMemoryUsage":33.0759,"totalSwapBytes":62999490560,"availableSwapBytes":57572323327},{"timestamp":"2021-03-02T16:52:30Z","physicalMemoryBytes":43902984192,"availableMemoryBytes":29385700299,"percentageMemoryUsage":33.0667,"totalSwapBytes":62999490560,"availableSwapBytes":57572323327},{"timestamp":"2021-03-02T16:48:30Z","physicalMemoryBytes":43902984192,"availableMemoryBytes":29381688180,"percentageMemoryUsage":33.0759,"totalSwapBytes":62999490560,"availableSwapBytes":57572323327},{"timestamp":"2021-03-02T16:44:30Z","physicalMemoryBytes":43902984192,"availableMemoryBytes":29372503833,"percentageMemoryUsage":33.0968,"totalSwapBytes":62999490560,"availableSwapBytes":57572323327},{"timestamp":"2021-03-02T16:41:00Z","physicalMemoryBytes":43902984192,"availableMemoryBytes":29375036393,"percentageMemoryUsage":33.091,"totalSwapBytes":62999490560,"availableSwapBytes":57572323327},{"timestamp":"2021-03-02T16:37:30Z","physicalMemoryBytes":43902984192,"availableMemoryBytes":29382601444,"percentageMemoryUsage":33.0738,"totalSwapBytes":62999490560,"availableSwapBytes":57572323327},{"timestamp":"2021-03-02T16:33:30Z","physicalMemoryBytes":43902984192,"availableMemoryBytes":29383428050,"percentageMemoryUsage":33.0719,"totalSwapBytes":62999490560,"availableSwapBytes":57572323327},{"timestamp":"2021-03-02T16:29:30Z","physicalMemoryBytes":43902984192,"availableMemoryBytes":29381578577,"percentageMemoryUsage":33.0761,"totalSwapBytes":62999490560,"availableSwapBytes":57572322907},{"timestamp":"2021-03-02T16:26:00Z","physicalMemoryBytes":43902984192,"availableMemoryBytes":29373428850,"percentageMemoryUsage":33.0947,"totalSwapBytes":62999490560,"availableSwapBytes":57572141843},{"timestamp":"2021-03-02T16:22:30Z","physicalMemoryBytes":43902984192,"availableMemoryBytes":29380044494,"percentageMemoryUsage":33.0796,"totalSwapBytes":62999490560,"availableSwapBytes":57572061183},{"timestamp":"2021-03-02T16:18:30Z","physicalMemoryBytes":43902984192,"availableMemoryBytes":29377313814,"percentageMemoryUsage":33.0858,"totalSwapBytes":62999490560,"availableSwapBytes":57572061183},{"timestamp":"2021-03-02T16:14:30Z","physicalMemoryBytes":43902984192,"availableMemoryBytes":29380167604,"percentageMemoryUsage":33.0793,"totalSwapBytes":62999490560,"availableSwapBytes":57572061183},{"timestamp":"2021-03-02T16:10:30Z","physicalMemoryBytes":43902984192,"availableMemoryBytes":29373139298,"percentageMemoryUsage":33.0953,"totalSwapBytes":62999490560,"availableSwapBytes":57572061183},{"timestamp":"2021-03-02T16:07:00Z","physicalMemoryBytes":43902984192,"availableMemoryBytes":29373869998,"percentageMemoryUsage":33.0937,"totalSwapBytes":62999490560,"availableSwapBytes":57572061183},{"timestamp":"2021-03-02T16:03:30Z","physicalMemoryBytes":43902984192,"availableMemoryBytes":29375571067,"percentageMemoryUsage":33.0898,"totalSwapBytes":62999490560,"availableSwapBytes":57572061183},{"timestamp":"2021-03-02T15:59:30Z","physicalMemoryBytes":43902984192,"availableMemoryBytes":29373004862,"percentageMemoryUsage":33.0957,"totalSwapBytes":62999490560,"availableSwapBytes":57572061183},{"timestamp":"2021-03-02T15:55:30Z","physicalMemoryBytes":43902984192,"availableMemoryBytes":29373671600,"percentageMemoryUsage":33.0941,"totalSwapBytes":62999490560,"availableSwapBytes":57572061153},{"timestamp":"2021-03-02T15:52:00Z","physicalMemoryBytes":43902984192,"availableMemoryBytes":29377185018,"percentageMemoryUsage":33.0861,"totalSwapBytes":62999490560,"availableSwapBytes":57571973842},{"timestamp":"2021-03-02T15:48:30Z","physicalMemoryBytes":43902984192,"availableMemoryBytes":29369933158,"percentageMemoryUsage":33.1026,"totalSwapBytes":62999490560,"availableSwapBytes":57571799039},{"timestamp":"2021-03-02T15:44:30Z","physicalMemoryBytes":43902984192,"availableMemoryBytes":29374632231,"percentageMemoryUsage":33.0919,"totalSwapBytes":62999490560,"availableSwapBytes":57571799039},{"timestamp":"2021-03-02T15:40:30Z","physicalMemoryBytes":43902984192,"availableMemoryBytes":29368849825,"percentageMemoryUsage":33.1051,"totalSwapBytes":62999490560,"availableSwapBytes":57571799039},{"timestamp":"2021-03-02T15:36:30Z","physicalMemoryBytes":43902984192,"availableMemoryBytes":29376779583,"percentageMemoryUsage":33.0871,"totalSwapBytes":62999490560,"availableSwapBytes":57571799039},{"timestamp":"2021-03-02T15:33:00Z","physicalMemoryBytes":43902984192,"availableMemoryBytes":29376048154,"percentageMemoryUsage":33.0887,"totalSwapBytes":62999490560,"availableSwapBytes":57571799039},{"timestamp":"2021-03-02T15:29:30Z","physicalMemoryBytes":43902984192,"availableMemoryBytes":29374798334,"percentageMemoryUsage":33.0916,"totalSwapBytes":62999490560,"availableSwapBytes":57571799039},{"timestamp":"2021-03-02T15:25:30Z","physicalMemoryBytes":43902984192,"availableMemoryBytes":29372403288,"percentageMemoryUsage":33.097,"totalSwapBytes":62999490560,"availableSwapBytes":57571799039},{"timestamp":"2021-03-02T15:21:30Z","physicalMemoryBytes":43902984192,"availableMemoryBytes":29383012257,"percentageMemoryUsage":33.0729,"totalSwapBytes":62999490560,"availableSwapBytes":57571799039},{"timestamp":"2021-03-02T15:17:30Z","physicalMemoryBytes":43902984192,"availableMemoryBytes":29382935300,"percentageMemoryUsage":33.073,"totalSwapBytes":62999490560,"availableSwapBytes":57571799039},{"timestamp":"2021-03-02T15:14:00Z","physicalMemoryBytes":43902984192,"availableMemoryBytes":29380554635,"percentageMemoryUsage":33.0785,"totalSwapBytes":62999490560,"availableSwapBytes":57571799039},{"timestamp":"2021-03-02T15:10:30Z","physicalMemoryBytes":43902984192,"availableMemoryBytes":29385581568,"percentageMemoryUsage":33.067,"totalSwapBytes":62999490560,"availableSwapBytes":57571799039},{"timestamp":"2021-03-02T15:06:30Z","physicalMemoryBytes":43902984192,"availableMemoryBytes":29377749976,"percentageMemoryUsage":33.0848,"totalSwapBytes":62999490560,"availableSwapBytes":57571799007},{"timestamp":"2021-03-02T15:02:30Z","physicalMemoryBytes":43902984192,"availableMemoryBytes":29381492350,"percentageMemoryUsage":33.0763,"totalSwapBytes":62999490560,"availableSwapBytes":57571662538},{"timestamp":"2021-03-02T14:59:00Z","physicalMemoryBytes":43902984192,"availableMemoryBytes":29375107760,"percentageMemoryUsage":33.0909,"totalSwapBytes":62999490560,"availableSwapBytes":57571536895},{"timestamp":"2021-03-02T14:55:30Z","physicalMemoryBytes":43902984192,"availableMemoryBytes":29371196563,"percentageMemoryUsage":33.0998,"totalSwapBytes":62999490560,"availableSwapBytes":57571536895},{"timestamp":"2021-03-02T14:51:30Z","physicalMemoryBytes":43902984192,"availableMemoryBytes":29379792566,"percentageMemoryUsage":33.0802,"totalSwapBytes":62999490560,"availableSwapBytes":57571536895},{"timestamp":"2021-03-02T14:47:30Z","physicalMemoryBytes":43902984192,"availableMemoryBytes":29385434094,"percentageMemoryUsage":33.0673,"totalSwapBytes":62999490560,"availableSwapBytes":57571536895},{"timestamp":"2021-03-02T14:43:30Z","physicalMemoryBytes":43902984192,"availableMemoryBytes":29385098050,"percentageMemoryUsage":33.0681,"totalSwapBytes":62999490560,"availableSwapBytes":57571536895},{"timestamp":"2021-03-02T14:40:00Z","physicalMemoryBytes":43902984192,"availableMemoryBytes":29380227705,"percentageMemoryUsage":33.0792,"totalSwapBytes":62999490560,"availableSwapBytes":57571536895},{"timestamp":"2021-03-02T14:36:30Z","physicalMemoryBytes":43902984192,"availableMemoryBytes":29374737095,"percentageMemoryUsage":33.0917,"totalSwapBytes":62999490560,"availableSwapBytes":57571536895},{"timestamp":"2021-03-02T14:32:30Z","physicalMemoryBytes":43902984192,"availableMemoryBytes":29376440614,"percentageMemoryUsage":33.0878,"totalSwapBytes":62999490560,"availableSwapBytes":57571536895},{"timestamp":"2021-03-02T14:28:30Z","physicalMemoryBytes":43902984192,"availableMemoryBytes":29380517004,"percentageMemoryUsage":33.0785,"totalSwapBytes":62999490560,"availableSwapBytes":57571536895},{"timestamp":"2021-03-02T14:25:00Z","physicalMemoryBytes":43902984192,"availableMemoryBytes":29379003547,"percentageMemoryUsage":33.082,"totalSwapBytes":62999490560,"availableSwapBytes":57571536895}],"numMembers":365}
