{"members":[{"timestamp":"2021-03-06T15:00:00Z","physicalMemoryBytes":24879775744,"availableMemoryBytes":15141031658,"percentageMemoryUsage":39.1432,"totalSwapBytes":63998783488,"availableSwapBytes":63190502156},{"timestamp":"2021-03-05T14:30:00Z","physicalMemoryBytes":24879775744,"availableMemoryBytes":15129003884,"percentageMemoryUsage":39.1916,"totalSwapBytes":63998783488,"availableSwapBytes":63224184248},{"timestamp":"2021-03-04T14:30:00Z","physicalMemoryBytes":24879775744,"availableMemoryBytes":15135695637,"percentageMemoryUsage":39.1647,"totalSwapBytes":63998783488,"availableSwapBytes":63250863329},{"timestamp":"2021-03-03T14:30:00Z","physicalMemoryBytes":24879775744,"availableMemoryBytes":15157909422,"percentageMemoryUsage":39.0754,"totalSwapBytes":63998783488,"availableSwapBytes":63248336155},{"timestamp":"2021-03-02T14:30:00Z","physicalMemoryBytes":24879775744,"availableMemoryBytes":15155547370,"percentageMemoryUsage":39.0849,"totalSwapBytes":63998783488,"availableSwapBytes":63253380856},{"timestamp":"2021-03-01T14:30:00Z","physicalMemoryBytes":24879775744,"availableMemoryBytes":15115256786,"percentageMemoryUsage":39.2468,"totalSwapBytes":63998783488,"availableSwapBytes":63302378785},{"timestamp":"2021-02-28T14:30:00Z","physicalMemoryBytes":24879775744,"availableMemoryBytes":15133819810,"percentageMemoryUsage":39.1722,"totalSwapBytes":63998783488,"availableSwapBytes":63349486533},{"timestamp":"2021-02-27T14:30:00Z","physicalMemoryBytes":24879775744,"availableMemoryBytes":15123927500,"percentageMemoryUsage":39.212,"totalSwapBytes":63998783488,"availableSwapBytes":63385349071},{"timestamp":"2021-02-26T14:30:00Z","physicalMemoryBytes":24879775744,"availableMemoryBytes":15099925483,"percentageMemoryUsage":39.3084,"totalSwapBytes":63998783488,"availableSwapBytes":63423569438},{"timestamp":"2021-02-25T14:30:00Z","physicalMemoryBytes":24879775744,"availableMemoryBytes":15101572271,"percentageMemoryUsage":39.3018,"totalSwapBytes":63998783488,"availableSwapBytes":63464531233},{"timestamp":"2021-02-24T14:30:00Z","physicalMemoryBytes":24879775744,"availableMemoryBytes":15072670186,"percentageMemoryUsage":39.418,"totalSwapBytes":63998783488,"availableSwapBytes":63512659588},{"timestamp":"2021-02-23T14:30:00Z","physicalMemoryBytes":24879775744,"availableMemoryBytes":15036926725,"percentageMemoryUsage":39.5616,"totalSwapBytes":63998783488,"availableSwapBytes":63563894579},{"timestamp":"2021-02-22T14:30:00Z","physicalMemoryBytes":24879775744,"availableMemoryBytes":14946734005,"percentageMemoryUsage":39.9242,"totalSwapBytes":63998783488,"availableSwapBytes":63647567500},{"timestamp":"2021-02-21T14:30:00Z","physicalMemoryBytes":24879775744,"availableMemoryBytes":14958662702,"percentageMemoryUsage":39.8762,"totalSwapBytes":63998783488,"availableSwapBytes":63711201523},{"timestamp":"2021-02-20T14:30:00Z","physicalMemoryBytes":24879775744,"availableMemoryBytes":14916804329,"percentageMemoryUsage":40.0445,"totalSwapBytes":63998783488,"availableSwapBytes":63761411814},{"timestamp":"2021-02-19T14:30:00Z","physicalMemoryBytes":24879775744,"availableMemoryBytes":14898661187,"percentageMemoryUsage":40.1174,"totalSwapBytes":63998783488,"availableSwapBytes":63799108605},{"timestamp":"2021-02-18T14:30:00Z","physicalMemoryBytes":24879775744,"availableMemoryBytes":14910395949,"percentageMemoryUsage":40.0702,"totalSwapBytes":63998783488,"availableSwapBytes":63817251319},{"timestamp":"2021-02-17T14:32:30Z","physicalMemoryBytes":23843118421,"availableMemoryBytes":14229910773,"percentageMemoryUsage":38.6386,"totalSwapBytes":61332167509,"availableSwapBytes":61175132699},{"timestamp":"2021-02-16T15:30:00Z","physicalMemoryBytes":24879775744,"availableMemoryBytes":14602062238,"percentageMemoryUsage":41.3095,"totalSwapBytes":63998783488,"availableSwapBytes":63845361145},{"timestamp":"2021-02-15T15:30:00Z","physicalMemoryBytes":24879775744,"availableMemoryBytes":14559456418,"percentageMemoryUsage":41.4808,"totalSwapBytes":63998783488,"availableSwapBytes":63898602391},{"timestamp":"2021-02-14T15:30:00Z","physicalMemoryBytes":24879775744,"availableMemoryBytes":14604969989,"percentageMemoryUsage":41.2978,"totalSwapBytes":63998783488,"availableSwapBytes":63962582577},{"timestamp":"2021-02-13T15:30:00Z","physicalMemoryBytes":24879775744,"availableMemoryBytes":14521791778,"percentageMemoryUsage":41.6321,"totalSwapBytes":63998783488,"availableSwapBytes":63981785353},{"timestamp":"2021-02-12T15:30:00Z","physicalMemoryBytes":24879775744,"availableMemoryBytes":14524320645,"percentageMemoryUsage":41.622,"totalSwapBytes":63998783488,"availableSwapBytes":63985324055},{"timestamp":"2021-02-11T15:30:00Z","physicalMemoryBytes":24879775744,"availableMemoryBytes":14662374388,"percentageMemoryUsage":41.0671,"totalSwapBytes":63998783488,"availableSwapBytes":63990906564},{"timestamp":"2021-02-10T15:30:00Z","physicalMemoryBytes":24879775744,"availableMemoryBytes":14860730094,"percentageMemoryUsage":40.2698,"totalSwapBytes":63998783488,"availableSwapBytes":63990194272},{"timestamp":"2021-02-09T14:40:00Z","physicalMemoryBytes":24879775744,"availableMemoryBytes":15675166009,"percentageMemoryUsage":36.9964,"totalSwapBytes":63998783488,"availableSwapBytes":62400799379},{"timestamp":"2021-02-08T14:30:00Z","physicalMemoryBytes":24879775744,"availableMemoryBytes":15697349592,"percentageMemoryUsage":36.9072,"totalSwapBytes":63998783488,"availableSwapBytes":62104415720},{"timestamp":"2021-02-07T14:30:00Z","physicalMemoryBytes":24879775744,"availableMemoryBytes":15732527643,"percentageMemoryUsage":36.7658,"totalSwapBytes":63998783488,"availableSwapBytes":62119780706},{"timestamp":"2021-02-06T14:30:00Z","physicalMemoryBytes":24879775744,"availableMemoryBytes":15709111179,"percentageMemoryUsage":36.8599,"totalSwapBytes":63998783488,"availableSwapBytes":62150557764},{"timestamp":"2021-02-05T14:30:00Z","physicalMemoryBytes":24879775744,"availableMemoryBytes":15697830694,"percentageMemoryUsage":36.9053,"totalSwapBytes":63998783488,"availableSwapBytes":62183153971},{"timestamp":"2021-02-04T14:30:00Z","physicalMemoryBytes":24879775744,"availableMemoryBytes":15692098188,"percentageMemoryUsage":36.9283,"totalSwapBytes":63998783488,"availableSwapBytes":62218940247},{"timestamp":"2021-02-03T14:30:00Z","physicalMemoryBytes":24879775744,"availableMemoryBytes":15668344460,"percentageMemoryUsage":37.0238,"totalSwapBytes":63998783488,"availableSwapBytes":62258372597},{"timestamp":"2021-02-02T14:30:00Z","physicalMemoryBytes":24879775744,"availableMemoryBytes":15518281987,"percentageMemoryUsage":37.6269,"totalSwapBytes":63998783488,"availableSwapBytes":62302302105},{"timestamp":"2021-02-01T14:30:00Z","physicalMemoryBytes":24879775744,"availableMemoryBytes":15579777245,"percentageMemoryUsage":37.3798,"totalSwapBytes":63998783488,"availableSwapBytes":62366162479},{"timestamp":"2021-01-31T14:30:00Z","physicalMemoryBytes":24879775744,"availableMemoryBytes":15564127633,"percentageMemoryUsage":37.4427,"totalSwapBytes":63998783488,"availableSwapBytes":62416779642},{"timestamp":"2021-01-30T14:30:00Z","physicalMemoryBytes":24879775744,"availableMemoryBytes":15546979188,"percentageMemoryUsage":37.5116,"totalSwapBytes":63998783488,"availableSwapBytes":62451237033},{"timestamp":"2021-01-29T14:30:00Z","physicalMemoryBytes":24879775744,"availableMemoryBytes":15540985479,"percentageMemoryUsage":37.5357,"totalSwapBytes":63998783488,"availableSwapBytes":62485688700},{"timestamp":"2021-01-28T14:30:00Z","physicalMemoryBytes":24879775744,"availableMemoryBytes":15531046587,"percentageMemoryUsage":37.5756,"totalSwapBytes":63998783488,"availableSwapBytes":62520378837},{"timestamp":"2021-01-27T14:30:00Z","physicalMemoryBytes":24879775744,"availableMemoryBytes":15506931515,"percentageMemoryUsage":37.6725,"totalSwapBytes":63998783488,"availableSwapBytes":62557300030},{"timestamp":"2021-01-26T14:30:00Z","physicalMemoryBytes":24879775744,"availableMemoryBytes":15463152064,"percentageMemoryUsage":37.8485,"totalSwapBytes":63998783488,"availableSwapBytes":62612554999},{"timestamp":"2021-01-25T14:30:00Z","physicalMemoryBytes":24879775744,"availableMemoryBytes":15395549932,"percentageMemoryUsage":38.1202,"totalSwapBytes":63998783488,"availableSwapBytes":62709900748},{"timestamp":"2021-01-24T14:30:00Z","physicalMemoryBytes":24879775744,"availableMemoryBytes":15412952377,"percentageMemoryUsage":38.0503,"totalSwapBytes":63998783488,"availableSwapBytes":62730696880},{"timestamp":"2021-01-23T14:30:00Z","physicalMemoryBytes":24879775744,"availableMemoryBytes":15367286656,"percentageMemoryUsage":38.2338,"totalSwapBytes":63998783488,"availableSwapBytes":62770991412},{"timestamp":"2021-01-22T14:30:00Z","physicalMemoryBytes":24879775744,"availableMemoryBytes":15366071035,"percentageMemoryUsage":38.2387,"totalSwapBytes":63998783488,"availableSwapBytes":62806304760},{"timestamp":"2021-01-21T14:30:00Z","physicalMemoryBytes":24879775744,"availableMemoryBytes":15322001684,"percentageMemoryUsage":38.4158,"totalSwapBytes":63998783488,"availableSwapBytes":62855626855},{"timestamp":"2021-01-20T14:30:00Z","physicalMemoryBytes":24879775744,"availableMemoryBytes":15265887600,"percentageMemoryUsage":38.6414,"totalSwapBytes":63998783488,"availableSwapBytes":62955036174},{"timestamp":"2021-01-19T14:30:00Z","physicalMemoryBytes":24879775744,"availableMemoryBytes":15229866852,"percentageMemoryUsage":38.7862,"totalSwapBytes":63998783488,"availableSwapBytes":62999912746},{"timestamp":"2021-01-18T14:30:00Z","physicalMemoryBytes":24879775744,"availableMemoryBytes":15236495241,"percentageMemoryUsage":38.7595,"totalSwapBytes":63998783488,"availableSwapBytes":63037145240},{"timestamp":"2021-01-17T14:30:00Z","physicalMemoryBytes":24879775744,"availableMemoryBytes":15259060182,"percentageMemoryUsage":38.6688,"totalSwapBytes":63998783488,"availableSwapBytes":63035967412},{"timestamp":"2021-01-16T14:30:00Z","physicalMemoryBytes":24879775744,"availableMemoryBytes":15305769841,"percentageMemoryUsage":38.4811,"totalSwapBytes":63998783488,"availableSwapBytes":63034580567},{"timestamp":"2021-01-15T14:30:00Z","physicalMemoryBytes":24879775744,"availableMemoryBytes":15308685414,"percentageMemoryUsage":38.4694,"totalSwapBytes":63998783488,"availableSwapBytes":63037624799},{"timestamp":"2021-01-14T14:30:00Z","physicalMemoryBytes":24879775744,"availableMemoryBytes":15273033304,"percentageMemoryUsage":38.6127,"totalSwapBytes":63998783488,"availableSwapBytes":63078451716},{"timestamp":"2021-01-13T14:30:00Z","physicalMemoryBytes":24879775744,"availableMemoryBytes":15264444642,"percentageMemoryUsage":38.6472,"totalSwapBytes":63998783488,"availableSwapBytes":63118364557},{"timestamp":"2021-01-12T14:30:00Z","physicalMemoryBytes":24879775744,"availableMemoryBytes":15248512404,"percentageMemoryUsage":38.7112,"totalSwapBytes":63998783488,"availableSwapBytes":63159548908},{"timestamp":"2021-01-11T14:30:00Z","physicalMemoryBytes":24879775744,"availableMemoryBytes":15204532827,"percentageMemoryUsage":38.888,"totalSwapBytes":63998783488,"availableSwapBytes":63219316466},{"timestamp":"2021-01-10T14:30:00Z","physicalMemoryBytes":24879775744,"availableMemoryBytes":15217044302,"percentageMemoryUsage":38.8377,"totalSwapBytes":63998783488,"availableSwapBytes":63252962609},{"timestamp":"2021-01-09T14:30:00Z","physicalMemoryBytes":24879775744,"availableMemoryBytes":15214723462,"percentageMemoryUsage":38.847,"totalSwapBytes":63998783488,"availableSwapBytes":63257998958},{"timestamp":"2021-01-08T14:30:00Z","physicalMemoryBytes":24879775744,"availableMemoryBytes":15255176224,"percentageMemoryUsage":38.6844,"totalSwapBytes":63998783488,"availableSwapBytes":63258225844},{"timestamp":"2021-01-07T14:30:00Z","physicalMemoryBytes":24879775744,"availableMemoryBytes":15272014937,"percentageMemoryUsage":38.6168,"totalSwapBytes":63998783488,"availableSwapBytes":63275874159},{"timestamp":"2021-01-06T14:30:00Z","physicalMemoryBytes":24879775744,"availableMemoryBytes":15264397026,"percentageMemoryUsage":38.6474,"totalSwapBytes":63998783488,"availableSwapBytes":63308734359},{"timestamp":"2021-01-05T14:00:00Z","physicalMemoryBytes":24879775744,"availableMemoryBytes":15240204682,"percentageMemoryUsage":38.7446,"totalSwapBytes":63998783488,"availableSwapBytes":63348220666},{"timestamp":"2021-01-04T13:30:00Z","physicalMemoryBytes":24879775744,"availableMemoryBytes":15174743537,"percentageMemoryUsage":39.0077,"totalSwapBytes":63998783488,"availableSwapBytes":63426043206},{"timestamp":"2021-01-03T13:30:00Z","physicalMemoryBytes":24879775744,"availableMemoryBytes":15161002694,"percentageMemoryUsage":39.0629,"totalSwapBytes":63998783488,"availableSwapBytes":63486122929},{"timestamp":"2021-01-02T13:30:00Z","physicalMemoryBytes":24879775744,"availableMemoryBytes":15133907081,"percentageMemoryUsage":39.1719,"totalSwapBytes":63998783488,"availableSwapBytes":63537434985},{"timestamp":"2021-01-01T13:30:00Z","physicalMemoryBytes":24879775744,"availableMemoryBytes":15110096776,"percentageMemoryUsage":39.2676,"totalSwapBytes":63998783488,"availableSwapBytes":63583977108},{"timestamp":"2020-12-31T13:30:00Z","physicalMemoryBytes":24879775744,"availableMemoryBytes":15102933211,"percentageMemoryUsage":39.2963,"totalSwapBytes":63998783488,"availableSwapBytes":63626310651},{"timestamp":"2020-12-30T13:30:00Z","physicalMemoryBytes":24879775744,"availableMemoryBytes":15110141026,"percentageMemoryUsage":39.2674,"totalSwapBytes":63998783488,"availableSwapBytes":63664211208},{"timestamp":"2020-12-29T13:30:00Z","physicalMemoryBytes":24879775744,"availableMemoryBytes":15060128524,"percentageMemoryUsage":39.4684,"totalSwapBytes":63998783488,"availableSwapBytes":63719332923},{"timestamp":"2020-12-28T13:30:00Z","physicalMemoryBytes":24879775744,"availableMemoryBytes":15002341832,"percentageMemoryUsage":39.7007,"totalSwapBytes":63998783488,"availableSwapBytes":63795810380},{"timestamp":"2020-12-27T13:30:00Z","physicalMemoryBytes":24879775744,"availableMemoryBytes":14995625099,"percentageMemoryUsage":39.7277,"totalSwapBytes":63998783488,"availableSwapBytes":63830850248},{"timestamp":"2020-12-26T13:30:00Z","physicalMemoryBytes":24879775744,"availableMemoryBytes":14824851954,"percentageMemoryUsage":40.414,"totalSwapBytes":63998783488,"availableSwapBytes":63845056572},{"timestamp":"2020-12-25T13:30:00Z","physicalMemoryBytes":24879775744,"availableMemoryBytes":14761272535,"percentageMemoryUsage":40.6696,"totalSwapBytes":63998783488,"availableSwapBytes":63853652444},{"timestamp":"2020-12-24T13:30:00Z","physicalMemoryBytes":24879775744,"availableMemoryBytes":14699005601,"percentageMemoryUsage":40.9199,"totalSwapBytes":63998783488,"availableSwapBytes":63890715527},{"timestamp":"2020-12-23T13:30:00Z","physicalMemoryBytes":24879775744,"availableMemoryBytes":14602508260,"percentageMemoryUsage":41.3077,"totalSwapBytes":63998783488,"availableSwapBytes":63935801358},{"timestamp":"2020-12-22T13:30:00Z","physicalMemoryBytes":24879775744,"availableMemoryBytes":14623493527,"percentageMemoryUsage":41.2234,"totalSwapBytes":63998783488,"availableSwapBytes":63974743587},{"timestamp":"2020-12-21T13:57:30Z","physicalMemoryBytes":23843118421,"availableMemoryBytes":14112918692,"percentageMemoryUsage":39.1089,"totalSwapBytes":61332167509,"availableSwapBytes":61320827060},{"timestamp":"2020-12-20T14:30:00Z","physicalMemoryBytes":24879775744,"availableMemoryBytes":14927614255,"percentageMemoryUsage":40.001,"totalSwapBytes":63998783488,"availableSwapBytes":63996354307},{"timestamp":"2020-12-19T13:42:30Z","physicalMemoryBytes":24879775744,"availableMemoryBytes":14732652596,"percentageMemoryUsage":40.7846,"totalSwapBytes":63998783488,"availableSwapBytes":63859398323},{"timestamp":"2020-12-18T13:30:00Z","physicalMemoryBytes":24879775744,"availableMemoryBytes":14544562683,"percentageMemoryUsage":41.5406,"totalSwapBytes":63998783488,"availableSwapBytes":63840156300},{"timestamp":"2020-12-17T13:30:00Z","physicalMemoryBytes":24879775744,"availableMemoryBytes":14552404179,"percentageMemoryUsage":41.5091,"totalSwapBytes":63998783488,"availableSwapBytes":63854786040},{"timestamp":"2020-12-16T13:30:00Z","physicalMemoryBytes":24879775744,"availableMemoryBytes":14578976210,"percentageMemoryUsage":41.4023,"totalSwapBytes":63998783488,"availableSwapBytes":63860936972},{"timestamp":"2020-12-15T13:30:00Z","physicalMemoryBytes":24879775744,"availableMemoryBytes":14427956530,"percentageMemoryUsage":42.0093,"totalSwapBytes":63998783488,"availableSwapBytes":63878253123},{"timestamp":"2020-12-14T13:30:00Z","physicalMemoryBytes":24879775744,"availableMemoryBytes":14377919318,"percentageMemoryUsage":42.2104,"totalSwapBytes":63998783488,"availableSwapBytes":63937060575},{"timestamp":"2020-12-13T13:30:00Z","physicalMemoryBytes":24879775744,"availableMemoryBytes":14401455067,"percentageMemoryUsage":42.1158,"totalSwapBytes":63998783488,"availableSwapBytes":63978760176},{"timestamp":"2020-12-12T13:30:00Z","physicalMemoryBytes":24879775744,"availableMemoryBytes":14505109041,"percentageMemoryUsage":41.6992,"totalSwapBytes":63998783488,"availableSwapBytes":63986350879},{"timestamp":"2020-12-11T13:30:00Z","physicalMemoryBytes":24879775744,"availableMemoryBytes":14637050334,"percentageMemoryUsage":41.1689,"totalSwapBytes":63998783488,"availableSwapBytes":63993228117},{"timestamp":"2020-12-10T13:30:00Z","physicalMemoryBytes":24879775744,"availableMemoryBytes":14875131381,"percentageMemoryUsage":40.212,"totalSwapBytes":63998783488,"availableSwapBytes":63975679724},{"timestamp":"2020-12-09T13:30:00Z","physicalMemoryBytes":24879884970,"availableMemoryBytes":15436251591,"percentageMemoryUsage":37.9569,"totalSwapBytes":63998783488,"availableSwapBytes":62283404338},{"timestamp":"2020-12-08T13:30:00Z","physicalMemoryBytes":24879906816,"availableMemoryBytes":15431326935,"percentageMemoryUsage":37.9767,"totalSwapBytes":63998783488,"availableSwapBytes":61941968531},{"timestamp":"2020-12-07T13:30:00Z","physicalMemoryBytes":24879906816,"availableMemoryBytes":15448403909,"percentageMemoryUsage":37.9081,"totalSwapBytes":63998783488,"availableSwapBytes":61945057598},{"timestamp":"2020-12-06T13:30:00Z","physicalMemoryBytes":24879906816,"availableMemoryBytes":15476428807,"percentageMemoryUsage":37.7955,"totalSwapBytes":63998783488,"availableSwapBytes":61946296824},{"timestamp":"2020-12-05T13:30:00Z","physicalMemoryBytes":24879906816,"availableMemoryBytes":15489353094,"percentageMemoryUsage":37.7435,"totalSwapBytes":63998783488,"availableSwapBytes":61947663608},{"timestamp":"2020-12-04T13:30:00Z","physicalMemoryBytes":24879906816,"availableMemoryBytes":15508186878,"percentageMemoryUsage":37.6678,"totalSwapBytes":63998783488,"availableSwapBytes":61948457203},{"timestamp":"2020-12-03T13:30:00Z","physicalMemoryBytes":24879906816,"availableMemoryBytes":15525099092,"percentageMemoryUsage":37.5999,"totalSwapBytes":63998783488,"availableSwapBytes":61953094976},{"timestamp":"2020-12-02T13:30:00Z","physicalMemoryBytes":24879906816,"availableMemoryBytes":15519322415,"percentageMemoryUsage":37.6231,"totalSwapBytes":63998783488,"availableSwapBytes":61975319345},{"timestamp":"2020-12-01T13:30:00Z","physicalMemoryBytes":24879906816,"availableMemoryBytes":15545125099,"percentageMemoryUsage":37.5194,"totalSwapBytes":63998783488,"availableSwapBytes":61977718179},{"timestamp":"2020-11-30T13:30:00Z","physicalMemoryBytes":24879906816,"availableMemoryBytes":15531504075,"percentageMemoryUsage":37.5741,"totalSwapBytes":63998783488,"availableSwapBytes":61986098860},{"timestamp":"2020-11-29T13:30:00Z","physicalMemoryBytes":24879906816,"availableMemoryBytes":15566838384,"percentageMemoryUsage":37.4321,"totalSwapBytes":63998783488,"availableSwapBytes":61993223035},{"timestamp":"2020-11-28T13:30:00Z","physicalMemoryBytes":24879906816,"availableMemoryBytes":15585252117,"percentageMemoryUsage":37.3581,"totalSwapBytes":63998783488,"availableSwapBytes":61994731529},{"timestamp":"2020-11-27T13:30:00Z","physicalMemoryBytes":24879906816,"availableMemoryBytes":15599343160,"percentageMemoryUsage":37.3014,"totalSwapBytes":63998783488,"availableSwapBytes":61998345227},{"timestamp":"2020-11-26T13:30:00Z","physicalMemoryBytes":24879906816,"availableMemoryBytes":15624159129,"percentageMemoryUsage":37.2017,"totalSwapBytes":63998783488,"availableSwapBytes":62003535507},{"timestamp":"2020-11-25T13:30:00Z","physicalMemoryBytes":24879906816,"availableMemoryBytes":15659983351,"percentageMemoryUsage":37.0577,"totalSwapBytes":63998783488,"availableSwapBytes":62004349974},{"timestamp":"2020-11-24T13:30:00Z","physicalMemoryBytes":24879906816,"availableMemoryBytes":15682176666,"percentageMemoryUsage":36.9685,"totalSwapBytes":63998783488,"availableSwapBytes":62007427344},{"timestamp":"2020-11-23T13:30:00Z","physicalMemoryBytes":24879906816,"availableMemoryBytes":15669598826,"percentageMemoryUsage":37.0191,"totalSwapBytes":63998783488,"availableSwapBytes":62016155237},{"timestamp":"2020-11-22T13:30:00Z","physicalMemoryBytes":24879906816,"availableMemoryBytes":15704481884,"percentageMemoryUsage":36.8789,"totalSwapBytes":63998783488,"availableSwapBytes":62023400242},{"timestamp":"2020-11-21T13:30:00Z","physicalMemoryBytes":24879906816,"availableMemoryBytes":15714066494,"percentageMemoryUsage":36.8403,"totalSwapBytes":63998783488,"availableSwapBytes":62027079269},{"timestamp":"2020-11-20T13:30:00Z","physicalMemoryBytes":24879906816,"availableMemoryBytes":15692674992,"percentageMemoryUsage":36.9263,"totalSwapBytes":63998783488,"availableSwapBytes":62037019382},{"timestamp":"2020-11-19T13:30:00Z","physicalMemoryBytes":24879906816,"availableMemoryBytes":15733674067,"percentageMemoryUsage":36.7615,"totalSwapBytes":63998783488,"availableSwapBytes":62045302614},{"timestamp":"2020-11-18T13:30:00Z","physicalMemoryBytes":24879906816,"availableMemoryBytes":15746781591,"percentageMemoryUsage":36.7088,"totalSwapBytes":63998783488,"availableSwapBytes":62059294919},{"timestamp":"2020-11-17T13:30:00Z","physicalMemoryBytes":24879906816,"availableMemoryBytes":15753033530,"percentageMemoryUsage":36.6837,"totalSwapBytes":63998783488,"availableSwapBytes":62069508687},{"timestamp":"2020-11-16T13:30:00Z","physicalMemoryBytes":24879906816,"availableMemoryBytes":15731381970,"percentageMemoryUsage":36.7707,"totalSwapBytes":63998783488,"availableSwapBytes":62100147738},{"timestamp":"2020-11-15T13:30:00Z","physicalMemoryBytes":24879906816,"availableMemoryBytes":15751337956,"percentageMemoryUsage":36.6905,"totalSwapBytes":63998783488,"availableSwapBytes":62128473140},{"timestamp":"2020-11-14T13:30:00Z","physicalMemoryBytes":24879906816,"availableMemoryBytes":15735062353,"percentageMemoryUsage":36.7559,"totalSwapBytes":63998783488,"availableSwapBytes":62156175374},{"timestamp":"2020-11-13T13:30:00Z","physicalMemoryBytes":24879906816,"availableMemoryBytes":15726981797,"percentageMemoryUsage":36.7884,"totalSwapBytes":63998783488,"availableSwapBytes":62182659610},{"timestamp":"2020-11-12T13:30:00Z","physicalMemoryBytes":24879906816,"availableMemoryBytes":15719897386,"percentageMemoryUsage":36.8169,"totalSwapBytes":63998783488,"availableSwapBytes":62212009394},{"timestamp":"2020-11-11T13:30:00Z","physicalMemoryBytes":24879906816,"availableMemoryBytes":15714386768,"percentageMemoryUsage":36.839,"totalSwapBytes":63998783488,"availableSwapBytes":62241359308},{"timestamp":"2020-11-10T13:30:00Z","physicalMemoryBytes":24879906816,"availableMemoryBytes":15690671002,"percentageMemoryUsage":36.9344,"totalSwapBytes":63998783488,"availableSwapBytes":62274469174},{"timestamp":"2020-11-09T13:30:00Z","physicalMemoryBytes":24879906816,"availableMemoryBytes":15657711604,"percentageMemoryUsage":37.0668,"totalSwapBytes":63998783488,"availableSwapBytes":62329154733},{"timestamp":"2020-11-08T13:30:00Z","physicalMemoryBytes":24879906816,"availableMemoryBytes":15661266675,"percentageMemoryUsage":37.0526,"totalSwapBytes":63998783488,"availableSwapBytes":62362920944},{"timestamp":"2020-11-07T13:30:00Z","physicalMemoryBytes":24879906816,"availableMemoryBytes":15637462129,"percentageMemoryUsage":37.1482,"totalSwapBytes":63998783488,"availableSwapBytes":62397408096},{"timestamp":"2020-11-06T13:30:00Z","physicalMemoryBytes":24879906816,"availableMemoryBytes":15629337705,"percentageMemoryUsage":37.1809,"totalSwapBytes":63998783488,"availableSwapBytes":62430632989},{"timestamp":"2020-11-05T13:00:00Z","physicalMemoryBytes":24879906816,"availableMemoryBytes":15613089984,"percentageMemoryUsage":37.2462,"totalSwapBytes":63998783488,"availableSwapBytes":62469066659},{"timestamp":"2020-11-04T12:30:00Z","physicalMemoryBytes":24879906816,"availableMemoryBytes":15600432592,"percentageMemoryUsage":37.2971,"totalSwapBytes":63998783488,"availableSwapBytes":62509292012},{"timestamp":"2020-11-03T12:30:00Z","physicalMemoryBytes":24879906816,"availableMemoryBytes":15564762535,"percentageMemoryUsage":37.4404,"totalSwapBytes":63998783488,"availableSwapBytes":62560336979},{"timestamp":"2020-11-02T12:30:00Z","physicalMemoryBytes":24879906816,"availableMemoryBytes":15525201198,"percentageMemoryUsage":37.5994,"totalSwapBytes":63998783488,"availableSwapBytes":62615007792},{"timestamp":"2020-11-01T12:30:00Z","physicalMemoryBytes":24879906816,"availableMemoryBytes":15504204253,"percentageMemoryUsage":37.6838,"totalSwapBytes":63998783488,"availableSwapBytes":62663745808},{"timestamp":"2020-10-31T12:30:00Z","physicalMemoryBytes":24879906816,"availableMemoryBytes":15480903203,"percentageMemoryUsage":37.7775,"totalSwapBytes":63998783488,"availableSwapBytes":62704438890},{"timestamp":"2020-10-30T12:30:00Z","physicalMemoryBytes":24879906816,"availableMemoryBytes":15461223674,"percentageMemoryUsage":37.8566,"totalSwapBytes":63998783488,"availableSwapBytes":62744238716},{"timestamp":"2020-10-29T12:30:00Z","physicalMemoryBytes":24879906816,"availableMemoryBytes":15445526934,"percentageMemoryUsage":37.9197,"totalSwapBytes":63998783488,"availableSwapBytes":62785296463},{"timestamp":"2020-10-28T12:30:00Z","physicalMemoryBytes":24879906816,"availableMemoryBytes":15415850442,"percentageMemoryUsage":38.039,"totalSwapBytes":63998783488,"availableSwapBytes":62829062977},{"timestamp":"2020-10-27T12:30:00Z","physicalMemoryBytes":24879906816,"availableMemoryBytes":15391459794,"percentageMemoryUsage":38.137,"totalSwapBytes":63998783488,"availableSwapBytes":62872963041},{"timestamp":"2020-10-26T12:30:00Z","physicalMemoryBytes":24879906816,"availableMemoryBytes":15321829704,"percentageMemoryUsage":38.4169,"totalSwapBytes":63998783488,"availableSwapBytes":62952242558},{"timestamp":"2020-10-25T12:30:00Z","physicalMemoryBytes":24879906816,"availableMemoryBytes":15304296335,"percentageMemoryUsage":38.4873,"totalSwapBytes":63998783488,"availableSwapBytes":63008604505},{"timestamp":"2020-10-24T12:30:00Z","physicalMemoryBytes":24879906816,"availableMemoryBytes":15272169350,"percentageMemoryUsage":38.6165,"totalSwapBytes":63998783488,"availableSwapBytes":63046372939},{"timestamp":"2020-10-23T12:30:00Z","physicalMemoryBytes":24879906816,"availableMemoryBytes":15264244462,"percentageMemoryUsage":38.6483,"totalSwapBytes":63998783488,"availableSwapBytes":63083929541},{"timestamp":"2020-10-22T12:30:00Z","physicalMemoryBytes":24879906816,"availableMemoryBytes":15257959954,"percentageMemoryUsage":38.6736,"totalSwapBytes":63998783488,"availableSwapBytes":63117278363},{"timestamp":"2020-10-21T12:30:00Z","physicalMemoryBytes":24879906816,"availableMemoryBytes":15247992592,"percentageMemoryUsage":38.7136,"totalSwapBytes":63998783488,"availableSwapBytes":63150930769},{"timestamp":"2020-10-20T12:30:00Z","physicalMemoryBytes":24879906816,"availableMemoryBytes":15238419102,"percentageMemoryUsage":38.7521,"totalSwapBytes":63998783488,"availableSwapBytes":63186491769},{"timestamp":"2020-10-19T12:30:00Z","physicalMemoryBytes":24879906816,"availableMemoryBytes":15183635467,"percentageMemoryUsage":38.9723,"totalSwapBytes":63998783488,"availableSwapBytes":63241988086},{"timestamp":"2020-10-18T12:30:00Z","physicalMemoryBytes":24879906816,"availableMemoryBytes":15201878823,"percentageMemoryUsage":38.899,"totalSwapBytes":63998783488,"availableSwapBytes":63265869983},{"timestamp":"2020-10-17T12:30:00Z","physicalMemoryBytes":24879906816,"availableMemoryBytes":15197657349,"percentageMemoryUsage":38.9159,"totalSwapBytes":63998783488,"availableSwapBytes":63270831233},{"timestamp":"2020-10-16T12:30:00Z","physicalMemoryBytes":24879906816,"availableMemoryBytes":15213266871,"percentageMemoryUsage":38.8532,"totalSwapBytes":63998783488,"availableSwapBytes":63295081163},{"timestamp":"2020-10-15T12:30:00Z","physicalMemoryBytes":24879906816,"availableMemoryBytes":15198785534,"percentageMemoryUsage":38.9114,"totalSwapBytes":63998783488,"availableSwapBytes":63332616578},{"timestamp":"2020-10-14T12:30:00Z","physicalMemoryBytes":24879906816,"availableMemoryBytes":15179322195,"percentageMemoryUsage":38.9896,"totalSwapBytes":63998783488,"availableSwapBytes":63383095789},{"timestamp":"2020-10-13T12:30:00Z","physicalMemoryBytes":24879906816,"availableMemoryBytes":15108674728,"percentageMemoryUsage":39.2736,"totalSwapBytes":63998783488,"availableSwapBytes":63436819707},{"timestamp":"2020-10-12T12:30:00Z","physicalMemoryBytes":24879906816,"availableMemoryBytes":15096870089,"percentageMemoryUsage":39.321,"totalSwapBytes":63998783488,"availableSwapBytes":63526264385},{"timestamp":"2020-10-11T12:30:00Z","physicalMemoryBytes":24879906816,"availableMemoryBytes":15089311517,"percentageMemoryUsage":39.3514,"totalSwapBytes":63998783488,"availableSwapBytes":63545409008},{"timestamp":"2020-10-10T12:30:00Z","physicalMemoryBytes":24879906816,"availableMemoryBytes":15065823019,"percentageMemoryUsage":39.4458,"totalSwapBytes":63998783488,"availableSwapBytes":63587566343},{"timestamp":"2020-10-09T12:30:00Z","physicalMemoryBytes":24879906816,"availableMemoryBytes":15047168384,"percentageMemoryUsage":39.5208,"totalSwapBytes":63998783488,"availableSwapBytes":63623678690},{"timestamp":"2020-10-08T12:30:00Z","physicalMemoryBytes":24879906816,"availableMemoryBytes":15021738397,"percentageMemoryUsage":39.623,"totalSwapBytes":63998783488,"availableSwapBytes":63676886623},{"timestamp":"2020-10-07T12:30:00Z","physicalMemoryBytes":24879906816,"availableMemoryBytes":15005988588,"percentageMemoryUsage":39.6863,"totalSwapBytes":63998783488,"availableSwapBytes":63711802675},{"timestamp":"2020-10-06T12:30:00Z","physicalMemoryBytes":24879906816,"availableMemoryBytes":14931794317,"percentageMemoryUsage":39.9845,"totalSwapBytes":63998783488,"availableSwapBytes":63774497292},{"timestamp":"2020-10-05T12:30:00Z","physicalMemoryBytes":24879906816,"availableMemoryBytes":14934468863,"percentageMemoryUsage":39.9738,"totalSwapBytes":63998783488,"availableSwapBytes":63848485220},{"timestamp":"2020-10-04T12:30:00Z","physicalMemoryBytes":24879906816,"availableMemoryBytes":14957285101,"percentageMemoryUsage":39.8821,"totalSwapBytes":63998783488,"availableSwapBytes":63857780492},{"timestamp":"2020-10-03T12:30:00Z","physicalMemoryBytes":24879906816,"availableMemoryBytes":14957311671,"percentageMemoryUsage":39.882,"totalSwapBytes":63998783488,"availableSwapBytes":63870143722},{"timestamp":"2020-10-02T12:30:00Z","physicalMemoryBytes":24879906816,"availableMemoryBytes":14974815512,"percentageMemoryUsage":39.8116,"totalSwapBytes":63998783488,"availableSwapBytes":63873075314},{"timestamp":"2020-10-01T12:30:00Z","physicalMemoryBytes":24879906816,"availableMemoryBytes":14926690730,"percentageMemoryUsage":40.005,"totalSwapBytes":63998783488,"availableSwapBytes":63887514940},{"timestamp":"2020-09-30T12:40:00Z","physicalMemoryBytes":23843244032,"availableMemoryBytes":14195859631,"percentageMemoryUsage":38.7758,"totalSwapBytes":61332167509,"availableSwapBytes":61256907677},{"timestamp":"2020-09-29T13:30:00Z","physicalMemoryBytes":24879906816,"availableMemoryBytes":14709657732,"percentageMemoryUsage":40.8774,"totalSwapBytes":63998783488,"availableSwapBytes":63956716393},{"timestamp":"2020-09-28T13:30:00Z","physicalMemoryBytes":24879906816,"availableMemoryBytes":14665945406,"percentageMemoryUsage":41.0531,"totalSwapBytes":63998783488,"availableSwapBytes":63984365568},{"timestamp":"2020-09-27T13:30:00Z","physicalMemoryBytes":24879906816,"availableMemoryBytes":14710171536,"percentageMemoryUsage":40.8753,"totalSwapBytes":63998783488,"availableSwapBytes":63986436581},{"timestamp":"2020-09-26T13:30:00Z","physicalMemoryBytes":24879906816,"availableMemoryBytes":14789986131,"percentageMemoryUsage":40.5545,"totalSwapBytes":63998783488,"availableSwapBytes":63995524772},{"timestamp":"2020-09-25T13:30:00Z","physicalMemoryBytes":24879906816,"availableMemoryBytes":14981723241,"percentageMemoryUsage":39.7838,"totalSwapBytes":63998783488,"availableSwapBytes":63992355808},{"timestamp":"2020-09-24T12:35:00Z","physicalMemoryBytes":24879899306,"availableMemoryBytes":15472406021,"percentageMemoryUsage":37.8116,"totalSwapBytes":63998783488,"availableSwapBytes":62122812119},{"timestamp":"2020-09-23T12:30:00Z","physicalMemoryBytes":24879898624,"availableMemoryBytes":15465998928,"percentageMemoryUsage":37.8374,"totalSwapBytes":63998783488,"availableSwapBytes":61969531972},{"timestamp":"2020-09-22T12:30:00Z","physicalMemoryBytes":24879898624,"availableMemoryBytes":15478982467,"percentageMemoryUsage":37.7852,"totalSwapBytes":63998783488,"availableSwapBytes":61972076665},{"timestamp":"2020-09-21T12:30:00Z","physicalMemoryBytes":24879898624,"availableMemoryBytes":15481366080,"percentageMemoryUsage":37.7756,"totalSwapBytes":63998783488,"availableSwapBytes":61982145861},{"timestamp":"2020-09-20T12:30:00Z","physicalMemoryBytes":24879898624,"availableMemoryBytes":15499125793,"percentageMemoryUsage":37.7042,"totalSwapBytes":63998783488,"availableSwapBytes":61990985348},{"timestamp":"2020-09-19T12:30:00Z","physicalMemoryBytes":24879898624,"availableMemoryBytes":15514712671,"percentageMemoryUsage":37.6416,"totalSwapBytes":63998783488,"availableSwapBytes":61993925153},{"timestamp":"2020-09-18T12:30:00Z","physicalMemoryBytes":24879898624,"availableMemoryBytes":15524819106,"percentageMemoryUsage":37.601,"totalSwapBytes":63998783488,"availableSwapBytes":61996583624},{"timestamp":"2020-09-17T12:30:00Z","physicalMemoryBytes":24879898624,"availableMemoryBytes":15551053952,"percentageMemoryUsage":37.4955,"totalSwapBytes":63998783488,"availableSwapBytes":62002899049},{"timestamp":"2020-09-16T12:30:00Z","physicalMemoryBytes":24879898624,"availableMemoryBytes":15575564878,"percentageMemoryUsage":37.397,"totalSwapBytes":63998783488,"availableSwapBytes":62006162105},{"timestamp":"2020-09-15T12:30:00Z","physicalMemoryBytes":24879898624,"availableMemoryBytes":15585276024,"percentageMemoryUsage":37.358,"totalSwapBytes":63998783488,"availableSwapBytes":62009284046},{"timestamp":"2020-09-14T12:30:00Z","physicalMemoryBytes":24879898624,"availableMemoryBytes":15579255214,"percentageMemoryUsage":37.3822,"totalSwapBytes":63998783488,"availableSwapBytes":62016886742},{"timestamp":"2020-09-13T12:30:00Z","physicalMemoryBytes":24879898624,"availableMemoryBytes":15607991712,"percentageMemoryUsage":37.2667,"totalSwapBytes":63998783488,"availableSwapBytes":62024137528},{"timestamp":"2020-09-12T12:30:00Z","physicalMemoryBytes":24879898624,"availableMemoryBytes":15620954321,"percentageMemoryUsage":37.2146,"totalSwapBytes":63998783488,"availableSwapBytes":62027198117},{"timestamp":"2020-09-11T12:30:00Z","physicalMemoryBytes":24879898624,"availableMemoryBytes":15633838717,"percentageMemoryUsage":37.1628,"totalSwapBytes":63998783488,"availableSwapBytes":62030767430},{"timestamp":"2020-09-10T12:30:00Z","physicalMemoryBytes":24879898624,"availableMemoryBytes":15664308432,"percentageMemoryUsage":37.0403,"totalSwapBytes":63998783488,"availableSwapBytes":62040661079},{"timestamp":"2020-09-09T12:30:00Z","physicalMemoryBytes":24879898624,"availableMemoryBytes":15685815230,"percentageMemoryUsage":36.9539,"totalSwapBytes":63998783488,"availableSwapBytes":62049299986},{"timestamp":"2020-09-08T12:30:00Z","physicalMemoryBytes":24879898624,"availableMemoryBytes":15689134369,"percentageMemoryUsage":36.9405,"totalSwapBytes":63998783488,"availableSwapBytes":62063482725},{"timestamp":"2020-09-07T12:30:00Z","physicalMemoryBytes":24879898624,"availableMemoryBytes":15681772676,"percentageMemoryUsage":36.9701,"totalSwapBytes":63998783488,"availableSwapBytes":62083115685},{"timestamp":"2020-09-06T12:30:00Z","physicalMemoryBytes":24879898624,"availableMemoryBytes":15698890250,"percentageMemoryUsage":36.9013,"totalSwapBytes":63998783488,"availableSwapBytes":62094886547},{"timestamp":"2020-09-05T12:00:00Z","physicalMemoryBytes":24879898624,"availableMemoryBytes":15703572499,"percentageMemoryUsage":36.8825,"totalSwapBytes":63998783488,"availableSwapBytes":62109491305},{"timestamp":"2020-09-04T11:30:00Z","physicalMemoryBytes":24879898624,"availableMemoryBytes":15706344639,"percentageMemoryUsage":36.8713,"totalSwapBytes":63998783488,"availableSwapBytes":62135568639},{"timestamp":"2020-09-03T11:30:00Z","physicalMemoryBytes":24879898624,"availableMemoryBytes":15697726118,"percentageMemoryUsage":36.906,"totalSwapBytes":63998783488,"availableSwapBytes":62166598255},{"timestamp":"2020-09-02T11:30:00Z","physicalMemoryBytes":24879898624,"availableMemoryBytes":15696976757,"percentageMemoryUsage":36.909,"totalSwapBytes":63998783488,"availableSwapBytes":62198171905},{"timestamp":"2020-09-01T11:30:00Z","physicalMemoryBytes":24879898624,"availableMemoryBytes":15685305588,"percentageMemoryUsage":36.9559,"totalSwapBytes":63998783488,"availableSwapBytes":62230531809},{"timestamp":"2020-08-31T11:30:00Z","physicalMemoryBytes":24879898624,"availableMemoryBytes":15628827623,"percentageMemoryUsage":37.1829,"totalSwapBytes":63998783488,"availableSwapBytes":62291499405},{"timestamp":"2020-08-30T11:30:00Z","physicalMemoryBytes":24879898624,"availableMemoryBytes":15618176289,"percentageMemoryUsage":37.2257,"totalSwapBytes":63998783488,"availableSwapBytes":62336387677},{"timestamp":"2020-08-29T11:30:00Z","physicalMemoryBytes":24879898624,"availableMemoryBytes":15594031760,"percentageMemoryUsage":37.3228,"totalSwapBytes":63998783488,"availableSwapBytes":62370976031},{"timestamp":"2020-08-28T11:30:00Z","physicalMemoryBytes":24879898624,"availableMemoryBytes":15583182961,"percentageMemoryUsage":37.3664,"totalSwapBytes":63998783488,"availableSwapBytes":62402946816},{"timestamp":"2020-08-27T11:30:00Z","physicalMemoryBytes":24879898624,"availableMemoryBytes":15587048756,"percentageMemoryUsage":37.3508,"totalSwapBytes":63998783488,"availableSwapBytes":62438542977},{"timestamp":"2020-08-26T11:30:00Z","physicalMemoryBytes":24879898624,"availableMemoryBytes":15562055768,"percentageMemoryUsage":37.4513,"totalSwapBytes":63998783488,"availableSwapBytes":62477195855},{"timestamp":"2020-08-25T11:30:00Z","physicalMemoryBytes":24879898624,"availableMemoryBytes":15550133941,"percentageMemoryUsage":37.4992,"totalSwapBytes":63998783488,"availableSwapBytes":62512075146},{"timestamp":"2020-08-24T11:30:00Z","physicalMemoryBytes":24879898624,"availableMemoryBytes":15491563710,"percentageMemoryUsage":37.7346,"totalSwapBytes":63998783488,"availableSwapBytes":62575684580},{"timestamp":"2020-08-23T11:30:00Z","physicalMemoryBytes":24879898624,"availableMemoryBytes":15483197308,"percentageMemoryUsage":37.7682,"totalSwapBytes":63998783488,"availableSwapBytes":62619866346},{"timestamp":"2020-08-22T11:30:00Z","physicalMemoryBytes":24879898624,"availableMemoryBytes":15459157040,"percentageMemoryUsage":37.8649,"totalSwapBytes":63998783488,"availableSwapBytes":62648506792},{"timestamp":"2020-08-21T11:30:00Z","physicalMemoryBytes":24879898624,"availableMemoryBytes":15443547529,"percentageMemoryUsage":37.9276,"totalSwapBytes":63998783488,"availableSwapBytes":62678685179},{"timestamp":"2020-08-20T11:30:00Z","physicalMemoryBytes":24879898624,"availableMemoryBytes":15437827754,"percentageMemoryUsage":37.9506,"totalSwapBytes":63998783488,"availableSwapBytes":62711575483},{"timestamp":"2020-08-19T11:30:00Z","physicalMemoryBytes":24879898624,"availableMemoryBytes":15433346198,"percentageMemoryUsage":37.9686,"totalSwapBytes":63998783488,"availableSwapBytes":62747282922},{"timestamp":"2020-08-18T11:30:00Z","physicalMemoryBytes":24879898624,"availableMemoryBytes":15417987636,"percentageMemoryUsage":38.0303,"totalSwapBytes":63998783488,"availableSwapBytes":62784739687},{"timestamp":"2020-08-17T11:30:00Z","physicalMemoryBytes":24879898624,"availableMemoryBytes":15348496053,"percentageMemoryUsage":38.3097,"totalSwapBytes":63998783488,"availableSwapBytes":62863101297},{"timestamp":"2020-08-16T11:30:00Z","physicalMemoryBytes":24879898624,"availableMemoryBytes":15323219330,"percentageMemoryUsage":38.4112,"totalSwapBytes":63998783488,"availableSwapBytes":62920120698},{"timestamp":"2020-08-15T11:30:00Z","physicalMemoryBytes":24879898624,"availableMemoryBytes":15291240511,"percentageMemoryUsage":38.5398,"totalSwapBytes":63998783488,"availableSwapBytes":62956879264},{"timestamp":"2020-08-14T11:30:00Z","physicalMemoryBytes":24879898624,"availableMemoryBytes":15271813420,"percentageMemoryUsage":38.6179,"totalSwapBytes":63998783488,"availableSwapBytes":62993037885},{"timestamp":"2020-08-13T11:30:00Z","physicalMemoryBytes":24879898624,"availableMemoryBytes":15270758182,"percentageMemoryUsage":38.6221,"totalSwapBytes":63998783488,"availableSwapBytes":63029453955},{"timestamp":"2020-08-12T11:30:00Z","physicalMemoryBytes":24879898624,"availableMemoryBytes":15267167915,"percentageMemoryUsage":38.6365,"totalSwapBytes":63998783488,"availableSwapBytes":63060161894},{"timestamp":"2020-08-11T11:30:00Z","physicalMemoryBytes":24879898624,"availableMemoryBytes":15262181375,"percentageMemoryUsage":38.6566,"totalSwapBytes":63998783488,"availableSwapBytes":63090952720},{"timestamp":"2020-08-10T11:30:00Z","physicalMemoryBytes":24879898624,"availableMemoryBytes":15202361087,"percentageMemoryUsage":38.897,"totalSwapBytes":63998783488,"availableSwapBytes":63140727736},{"timestamp":"2020-08-09T11:30:00Z","physicalMemoryBytes":24879898624,"availableMemoryBytes":15188322894,"percentageMemoryUsage":38.9534,"totalSwapBytes":63998783488,"availableSwapBytes":63171112534},{"timestamp":"2020-08-08T11:30:00Z","physicalMemoryBytes":24879898624,"availableMemoryBytes":15176011371,"percentageMemoryUsage":39.0029,"totalSwapBytes":63998783488,"availableSwapBytes":63200123640},{"timestamp":"2020-08-07T11:30:00Z","physicalMemoryBytes":24879898624,"availableMemoryBytes":15157355177,"percentageMemoryUsage":39.0779,"totalSwapBytes":63998783488,"availableSwapBytes":63230556017},{"timestamp":"2020-08-06T11:30:00Z","physicalMemoryBytes":24879898624,"availableMemoryBytes":15158936281,"percentageMemoryUsage":39.0716,"totalSwapBytes":63998783488,"availableSwapBytes":63261469748},{"timestamp":"2020-08-05T11:30:00Z","physicalMemoryBytes":24879898624,"availableMemoryBytes":15165752360,"percentageMemoryUsage":39.0442,"totalSwapBytes":63998783488,"availableSwapBytes":63289059544},{"timestamp":"2020-08-04T11:30:00Z","physicalMemoryBytes":24879898624,"availableMemoryBytes":15189321095,"percentageMemoryUsage":38.9494,"totalSwapBytes":63998783488,"availableSwapBytes":63291293141},{"timestamp":"2020-08-03T11:30:00Z","physicalMemoryBytes":24879898624,"availableMemoryBytes":15163312515,"percentageMemoryUsage":39.054,"totalSwapBytes":63998783488,"availableSwapBytes":63316677022},{"timestamp":"2020-08-02T11:30:00Z","physicalMemoryBytes":24879898624,"availableMemoryBytes":15176347226,"percentageMemoryUsage":39.0016,"totalSwapBytes":63998783488,"availableSwapBytes":63349340730},{"timestamp":"2020-08-01T11:30:00Z","physicalMemoryBytes":24879898624,"availableMemoryBytes":15158363089,"percentageMemoryUsage":39.0739,"totalSwapBytes":63998783488,"availableSwapBytes":63386100650},{"timestamp":"2020-07-31T11:30:00Z","physicalMemoryBytes":24879898624,"availableMemoryBytes":15144912547,"percentageMemoryUsage":39.1279,"totalSwapBytes":63998783488,"availableSwapBytes":63417469047},{"timestamp":"2020-07-30T11:30:00Z","physicalMemoryBytes":24879898624,"availableMemoryBytes":15143498434,"percentageMemoryUsage":39.1336,"totalSwapBytes":63998783488,"availableSwapBytes":63451111592},{"timestamp":"2020-07-29T11:30:00Z","physicalMemoryBytes":24879898624,"availableMemoryBytes":15130489216,"percentageMemoryUsage":39.1859,"totalSwapBytes":63998783488,"availableSwapBytes":63490650523},{"timestamp":"2020-07-28T11:30:00Z","physicalMemoryBytes":24879898624,"availableMemoryBytes":15103450596,"percentageMemoryUsage":39.2946,"totalSwapBytes":63998783488,"availableSwapBytes":63532970435},{"timestamp":"2020-07-27T11:30:00Z","physicalMemoryBytes":24879898624,"availableMemoryBytes":15039477284,"percentageMemoryUsage":39.5517,"totalSwapBytes":63998783488,"availableSwapBytes":63609067863},{"timestamp":"2020-07-26T11:30:00Z","physicalMemoryBytes":24879898624,"availableMemoryBytes":15015798070,"percentageMemoryUsage":39.6469,"totalSwapBytes":63998783488,"availableSwapBytes":63663391574},{"timestamp":"2020-07-25T11:30:00Z","physicalMemoryBytes":24879898624,"availableMemoryBytes":14997956263,"percentageMemoryUsage":39.7186,"totalSwapBytes":63998783488,"availableSwapBytes":63699621009},{"timestamp":"2020-07-24T11:30:00Z","physicalMemoryBytes":24879898624,"availableMemoryBytes":14993232703,"percentageMemoryUsage":39.7376,"totalSwapBytes":63998783488,"availableSwapBytes":63727098157},{"timestamp":"2020-07-23T11:30:00Z","physicalMemoryBytes":24879898624,"availableMemoryBytes":14972410424,"percentageMemoryUsage":39.8213,"totalSwapBytes":63998783488,"availableSwapBytes":63769881666},{"timestamp":"2020-07-22T11:30:00Z","physicalMemoryBytes":24879898624,"availableMemoryBytes":14962299484,"percentageMemoryUsage":39.8619,"totalSwapBytes":63998783488,"availableSwapBytes":63809179494},{"timestamp":"2020-07-21T11:30:00Z","physicalMemoryBytes":24879898624,"availableMemoryBytes":14970420846,"percentageMemoryUsage":39.8293,"totalSwapBytes":63998783488,"availableSwapBytes":63835890886},{"timestamp":"2020-07-20T11:30:00Z","physicalMemoryBytes":24879898624,"availableMemoryBytes":14954649882,"percentageMemoryUsage":39.8926,"totalSwapBytes":63998783488,"availableSwapBytes":63859466642},{"timestamp":"2020-07-19T11:30:00Z","physicalMemoryBytes":24879898624,"availableMemoryBytes":14957764520,"percentageMemoryUsage":39.8801,"totalSwapBytes":63998783488,"availableSwapBytes":63871590850},{"timestamp":"2020-07-18T11:30:00Z","physicalMemoryBytes":24879898624,"availableMemoryBytes":14835954554,"percentageMemoryUsage":40.3697,"totalSwapBytes":63998783488,"availableSwapBytes":63880037324},{"timestamp":"2020-07-17T11:30:00Z","physicalMemoryBytes":24879898624,"availableMemoryBytes":14770238229,"percentageMemoryUsage":40.6338,"totalSwapBytes":63998783488,"availableSwapBytes":63896685299},{"timestamp":"2020-07-16T11:30:00Z","physicalMemoryBytes":24879898624,"availableMemoryBytes":14777223097,"percentageMemoryUsage":40.6058,"totalSwapBytes":63998783488,"availableSwapBytes":63927901685},{"timestamp":"2020-07-15T11:30:00Z","physicalMemoryBytes":24879898624,"availableMemoryBytes":14662063045,"percentageMemoryUsage":41.0686,"totalSwapBytes":63998783488,"availableSwapBytes":63957848899},{"timestamp":"2020-07-14T11:30:00Z","physicalMemoryBytes":24879898624,"availableMemoryBytes":14644706930,"percentageMemoryUsage":41.1384,"totalSwapBytes":63998783488,"availableSwapBytes":63973017703},{"timestamp":"2020-07-13T11:30:00Z","physicalMemoryBytes":24879898624,"availableMemoryBytes":14687989221,"percentageMemoryUsage":40.9644,"totalSwapBytes":63998783488,"availableSwapBytes":63987714411},{"timestamp":"2020-07-12T11:30:00Z","physicalMemoryBytes":24879898624,"availableMemoryBytes":14718124278,"percentageMemoryUsage":40.8433,"totalSwapBytes":63998783488,"availableSwapBytes":63991546538},{"timestamp":"2020-07-11T11:30:00Z","physicalMemoryBytes":24879898624,"availableMemoryBytes":14816606780,"percentageMemoryUsage":40.4475,"totalSwapBytes":63998783488,"availableSwapBytes":63995732452},{"timestamp":"2020-07-10T11:47:30Z","physicalMemoryBytes":23843236181,"availableMemoryBytes":14450471856,"percentageMemoryUsage":37.7524,"totalSwapBytes":61332167509,"availableSwapBytes":61321249324},{"timestamp":"2020-07-09T11:30:00Z","physicalMemoryBytes":24879898624,"availableMemoryBytes":15647000050,"percentageMemoryUsage":37.1099,"totalSwapBytes":63998783488,"availableSwapBytes":62108594858},{"timestamp":"2020-07-08T11:30:00Z","physicalMemoryBytes":24879898624,"availableMemoryBytes":15655426830,"percentageMemoryUsage":37.076,"totalSwapBytes":63998783488,"availableSwapBytes":62122213224},{"timestamp":"2020-07-07T11:30:00Z","physicalMemoryBytes":24879898624,"availableMemoryBytes":15671216870,"percentageMemoryUsage":37.0125,"totalSwapBytes":63998783488,"availableSwapBytes":62139383246},{"timestamp":"2020-07-06T11:00:00Z","physicalMemoryBytes":24879898624,"availableMemoryBytes":15606921182,"percentageMemoryUsage":37.271,"totalSwapBytes":63998783488,"availableSwapBytes":62197540868},{"timestamp":"2020-07-05T10:30:00Z","physicalMemoryBytes":24879898624,"availableMemoryBytes":15613385187,"percentageMemoryUsage":37.245,"totalSwapBytes":63998783488,"availableSwapBytes":62235896050},{"timestamp":"2020-07-04T10:30:00Z","physicalMemoryBytes":24879898624,"availableMemoryBytes":15597217913,"percentageMemoryUsage":37.31,"totalSwapBytes":63998783488,"availableSwapBytes":62266549422},{"timestamp":"2020-07-03T10:30:00Z","physicalMemoryBytes":24879898624,"availableMemoryBytes":15585919012,"percentageMemoryUsage":37.3554,"totalSwapBytes":63998783488,"availableSwapBytes":62294755134},{"timestamp":"2020-07-02T10:30:00Z","physicalMemoryBytes":24879898624,"availableMemoryBytes":15595695453,"percentageMemoryUsage":37.3161,"totalSwapBytes":63998783488,"availableSwapBytes":62320766107},{"timestamp":"2020-07-01T10:30:00Z","physicalMemoryBytes":24879898624,"availableMemoryBytes":15590322677,"percentageMemoryUsage":37.3377,"totalSwapBytes":63998783488,"availableSwapBytes":62349156776},{"timestamp":"2020-06-30T10:30:00Z","physicalMemoryBytes":24879898624,"availableMemoryBytes":15576952066,"percentageMemoryUsage":37.3914,"totalSwapBytes":63998783488,"availableSwapBytes":62379519589},{"timestamp":"2020-06-29T10:30:00Z","physicalMemoryBytes":24879898624,"availableMemoryBytes":15513414607,"percentageMemoryUsage":37.6468,"totalSwapBytes":63998783488,"availableSwapBytes":62441359637},{"timestamp":"2020-06-28T10:30:00Z","physicalMemoryBytes":24879898624,"availableMemoryBytes":15514020705,"percentageMemoryUsage":37.6444,"totalSwapBytes":63998783488,"availableSwapBytes":62482466430},{"timestamp":"2020-06-27T10:30:00Z","physicalMemoryBytes":24879898624,"availableMemoryBytes":15494290490,"percentageMemoryUsage":37.7237,"totalSwapBytes":63998783488,"availableSwapBytes":62519909201},{"timestamp":"2020-06-26T10:30:00Z","physicalMemoryBytes":24879898624,"availableMemoryBytes":15476369646,"percentageMemoryUsage":37.7957,"totalSwapBytes":63998783488,"availableSwapBytes":62554126002},{"timestamp":"2020-06-25T10:30:00Z","physicalMemoryBytes":24879898624,"availableMemoryBytes":15486916241,"percentageMemoryUsage":37.7533,"totalSwapBytes":63998783488,"availableSwapBytes":62584005684},{"timestamp":"2020-06-24T10:30:00Z","physicalMemoryBytes":24879898624,"availableMemoryBytes":15463786896,"percentageMemoryUsage":37.8463,"totalSwapBytes":63998783488,"availableSwapBytes":62623877286},{"timestamp":"2020-06-23T10:30:00Z","physicalMemoryBytes":24879898624,"availableMemoryBytes":15453136972,"percentageMemoryUsage":37.8891,"totalSwapBytes":63998783488,"availableSwapBytes":62662718094},{"timestamp":"2020-06-22T10:30:00Z","physicalMemoryBytes":24879898624,"availableMemoryBytes":15380959106,"percentageMemoryUsage":38.1792,"totalSwapBytes":63998783488,"availableSwapBytes":62728670250},{"timestamp":"2020-06-21T10:30:00Z","physicalMemoryBytes":24879898624,"availableMemoryBytes":15390790422,"percentageMemoryUsage":38.1397,"totalSwapBytes":63998783488,"availableSwapBytes":62769738653},{"timestamp":"2020-06-20T10:30:00Z","physicalMemoryBytes":24879898624,"availableMemoryBytes":15356553524,"percentageMemoryUsage":38.2773,"totalSwapBytes":63998783488,"availableSwapBytes":62806135147},{"timestamp":"2020-06-19T10:30:00Z","physicalMemoryBytes":24879898624,"availableMemoryBytes":15322768328,"percentageMemoryUsage":38.4131,"totalSwapBytes":63998783488,"availableSwapBytes":62847602308},{"timestamp":"2020-06-18T10:30:00Z","physicalMemoryBytes":24879898624,"availableMemoryBytes":15326971025,"percentageMemoryUsage":38.3962,"totalSwapBytes":63998783488,"availableSwapBytes":62883225811},{"timestamp":"2020-06-17T10:30:00Z","physicalMemoryBytes":24879898624,"availableMemoryBytes":15333256910,"percentageMemoryUsage":38.3709,"totalSwapBytes":63998783488,"availableSwapBytes":62921890762},{"timestamp":"2020-06-16T10:30:00Z","physicalMemoryBytes":24879898624,"availableMemoryBytes":15303428992,"percentageMemoryUsage":38.4908,"totalSwapBytes":63998783488,"availableSwapBytes":62961210281},{"timestamp":"2020-06-15T10:30:00Z","physicalMemoryBytes":24879898624,"availableMemoryBytes":15223031124,"percentageMemoryUsage":38.8139,"totalSwapBytes":63998783488,"availableSwapBytes":63040266888},{"timestamp":"2020-06-14T10:30:00Z","physicalMemoryBytes":24879898624,"availableMemoryBytes":15232084092,"percentageMemoryUsage":38.7775,"totalSwapBytes":63998783488,"availableSwapBytes":63085009969},{"timestamp":"2020-06-13T10:30:00Z","physicalMemoryBytes":24879898624,"availableMemoryBytes":15200393953,"percentageMemoryUsage":38.9049,"totalSwapBytes":63998783488,"availableSwapBytes":63122863720},{"timestamp":"2020-06-12T10:30:00Z","physicalMemoryBytes":24879898624,"availableMemoryBytes":15184978061,"percentageMemoryUsage":38.9669,"totalSwapBytes":63998783488,"availableSwapBytes":63153564542},{"timestamp":"2020-06-11T10:30:00Z","physicalMemoryBytes":24879898624,"availableMemoryBytes":15201556923,"percentageMemoryUsage":38.9002,"totalSwapBytes":63998783488,"availableSwapBytes":63181849880},{"timestamp":"2020-06-10T10:30:00Z","physicalMemoryBytes":24879898624,"availableMemoryBytes":15190496573,"percentageMemoryUsage":38.9447,"totalSwapBytes":63998783488,"availableSwapBytes":63213503170},{"timestamp":"2020-06-09T10:30:00Z","physicalMemoryBytes":24879898624,"availableMemoryBytes":15180752120,"percentageMemoryUsage":38.9839,"totalSwapBytes":63998783488,"availableSwapBytes":63244265601},{"timestamp":"2020-06-08T10:30:00Z","physicalMemoryBytes":24879898624,"availableMemoryBytes":15142046789,"percentageMemoryUsage":39.1394,"totalSwapBytes":63998783488,"availableSwapBytes":63291239684},{"timestamp":"2020-06-07T10:30:00Z","physicalMemoryBytes":24879898624,"availableMemoryBytes":15165769470,"percentageMemoryUsage":39.0441,"totalSwapBytes":63998783488,"availableSwapBytes":63305144181},{"timestamp":"2020-06-06T10:30:00Z","physicalMemoryBytes":24879898624,"availableMemoryBytes":15179023003,"percentageMemoryUsage":38.9908,"totalSwapBytes":63998783488,"availableSwapBytes":63304472333},{"timestamp":"2020-06-05T10:30:00Z","physicalMemoryBytes":24879898624,"availableMemoryBytes":15186967110,"percentageMemoryUsage":38.9589,"totalSwapBytes":63998783488,"availableSwapBytes":63309265603},{"timestamp":"2020-06-04T10:30:00Z","physicalMemoryBytes":24879898624,"availableMemoryBytes":15206400644,"percentageMemoryUsage":38.8808,"totalSwapBytes":63998783488,"availableSwapBytes":63331819873},{"timestamp":"2020-06-03T10:30:00Z","physicalMemoryBytes":24879898624,"availableMemoryBytes":15201396956,"percentageMemoryUsage":38.9009,"totalSwapBytes":63998783488,"availableSwapBytes":63362820896},{"timestamp":"2020-06-02T10:30:00Z","physicalMemoryBytes":24879898624,"availableMemoryBytes":15190733608,"percentageMemoryUsage":38.9437,"totalSwapBytes":63998783488,"availableSwapBytes":63394785312},{"timestamp":"2020-06-01T10:30:00Z","physicalMemoryBytes":24879898624,"availableMemoryBytes":15121871726,"percentageMemoryUsage":39.2205,"totalSwapBytes":63998783488,"availableSwapBytes":63468022961},{"timestamp":"2020-05-31T10:30:00Z","physicalMemoryBytes":24879898624,"availableMemoryBytes":15114551079,"percentageMemoryUsage":39.2499,"totalSwapBytes":63998783488,"availableSwapBytes":63518306899},{"timestamp":"2020-05-30T10:30:00Z","physicalMemoryBytes":24879898624,"availableMemoryBytes":15078380970,"percentageMemoryUsage":39.3953,"totalSwapBytes":63998783488,"availableSwapBytes":63561974978},{"timestamp":"2020-05-29T10:30:00Z","physicalMemoryBytes":24879898624,"availableMemoryBytes":15053751497,"percentageMemoryUsage":39.4943,"totalSwapBytes":63998783488,"availableSwapBytes":63602826985},{"timestamp":"2020-05-28T10:30:00Z","physicalMemoryBytes":24879898624,"availableMemoryBytes":15062278829,"percentageMemoryUsage":39.46,"totalSwapBytes":63998783488,"availableSwapBytes":63638157615},{"timestamp":"2020-05-27T10:30:00Z","physicalMemoryBytes":24879898624,"availableMemoryBytes":15041273988,"percentageMemoryUsage":39.5445,"totalSwapBytes":63998783488,"availableSwapBytes":63680143852},{"timestamp":"2020-05-26T10:30:00Z","physicalMemoryBytes":24879898624,"availableMemoryBytes":15027136944,"percentageMemoryUsage":39.6013,"totalSwapBytes":63998783488,"availableSwapBytes":63715759919},{"timestamp":"2020-05-25T10:30:00Z","physicalMemoryBytes":24879898624,"availableMemoryBytes":14965422952,"percentageMemoryUsage":39.8493,"totalSwapBytes":63998783488,"availableSwapBytes":63789884557},{"timestamp":"2020-05-24T10:30:00Z","physicalMemoryBytes":24879898624,"availableMemoryBytes":14962446643,"percentageMemoryUsage":39.8613,"totalSwapBytes":63998783488,"availableSwapBytes":63825909516},{"timestamp":"2020-05-23T10:30:00Z","physicalMemoryBytes":24879898624,"availableMemoryBytes":14960582334,"percentageMemoryUsage":39.8688,"totalSwapBytes":63998783488,"availableSwapBytes":63840626035},{"timestamp":"2020-05-22T10:30:00Z","physicalMemoryBytes":24879898624,"availableMemoryBytes":14953194613,"percentageMemoryUsage":39.8985,"totalSwapBytes":63998783488,"availableSwapBytes":63853901338},{"timestamp":"2020-05-21T10:30:00Z","physicalMemoryBytes":24879898624,"availableMemoryBytes":14824883963,"percentageMemoryUsage":40.4142,"totalSwapBytes":63998783488,"availableSwapBytes":63861777066},{"timestamp":"2020-05-20T10:30:00Z","physicalMemoryBytes":24879898624,"availableMemoryBytes":14813106918,"percentageMemoryUsage":40.4615,"totalSwapBytes":63998783488,"availableSwapBytes":63867062089},{"timestamp":"2020-05-19T10:30:00Z","physicalMemoryBytes":24879898624,"availableMemoryBytes":14806973042,"percentageMemoryUsage":40.4862,"totalSwapBytes":63998783488,"availableSwapBytes":63882822571},{"timestamp":"2020-05-18T10:30:00Z","physicalMemoryBytes":24879898624,"availableMemoryBytes":14749844336,"percentageMemoryUsage":40.7158,"totalSwapBytes":63998783488,"availableSwapBytes":63939449028},{"timestamp":"2020-05-17T10:30:00Z","physicalMemoryBytes":24879898624,"availableMemoryBytes":14740060705,"percentageMemoryUsage":40.7551,"totalSwapBytes":63998783488,"availableSwapBytes":63973695305},{"timestamp":"2020-05-16T10:30:00Z","physicalMemoryBytes":24879898624,"availableMemoryBytes":14647802105,"percentageMemoryUsage":41.126,"totalSwapBytes":63998783488,"availableSwapBytes":63988233559},{"timestamp":"2020-05-15T10:30:00Z","physicalMemoryBytes":24879898624,"availableMemoryBytes":14688305286,"percentageMemoryUsage":40.9632,"totalSwapBytes":63998783488,"availableSwapBytes":63991511555},{"timestamp":"2020-05-14T10:37:30Z","physicalMemoryBytes":23843236181,"availableMemoryBytes":14176514229,"percentageMemoryUsage":38.8535,"totalSwapBytes":61332167509,"availableSwapBytes":61326484203},{"timestamp":"2020-05-13T11:30:00Z","physicalMemoryBytes":24879898624,"availableMemoryBytes":14872492886,"percentageMemoryUsage":40.2229,"totalSwapBytes":63998783488,"availableSwapBytes":63995829464},{"timestamp":"2020-05-12T11:30:00Z","physicalMemoryBytes":23843236181,"availableMemoryBytes":14455585836,"percentageMemoryUsage":37.7319,"totalSwapBytes":61332167509,"availableSwapBytes":61327613515},{"timestamp":"2020-05-11T10:30:00Z","physicalMemoryBytes":24879906816,"availableMemoryBytes":15495086671,"percentageMemoryUsage":37.7205,"totalSwapBytes":63998783488,"availableSwapBytes":62485108380},{"timestamp":"2020-05-10T10:30:00Z","physicalMemoryBytes":24879906816,"availableMemoryBytes":15501985063,"percentageMemoryUsage":37.6928,"totalSwapBytes":63998783488,"availableSwapBytes":62517924734},{"timestamp":"2020-05-09T10:30:00Z","physicalMemoryBytes":24879906816,"availableMemoryBytes":15485262187,"percentageMemoryUsage":37.76,"totalSwapBytes":63998783488,"availableSwapBytes":62550188137},{"timestamp":"2020-05-08T10:30:00Z","physicalMemoryBytes":24879906816,"availableMemoryBytes":15467556287,"percentageMemoryUsage":37.8311,"totalSwapBytes":63998783488,"availableSwapBytes":62581098541},{"timestamp":"2020-05-07T10:30:00Z","physicalMemoryBytes":24879906816,"availableMemoryBytes":15453370413,"percentageMemoryUsage":37.8881,"totalSwapBytes":63998783488,"availableSwapBytes":62615712866},{"timestamp":"2020-05-06T10:00:00Z","physicalMemoryBytes":24879906816,"availableMemoryBytes":15434472715,"percentageMemoryUsage":37.9641,"totalSwapBytes":63998783488,"availableSwapBytes":62661353154},{"timestamp":"2020-05-05T09:30:00Z","physicalMemoryBytes":24879906816,"availableMemoryBytes":15438155469,"percentageMemoryUsage":37.9493,"totalSwapBytes":63998783488,"availableSwapBytes":62694124076},{"timestamp":"2020-05-04T09:30:00Z","physicalMemoryBytes":24879906816,"availableMemoryBytes":15325191500,"percentageMemoryUsage":38.4033,"totalSwapBytes":63998783488,"availableSwapBytes":62775827424},{"timestamp":"2020-05-03T09:30:00Z","physicalMemoryBytes":24879906816,"availableMemoryBytes":15352707990,"percentageMemoryUsage":38.2927,"totalSwapBytes":63998783488,"availableSwapBytes":62813878908},{"timestamp":"2020-05-02T09:30:00Z","physicalMemoryBytes":24879906816,"availableMemoryBytes":15302747124,"percentageMemoryUsage":38.4936,"totalSwapBytes":63998783488,"availableSwapBytes":62861544515},{"timestamp":"2020-05-01T09:30:00Z","physicalMemoryBytes":24879906816,"availableMemoryBytes":15259861419,"percentageMemoryUsage":38.6659,"totalSwapBytes":63998783488,"availableSwapBytes":62909884809},{"timestamp":"2020-04-30T09:30:00Z","physicalMemoryBytes":24879906816,"availableMemoryBytes":15220897996,"percentageMemoryUsage":38.8225,"totalSwapBytes":63998783488,"availableSwapBytes":62941591020},{"timestamp":"2020-04-29T09:30:00Z","physicalMemoryBytes":24879906816,"availableMemoryBytes":15280198741,"percentageMemoryUsage":38.5842,"totalSwapBytes":63998783488,"availableSwapBytes":62963106925},{"timestamp":"2020-04-28T09:30:00Z","physicalMemoryBytes":24879906816,"availableMemoryBytes":15281827109,"percentageMemoryUsage":38.5776,"totalSwapBytes":63998783488,"availableSwapBytes":62997536924},{"timestamp":"2020-04-27T09:30:00Z","physicalMemoryBytes":24879906816,"availableMemoryBytes":15224082025,"percentageMemoryUsage":38.8097,"totalSwapBytes":63998783488,"availableSwapBytes":63058147553},{"timestamp":"2020-04-26T09:30:00Z","physicalMemoryBytes":24879906816,"availableMemoryBytes":15229452617,"percentageMemoryUsage":38.7881,"totalSwapBytes":63998783488,"availableSwapBytes":63093892605},{"timestamp":"2020-04-25T09:30:00Z","physicalMemoryBytes":24879906816,"availableMemoryBytes":15209746631,"percentageMemoryUsage":38.8673,"totalSwapBytes":63998783488,"availableSwapBytes":63122141456},{"timestamp":"2020-04-24T09:30:00Z","physicalMemoryBytes":24879906816,"availableMemoryBytes":15194215869,"percentageMemoryUsage":38.9298,"totalSwapBytes":63998783488,"availableSwapBytes":63148401465},{"timestamp":"2020-04-23T09:30:00Z","physicalMemoryBytes":24879906816,"availableMemoryBytes":15207531497,"percentageMemoryUsage":38.8763,"totalSwapBytes":63998783488,"availableSwapBytes":63175098650},{"timestamp":"2020-04-22T09:30:00Z","physicalMemoryBytes":24879906816,"availableMemoryBytes":15182740186,"percentageMemoryUsage":38.9759,"totalSwapBytes":63998783488,"availableSwapBytes":63215719629},{"timestamp":"2020-04-21T09:30:00Z","physicalMemoryBytes":24879906816,"availableMemoryBytes":15164505362,"percentageMemoryUsage":39.0492,"totalSwapBytes":63998783488,"availableSwapBytes":63268588696},{"timestamp":"2020-04-20T09:30:00Z","physicalMemoryBytes":24879906816,"availableMemoryBytes":15139506862,"percentageMemoryUsage":39.1497,"totalSwapBytes":63998783488,"availableSwapBytes":63292133588},{"timestamp":"2020-04-19T09:30:00Z","physicalMemoryBytes":24879906816,"availableMemoryBytes":15171977719,"percentageMemoryUsage":39.0192,"totalSwapBytes":63998783488,"availableSwapBytes":63295670907},{"timestamp":"2020-04-18T09:30:00Z","physicalMemoryBytes":24879906816,"availableMemoryBytes":15158279513,"percentageMemoryUsage":39.0742,"totalSwapBytes":63998783488,"availableSwapBytes":63318083193},{"timestamp":"2020-04-17T09:30:00Z","physicalMemoryBytes":24879906816,"availableMemoryBytes":15151514470,"percentageMemoryUsage":39.1014,"totalSwapBytes":63998783488,"availableSwapBytes":63345437470},{"timestamp":"2020-04-16T09:30:00Z","physicalMemoryBytes":24879906816,"availableMemoryBytes":15161339810,"percentageMemoryUsage":39.0619,"totalSwapBytes":63998783488,"availableSwapBytes":63374577912},{"timestamp":"2020-04-15T09:30:00Z","physicalMemoryBytes":24879906816,"availableMemoryBytes":15148217105,"percentageMemoryUsage":39.1147,"totalSwapBytes":63998783488,"availableSwapBytes":63406358399},{"timestamp":"2020-04-14T09:30:00Z","physicalMemoryBytes":24879906816,"availableMemoryBytes":15144511946,"percentageMemoryUsage":39.1295,"totalSwapBytes":63998783488,"availableSwapBytes":63438058063},{"timestamp":"2020-04-13T09:30:00Z","physicalMemoryBytes":24879906816,"availableMemoryBytes":15059041155,"percentageMemoryUsage":39.4731,"totalSwapBytes":63998783488,"availableSwapBytes":63516096951},{"timestamp":"2020-04-12T09:30:00Z","physicalMemoryBytes":24879906816,"availableMemoryBytes":15049253848,"percentageMemoryUsage":39.5124,"totalSwapBytes":63998783488,"availableSwapBytes":63564023200},{"timestamp":"2020-04-11T09:30:00Z","physicalMemoryBytes":24879906816,"availableMemoryBytes":15018528872,"percentageMemoryUsage":39.6359,"totalSwapBytes":63998783488,"availableSwapBytes":63603103151},{"timestamp":"2020-04-10T09:30:00Z","physicalMemoryBytes":24879906816,"availableMemoryBytes":15013677626,"percentageMemoryUsage":39.6554,"totalSwapBytes":63998783488,"availableSwapBytes":63637320665},{"timestamp":"2020-04-09T09:47:30Z","physicalMemoryBytes":23843244032,"availableMemoryBytes":14389285749,"percentageMemoryUsage":37.9984,"totalSwapBytes":61332167509,"availableSwapBytes":61015443474},{"timestamp":"2020-04-08T10:30:00Z","physicalMemoryBytes":24879906816,"availableMemoryBytes":14992999447,"percentageMemoryUsage":39.7385,"totalSwapBytes":63998783488,"availableSwapBytes":63704626563},{"timestamp":"2020-04-07T10:30:00Z","physicalMemoryBytes":24879906816,"availableMemoryBytes":14892607391,"percentageMemoryUsage":40.142,"totalSwapBytes":63998783488,"availableSwapBytes":63747470901},{"timestamp":"2020-04-06T10:30:00Z","physicalMemoryBytes":24879906816,"availableMemoryBytes":14669412219,"percentageMemoryUsage":41.0391,"totalSwapBytes":63998783488,"availableSwapBytes":63793884704},{"timestamp":"2020-04-05T10:30:00Z","physicalMemoryBytes":24879906816,"availableMemoryBytes":14651667324,"percentageMemoryUsage":41.1104,"totalSwapBytes":63998783488,"availableSwapBytes":63828006820},{"timestamp":"2020-04-04T10:30:00Z","physicalMemoryBytes":24879906816,"availableMemoryBytes":14663352207,"percentageMemoryUsage":41.0635,"totalSwapBytes":63998783488,"availableSwapBytes":63838276556},{"timestamp":"2020-04-03T10:30:00Z","physicalMemoryBytes":24879906816,"availableMemoryBytes":14681168449,"percentageMemoryUsage":40.9919,"totalSwapBytes":63998783488,"availableSwapBytes":63852742430},{"timestamp":"2020-04-02T10:30:00Z","physicalMemoryBytes":24879906816,"availableMemoryBytes":14699675391,"percentageMemoryUsage":40.9175,"totalSwapBytes":63998783488,"availableSwapBytes":63862332670},{"timestamp":"2020-04-01T10:30:00Z","physicalMemoryBytes":24879906816,"availableMemoryBytes":14709037650,"percentageMemoryUsage":40.8799,"totalSwapBytes":63998783488,"availableSwapBytes":63869169975},{"timestamp":"2020-03-31T10:30:00Z","physicalMemoryBytes":24879906816,"availableMemoryBytes":14683894748,"percentageMemoryUsage":40.9809,"totalSwapBytes":63998783488,"availableSwapBytes":63877516446},{"timestamp":"2020-03-30T10:30:00Z","physicalMemoryBytes":24879906816,"availableMemoryBytes":14566373032,"percentageMemoryUsage":41.4533,"totalSwapBytes":63998783488,"availableSwapBytes":63941288397},{"timestamp":"2020-03-29T10:30:00Z","physicalMemoryBytes":24879906816,"availableMemoryBytes":14579824528,"percentageMemoryUsage":41.3992,"totalSwapBytes":63998783488,"availableSwapBytes":63985078035},{"timestamp":"2020-03-28T10:30:00Z","physicalMemoryBytes":24879906816,"availableMemoryBytes":14644499481,"percentageMemoryUsage":41.1393,"totalSwapBytes":63998783488,"availableSwapBytes":63990247560},{"timestamp":"2020-03-27T10:30:00Z","physicalMemoryBytes":24879906816,"availableMemoryBytes":14725656646,"percentageMemoryUsage":40.8131,"totalSwapBytes":63998783488,"availableSwapBytes":63991969109},{"timestamp":"2020-03-26T10:30:00Z","physicalMemoryBytes":24879906816,"availableMemoryBytes":14821204546,"percentageMemoryUsage":40.429,"totalSwapBytes":63998783488,"availableSwapBytes":63995800622},{"timestamp":"2020-03-25T10:27:30Z","physicalMemoryBytes":24879906474,"availableMemoryBytes":15052553565,"percentageMemoryUsage":39.4992,"totalSwapBytes":63998783488,"availableSwapBytes":63994985159},{"timestamp":"2020-03-24T09:30:00Z","physicalMemoryBytes":24879898624,"availableMemoryBytes":15172876587,"percentageMemoryUsage":39.0155,"totalSwapBytes":63998783488,"availableSwapBytes":63815369147},{"timestamp":"2020-03-23T09:30:00Z","physicalMemoryBytes":24879898624,"availableMemoryBytes":15434912419,"percentageMemoryUsage":37.9623,"totalSwapBytes":63998783488,"availableSwapBytes":62041497645},{"timestamp":"2020-03-22T09:30:00Z","physicalMemoryBytes":24879898624,"availableMemoryBytes":15448490937,"percentageMemoryUsage":37.9077,"totalSwapBytes":63998783488,"availableSwapBytes":62055283537},{"timestamp":"2020-03-21T09:30:00Z","physicalMemoryBytes":24879898624,"availableMemoryBytes":15438490225,"percentageMemoryUsage":37.9479,"totalSwapBytes":63998783488,"availableSwapBytes":62066903995},{"timestamp":"2020-03-20T09:30:00Z","physicalMemoryBytes":24879898624,"availableMemoryBytes":15444121152,"percentageMemoryUsage":37.9253,"totalSwapBytes":63998783488,"availableSwapBytes":62082221093},{"timestamp":"2020-03-19T09:30:00Z","physicalMemoryBytes":24879898624,"availableMemoryBytes":15464125571,"percentageMemoryUsage":37.8449,"totalSwapBytes":63998783488,"availableSwapBytes":62094375822},{"timestamp":"2020-03-18T09:30:00Z","physicalMemoryBytes":24879898624,"availableMemoryBytes":15475309126,"percentageMemoryUsage":37.8,"totalSwapBytes":63998783488,"availableSwapBytes":62104428513},{"timestamp":"2020-03-17T09:30:00Z","physicalMemoryBytes":24879898624,"availableMemoryBytes":15480821200,"percentageMemoryUsage":37.7778,"totalSwapBytes":63998783488,"availableSwapBytes":62123104407},{"timestamp":"2020-03-16T09:30:00Z","physicalMemoryBytes":24879898624,"availableMemoryBytes":15428580907,"percentageMemoryUsage":37.9878,"totalSwapBytes":63998783488,"availableSwapBytes":62180099891},{"timestamp":"2020-03-15T09:30:00Z","physicalMemoryBytes":24879898624,"availableMemoryBytes":15427519335,"percentageMemoryUsage":37.992,"totalSwapBytes":63998783488,"availableSwapBytes":62217338069},{"timestamp":"2020-03-14T09:30:00Z","physicalMemoryBytes":24879898624,"availableMemoryBytes":15409880287,"percentageMemoryUsage":38.0629,"totalSwapBytes":63998783488,"availableSwapBytes":62244824690},{"timestamp":"2020-03-13T09:30:00Z","physicalMemoryBytes":24879898624,"availableMemoryBytes":15402666317,"percentageMemoryUsage":38.0919,"totalSwapBytes":63998783488,"availableSwapBytes":62270820389},{"timestamp":"2020-03-12T09:30:00Z","physicalMemoryBytes":24879898624,"availableMemoryBytes":15415454432,"percentageMemoryUsage":38.0405,"totalSwapBytes":63998783488,"availableSwapBytes":62295253615},{"timestamp":"2020-03-11T09:30:00Z","physicalMemoryBytes":24879898624,"availableMemoryBytes":15406056504,"percentageMemoryUsage":38.0783,"totalSwapBytes":63998783488,"availableSwapBytes":62320310332},{"timestamp":"2020-03-10T09:30:00Z","physicalMemoryBytes":24879898624,"availableMemoryBytes":15412222677,"percentageMemoryUsage":38.0535,"totalSwapBytes":63998783488,"availableSwapBytes":62346712617},{"timestamp":"2020-03-09T09:30:00Z","physicalMemoryBytes":24879898624,"availableMemoryBytes":15368143595,"percentageMemoryUsage":38.2307,"totalSwapBytes":63998783488,"availableSwapBytes":62394024208},{"timestamp":"2020-03-08T09:42:30Z","physicalMemoryBytes":23843236181,"availableMemoryBytes":14737463430,"percentageMemoryUsage":36.5989,"totalSwapBytes":61332167509,"availableSwapBytes":59821632583},{"timestamp":"2020-03-07T10:30:00Z","physicalMemoryBytes":23843236181,"availableMemoryBytes":14706851296,"percentageMemoryUsage":36.722,"totalSwapBytes":61332167509,"availableSwapBytes":59852718487}],"numMembers":365}
