{"members":[{"timestamp":"2021-03-02T21:30:00Z","physicalMemoryBytes":16424194048,"availableMemoryBytes":6375437675,"percentageMemoryUsage":61.1826,"totalSwapBytes":63998783488,"availableSwapBytes":61667511955},{"timestamp":"2021-03-01T21:30:00Z","physicalMemoryBytes":16424194048,"availableMemoryBytes":6360933158,"percentageMemoryUsage":61.271,"totalSwapBytes":63998783488,"availableSwapBytes":61703156286},{"timestamp":"2021-02-28T21:30:00Z","physicalMemoryBytes":16424194048,"availableMemoryBytes":6336402410,"percentageMemoryUsage":61.4203,"totalSwapBytes":63998783488,"availableSwapBytes":61740471910},{"timestamp":"2021-02-27T21:30:00Z","physicalMemoryBytes":16424194048,"availableMemoryBytes":6315922123,"percentageMemoryUsage":61.545,"totalSwapBytes":63998783488,"availableSwapBytes":61758012634},{"timestamp":"2021-02-26T21:30:00Z","physicalMemoryBytes":16424194048,"availableMemoryBytes":6334356172,"percentageMemoryUsage":61.4328,"totalSwapBytes":63998783488,"availableSwapBytes":61764588073},{"timestamp":"2021-02-25T21:30:00Z","physicalMemoryBytes":16424194048,"availableMemoryBytes":6332978314,"percentageMemoryUsage":61.4412,"totalSwapBytes":63998783488,"availableSwapBytes":61767645323},{"timestamp":"2021-02-24T21:30:00Z","physicalMemoryBytes":16424194048,"availableMemoryBytes":6363914440,"percentageMemoryUsage":61.2528,"totalSwapBytes":63998783488,"availableSwapBytes":61759875608},{"timestamp":"2021-02-23T21:30:00Z","physicalMemoryBytes":16424194048,"availableMemoryBytes":6416367072,"percentageMemoryUsage":60.9334,"totalSwapBytes":63998783488,"availableSwapBytes":61733654923},{"timestamp":"2021-02-22T21:30:00Z","physicalMemoryBytes":16424194048,"availableMemoryBytes":6479110241,"percentageMemoryUsage":60.5514,"totalSwapBytes":63998783488,"availableSwapBytes":61692174490},{"timestamp":"2021-02-21T21:30:00Z","physicalMemoryBytes":16424194048,"availableMemoryBytes":6485202321,"percentageMemoryUsage":60.5143,"totalSwapBytes":63998783488,"availableSwapBytes":61698633159},{"timestamp":"2021-02-20T21:30:00Z","physicalMemoryBytes":16424194048,"availableMemoryBytes":6497469855,"percentageMemoryUsage":60.4396,"totalSwapBytes":63998783488,"availableSwapBytes":61704922770},{"timestamp":"2021-02-19T21:30:00Z","physicalMemoryBytes":16424194048,"availableMemoryBytes":6522261961,"percentageMemoryUsage":60.2887,"totalSwapBytes":63998783488,"availableSwapBytes":61699582453},{"timestamp":"2021-02-18T21:30:00Z","physicalMemoryBytes":16424194048,"availableMemoryBytes":6542640200,"percentageMemoryUsage":60.1646,"totalSwapBytes":63998783488,"availableSwapBytes":61696650866},{"timestamp":"2021-02-17T21:30:00Z","physicalMemoryBytes":16424194048,"availableMemoryBytes":6555165505,"percentageMemoryUsage":60.0884,"totalSwapBytes":63998783488,"availableSwapBytes":61692695592},{"timestamp":"2021-02-16T21:30:00Z","physicalMemoryBytes":16424194048,"availableMemoryBytes":6584772774,"percentageMemoryUsage":59.9081,"totalSwapBytes":63998783488,"availableSwapBytes":61689509569},{"timestamp":"2021-02-15T21:30:00Z","physicalMemoryBytes":16424194048,"availableMemoryBytes":6599816953,"percentageMemoryUsage":59.8165,"totalSwapBytes":63998783488,"availableSwapBytes":61689991407},{"timestamp":"2021-02-14T21:30:00Z","physicalMemoryBytes":16424194048,"availableMemoryBytes":6621659715,"percentageMemoryUsage":59.6835,"totalSwapBytes":63998783488,"availableSwapBytes":61687733740},{"timestamp":"2021-02-13T21:30:00Z","physicalMemoryBytes":16424194048,"availableMemoryBytes":6637168574,"percentageMemoryUsage":59.5891,"totalSwapBytes":63998783488,"availableSwapBytes":61684491665},{"timestamp":"2021-02-12T21:30:00Z","physicalMemoryBytes":16424194048,"availableMemoryBytes":6661352658,"percentageMemoryUsage":59.4418,"totalSwapBytes":63998783488,"availableSwapBytes":61679175239},{"timestamp":"2021-02-11T21:30:00Z","physicalMemoryBytes":16424194048,"availableMemoryBytes":6668204127,"percentageMemoryUsage":59.4001,"totalSwapBytes":63998783488,"availableSwapBytes":61680107231},{"timestamp":"2021-02-10T21:30:00Z","physicalMemoryBytes":16424194048,"availableMemoryBytes":6703044104,"percentageMemoryUsage":59.188,"totalSwapBytes":63998783488,"availableSwapBytes":61683130549},{"timestamp":"2021-02-09T21:30:00Z","physicalMemoryBytes":16424194048,"availableMemoryBytes":6730837633,"percentageMemoryUsage":59.0188,"totalSwapBytes":63998783488,"availableSwapBytes":61680055591},{"timestamp":"2021-02-08T21:30:00Z","physicalMemoryBytes":16424194048,"availableMemoryBytes":6758063903,"percentageMemoryUsage":58.853,"totalSwapBytes":63998783488,"availableSwapBytes":61681712817},{"timestamp":"2021-02-07T21:30:00Z","physicalMemoryBytes":16424194048,"availableMemoryBytes":6767269379,"percentageMemoryUsage":58.7969,"totalSwapBytes":63998783488,"availableSwapBytes":61682690775},{"timestamp":"2021-02-06T21:30:00Z","physicalMemoryBytes":16424194048,"availableMemoryBytes":6779096918,"percentageMemoryUsage":58.7249,"totalSwapBytes":63998783488,"availableSwapBytes":61681342994},{"timestamp":"2021-02-05T21:30:00Z","physicalMemoryBytes":16424194048,"availableMemoryBytes":6767733301,"percentageMemoryUsage":58.7941,"totalSwapBytes":63998783488,"availableSwapBytes":61676184698},{"timestamp":"2021-02-04T21:30:00Z","physicalMemoryBytes":16424194048,"availableMemoryBytes":6777391819,"percentageMemoryUsage":58.7353,"totalSwapBytes":63998783488,"availableSwapBytes":61670605639},{"timestamp":"2021-02-03T21:30:00Z","physicalMemoryBytes":16424194048,"availableMemoryBytes":6778362599,"percentageMemoryUsage":58.7294,"totalSwapBytes":63998783488,"availableSwapBytes":61669360511},{"timestamp":"2021-02-02T21:30:00Z","physicalMemoryBytes":16424194048,"availableMemoryBytes":6728942896,"percentageMemoryUsage":59.0303,"totalSwapBytes":63998783488,"availableSwapBytes":61663841134},{"timestamp":"2021-02-01T21:30:00Z","physicalMemoryBytes":16424194048,"availableMemoryBytes":6909842400,"percentageMemoryUsage":57.9289,"totalSwapBytes":63998783488,"availableSwapBytes":61666142586},{"timestamp":"2021-01-31T21:30:00Z","physicalMemoryBytes":16424194048,"availableMemoryBytes":6902031832,"percentageMemoryUsage":57.9764,"totalSwapBytes":63998783488,"availableSwapBytes":61681490662},{"timestamp":"2021-01-30T21:30:00Z","physicalMemoryBytes":16424194048,"availableMemoryBytes":6913453179,"percentageMemoryUsage":57.9069,"totalSwapBytes":63998783488,"availableSwapBytes":61682935200},{"timestamp":"2021-01-29T21:30:00Z","physicalMemoryBytes":16424194048,"availableMemoryBytes":6916181842,"percentageMemoryUsage":57.8903,"totalSwapBytes":63998783488,"availableSwapBytes":61680056714},{"timestamp":"2021-01-28T21:30:00Z","physicalMemoryBytes":16424194048,"availableMemoryBytes":6968330303,"percentageMemoryUsage":57.5728,"totalSwapBytes":63998783488,"availableSwapBytes":61678826535},{"timestamp":"2021-01-27T21:30:00Z","physicalMemoryBytes":16424194048,"availableMemoryBytes":6993716780,"percentageMemoryUsage":57.4182,"totalSwapBytes":63998783488,"availableSwapBytes":61679086806},{"timestamp":"2021-01-26T21:30:00Z","physicalMemoryBytes":16424194048,"availableMemoryBytes":7016747424,"percentageMemoryUsage":57.278,"totalSwapBytes":63998783488,"availableSwapBytes":61677987711},{"timestamp":"2021-01-25T21:30:00Z","physicalMemoryBytes":16424194048,"availableMemoryBytes":7042663212,"percentageMemoryUsage":57.1202,"totalSwapBytes":63998783488,"availableSwapBytes":61678955172},{"timestamp":"2021-01-24T21:30:00Z","physicalMemoryBytes":16424194048,"availableMemoryBytes":7048264877,"percentageMemoryUsage":57.0861,"totalSwapBytes":63998783488,"availableSwapBytes":61683872796},{"timestamp":"2021-01-23T21:30:00Z","physicalMemoryBytes":16424194048,"availableMemoryBytes":7061258263,"percentageMemoryUsage":57.007,"totalSwapBytes":63998783488,"availableSwapBytes":61687697699},{"timestamp":"2021-01-22T21:30:00Z","physicalMemoryBytes":16424194048,"availableMemoryBytes":7067444155,"percentageMemoryUsage":56.9693,"totalSwapBytes":63998783488,"availableSwapBytes":61682570292},{"timestamp":"2021-01-21T21:30:00Z","physicalMemoryBytes":16424194048,"availableMemoryBytes":7113523702,"percentageMemoryUsage":56.6888,"totalSwapBytes":63998783488,"availableSwapBytes":61681965790},{"timestamp":"2021-01-20T21:30:00Z","physicalMemoryBytes":16424194048,"availableMemoryBytes":7131623339,"percentageMemoryUsage":56.5785,"totalSwapBytes":63998783488,"availableSwapBytes":61680414890},{"timestamp":"2021-01-19T21:30:00Z","physicalMemoryBytes":16424194048,"availableMemoryBytes":7160631032,"percentageMemoryUsage":56.4019,"totalSwapBytes":63998783488,"availableSwapBytes":61679780674},{"timestamp":"2021-01-18T21:30:00Z","physicalMemoryBytes":16424194048,"availableMemoryBytes":7186334640,"percentageMemoryUsage":56.2454,"totalSwapBytes":63998783488,"availableSwapBytes":61683179277},{"timestamp":"2021-01-17T21:30:00Z","physicalMemoryBytes":16424194048,"availableMemoryBytes":7196673900,"percentageMemoryUsage":56.1825,"totalSwapBytes":63998783488,"availableSwapBytes":61689658404},{"timestamp":"2021-01-16T21:30:00Z","physicalMemoryBytes":16424194048,"availableMemoryBytes":7213031385,"percentageMemoryUsage":56.0829,"totalSwapBytes":63998783488,"availableSwapBytes":61689669874},{"timestamp":"2021-01-15T21:30:00Z","physicalMemoryBytes":16424194048,"availableMemoryBytes":7208342876,"percentageMemoryUsage":56.1114,"totalSwapBytes":63998783488,"availableSwapBytes":61688512238},{"timestamp":"2021-01-14T21:30:00Z","physicalMemoryBytes":16424194048,"availableMemoryBytes":7235684169,"percentageMemoryUsage":55.945,"totalSwapBytes":63998783488,"availableSwapBytes":61694486178},{"timestamp":"2021-01-13T21:30:00Z","physicalMemoryBytes":16424194048,"availableMemoryBytes":7093843694,"percentageMemoryUsage":56.8086,"totalSwapBytes":63998783488,"availableSwapBytes":61700866775},{"timestamp":"2021-01-12T21:30:00Z","physicalMemoryBytes":16424194048,"availableMemoryBytes":7114934954,"percentageMemoryUsage":56.6802,"totalSwapBytes":63998783488,"availableSwapBytes":61710738789},{"timestamp":"2021-01-11T21:30:00Z","physicalMemoryBytes":16424194048,"availableMemoryBytes":7296655056,"percentageMemoryUsage":55.5737,"totalSwapBytes":63998783488,"availableSwapBytes":61719998432},{"timestamp":"2021-01-10T21:30:00Z","physicalMemoryBytes":16424194048,"availableMemoryBytes":7302907050,"percentageMemoryUsage":55.5357,"totalSwapBytes":63998783488,"availableSwapBytes":61728995615},{"timestamp":"2021-01-09T21:30:00Z","physicalMemoryBytes":16424194048,"availableMemoryBytes":7310366030,"percentageMemoryUsage":55.4903,"totalSwapBytes":63998783488,"availableSwapBytes":61735245930},{"timestamp":"2021-01-08T21:30:00Z","physicalMemoryBytes":16424194048,"availableMemoryBytes":7318986234,"percentageMemoryUsage":55.4378,"totalSwapBytes":63998783488,"availableSwapBytes":61742999748},{"timestamp":"2021-01-07T21:30:00Z","physicalMemoryBytes":16424194048,"availableMemoryBytes":7340714822,"percentageMemoryUsage":55.3055,"totalSwapBytes":63998783488,"availableSwapBytes":61755284502},{"timestamp":"2021-01-06T21:30:00Z","physicalMemoryBytes":16424194048,"availableMemoryBytes":7345476857,"percentageMemoryUsage":55.2765,"totalSwapBytes":63998783488,"availableSwapBytes":61771259053},{"timestamp":"2021-01-05T21:30:00Z","physicalMemoryBytes":16424194048,"availableMemoryBytes":7345068529,"percentageMemoryUsage":55.279,"totalSwapBytes":63998783488,"availableSwapBytes":61790394474},{"timestamp":"2021-01-04T21:30:00Z","physicalMemoryBytes":16424194048,"availableMemoryBytes":7353127657,"percentageMemoryUsage":55.2299,"totalSwapBytes":63998783488,"availableSwapBytes":61805954643},{"timestamp":"2021-01-03T21:30:00Z","physicalMemoryBytes":16424194048,"availableMemoryBytes":7332503464,"percentageMemoryUsage":55.3555,"totalSwapBytes":63998783488,"availableSwapBytes":61829615006},{"timestamp":"2021-01-02T21:30:00Z","physicalMemoryBytes":16424194048,"availableMemoryBytes":7333105349,"percentageMemoryUsage":55.3518,"totalSwapBytes":63998783488,"availableSwapBytes":61844867279},{"timestamp":"2021-01-01T21:30:00Z","physicalMemoryBytes":16424194048,"availableMemoryBytes":7331890127,"percentageMemoryUsage":55.3592,"totalSwapBytes":63998783488,"availableSwapBytes":61854784765},{"timestamp":"2020-12-31T21:30:00Z","physicalMemoryBytes":16424194048,"availableMemoryBytes":7360095860,"percentageMemoryUsage":55.1875,"totalSwapBytes":63998783488,"availableSwapBytes":61873518630},{"timestamp":"2020-12-30T21:30:00Z","physicalMemoryBytes":16424194048,"availableMemoryBytes":7360144011,"percentageMemoryUsage":55.1872,"totalSwapBytes":63998783488,"availableSwapBytes":61895890552},{"timestamp":"2020-12-29T21:30:00Z","physicalMemoryBytes":16424194048,"availableMemoryBytes":7353924142,"percentageMemoryUsage":55.2251,"totalSwapBytes":63998783488,"availableSwapBytes":61919996836},{"timestamp":"2020-12-28T21:30:00Z","physicalMemoryBytes":16424194048,"availableMemoryBytes":7348663783,"percentageMemoryUsage":55.2571,"totalSwapBytes":63998783488,"availableSwapBytes":61944178151},{"timestamp":"2020-12-27T21:30:00Z","physicalMemoryBytes":16424194048,"availableMemoryBytes":7348879933,"percentageMemoryUsage":55.2558,"totalSwapBytes":63998783488,"availableSwapBytes":61962092881},{"timestamp":"2020-12-26T21:30:00Z","physicalMemoryBytes":16424194048,"availableMemoryBytes":7351127956,"percentageMemoryUsage":55.2421,"totalSwapBytes":63998783488,"availableSwapBytes":61967771692},{"timestamp":"2020-12-25T21:30:00Z","physicalMemoryBytes":16424194048,"availableMemoryBytes":7279808530,"percentageMemoryUsage":55.6763,"totalSwapBytes":63998783488,"availableSwapBytes":61977644269},{"timestamp":"2020-12-24T21:30:00Z","physicalMemoryBytes":16424194048,"availableMemoryBytes":7218741904,"percentageMemoryUsage":56.0481,"totalSwapBytes":63998783488,"availableSwapBytes":61998672673},{"timestamp":"2020-12-23T21:30:00Z","physicalMemoryBytes":16424194048,"availableMemoryBytes":7232314792,"percentageMemoryUsage":55.9655,"totalSwapBytes":63998783488,"availableSwapBytes":62014312685},{"timestamp":"2020-12-22T21:30:00Z","physicalMemoryBytes":16424194048,"availableMemoryBytes":7122088671,"percentageMemoryUsage":56.6366,"totalSwapBytes":63998783488,"availableSwapBytes":62026843062},{"timestamp":"2020-12-21T21:30:00Z","physicalMemoryBytes":16424194048,"availableMemoryBytes":7380310433,"percentageMemoryUsage":55.0644,"totalSwapBytes":63998783488,"availableSwapBytes":62048775561},{"timestamp":"2020-12-20T21:30:00Z","physicalMemoryBytes":16424194048,"availableMemoryBytes":7361749949,"percentageMemoryUsage":55.1774,"totalSwapBytes":63998783488,"availableSwapBytes":62079547728},{"timestamp":"2020-12-19T21:30:00Z","physicalMemoryBytes":16424194048,"availableMemoryBytes":7361457072,"percentageMemoryUsage":55.1792,"totalSwapBytes":63998783488,"availableSwapBytes":62097287088},{"timestamp":"2020-12-18T21:30:00Z","physicalMemoryBytes":16424194048,"availableMemoryBytes":7361853694,"percentageMemoryUsage":55.1768,"totalSwapBytes":63998783488,"availableSwapBytes":62104719655},{"timestamp":"2020-12-17T21:30:00Z","physicalMemoryBytes":16424194048,"availableMemoryBytes":7343871224,"percentageMemoryUsage":55.2863,"totalSwapBytes":63998783488,"availableSwapBytes":62114098819},{"timestamp":"2020-12-16T21:30:00Z","physicalMemoryBytes":16424194048,"availableMemoryBytes":7239568210,"percentageMemoryUsage":55.9213,"totalSwapBytes":63998783488,"availableSwapBytes":62144246054},{"timestamp":"2020-12-15T21:30:00Z","physicalMemoryBytes":16424194048,"availableMemoryBytes":7134665603,"percentageMemoryUsage":56.56,"totalSwapBytes":63998783488,"availableSwapBytes":62179706069},{"timestamp":"2020-12-14T21:30:00Z","physicalMemoryBytes":16424194048,"availableMemoryBytes":7353414413,"percentageMemoryUsage":55.2282,"totalSwapBytes":63998783488,"availableSwapBytes":62216232017},{"timestamp":"2020-12-13T21:30:00Z","physicalMemoryBytes":16424194048,"availableMemoryBytes":7336166217,"percentageMemoryUsage":55.3332,"totalSwapBytes":63998783488,"availableSwapBytes":62242692418},{"timestamp":"2020-12-12T21:30:00Z","physicalMemoryBytes":16424194048,"availableMemoryBytes":7335371566,"percentageMemoryUsage":55.338,"totalSwapBytes":63998783488,"availableSwapBytes":62261340511},{"timestamp":"2020-12-11T21:30:00Z","physicalMemoryBytes":16424194048,"availableMemoryBytes":7325674980,"percentageMemoryUsage":55.3971,"totalSwapBytes":63998783488,"availableSwapBytes":62270648592},{"timestamp":"2020-12-10T21:30:00Z","physicalMemoryBytes":16424194048,"availableMemoryBytes":7359729734,"percentageMemoryUsage":55.1897,"totalSwapBytes":63998783488,"availableSwapBytes":62273363298},{"timestamp":"2020-12-09T21:30:00Z","physicalMemoryBytes":16424194048,"availableMemoryBytes":7365629813,"percentageMemoryUsage":55.1538,"totalSwapBytes":63998783488,"availableSwapBytes":62286444630},{"timestamp":"2020-12-08T21:30:00Z","physicalMemoryBytes":16424194048,"availableMemoryBytes":7368639219,"percentageMemoryUsage":55.1355,"totalSwapBytes":63998783488,"availableSwapBytes":62306748967},{"timestamp":"2020-12-07T21:30:00Z","physicalMemoryBytes":16424194048,"availableMemoryBytes":7354008268,"percentageMemoryUsage":55.2245,"totalSwapBytes":63998783488,"availableSwapBytes":62343364732},{"timestamp":"2020-12-06T21:30:00Z","physicalMemoryBytes":16424194048,"availableMemoryBytes":7328662526,"percentageMemoryUsage":55.3789,"totalSwapBytes":63998783488,"availableSwapBytes":62383096670},{"timestamp":"2020-12-05T21:30:00Z","physicalMemoryBytes":16424194048,"availableMemoryBytes":7310687478,"percentageMemoryUsage":55.4883,"totalSwapBytes":63998783488,"availableSwapBytes":62415778103},{"timestamp":"2020-12-04T21:30:00Z","physicalMemoryBytes":16424194048,"availableMemoryBytes":7303239578,"percentageMemoryUsage":55.5337,"totalSwapBytes":63998783488,"availableSwapBytes":62428006528},{"timestamp":"2020-12-03T21:30:00Z","physicalMemoryBytes":16424194048,"availableMemoryBytes":7318283081,"percentageMemoryUsage":55.4421,"totalSwapBytes":63998783488,"availableSwapBytes":62454107625},{"timestamp":"2020-12-02T21:30:00Z","physicalMemoryBytes":16424194048,"availableMemoryBytes":7317393081,"percentageMemoryUsage":55.4475,"totalSwapBytes":63998783488,"availableSwapBytes":62471181319},{"timestamp":"2020-12-01T21:30:00Z","physicalMemoryBytes":16424194048,"availableMemoryBytes":7300118403,"percentageMemoryUsage":55.5527,"totalSwapBytes":63998783488,"availableSwapBytes":62507648258},{"timestamp":"2020-11-30T21:30:00Z","physicalMemoryBytes":16424194048,"availableMemoryBytes":7292921215,"percentageMemoryUsage":55.5965,"totalSwapBytes":63998783488,"availableSwapBytes":62534141801},{"timestamp":"2020-11-29T21:30:00Z","physicalMemoryBytes":16424194048,"availableMemoryBytes":7303823062,"percentageMemoryUsage":55.5301,"totalSwapBytes":63998783488,"availableSwapBytes":62544770029},{"timestamp":"2020-11-28T21:30:00Z","physicalMemoryBytes":16424194048,"availableMemoryBytes":7307741152,"percentageMemoryUsage":55.5062,"totalSwapBytes":63998783488,"availableSwapBytes":62554352404},{"timestamp":"2020-11-27T21:30:00Z","physicalMemoryBytes":16424194048,"availableMemoryBytes":7313203839,"percentageMemoryUsage":55.473,"totalSwapBytes":63998783488,"availableSwapBytes":62556070084},{"timestamp":"2020-11-26T21:30:00Z","physicalMemoryBytes":16424194048,"availableMemoryBytes":7347104840,"percentageMemoryUsage":55.2666,"totalSwapBytes":63998783488,"availableSwapBytes":62558127069},{"timestamp":"2020-11-25T21:30:00Z","physicalMemoryBytes":16424194048,"availableMemoryBytes":7364648531,"percentageMemoryUsage":55.1598,"totalSwapBytes":63998783488,"availableSwapBytes":62560722651},{"timestamp":"2020-11-24T22:30:00Z","physicalMemoryBytes":15739852629,"availableMemoryBytes":7070426702,"percentageMemoryUsage":52.7845,"totalSwapBytes":61332167509,"availableSwapBytes":59958563564},{"timestamp":"2020-11-23T22:30:00Z","physicalMemoryBytes":16424194048,"availableMemoryBytes":7357236206,"percentageMemoryUsage":55.2049,"totalSwapBytes":63998783488,"availableSwapBytes":62602771209},{"timestamp":"2020-11-22T22:30:00Z","physicalMemoryBytes":16424194048,"availableMemoryBytes":7338801124,"percentageMemoryUsage":55.3171,"totalSwapBytes":63998783488,"availableSwapBytes":62638989447},{"timestamp":"2020-11-21T22:30:00Z","physicalMemoryBytes":16424194048,"availableMemoryBytes":7325061498,"percentageMemoryUsage":55.4008,"totalSwapBytes":63998783488,"availableSwapBytes":62667180725},{"timestamp":"2020-11-20T22:30:00Z","physicalMemoryBytes":16424194048,"availableMemoryBytes":7315016273,"percentageMemoryUsage":55.4619,"totalSwapBytes":63998783488,"availableSwapBytes":62677298720},{"timestamp":"2020-11-19T22:30:00Z","physicalMemoryBytes":16424194048,"availableMemoryBytes":7267098355,"percentageMemoryUsage":55.7537,"totalSwapBytes":63998783488,"availableSwapBytes":62681320515},{"timestamp":"2020-11-18T22:30:00Z","physicalMemoryBytes":16424194048,"availableMemoryBytes":7158048949,"percentageMemoryUsage":56.4177,"totalSwapBytes":63998783488,"availableSwapBytes":62694824529},{"timestamp":"2020-11-17T22:30:00Z","physicalMemoryBytes":16424194048,"availableMemoryBytes":7119689682,"percentageMemoryUsage":56.6512,"totalSwapBytes":63998783488,"availableSwapBytes":62718000729},{"timestamp":"2020-11-16T22:30:00Z","physicalMemoryBytes":16424194048,"availableMemoryBytes":7327305508,"percentageMemoryUsage":55.3871,"totalSwapBytes":63998783488,"availableSwapBytes":62765708046},{"timestamp":"2020-11-15T22:30:00Z","physicalMemoryBytes":16424194048,"availableMemoryBytes":7284123420,"percentageMemoryUsage":55.65,"totalSwapBytes":63998783488,"availableSwapBytes":62827886984},{"timestamp":"2020-11-14T22:30:00Z","physicalMemoryBytes":16424194048,"availableMemoryBytes":7256641639,"percentageMemoryUsage":55.8174,"totalSwapBytes":63998783488,"availableSwapBytes":62873885525},{"timestamp":"2020-11-13T22:30:00Z","physicalMemoryBytes":16424194048,"availableMemoryBytes":7251545433,"percentageMemoryUsage":55.8484,"totalSwapBytes":63998783488,"availableSwapBytes":62886778092},{"timestamp":"2020-11-12T22:30:00Z","physicalMemoryBytes":16424194048,"availableMemoryBytes":7264036147,"percentageMemoryUsage":55.7723,"totalSwapBytes":63998783488,"availableSwapBytes":62915622659},{"timestamp":"2020-11-11T22:30:00Z","physicalMemoryBytes":16424194048,"availableMemoryBytes":7228342680,"percentageMemoryUsage":55.9897,"totalSwapBytes":63998783488,"availableSwapBytes":62924474575},{"timestamp":"2020-11-10T22:30:00Z","physicalMemoryBytes":16424194048,"availableMemoryBytes":7033786684,"percentageMemoryUsage":57.1742,"totalSwapBytes":63998783488,"availableSwapBytes":62933093573},{"timestamp":"2020-11-09T22:30:00Z","physicalMemoryBytes":16424194048,"availableMemoryBytes":7281189915,"percentageMemoryUsage":55.6679,"totalSwapBytes":63998783488,"availableSwapBytes":62957423653},{"timestamp":"2020-11-08T22:30:00Z","physicalMemoryBytes":16424194048,"availableMemoryBytes":7251069373,"percentageMemoryUsage":55.8513,"totalSwapBytes":63998783488,"availableSwapBytes":62999890040},{"timestamp":"2020-11-07T22:30:00Z","physicalMemoryBytes":16424194048,"availableMemoryBytes":7241252243,"percentageMemoryUsage":55.9111,"totalSwapBytes":63998783488,"availableSwapBytes":63027727867},{"timestamp":"2020-11-06T22:30:00Z","physicalMemoryBytes":16424194048,"availableMemoryBytes":7239358657,"percentageMemoryUsage":55.9226,"totalSwapBytes":63998783488,"availableSwapBytes":63033879361},{"timestamp":"2020-11-05T22:30:00Z","physicalMemoryBytes":16424194048,"availableMemoryBytes":7275122432,"percentageMemoryUsage":55.7048,"totalSwapBytes":63998783488,"availableSwapBytes":63035130962},{"timestamp":"2020-11-04T22:30:00Z","physicalMemoryBytes":16424194048,"availableMemoryBytes":7305512796,"percentageMemoryUsage":55.5198,"totalSwapBytes":63998783488,"availableSwapBytes":63036798990},{"timestamp":"2020-11-03T22:30:00Z","physicalMemoryBytes":16424194048,"availableMemoryBytes":7335481071,"percentageMemoryUsage":55.3373,"totalSwapBytes":63998783488,"availableSwapBytes":63049738209},{"timestamp":"2020-11-02T22:30:00Z","physicalMemoryBytes":16424194048,"availableMemoryBytes":7339534213,"percentageMemoryUsage":55.3127,"totalSwapBytes":63998783488,"availableSwapBytes":63066059145},{"timestamp":"2020-11-01T23:00:00Z","physicalMemoryBytes":16424194048,"availableMemoryBytes":7340697290,"percentageMemoryUsage":55.3056,"totalSwapBytes":63998783488,"availableSwapBytes":63082345221},{"timestamp":"2020-10-31T23:30:00Z","physicalMemoryBytes":16424194048,"availableMemoryBytes":7348915271,"percentageMemoryUsage":55.2556,"totalSwapBytes":63998783488,"availableSwapBytes":63092309728},{"timestamp":"2020-10-30T23:30:00Z","physicalMemoryBytes":16424194048,"availableMemoryBytes":7355047352,"percentageMemoryUsage":55.2182,"totalSwapBytes":63998783488,"availableSwapBytes":63092571931},{"timestamp":"2020-10-29T23:30:00Z","physicalMemoryBytes":16424194048,"availableMemoryBytes":7396031557,"percentageMemoryUsage":54.9687,"totalSwapBytes":63998783488,"availableSwapBytes":63092880589},{"timestamp":"2020-10-28T23:30:00Z","physicalMemoryBytes":16424194048,"availableMemoryBytes":7410293048,"percentageMemoryUsage":54.8818,"totalSwapBytes":63998783488,"availableSwapBytes":63098172043},{"timestamp":"2020-10-27T23:30:00Z","physicalMemoryBytes":16424194048,"availableMemoryBytes":7433173430,"percentageMemoryUsage":54.7425,"totalSwapBytes":63998783488,"availableSwapBytes":63098840021},{"timestamp":"2020-10-26T23:30:00Z","physicalMemoryBytes":16424194048,"availableMemoryBytes":7416492473,"percentageMemoryUsage":54.8441,"totalSwapBytes":63998783488,"availableSwapBytes":63135177948},{"timestamp":"2020-10-25T23:30:00Z","physicalMemoryBytes":16424194048,"availableMemoryBytes":7395768239,"percentageMemoryUsage":54.9703,"totalSwapBytes":63998783488,"availableSwapBytes":63169293765},{"timestamp":"2020-10-24T23:30:00Z","physicalMemoryBytes":16424194048,"availableMemoryBytes":7400258558,"percentageMemoryUsage":54.9429,"totalSwapBytes":63998783488,"availableSwapBytes":63189046406},{"timestamp":"2020-10-23T23:30:00Z","physicalMemoryBytes":16424194048,"availableMemoryBytes":7413293143,"percentageMemoryUsage":54.8636,"totalSwapBytes":63998783488,"availableSwapBytes":63187815779},{"timestamp":"2020-10-22T23:30:00Z","physicalMemoryBytes":16424194048,"availableMemoryBytes":7453284043,"percentageMemoryUsage":54.6201,"totalSwapBytes":63998783488,"availableSwapBytes":63184804910},{"timestamp":"2020-10-21T23:30:00Z","physicalMemoryBytes":16424194048,"availableMemoryBytes":7471562346,"percentageMemoryUsage":54.5088,"totalSwapBytes":63998783488,"availableSwapBytes":63185423167},{"timestamp":"2020-10-20T23:30:00Z","physicalMemoryBytes":16424194048,"availableMemoryBytes":7472139979,"percentageMemoryUsage":54.5053,"totalSwapBytes":63998783488,"availableSwapBytes":63214152704},{"timestamp":"2020-10-19T23:30:00Z","physicalMemoryBytes":16424194048,"availableMemoryBytes":7459413694,"percentageMemoryUsage":54.5828,"totalSwapBytes":63998783488,"availableSwapBytes":63239905581},{"timestamp":"2020-10-18T23:30:00Z","physicalMemoryBytes":16424194048,"availableMemoryBytes":7439152030,"percentageMemoryUsage":54.7061,"totalSwapBytes":63998783488,"availableSwapBytes":63272119212},{"timestamp":"2020-10-17T23:30:00Z","physicalMemoryBytes":16424194048,"availableMemoryBytes":7334247798,"percentageMemoryUsage":55.3449,"totalSwapBytes":63998783488,"availableSwapBytes":63286571344},{"timestamp":"2020-10-16T23:30:00Z","physicalMemoryBytes":16424194048,"availableMemoryBytes":7083260560,"percentageMemoryUsage":56.873,"totalSwapBytes":63998783488,"availableSwapBytes":63290146003},{"timestamp":"2020-10-15T23:30:00Z","physicalMemoryBytes":16424194048,"availableMemoryBytes":7073436566,"percentageMemoryUsage":56.9328,"totalSwapBytes":63998783488,"availableSwapBytes":63298309781},{"timestamp":"2020-10-14T23:30:00Z","physicalMemoryBytes":16424194048,"availableMemoryBytes":6892740377,"percentageMemoryUsage":58.033,"totalSwapBytes":63998783488,"availableSwapBytes":63303563386},{"timestamp":"2020-10-13T23:30:00Z","physicalMemoryBytes":16424194048,"availableMemoryBytes":6871254938,"percentageMemoryUsage":58.1638,"totalSwapBytes":63998783488,"availableSwapBytes":63321728871},{"timestamp":"2020-10-12T23:30:00Z","physicalMemoryBytes":16424194048,"availableMemoryBytes":7097972735,"percentageMemoryUsage":56.7834,"totalSwapBytes":63998783488,"availableSwapBytes":63386305934},{"timestamp":"2020-10-11T23:30:00Z","physicalMemoryBytes":16424194048,"availableMemoryBytes":7039039037,"percentageMemoryUsage":57.1423,"totalSwapBytes":63998783488,"availableSwapBytes":63472975924},{"timestamp":"2020-10-10T23:30:00Z","physicalMemoryBytes":16424194048,"availableMemoryBytes":6973358489,"percentageMemoryUsage":57.5422,"totalSwapBytes":63998783488,"availableSwapBytes":63557860943},{"timestamp":"2020-10-09T23:30:00Z","physicalMemoryBytes":16424194048,"availableMemoryBytes":6976061424,"percentageMemoryUsage":57.5257,"totalSwapBytes":63998783488,"availableSwapBytes":63577223745},{"timestamp":"2020-10-08T23:30:00Z","physicalMemoryBytes":16424194048,"availableMemoryBytes":6960194485,"percentageMemoryUsage":57.6223,"totalSwapBytes":63998783488,"availableSwapBytes":63644904519},{"timestamp":"2020-10-07T23:30:00Z","physicalMemoryBytes":16424194048,"availableMemoryBytes":6828661176,"percentageMemoryUsage":58.4232,"totalSwapBytes":63998783488,"availableSwapBytes":63738998265},{"timestamp":"2020-10-06T23:30:00Z","physicalMemoryBytes":16424194048,"availableMemoryBytes":6744581669,"percentageMemoryUsage":58.9351,"totalSwapBytes":63998783488,"availableSwapBytes":63793838500},{"timestamp":"2020-10-05T23:30:00Z","physicalMemoryBytes":16424194048,"availableMemoryBytes":6727211707,"percentageMemoryUsage":59.0408,"totalSwapBytes":63998783488,"availableSwapBytes":63844651364},{"timestamp":"2020-10-04T23:30:00Z","physicalMemoryBytes":16424194048,"availableMemoryBytes":6694432192,"percentageMemoryUsage":59.2404,"totalSwapBytes":63998783488,"availableSwapBytes":63931842902},{"timestamp":"2020-10-03T23:30:00Z","physicalMemoryBytes":16424194048,"availableMemoryBytes":6699717370,"percentageMemoryUsage":59.2082,"totalSwapBytes":63998783488,"availableSwapBytes":63978624524},{"timestamp":"2020-10-02T23:30:00Z","physicalMemoryBytes":16424194048,"availableMemoryBytes":6720753588,"percentageMemoryUsage":59.0802,"totalSwapBytes":63998783488,"availableSwapBytes":63986167725},{"timestamp":"2020-10-01T23:30:00Z","physicalMemoryBytes":16424194048,"availableMemoryBytes":6801371085,"percentageMemoryUsage":58.5893,"totalSwapBytes":63998783488,"availableSwapBytes":63995117995},{"timestamp":"2020-09-30T23:30:00Z","physicalMemoryBytes":16424194048,"availableMemoryBytes":6852493095,"percentageMemoryUsage":58.2781,"totalSwapBytes":63998783488,"availableSwapBytes":63996605944},{"timestamp":"2020-09-29T23:30:00Z","physicalMemoryBytes":15739852629,"availableMemoryBytes":6829730671,"percentageMemoryUsage":54.25,"totalSwapBytes":61332167509,"availableSwapBytes":61331891628},{"timestamp":"2020-09-28T22:30:00Z","physicalMemoryBytes":16424194048,"availableMemoryBytes":7110070754,"percentageMemoryUsage":56.7098,"totalSwapBytes":63998783488,"availableSwapBytes":62311582116},{"timestamp":"2020-09-27T22:30:00Z","physicalMemoryBytes":16424194048,"availableMemoryBytes":7091816140,"percentageMemoryUsage":56.8209,"totalSwapBytes":63998783488,"availableSwapBytes":62343550808},{"timestamp":"2020-09-26T22:30:00Z","physicalMemoryBytes":16424194048,"availableMemoryBytes":7091368279,"percentageMemoryUsage":56.8236,"totalSwapBytes":63998783488,"availableSwapBytes":62358393076},{"timestamp":"2020-09-25T22:30:00Z","physicalMemoryBytes":16424194048,"availableMemoryBytes":7099310539,"percentageMemoryUsage":56.7753,"totalSwapBytes":63998783488,"availableSwapBytes":62362065408},{"timestamp":"2020-09-24T22:30:00Z","physicalMemoryBytes":16424194048,"availableMemoryBytes":7119424640,"percentageMemoryUsage":56.6528,"totalSwapBytes":63998783488,"availableSwapBytes":62379267866},{"timestamp":"2020-09-23T22:30:00Z","physicalMemoryBytes":16424194048,"availableMemoryBytes":7105039394,"percentageMemoryUsage":56.7404,"totalSwapBytes":63998783488,"availableSwapBytes":62409157387},{"timestamp":"2020-09-22T22:30:00Z","physicalMemoryBytes":16424194048,"availableMemoryBytes":7089557055,"percentageMemoryUsage":56.8347,"totalSwapBytes":63998783488,"availableSwapBytes":62439797737},{"timestamp":"2020-09-21T22:30:00Z","physicalMemoryBytes":16424194048,"availableMemoryBytes":7084960683,"percentageMemoryUsage":56.8627,"totalSwapBytes":63998783488,"availableSwapBytes":62462957958},{"timestamp":"2020-09-20T22:30:00Z","physicalMemoryBytes":16424194048,"availableMemoryBytes":7060203402,"percentageMemoryUsage":57.0134,"totalSwapBytes":63998783488,"availableSwapBytes":62508265974},{"timestamp":"2020-09-19T22:30:00Z","physicalMemoryBytes":16424194048,"availableMemoryBytes":7044442759,"percentageMemoryUsage":57.1094,"totalSwapBytes":63998783488,"availableSwapBytes":62541728305},{"timestamp":"2020-09-18T22:30:00Z","physicalMemoryBytes":16424194048,"availableMemoryBytes":7047286794,"percentageMemoryUsage":57.092,"totalSwapBytes":63998783488,"availableSwapBytes":62555425005},{"timestamp":"2020-09-17T22:30:00Z","physicalMemoryBytes":16424194048,"availableMemoryBytes":7037659177,"percentageMemoryUsage":57.1507,"totalSwapBytes":63998783488,"availableSwapBytes":62594172568},{"timestamp":"2020-09-16T22:30:00Z","physicalMemoryBytes":16424194048,"availableMemoryBytes":7025741745,"percentageMemoryUsage":57.2232,"totalSwapBytes":63998783488,"availableSwapBytes":62627078865},{"timestamp":"2020-09-15T22:30:00Z","physicalMemoryBytes":16424194048,"availableMemoryBytes":7014416479,"percentageMemoryUsage":57.2922,"totalSwapBytes":63998783488,"availableSwapBytes":62660795817},{"timestamp":"2020-09-14T22:30:00Z","physicalMemoryBytes":16424194048,"availableMemoryBytes":6990984844,"percentageMemoryUsage":57.4348,"totalSwapBytes":63998783488,"availableSwapBytes":62703659030},{"timestamp":"2020-09-13T22:30:00Z","physicalMemoryBytes":16424194048,"availableMemoryBytes":6958114688,"percentageMemoryUsage":57.635,"totalSwapBytes":63998783488,"availableSwapBytes":62744375836},{"timestamp":"2020-09-12T22:30:00Z","physicalMemoryBytes":16424194048,"availableMemoryBytes":6944905189,"percentageMemoryUsage":57.7154,"totalSwapBytes":63998783488,"availableSwapBytes":62771082322},{"timestamp":"2020-09-11T22:30:00Z","physicalMemoryBytes":16424194048,"availableMemoryBytes":6933380904,"percentageMemoryUsage":57.7856,"totalSwapBytes":63998783488,"availableSwapBytes":62784644092},{"timestamp":"2020-09-10T22:30:00Z","physicalMemoryBytes":16424194048,"availableMemoryBytes":6949983406,"percentageMemoryUsage":57.6845,"totalSwapBytes":63998783488,"availableSwapBytes":62805365584},{"timestamp":"2020-09-09T22:30:00Z","physicalMemoryBytes":16424194048,"availableMemoryBytes":6952067224,"percentageMemoryUsage":57.6718,"totalSwapBytes":63998783488,"availableSwapBytes":62824881754},{"timestamp":"2020-09-08T22:30:00Z","physicalMemoryBytes":16424194048,"availableMemoryBytes":6961092761,"percentageMemoryUsage":57.6168,"totalSwapBytes":63998783488,"availableSwapBytes":62836875408},{"timestamp":"2020-09-07T22:30:00Z","physicalMemoryBytes":16424194048,"availableMemoryBytes":6977173980,"percentageMemoryUsage":57.5189,"totalSwapBytes":63998783488,"availableSwapBytes":62846597330},{"timestamp":"2020-09-06T22:30:00Z","physicalMemoryBytes":16424194048,"availableMemoryBytes":6946445114,"percentageMemoryUsage":57.706,"totalSwapBytes":63998783488,"availableSwapBytes":62894636108},{"timestamp":"2020-09-05T22:30:00Z","physicalMemoryBytes":16424194048,"availableMemoryBytes":6939486672,"percentageMemoryUsage":57.7484,"totalSwapBytes":63998783488,"availableSwapBytes":62922645753},{"timestamp":"2020-09-04T22:30:00Z","physicalMemoryBytes":16424194048,"availableMemoryBytes":6934901096,"percentageMemoryUsage":57.7763,"totalSwapBytes":63998783488,"availableSwapBytes":62933806678},{"timestamp":"2020-09-03T22:30:00Z","physicalMemoryBytes":16424194048,"availableMemoryBytes":6966652529,"percentageMemoryUsage":57.583,"totalSwapBytes":63998783488,"availableSwapBytes":62938951774},{"timestamp":"2020-09-02T22:30:00Z","physicalMemoryBytes":16424194048,"availableMemoryBytes":6975579989,"percentageMemoryUsage":57.5286,"totalSwapBytes":63998783488,"availableSwapBytes":62952495589},{"timestamp":"2020-09-01T22:30:00Z","physicalMemoryBytes":16424194048,"availableMemoryBytes":6969177545,"percentageMemoryUsage":57.5676,"totalSwapBytes":63998783488,"availableSwapBytes":62978365689},{"timestamp":"2020-08-31T22:30:00Z","physicalMemoryBytes":16424194048,"availableMemoryBytes":6959993653,"percentageMemoryUsage":57.6235,"totalSwapBytes":63998783488,"availableSwapBytes":63002134283},{"timestamp":"2020-08-30T22:30:00Z","physicalMemoryBytes":16424194048,"availableMemoryBytes":6942935146,"percentageMemoryUsage":57.7274,"totalSwapBytes":63998783488,"availableSwapBytes":63038188203},{"timestamp":"2020-08-29T22:30:00Z","physicalMemoryBytes":16424194048,"availableMemoryBytes":6943823577,"percentageMemoryUsage":57.722,"totalSwapBytes":63998783488,"availableSwapBytes":63057510039},{"timestamp":"2020-08-28T22:30:00Z","physicalMemoryBytes":16424194048,"availableMemoryBytes":6936239590,"percentageMemoryUsage":57.7682,"totalSwapBytes":63998783488,"availableSwapBytes":63063204703},{"timestamp":"2020-08-27T22:30:00Z","physicalMemoryBytes":16424194048,"availableMemoryBytes":6970927625,"percentageMemoryUsage":57.557,"totalSwapBytes":63998783488,"availableSwapBytes":63067285562},{"timestamp":"2020-08-26T22:30:00Z","physicalMemoryBytes":16424194048,"availableMemoryBytes":6986727082,"percentageMemoryUsage":57.4608,"totalSwapBytes":63998783488,"availableSwapBytes":63068033149},{"timestamp":"2020-08-25T22:30:00Z","physicalMemoryBytes":16424194048,"availableMemoryBytes":7001509932,"percentageMemoryUsage":57.3708,"totalSwapBytes":63998783488,"availableSwapBytes":63079498302},{"timestamp":"2020-08-24T22:30:00Z","physicalMemoryBytes":16424194048,"availableMemoryBytes":6996127608,"percentageMemoryUsage":57.4035,"totalSwapBytes":63998783488,"availableSwapBytes":63106406034},{"timestamp":"2020-08-23T22:30:00Z","physicalMemoryBytes":16424194048,"availableMemoryBytes":6981526853,"percentageMemoryUsage":57.4924,"totalSwapBytes":63998783488,"availableSwapBytes":63137840219},{"timestamp":"2020-08-22T22:30:00Z","physicalMemoryBytes":16424194048,"availableMemoryBytes":6987868783,"percentageMemoryUsage":57.4538,"totalSwapBytes":63998783488,"availableSwapBytes":63150661208},{"timestamp":"2020-08-21T22:30:00Z","physicalMemoryBytes":16424194048,"availableMemoryBytes":6985070340,"percentageMemoryUsage":57.4708,"totalSwapBytes":63998783488,"availableSwapBytes":63154436145},{"timestamp":"2020-08-20T22:30:00Z","physicalMemoryBytes":16424194048,"availableMemoryBytes":7017484243,"percentageMemoryUsage":57.2735,"totalSwapBytes":63998783488,"availableSwapBytes":63164214101},{"timestamp":"2020-08-19T22:30:00Z","physicalMemoryBytes":16424194048,"availableMemoryBytes":7018676090,"percentageMemoryUsage":57.2662,"totalSwapBytes":63998783488,"availableSwapBytes":63185956503},{"timestamp":"2020-08-18T22:30:00Z","physicalMemoryBytes":16424194048,"availableMemoryBytes":7023927785,"percentageMemoryUsage":57.2343,"totalSwapBytes":63998783488,"availableSwapBytes":63202318493},{"timestamp":"2020-08-17T22:30:00Z","physicalMemoryBytes":16424194048,"availableMemoryBytes":7021890622,"percentageMemoryUsage":57.2467,"totalSwapBytes":63998783488,"availableSwapBytes":63226387566},{"timestamp":"2020-08-16T22:30:00Z","physicalMemoryBytes":16424194048,"availableMemoryBytes":7008233730,"percentageMemoryUsage":57.3298,"totalSwapBytes":63998783488,"availableSwapBytes":63256677810},{"timestamp":"2020-08-15T22:30:00Z","physicalMemoryBytes":16424194048,"availableMemoryBytes":7014581184,"percentageMemoryUsage":57.2912,"totalSwapBytes":63998783488,"availableSwapBytes":63264294390},{"timestamp":"2020-08-14T22:30:00Z","physicalMemoryBytes":16424194048,"availableMemoryBytes":7011344438,"percentageMemoryUsage":57.3109,"totalSwapBytes":63998783488,"availableSwapBytes":63269160854},{"timestamp":"2020-08-13T22:30:00Z","physicalMemoryBytes":16424194048,"availableMemoryBytes":7043831547,"percentageMemoryUsage":57.1131,"totalSwapBytes":63998783488,"availableSwapBytes":63275326686},{"timestamp":"2020-08-12T22:30:00Z","physicalMemoryBytes":16424194048,"availableMemoryBytes":7052771856,"percentageMemoryUsage":57.0586,"totalSwapBytes":63998783488,"availableSwapBytes":63286229443},{"timestamp":"2020-08-11T22:30:00Z","physicalMemoryBytes":16424194048,"availableMemoryBytes":7052722287,"percentageMemoryUsage":57.0589,"totalSwapBytes":63998783488,"availableSwapBytes":63306136757},{"timestamp":"2020-08-10T22:30:00Z","physicalMemoryBytes":16424194048,"availableMemoryBytes":7045921732,"percentageMemoryUsage":57.1004,"totalSwapBytes":63998783488,"availableSwapBytes":63330508761},{"timestamp":"2020-08-09T22:30:00Z","physicalMemoryBytes":16424194048,"availableMemoryBytes":7035080077,"percentageMemoryUsage":57.1664,"totalSwapBytes":63998783488,"availableSwapBytes":63362628057},{"timestamp":"2020-08-08T22:30:00Z","physicalMemoryBytes":16424194048,"availableMemoryBytes":7043746225,"percentageMemoryUsage":57.1136,"totalSwapBytes":63998783488,"availableSwapBytes":63376450798},{"timestamp":"2020-08-07T22:30:00Z","physicalMemoryBytes":16424194048,"availableMemoryBytes":7040368713,"percentageMemoryUsage":57.1342,"totalSwapBytes":63998783488,"availableSwapBytes":63379986380},{"timestamp":"2020-08-06T22:30:00Z","physicalMemoryBytes":16424194048,"availableMemoryBytes":7076672323,"percentageMemoryUsage":56.9131,"totalSwapBytes":63998783488,"availableSwapBytes":63386325648},{"timestamp":"2020-08-05T22:30:00Z","physicalMemoryBytes":16424194048,"availableMemoryBytes":7082604986,"percentageMemoryUsage":56.877,"totalSwapBytes":63998783488,"availableSwapBytes":63400844995},{"timestamp":"2020-08-04T22:30:00Z","physicalMemoryBytes":16424194048,"availableMemoryBytes":7079198709,"percentageMemoryUsage":56.8977,"totalSwapBytes":63998783488,"availableSwapBytes":63424615388},{"timestamp":"2020-08-03T22:30:00Z","physicalMemoryBytes":16424194048,"availableMemoryBytes":7096682441,"percentageMemoryUsage":56.7913,"totalSwapBytes":63998783488,"availableSwapBytes":63456818741},{"timestamp":"2020-08-02T22:30:00Z","physicalMemoryBytes":16424194048,"availableMemoryBytes":7073564711,"percentageMemoryUsage":56.932,"totalSwapBytes":63998783488,"availableSwapBytes":63500770268},{"timestamp":"2020-08-01T22:30:00Z","physicalMemoryBytes":16424194048,"availableMemoryBytes":7072872744,"percentageMemoryUsage":56.9363,"totalSwapBytes":63998783488,"availableSwapBytes":63524320318},{"timestamp":"2020-07-31T22:30:00Z","physicalMemoryBytes":16424194048,"availableMemoryBytes":7059747668,"percentageMemoryUsage":57.0162,"totalSwapBytes":63998783488,"availableSwapBytes":63532620517},{"timestamp":"2020-07-30T22:30:00Z","physicalMemoryBytes":16424194048,"availableMemoryBytes":7058653702,"percentageMemoryUsage":57.0228,"totalSwapBytes":63998783488,"availableSwapBytes":63566303768},{"timestamp":"2020-07-29T22:30:00Z","physicalMemoryBytes":16424194048,"availableMemoryBytes":7060175334,"percentageMemoryUsage":57.0136,"totalSwapBytes":63998783488,"availableSwapBytes":63592065896},{"timestamp":"2020-07-28T22:30:00Z","physicalMemoryBytes":16424194048,"availableMemoryBytes":7016597359,"percentageMemoryUsage":57.2789,"totalSwapBytes":63998783488,"availableSwapBytes":63639346592},{"timestamp":"2020-07-27T22:30:00Z","physicalMemoryBytes":16424194048,"availableMemoryBytes":7010570085,"percentageMemoryUsage":57.3156,"totalSwapBytes":63998783488,"availableSwapBytes":63689142254},{"timestamp":"2020-07-26T22:30:00Z","physicalMemoryBytes":16424194048,"availableMemoryBytes":6998154696,"percentageMemoryUsage":57.3912,"totalSwapBytes":63998783488,"availableSwapBytes":63725388782},{"timestamp":"2020-07-25T22:30:00Z","physicalMemoryBytes":16424194048,"availableMemoryBytes":6993347855,"percentageMemoryUsage":57.4205,"totalSwapBytes":63998783488,"availableSwapBytes":63747219299},{"timestamp":"2020-07-24T22:30:00Z","physicalMemoryBytes":16424194048,"availableMemoryBytes":6986981094,"percentageMemoryUsage":57.4592,"totalSwapBytes":63998783488,"availableSwapBytes":63756449563},{"timestamp":"2020-07-23T22:30:00Z","physicalMemoryBytes":16424194048,"availableMemoryBytes":7007075511,"percentageMemoryUsage":57.3369,"totalSwapBytes":63998783488,"availableSwapBytes":63784132468},{"timestamp":"2020-07-22T22:30:00Z","physicalMemoryBytes":16424194048,"availableMemoryBytes":7024120777,"percentageMemoryUsage":57.2331,"totalSwapBytes":63998783488,"availableSwapBytes":63791329801},{"timestamp":"2020-07-21T22:30:00Z","physicalMemoryBytes":16424194048,"availableMemoryBytes":7043509515,"percentageMemoryUsage":57.115,"totalSwapBytes":63998783488,"availableSwapBytes":63799044137},{"timestamp":"2020-07-20T22:30:00Z","physicalMemoryBytes":16424194048,"availableMemoryBytes":7039211425,"percentageMemoryUsage":57.1412,"totalSwapBytes":63998783488,"availableSwapBytes":63819090095},{"timestamp":"2020-07-19T22:30:00Z","physicalMemoryBytes":16424194048,"availableMemoryBytes":7031212223,"percentageMemoryUsage":57.1899,"totalSwapBytes":63998783488,"availableSwapBytes":63838220590},{"timestamp":"2020-07-18T22:30:00Z","physicalMemoryBytes":16424194048,"availableMemoryBytes":6922452996,"percentageMemoryUsage":57.8521,"totalSwapBytes":63998783488,"availableSwapBytes":63853667683},{"timestamp":"2020-07-17T22:30:00Z","physicalMemoryBytes":16424194048,"availableMemoryBytes":6756965025,"percentageMemoryUsage":58.8597,"totalSwapBytes":63998783488,"availableSwapBytes":63858953722},{"timestamp":"2020-07-16T22:30:00Z","physicalMemoryBytes":16424194048,"availableMemoryBytes":6756405166,"percentageMemoryUsage":58.8631,"totalSwapBytes":63998783488,"availableSwapBytes":63893020430},{"timestamp":"2020-07-15T22:30:00Z","physicalMemoryBytes":16424194048,"availableMemoryBytes":6744879339,"percentageMemoryUsage":58.9333,"totalSwapBytes":63998783488,"availableSwapBytes":63934680336},{"timestamp":"2020-07-14T22:30:00Z","physicalMemoryBytes":16424194048,"availableMemoryBytes":6755707370,"percentageMemoryUsage":58.8673,"totalSwapBytes":63998783488,"availableSwapBytes":63970155619},{"timestamp":"2020-07-13T22:30:00Z","physicalMemoryBytes":16424194048,"availableMemoryBytes":6769020762,"percentageMemoryUsage":58.7863,"totalSwapBytes":63998783488,"availableSwapBytes":63985435143},{"timestamp":"2020-07-12T22:30:00Z","physicalMemoryBytes":16424194048,"availableMemoryBytes":6794729127,"percentageMemoryUsage":58.6298,"totalSwapBytes":63998783488,"availableSwapBytes":63988250455},{"timestamp":"2020-07-11T22:30:00Z","physicalMemoryBytes":16424194048,"availableMemoryBytes":6673329243,"percentageMemoryUsage":59.3689,"totalSwapBytes":63998783488,"availableSwapBytes":63988551680},{"timestamp":"2020-07-10T22:30:00Z","physicalMemoryBytes":16424194048,"availableMemoryBytes":6676308170,"percentageMemoryUsage":59.3508,"totalSwapBytes":63998783488,"availableSwapBytes":63991117680},{"timestamp":"2020-07-09T22:30:00Z","physicalMemoryBytes":16424194048,"availableMemoryBytes":6746990623,"percentageMemoryUsage":58.9204,"totalSwapBytes":63998783488,"availableSwapBytes":63995891712},{"timestamp":"2020-07-08T22:30:00Z","physicalMemoryBytes":16424194048,"availableMemoryBytes":6807156916,"percentageMemoryUsage":58.5541,"totalSwapBytes":63998783488,"availableSwapBytes":63996358489},{"timestamp":"2020-07-07T22:30:00Z","physicalMemoryBytes":16424194048,"availableMemoryBytes":6873066774,"percentageMemoryUsage":58.1528,"totalSwapBytes":63998783488,"availableSwapBytes":63996581137},{"timestamp":"2020-07-06T22:30:00Z","physicalMemoryBytes":16424194048,"availableMemoryBytes":7120791760,"percentageMemoryUsage":56.6445,"totalSwapBytes":63998783488,"availableSwapBytes":63998355946},{"timestamp":"2020-07-05T22:30:00Z","physicalMemoryBytes":16424194048,"availableMemoryBytes":6380455288,"percentageMemoryUsage":61.1521,"totalSwapBytes":63998783488,"availableSwapBytes":61821294333},{"timestamp":"2020-07-04T22:30:00Z","physicalMemoryBytes":16424194048,"availableMemoryBytes":6324682087,"percentageMemoryUsage":61.4917,"totalSwapBytes":63998783488,"availableSwapBytes":61730310264},{"timestamp":"2020-07-03T22:30:00Z","physicalMemoryBytes":16424194048,"availableMemoryBytes":6366853503,"percentageMemoryUsage":61.2349,"totalSwapBytes":63998783488,"availableSwapBytes":61730812465},{"timestamp":"2020-07-02T23:00:00Z","physicalMemoryBytes":16424194048,"availableMemoryBytes":6364611104,"percentageMemoryUsage":61.2486,"totalSwapBytes":63998783488,"availableSwapBytes":61743818828},{"timestamp":"2020-07-01T23:30:00Z","physicalMemoryBytes":16424194048,"availableMemoryBytes":6382927306,"percentageMemoryUsage":61.137,"totalSwapBytes":63998783488,"availableSwapBytes":61754407437},{"timestamp":"2020-06-30T23:30:00Z","physicalMemoryBytes":16424194048,"availableMemoryBytes":6387491845,"percentageMemoryUsage":61.1093,"totalSwapBytes":63998783488,"availableSwapBytes":61775808251},{"timestamp":"2020-06-29T23:30:00Z","physicalMemoryBytes":16424194048,"availableMemoryBytes":6377388300,"percentageMemoryUsage":61.1708,"totalSwapBytes":63998783488,"availableSwapBytes":61778886776},{"timestamp":"2020-06-28T23:30:00Z","physicalMemoryBytes":16424194048,"availableMemoryBytes":6408594359,"percentageMemoryUsage":60.9808,"totalSwapBytes":63998783488,"availableSwapBytes":61765851499},{"timestamp":"2020-06-27T23:30:00Z","physicalMemoryBytes":16424194048,"availableMemoryBytes":6445668474,"percentageMemoryUsage":60.755,"totalSwapBytes":63998783488,"availableSwapBytes":61741448487},{"timestamp":"2020-06-26T23:30:00Z","physicalMemoryBytes":16424194048,"availableMemoryBytes":6450374615,"percentageMemoryUsage":60.7264,"totalSwapBytes":63998783488,"availableSwapBytes":61741249892},{"timestamp":"2020-06-25T23:30:00Z","physicalMemoryBytes":16424194048,"availableMemoryBytes":6485147556,"percentageMemoryUsage":60.5147,"totalSwapBytes":63998783488,"availableSwapBytes":61743293082},{"timestamp":"2020-06-24T23:30:00Z","physicalMemoryBytes":16424194048,"availableMemoryBytes":6513249792,"percentageMemoryUsage":60.3436,"totalSwapBytes":63998783488,"availableSwapBytes":61742704851},{"timestamp":"2020-06-23T23:30:00Z","physicalMemoryBytes":16424194048,"availableMemoryBytes":6534185933,"percentageMemoryUsage":60.2161,"totalSwapBytes":63998783488,"availableSwapBytes":61745554682},{"timestamp":"2020-06-22T23:30:00Z","physicalMemoryBytes":16424194048,"availableMemoryBytes":6548538874,"percentageMemoryUsage":60.1287,"totalSwapBytes":63998783488,"availableSwapBytes":61752956851},{"timestamp":"2020-06-21T23:30:00Z","physicalMemoryBytes":16424194048,"availableMemoryBytes":6562562002,"percentageMemoryUsage":60.0433,"totalSwapBytes":63998783488,"availableSwapBytes":61757867227},{"timestamp":"2020-06-20T23:30:00Z","physicalMemoryBytes":16424194048,"availableMemoryBytes":6564090102,"percentageMemoryUsage":60.034,"totalSwapBytes":63998783488,"availableSwapBytes":61758866454},{"timestamp":"2020-06-19T23:30:00Z","physicalMemoryBytes":16424194048,"availableMemoryBytes":6572693420,"percentageMemoryUsage":59.9816,"totalSwapBytes":63998783488,"availableSwapBytes":61757942062},{"timestamp":"2020-06-18T23:30:00Z","physicalMemoryBytes":16424194048,"availableMemoryBytes":6608516118,"percentageMemoryUsage":59.7635,"totalSwapBytes":63998783488,"availableSwapBytes":61755284912},{"timestamp":"2020-06-17T23:30:00Z","physicalMemoryBytes":16424194048,"availableMemoryBytes":6634393858,"percentageMemoryUsage":59.606,"totalSwapBytes":63998783488,"availableSwapBytes":61751946444},{"timestamp":"2020-06-16T23:30:00Z","physicalMemoryBytes":16424194048,"availableMemoryBytes":6659631217,"percentageMemoryUsage":59.4523,"totalSwapBytes":63998783488,"availableSwapBytes":61751412447},{"timestamp":"2020-06-15T23:30:00Z","physicalMemoryBytes":16424194048,"availableMemoryBytes":6686780589,"percentageMemoryUsage":59.287,"totalSwapBytes":63998783488,"availableSwapBytes":61752762139},{"timestamp":"2020-06-14T23:30:00Z","physicalMemoryBytes":16424194048,"availableMemoryBytes":6697897561,"percentageMemoryUsage":59.2193,"totalSwapBytes":63998783488,"availableSwapBytes":61751279722},{"timestamp":"2020-06-13T23:30:00Z","physicalMemoryBytes":16424194048,"availableMemoryBytes":6711024015,"percentageMemoryUsage":59.1394,"totalSwapBytes":63998783488,"availableSwapBytes":61751632159},{"timestamp":"2020-06-12T23:30:00Z","physicalMemoryBytes":16424194048,"availableMemoryBytes":6724482593,"percentageMemoryUsage":59.0575,"totalSwapBytes":63998783488,"availableSwapBytes":61748828775},{"timestamp":"2020-06-11T23:30:00Z","physicalMemoryBytes":16424194048,"availableMemoryBytes":6747355350,"percentageMemoryUsage":58.9182,"totalSwapBytes":63998783488,"availableSwapBytes":61754810480},{"timestamp":"2020-06-10T23:30:00Z","physicalMemoryBytes":16424194048,"availableMemoryBytes":6768567171,"percentageMemoryUsage":58.789,"totalSwapBytes":63998783488,"availableSwapBytes":61754873372},{"timestamp":"2020-06-09T23:30:00Z","physicalMemoryBytes":16424194048,"availableMemoryBytes":6796317580,"percentageMemoryUsage":58.6201,"totalSwapBytes":63998783488,"availableSwapBytes":61752961351},{"timestamp":"2020-06-08T23:30:00Z","physicalMemoryBytes":16424194048,"availableMemoryBytes":6813346584,"percentageMemoryUsage":58.5164,"totalSwapBytes":63998783488,"availableSwapBytes":61753658961},{"timestamp":"2020-06-07T23:30:00Z","physicalMemoryBytes":16424194048,"availableMemoryBytes":6821416559,"percentageMemoryUsage":58.4673,"totalSwapBytes":63998783488,"availableSwapBytes":61756649332},{"timestamp":"2020-06-06T23:30:00Z","physicalMemoryBytes":16424194048,"availableMemoryBytes":6835726327,"percentageMemoryUsage":58.3801,"totalSwapBytes":63998783488,"availableSwapBytes":61756575162},{"timestamp":"2020-06-05T23:30:00Z","physicalMemoryBytes":16424194048,"availableMemoryBytes":6846062414,"percentageMemoryUsage":58.3172,"totalSwapBytes":63998783488,"availableSwapBytes":61753531534},{"timestamp":"2020-06-04T23:30:00Z","physicalMemoryBytes":16424194048,"availableMemoryBytes":6903588767,"percentageMemoryUsage":57.967,"totalSwapBytes":63998783488,"availableSwapBytes":61755696139},{"timestamp":"2020-06-03T23:30:00Z","physicalMemoryBytes":16424194048,"availableMemoryBytes":6884978990,"percentageMemoryUsage":58.0803,"totalSwapBytes":63998783488,"availableSwapBytes":61764330880},{"timestamp":"2020-06-02T23:30:00Z","physicalMemoryBytes":16424194048,"availableMemoryBytes":6905776015,"percentageMemoryUsage":57.9536,"totalSwapBytes":63998783488,"availableSwapBytes":61767285586},{"timestamp":"2020-06-01T23:30:00Z","physicalMemoryBytes":16424194048,"availableMemoryBytes":6918995507,"percentageMemoryUsage":57.8732,"totalSwapBytes":63998783488,"availableSwapBytes":61777508018},{"timestamp":"2020-05-31T23:30:00Z","physicalMemoryBytes":16424194048,"availableMemoryBytes":6921265848,"percentageMemoryUsage":57.8593,"totalSwapBytes":63998783488,"availableSwapBytes":61786652671},{"timestamp":"2020-05-30T23:30:00Z","physicalMemoryBytes":16424194048,"availableMemoryBytes":6934191757,"percentageMemoryUsage":57.7806,"totalSwapBytes":63998783488,"availableSwapBytes":61791356457},{"timestamp":"2020-05-29T23:30:00Z","physicalMemoryBytes":16424194048,"availableMemoryBytes":6935499980,"percentageMemoryUsage":57.7727,"totalSwapBytes":63998783488,"availableSwapBytes":61790934751},{"timestamp":"2020-05-28T23:30:00Z","physicalMemoryBytes":16424194048,"availableMemoryBytes":6974185113,"percentageMemoryUsage":57.5371,"totalSwapBytes":63998783488,"availableSwapBytes":61788750975},{"timestamp":"2020-05-27T23:30:00Z","physicalMemoryBytes":16424194048,"availableMemoryBytes":6997007811,"percentageMemoryUsage":57.3982,"totalSwapBytes":63998783488,"availableSwapBytes":61786177641},{"timestamp":"2020-05-26T23:30:00Z","physicalMemoryBytes":16424194048,"availableMemoryBytes":7033053896,"percentageMemoryUsage":57.1787,"totalSwapBytes":63998783488,"availableSwapBytes":61783130733},{"timestamp":"2020-05-25T23:30:00Z","physicalMemoryBytes":16424194048,"availableMemoryBytes":7038430181,"percentageMemoryUsage":57.146,"totalSwapBytes":63998783488,"availableSwapBytes":61785571824},{"timestamp":"2020-05-24T23:30:00Z","physicalMemoryBytes":16424194048,"availableMemoryBytes":7050749655,"percentageMemoryUsage":57.071,"totalSwapBytes":63998783488,"availableSwapBytes":61787179114},{"timestamp":"2020-05-23T23:30:00Z","physicalMemoryBytes":16424194048,"availableMemoryBytes":7062184979,"percentageMemoryUsage":57.0013,"totalSwapBytes":63998783488,"availableSwapBytes":61797481524},{"timestamp":"2020-05-22T23:30:00Z","physicalMemoryBytes":16424194048,"availableMemoryBytes":7061701747,"percentageMemoryUsage":57.0043,"totalSwapBytes":63998783488,"availableSwapBytes":61800419896},{"timestamp":"2020-05-21T23:30:00Z","physicalMemoryBytes":16424194048,"availableMemoryBytes":7095136439,"percentageMemoryUsage":56.8007,"totalSwapBytes":63998783488,"availableSwapBytes":61802575742},{"timestamp":"2020-05-20T23:30:00Z","physicalMemoryBytes":16424194048,"availableMemoryBytes":7114819295,"percentageMemoryUsage":56.6809,"totalSwapBytes":63998783488,"availableSwapBytes":61804402035},{"timestamp":"2020-05-19T23:30:00Z","physicalMemoryBytes":16424194048,"availableMemoryBytes":7127126620,"percentageMemoryUsage":56.6059,"totalSwapBytes":63998783488,"availableSwapBytes":61809876839},{"timestamp":"2020-05-18T23:30:00Z","physicalMemoryBytes":16424194048,"availableMemoryBytes":7147965169,"percentageMemoryUsage":56.4791,"totalSwapBytes":63998783488,"availableSwapBytes":61810677964},{"timestamp":"2020-05-17T23:30:00Z","physicalMemoryBytes":16424194048,"availableMemoryBytes":7162978409,"percentageMemoryUsage":56.3876,"totalSwapBytes":63998783488,"availableSwapBytes":61814955948},{"timestamp":"2020-05-16T23:30:00Z","physicalMemoryBytes":16424194048,"availableMemoryBytes":7171477376,"percentageMemoryUsage":56.3359,"totalSwapBytes":63998783488,"availableSwapBytes":61821342529},{"timestamp":"2020-05-15T23:30:00Z","physicalMemoryBytes":16424194048,"availableMemoryBytes":7172362612,"percentageMemoryUsage":56.3305,"totalSwapBytes":63998783488,"availableSwapBytes":61821388752},{"timestamp":"2020-05-14T23:30:00Z","physicalMemoryBytes":16424194048,"availableMemoryBytes":7215059132,"percentageMemoryUsage":56.0705,"totalSwapBytes":63998783488,"availableSwapBytes":61820116022},{"timestamp":"2020-05-13T23:30:00Z","physicalMemoryBytes":16424194048,"availableMemoryBytes":7233760500,"percentageMemoryUsage":55.9567,"totalSwapBytes":63998783488,"availableSwapBytes":61822527255},{"timestamp":"2020-05-12T23:30:00Z","physicalMemoryBytes":16424194048,"availableMemoryBytes":7245814629,"percentageMemoryUsage":55.8833,"totalSwapBytes":63998783488,"availableSwapBytes":61829221250},{"timestamp":"2020-05-11T23:30:00Z","physicalMemoryBytes":16424194048,"availableMemoryBytes":7271027513,"percentageMemoryUsage":55.7298,"totalSwapBytes":63998783488,"availableSwapBytes":61837162517},{"timestamp":"2020-05-10T23:30:00Z","physicalMemoryBytes":16424194048,"availableMemoryBytes":7257050625,"percentageMemoryUsage":55.8149,"totalSwapBytes":63998783488,"availableSwapBytes":61862866891},{"timestamp":"2020-05-09T23:30:00Z","physicalMemoryBytes":16424194048,"availableMemoryBytes":7262460623,"percentageMemoryUsage":55.7819,"totalSwapBytes":63998783488,"availableSwapBytes":61872730049},{"timestamp":"2020-05-08T23:30:00Z","physicalMemoryBytes":16424194048,"availableMemoryBytes":7272469055,"percentageMemoryUsage":55.721,"totalSwapBytes":63998783488,"availableSwapBytes":61869754769},{"timestamp":"2020-05-07T23:30:00Z","physicalMemoryBytes":16424194048,"availableMemoryBytes":7315331185,"percentageMemoryUsage":55.46,"totalSwapBytes":63998783488,"availableSwapBytes":61865499589},{"timestamp":"2020-05-06T23:30:00Z","physicalMemoryBytes":16424194048,"availableMemoryBytes":7334183852,"percentageMemoryUsage":55.3452,"totalSwapBytes":63998783488,"availableSwapBytes":61868546967},{"timestamp":"2020-05-05T23:30:00Z","physicalMemoryBytes":16424194048,"availableMemoryBytes":7356242843,"percentageMemoryUsage":55.2109,"totalSwapBytes":63998783488,"availableSwapBytes":61873808098},{"timestamp":"2020-05-04T23:30:00Z","physicalMemoryBytes":16424194048,"availableMemoryBytes":7365143363,"percentageMemoryUsage":55.1567,"totalSwapBytes":63998783488,"availableSwapBytes":61884168384},{"timestamp":"2020-05-03T23:30:00Z","physicalMemoryBytes":16424194048,"availableMemoryBytes":7371536310,"percentageMemoryUsage":55.1178,"totalSwapBytes":63998783488,"availableSwapBytes":61892359687},{"timestamp":"2020-05-02T23:30:00Z","physicalMemoryBytes":16424194048,"availableMemoryBytes":7384877168,"percentageMemoryUsage":55.0366,"totalSwapBytes":63998783488,"availableSwapBytes":61898167974},{"timestamp":"2020-05-01T23:30:00Z","physicalMemoryBytes":16424194048,"availableMemoryBytes":7394160415,"percentageMemoryUsage":54.9801,"totalSwapBytes":63998783488,"availableSwapBytes":61894368853},{"timestamp":"2020-04-30T23:30:00Z","physicalMemoryBytes":16424194048,"availableMemoryBytes":7444476308,"percentageMemoryUsage":54.6737,"totalSwapBytes":63998783488,"availableSwapBytes":61886483266},{"timestamp":"2020-04-29T23:30:00Z","physicalMemoryBytes":16424194048,"availableMemoryBytes":7468213426,"percentageMemoryUsage":54.5292,"totalSwapBytes":63998783488,"availableSwapBytes":61888984481},{"timestamp":"2020-04-28T23:30:00Z","physicalMemoryBytes":16424194048,"availableMemoryBytes":7475113779,"percentageMemoryUsage":54.4872,"totalSwapBytes":63998783488,"availableSwapBytes":61903670470},{"timestamp":"2020-04-27T23:30:00Z","physicalMemoryBytes":16424194048,"availableMemoryBytes":7465834153,"percentageMemoryUsage":54.5437,"totalSwapBytes":63998783488,"availableSwapBytes":61930495121},{"timestamp":"2020-04-26T23:30:00Z","physicalMemoryBytes":16424194048,"availableMemoryBytes":7463809533,"percentageMemoryUsage":54.556,"totalSwapBytes":63998783488,"availableSwapBytes":61941628532},{"timestamp":"2020-04-25T23:30:00Z","physicalMemoryBytes":16424194048,"availableMemoryBytes":7489898716,"percentageMemoryUsage":54.3972,"totalSwapBytes":63998783488,"availableSwapBytes":61941436157},{"timestamp":"2020-04-24T23:30:00Z","physicalMemoryBytes":16424194048,"availableMemoryBytes":7497615688,"percentageMemoryUsage":54.3502,"totalSwapBytes":63998783488,"availableSwapBytes":61942535175},{"timestamp":"2020-04-23T23:30:00Z","physicalMemoryBytes":16424194048,"availableMemoryBytes":7523307929,"percentageMemoryUsage":54.1937,"totalSwapBytes":63998783488,"availableSwapBytes":61955501081},{"timestamp":"2020-04-22T23:30:00Z","physicalMemoryBytes":16424194048,"availableMemoryBytes":7525382518,"percentageMemoryUsage":54.1811,"totalSwapBytes":63998783488,"availableSwapBytes":61963830612},{"timestamp":"2020-04-21T23:30:00Z","physicalMemoryBytes":16424194048,"availableMemoryBytes":7547728540,"percentageMemoryUsage":54.0451,"totalSwapBytes":63998783488,"availableSwapBytes":61961745974},{"timestamp":"2020-04-20T23:30:00Z","physicalMemoryBytes":16424194048,"availableMemoryBytes":7564675186,"percentageMemoryUsage":53.9419,"totalSwapBytes":63998783488,"availableSwapBytes":61969188577},{"timestamp":"2020-04-19T23:30:00Z","physicalMemoryBytes":16424194048,"availableMemoryBytes":7564144953,"percentageMemoryUsage":53.9451,"totalSwapBytes":63998783488,"availableSwapBytes":61987569355},{"timestamp":"2020-04-18T23:30:00Z","physicalMemoryBytes":16424194048,"availableMemoryBytes":7571814378,"percentageMemoryUsage":53.8984,"totalSwapBytes":63998783488,"availableSwapBytes":61995917357},{"timestamp":"2020-04-17T23:30:00Z","physicalMemoryBytes":16424194048,"availableMemoryBytes":7574761662,"percentageMemoryUsage":53.8805,"totalSwapBytes":63998783488,"availableSwapBytes":61996196365},{"timestamp":"2020-04-16T23:30:00Z","physicalMemoryBytes":16424194048,"availableMemoryBytes":7613976214,"percentageMemoryUsage":53.6417,"totalSwapBytes":63998783488,"availableSwapBytes":61999310795},{"timestamp":"2020-04-15T23:30:00Z","physicalMemoryBytes":16424194048,"availableMemoryBytes":7634792741,"percentageMemoryUsage":53.515,"totalSwapBytes":63998783488,"availableSwapBytes":62000952888},{"timestamp":"2020-04-14T23:30:00Z","physicalMemoryBytes":16424194048,"availableMemoryBytes":7644769282,"percentageMemoryUsage":53.4542,"totalSwapBytes":63998783488,"availableSwapBytes":62009896885},{"timestamp":"2020-04-13T23:30:00Z","physicalMemoryBytes":16424194048,"availableMemoryBytes":7651149527,"percentageMemoryUsage":53.4154,"totalSwapBytes":63998783488,"availableSwapBytes":62025460594},{"timestamp":"2020-04-12T23:30:00Z","physicalMemoryBytes":16424194048,"availableMemoryBytes":7647087646,"percentageMemoryUsage":53.4401,"totalSwapBytes":63998783488,"availableSwapBytes":62049371792},{"timestamp":"2020-04-11T23:30:00Z","physicalMemoryBytes":16424194048,"availableMemoryBytes":7651575047,"percentageMemoryUsage":53.4128,"totalSwapBytes":63998783488,"availableSwapBytes":62064255795},{"timestamp":"2020-04-10T23:30:00Z","physicalMemoryBytes":16424194048,"availableMemoryBytes":7645355262,"percentageMemoryUsage":53.4507,"totalSwapBytes":63998783488,"availableSwapBytes":62069468496},{"timestamp":"2020-04-09T23:30:00Z","physicalMemoryBytes":16424194048,"availableMemoryBytes":7686694081,"percentageMemoryUsage":53.199,"totalSwapBytes":63998783488,"availableSwapBytes":62068342767},{"timestamp":"2020-04-08T23:30:00Z","physicalMemoryBytes":16424194048,"availableMemoryBytes":7706033838,"percentageMemoryUsage":53.0812,"totalSwapBytes":63998783488,"availableSwapBytes":62072247952},{"timestamp":"2020-04-07T23:30:00Z","physicalMemoryBytes":16424194048,"availableMemoryBytes":7682318250,"percentageMemoryUsage":53.2256,"totalSwapBytes":63998783488,"availableSwapBytes":62118601012},{"timestamp":"2020-04-06T23:30:00Z","physicalMemoryBytes":16424194048,"availableMemoryBytes":7656307168,"percentageMemoryUsage":53.384,"totalSwapBytes":63998783488,"availableSwapBytes":62168315903},{"timestamp":"2020-04-05T23:30:00Z","physicalMemoryBytes":16424194048,"availableMemoryBytes":7623310756,"percentageMemoryUsage":53.5849,"totalSwapBytes":63998783488,"availableSwapBytes":62215470270},{"timestamp":"2020-04-04T23:30:00Z","physicalMemoryBytes":16424194048,"availableMemoryBytes":7606906976,"percentageMemoryUsage":53.6847,"totalSwapBytes":63998783488,"availableSwapBytes":62249945467},{"timestamp":"2020-04-03T23:30:00Z","physicalMemoryBytes":16424194048,"availableMemoryBytes":7604181241,"percentageMemoryUsage":53.7013,"totalSwapBytes":63998783488,"availableSwapBytes":62257690851},{"timestamp":"2020-04-02T23:30:00Z","physicalMemoryBytes":16424194048,"availableMemoryBytes":7626618130,"percentageMemoryUsage":53.5647,"totalSwapBytes":63998783488,"availableSwapBytes":62270773229},{"timestamp":"2020-04-01T23:30:00Z","physicalMemoryBytes":16424194048,"availableMemoryBytes":7616339404,"percentageMemoryUsage":53.6273,"totalSwapBytes":63998783488,"availableSwapBytes":62309312877},{"timestamp":"2020-03-31T23:30:00Z","physicalMemoryBytes":16424194048,"availableMemoryBytes":7576085245,"percentageMemoryUsage":53.8724,"totalSwapBytes":63998783488,"availableSwapBytes":62363256682},{"timestamp":"2020-03-30T23:57:30Z","physicalMemoryBytes":15739852629,"availableMemoryBytes":7231667187,"percentageMemoryUsage":51.8028,"totalSwapBytes":61332167509,"availableSwapBytes":59810365434},{"timestamp":"2020-03-30T00:30:00Z","physicalMemoryBytes":16424194048,"availableMemoryBytes":7526917595,"percentageMemoryUsage":54.1718,"totalSwapBytes":63998783488,"availableSwapBytes":62449960443},{"timestamp":"2020-03-29T00:30:00Z","physicalMemoryBytes":16424194048,"availableMemoryBytes":7517665325,"percentageMemoryUsage":54.2281,"totalSwapBytes":63998783488,"availableSwapBytes":62477667820},{"timestamp":"2020-03-28T00:30:00Z","physicalMemoryBytes":16424194048,"availableMemoryBytes":7513068555,"percentageMemoryUsage":54.2561,"totalSwapBytes":63998783488,"availableSwapBytes":62488390132},{"timestamp":"2020-03-27T00:30:00Z","physicalMemoryBytes":16424194048,"availableMemoryBytes":7528404017,"percentageMemoryUsage":54.1627,"totalSwapBytes":63998783488,"availableSwapBytes":62506783598},{"timestamp":"2020-03-26T00:30:00Z","physicalMemoryBytes":16424194048,"availableMemoryBytes":7519623447,"percentageMemoryUsage":54.2162,"totalSwapBytes":63998783488,"availableSwapBytes":62536232470},{"timestamp":"2020-03-25T00:30:00Z","physicalMemoryBytes":16424194048,"availableMemoryBytes":7522019095,"percentageMemoryUsage":54.2016,"totalSwapBytes":63998783488,"availableSwapBytes":62554473038},{"timestamp":"2020-03-24T00:30:00Z","physicalMemoryBytes":16424194048,"availableMemoryBytes":7505871042,"percentageMemoryUsage":54.2999,"totalSwapBytes":63998783488,"availableSwapBytes":62590236933},{"timestamp":"2020-03-23T00:30:00Z","physicalMemoryBytes":16424194048,"availableMemoryBytes":7474956061,"percentageMemoryUsage":54.4881,"totalSwapBytes":63998783488,"availableSwapBytes":62639143821},{"timestamp":"2020-03-22T00:30:00Z","physicalMemoryBytes":16424194048,"availableMemoryBytes":7469147025,"percentageMemoryUsage":54.5235,"totalSwapBytes":63998783488,"availableSwapBytes":62665455554},{"timestamp":"2020-03-21T00:30:00Z","physicalMemoryBytes":16424194048,"availableMemoryBytes":7470598929,"percentageMemoryUsage":54.5147,"totalSwapBytes":63998783488,"availableSwapBytes":62670776902},{"timestamp":"2020-03-20T00:30:00Z","physicalMemoryBytes":16424194048,"availableMemoryBytes":7464079749,"percentageMemoryUsage":54.5544,"totalSwapBytes":63998783488,"availableSwapBytes":62713875441},{"timestamp":"2020-03-19T00:30:00Z","physicalMemoryBytes":16424194048,"availableMemoryBytes":7456172969,"percentageMemoryUsage":54.6025,"totalSwapBytes":63998783488,"availableSwapBytes":62741411278},{"timestamp":"2020-03-18T00:30:00Z","physicalMemoryBytes":16424194048,"availableMemoryBytes":7460030278,"percentageMemoryUsage":54.579,"totalSwapBytes":63998783488,"availableSwapBytes":62762739311},{"timestamp":"2020-03-17T00:30:00Z","physicalMemoryBytes":16424194048,"availableMemoryBytes":7444262764,"percentageMemoryUsage":54.675,"totalSwapBytes":63998783488,"availableSwapBytes":62803079789},{"timestamp":"2020-03-16T00:30:00Z","physicalMemoryBytes":16424194048,"availableMemoryBytes":7416168874,"percentageMemoryUsage":54.8461,"totalSwapBytes":63998783488,"availableSwapBytes":62847105559},{"timestamp":"2020-03-15T00:30:00Z","physicalMemoryBytes":16424194048,"availableMemoryBytes":7408534529,"percentageMemoryUsage":54.8926,"totalSwapBytes":63998783488,"availableSwapBytes":62868978456},{"timestamp":"2020-03-14T00:30:00Z","physicalMemoryBytes":16424194048,"availableMemoryBytes":7410392259,"percentageMemoryUsage":54.8812,"totalSwapBytes":63998783488,"availableSwapBytes":62872996346},{"timestamp":"2020-03-13T00:30:00Z","physicalMemoryBytes":16424194048,"availableMemoryBytes":7444647742,"percentageMemoryUsage":54.6727,"totalSwapBytes":63998783488,"availableSwapBytes":62881226483},{"timestamp":"2020-03-12T00:30:00Z","physicalMemoryBytes":16424194048,"availableMemoryBytes":7429069064,"percentageMemoryUsage":54.7675,"totalSwapBytes":63998783488,"availableSwapBytes":62915477861},{"timestamp":"2020-03-11T00:30:00Z","physicalMemoryBytes":16424194048,"availableMemoryBytes":7420812794,"percentageMemoryUsage":54.8178,"totalSwapBytes":63998783488,"availableSwapBytes":62938995079},{"timestamp":"2020-03-10T00:30:00Z","physicalMemoryBytes":16424194048,"availableMemoryBytes":7414364944,"percentageMemoryUsage":54.8571,"totalSwapBytes":63998783488,"availableSwapBytes":62970794259},{"timestamp":"2020-03-09T00:30:00Z","physicalMemoryBytes":16424194048,"availableMemoryBytes":7391801760,"percentageMemoryUsage":54.9944,"totalSwapBytes":63998783488,"availableSwapBytes":63015612980},{"timestamp":"2020-03-08T00:30:00Z","physicalMemoryBytes":16424194048,"availableMemoryBytes":7383441623,"percentageMemoryUsage":55.0453,"totalSwapBytes":63998783488,"availableSwapBytes":63039609658},{"timestamp":"2020-03-07T00:30:00Z","physicalMemoryBytes":16424194048,"availableMemoryBytes":7385613489,"percentageMemoryUsage":55.0321,"totalSwapBytes":63998783488,"availableSwapBytes":63040900646},{"timestamp":"2020-03-06T00:30:00Z","physicalMemoryBytes":16424194048,"availableMemoryBytes":7428017502,"percentageMemoryUsage":54.7739,"totalSwapBytes":63998783488,"availableSwapBytes":63038447420},{"timestamp":"2020-03-05T00:30:00Z","physicalMemoryBytes":16424194048,"availableMemoryBytes":7437313219,"percentageMemoryUsage":54.7173,"totalSwapBytes":63998783488,"availableSwapBytes":63054195859},{"timestamp":"2020-03-04T01:00:00Z","physicalMemoryBytes":15710098654,"availableMemoryBytes":7094461792,"percentageMemoryUsage":52.457,"totalSwapBytes":61216227684,"availableSwapBytes":60350549773}],"numMembers":365}
