{"members":[{"timestamp":"2021-03-03T06:32:30Z","physicalMemoryBytes":202078765056,"availableMemoryBytes":175992876607,"percentageMemoryUsage":12.9088,"totalSwapBytes":198029864960,"availableSwapBytes":198008893440},{"timestamp":"2021-03-03T06:02:30Z","physicalMemoryBytes":202078765056,"availableMemoryBytes":175993214910,"percentageMemoryUsage":12.9086,"totalSwapBytes":198029864960,"availableSwapBytes":198008893440},{"timestamp":"2021-03-03T05:35:00Z","physicalMemoryBytes":202078765056,"availableMemoryBytes":175996043678,"percentageMemoryUsage":12.9072,"totalSwapBytes":198029864960,"availableSwapBytes":198008893440},{"timestamp":"2021-03-03T05:07:30Z","physicalMemoryBytes":202078765056,"availableMemoryBytes":176003158024,"percentageMemoryUsage":12.9037,"totalSwapBytes":198029864960,"availableSwapBytes":198008893440},{"timestamp":"2021-03-03T04:40:00Z","physicalMemoryBytes":202078765056,"availableMemoryBytes":176007713713,"percentageMemoryUsage":12.9014,"totalSwapBytes":198029864960,"availableSwapBytes":198008893440},{"timestamp":"2021-03-03T04:12:30Z","physicalMemoryBytes":202078765056,"availableMemoryBytes":175998679236,"percentageMemoryUsage":12.9059,"totalSwapBytes":198029864960,"availableSwapBytes":198008893440},{"timestamp":"2021-03-03T03:45:00Z","physicalMemoryBytes":202078765056,"availableMemoryBytes":176004681492,"percentageMemoryUsage":12.9029,"totalSwapBytes":198029864960,"availableSwapBytes":198008893440},{"timestamp":"2021-03-03T03:17:30Z","physicalMemoryBytes":202078765056,"availableMemoryBytes":176002269077,"percentageMemoryUsage":12.9041,"totalSwapBytes":198029864960,"availableSwapBytes":198008893440},{"timestamp":"2021-03-03T02:50:00Z","physicalMemoryBytes":202078765056,"availableMemoryBytes":176003923653,"percentageMemoryUsage":12.9033,"totalSwapBytes":198029864960,"availableSwapBytes":198008893440},{"timestamp":"2021-03-03T02:22:30Z","physicalMemoryBytes":202078765056,"availableMemoryBytes":176009302716,"percentageMemoryUsage":12.9006,"totalSwapBytes":198029864960,"availableSwapBytes":198008893440},{"timestamp":"2021-03-03T01:55:00Z","physicalMemoryBytes":202078765056,"availableMemoryBytes":175999755083,"percentageMemoryUsage":12.9054,"totalSwapBytes":198029864960,"availableSwapBytes":198008893440},{"timestamp":"2021-03-03T01:27:30Z","physicalMemoryBytes":202078765056,"availableMemoryBytes":175997973768,"percentageMemoryUsage":12.9063,"totalSwapBytes":198029864960,"availableSwapBytes":198008893440},{"timestamp":"2021-03-03T01:00:00Z","physicalMemoryBytes":202078765056,"availableMemoryBytes":175994342440,"percentageMemoryUsage":12.908,"totalSwapBytes":198029864960,"availableSwapBytes":198008893440},{"timestamp":"2021-03-03T00:32:30Z","physicalMemoryBytes":202078765056,"availableMemoryBytes":176001751236,"percentageMemoryUsage":12.9044,"totalSwapBytes":198029864960,"availableSwapBytes":198008893440},{"timestamp":"2021-03-03T00:05:00Z","physicalMemoryBytes":202078765056,"availableMemoryBytes":175996001759,"percentageMemoryUsage":12.9072,"totalSwapBytes":198029864960,"availableSwapBytes":198008893440},{"timestamp":"2021-03-02T23:37:30Z","physicalMemoryBytes":202078765056,"availableMemoryBytes":176004833327,"percentageMemoryUsage":12.9029,"totalSwapBytes":198029864960,"availableSwapBytes":198008893440},{"timestamp":"2021-03-02T23:10:00Z","physicalMemoryBytes":202078765056,"availableMemoryBytes":175990271006,"percentageMemoryUsage":12.9101,"totalSwapBytes":198029864960,"availableSwapBytes":198008893440},{"timestamp":"2021-03-02T22:42:30Z","physicalMemoryBytes":202078765056,"availableMemoryBytes":175962399755,"percentageMemoryUsage":12.9239,"totalSwapBytes":198029864960,"availableSwapBytes":198008893440},{"timestamp":"2021-03-02T22:15:00Z","physicalMemoryBytes":202078765056,"availableMemoryBytes":176023929064,"percentageMemoryUsage":12.8934,"totalSwapBytes":198029864960,"availableSwapBytes":198008893440},{"timestamp":"2021-03-02T21:47:30Z","physicalMemoryBytes":202078765056,"availableMemoryBytes":176028008723,"percentageMemoryUsage":12.8914,"totalSwapBytes":198029864960,"availableSwapBytes":198008893440},{"timestamp":"2021-03-02T21:17:30Z","physicalMemoryBytes":202078765056,"availableMemoryBytes":176031214122,"percentageMemoryUsage":12.8898,"totalSwapBytes":198029864960,"availableSwapBytes":198008893440},{"timestamp":"2021-03-02T20:50:00Z","physicalMemoryBytes":202078765056,"availableMemoryBytes":176027171448,"percentageMemoryUsage":12.8918,"totalSwapBytes":198029864960,"availableSwapBytes":198008893440},{"timestamp":"2021-03-02T20:22:30Z","physicalMemoryBytes":202078765056,"availableMemoryBytes":176026060961,"percentageMemoryUsage":12.8924,"totalSwapBytes":198029864960,"availableSwapBytes":198008893440},{"timestamp":"2021-03-02T19:55:00Z","physicalMemoryBytes":202078765056,"availableMemoryBytes":176023448877,"percentageMemoryUsage":12.8936,"totalSwapBytes":198029864960,"availableSwapBytes":198008893440},{"timestamp":"2021-03-02T19:27:30Z","physicalMemoryBytes":202078765056,"availableMemoryBytes":176031136572,"percentageMemoryUsage":12.8898,"totalSwapBytes":198029864960,"availableSwapBytes":198008893442},{"timestamp":"2021-03-02T19:00:00Z","physicalMemoryBytes":202078765056,"availableMemoryBytes":176032989985,"percentageMemoryUsage":12.8889,"totalSwapBytes":198029864960,"availableSwapBytes":198009056812},{"timestamp":"2021-03-02T18:32:30Z","physicalMemoryBytes":202078765056,"availableMemoryBytes":176027312737,"percentageMemoryUsage":12.8917,"totalSwapBytes":198029864960,"availableSwapBytes":198009147392},{"timestamp":"2021-03-02T18:05:00Z","physicalMemoryBytes":202078765056,"availableMemoryBytes":176023990742,"percentageMemoryUsage":12.8934,"totalSwapBytes":198029864960,"availableSwapBytes":198009147392},{"timestamp":"2021-03-02T17:37:30Z","physicalMemoryBytes":202078765056,"availableMemoryBytes":176026928507,"percentageMemoryUsage":12.8919,"totalSwapBytes":198029864960,"availableSwapBytes":198009147392},{"timestamp":"2021-03-02T17:10:00Z","physicalMemoryBytes":202078765056,"availableMemoryBytes":176023186179,"percentageMemoryUsage":12.8938,"totalSwapBytes":198029864960,"availableSwapBytes":198009147392},{"timestamp":"2021-03-02T16:42:30Z","physicalMemoryBytes":202078765056,"availableMemoryBytes":176015537489,"percentageMemoryUsage":12.8976,"totalSwapBytes":198029864960,"availableSwapBytes":198009147392},{"timestamp":"2021-03-02T16:15:00Z","physicalMemoryBytes":202078765056,"availableMemoryBytes":176017917671,"percentageMemoryUsage":12.8964,"totalSwapBytes":198029864960,"availableSwapBytes":198009147392},{"timestamp":"2021-03-02T15:47:30Z","physicalMemoryBytes":202078765056,"availableMemoryBytes":176045762457,"percentageMemoryUsage":12.8826,"totalSwapBytes":198029864960,"availableSwapBytes":198009147392},{"timestamp":"2021-03-02T15:20:00Z","physicalMemoryBytes":202078765056,"availableMemoryBytes":176106233338,"percentageMemoryUsage":12.8527,"totalSwapBytes":198029864960,"availableSwapBytes":198009147392},{"timestamp":"2021-03-02T14:52:30Z","physicalMemoryBytes":202078765056,"availableMemoryBytes":176036234596,"percentageMemoryUsage":12.8873,"totalSwapBytes":198029864960,"availableSwapBytes":198009201276},{"timestamp":"2021-03-02T14:25:00Z","physicalMemoryBytes":202078765056,"availableMemoryBytes":176124524502,"percentageMemoryUsage":12.8436,"totalSwapBytes":198029864960,"availableSwapBytes":198009671680},{"timestamp":"2021-03-02T13:57:30Z","physicalMemoryBytes":202078765056,"availableMemoryBytes":176131169786,"percentageMemoryUsage":12.8403,"totalSwapBytes":198029864960,"availableSwapBytes":198009671680},{"timestamp":"2021-03-02T13:30:00Z","physicalMemoryBytes":202078765056,"availableMemoryBytes":176126338196,"percentageMemoryUsage":12.8427,"totalSwapBytes":198029864960,"availableSwapBytes":198009671680},{"timestamp":"2021-03-02T13:02:30Z","physicalMemoryBytes":202078765056,"availableMemoryBytes":176130799687,"percentageMemoryUsage":12.8405,"totalSwapBytes":198029864960,"availableSwapBytes":198009671680},{"timestamp":"2021-03-02T12:32:30Z","physicalMemoryBytes":202078765056,"availableMemoryBytes":176130916660,"percentageMemoryUsage":12.8405,"totalSwapBytes":198029864960,"availableSwapBytes":198009671680},{"timestamp":"2021-03-02T12:05:00Z","physicalMemoryBytes":202078765056,"availableMemoryBytes":176124386978,"percentageMemoryUsage":12.8437,"totalSwapBytes":198029864960,"availableSwapBytes":198009671680},{"timestamp":"2021-03-02T11:37:30Z","physicalMemoryBytes":202078765056,"availableMemoryBytes":176130433411,"percentageMemoryUsage":12.8407,"totalSwapBytes":198029864960,"availableSwapBytes":198009671680},{"timestamp":"2021-03-02T11:10:00Z","physicalMemoryBytes":202078765056,"availableMemoryBytes":176126367392,"percentageMemoryUsage":12.8427,"totalSwapBytes":198029864960,"availableSwapBytes":198009671680},{"timestamp":"2021-03-02T10:42:30Z","physicalMemoryBytes":202078765056,"availableMemoryBytes":176126847198,"percentageMemoryUsage":12.8425,"totalSwapBytes":198029864960,"availableSwapBytes":198009671680},{"timestamp":"2021-03-02T10:15:00Z","physicalMemoryBytes":202078765056,"availableMemoryBytes":176130575191,"percentageMemoryUsage":12.8406,"totalSwapBytes":198029864960,"availableSwapBytes":198009671680},{"timestamp":"2021-03-02T09:47:30Z","physicalMemoryBytes":202078765056,"availableMemoryBytes":176130717236,"percentageMemoryUsage":12.8406,"totalSwapBytes":198029864960,"availableSwapBytes":198009671680},{"timestamp":"2021-03-02T09:20:00Z","physicalMemoryBytes":202078765056,"availableMemoryBytes":176134231109,"percentageMemoryUsage":12.8388,"totalSwapBytes":198029864960,"availableSwapBytes":198009671680},{"timestamp":"2021-03-02T08:52:30Z","physicalMemoryBytes":202078765056,"availableMemoryBytes":176132747238,"percentageMemoryUsage":12.8396,"totalSwapBytes":198029864960,"availableSwapBytes":198009671680},{"timestamp":"2021-03-02T08:25:00Z","physicalMemoryBytes":202078765056,"availableMemoryBytes":176134708957,"percentageMemoryUsage":12.8386,"totalSwapBytes":198029864960,"availableSwapBytes":198009671680},{"timestamp":"2021-03-02T07:57:30Z","physicalMemoryBytes":202078765056,"availableMemoryBytes":176116988341,"percentageMemoryUsage":12.8474,"totalSwapBytes":198029864960,"availableSwapBytes":198009671680},{"timestamp":"2021-03-02T07:30:00Z","physicalMemoryBytes":202078765056,"availableMemoryBytes":176086090431,"percentageMemoryUsage":12.8626,"totalSwapBytes":198029864960,"availableSwapBytes":198009671680},{"timestamp":"2021-03-02T07:02:30Z","physicalMemoryBytes":202078765056,"availableMemoryBytes":175996806655,"percentageMemoryUsage":12.9068,"totalSwapBytes":198029864960,"availableSwapBytes":198009671680},{"timestamp":"2021-03-02T06:35:00Z","physicalMemoryBytes":202078765056,"availableMemoryBytes":176052071034,"percentageMemoryUsage":12.8795,"totalSwapBytes":198029864960,"availableSwapBytes":198009671680},{"timestamp":"2021-03-02T06:07:30Z","physicalMemoryBytes":202078765056,"availableMemoryBytes":176150040815,"percentageMemoryUsage":12.831,"totalSwapBytes":198029864960,"availableSwapBytes":198009671680},{"timestamp":"2021-03-02T05:40:00Z","physicalMemoryBytes":202078765056,"availableMemoryBytes":176156697638,"percentageMemoryUsage":12.8277,"totalSwapBytes":198029864960,"availableSwapBytes":198009671680},{"timestamp":"2021-03-02T05:12:30Z","physicalMemoryBytes":202078765056,"availableMemoryBytes":176157493978,"percentageMemoryUsage":12.8273,"totalSwapBytes":198029864960,"availableSwapBytes":198009671680},{"timestamp":"2021-03-02T04:45:00Z","physicalMemoryBytes":202078765056,"availableMemoryBytes":176162612733,"percentageMemoryUsage":12.8248,"totalSwapBytes":198029864960,"availableSwapBytes":198009671680},{"timestamp":"2021-03-02T04:17:30Z","physicalMemoryBytes":202078765056,"availableMemoryBytes":176164475015,"percentageMemoryUsage":12.8239,"totalSwapBytes":198029864960,"availableSwapBytes":198009671680},{"timestamp":"2021-03-02T03:47:30Z","physicalMemoryBytes":202078765056,"availableMemoryBytes":176157948168,"percentageMemoryUsage":12.8271,"totalSwapBytes":198029864960,"availableSwapBytes":198009671680},{"timestamp":"2021-03-02T03:20:00Z","physicalMemoryBytes":202078765056,"availableMemoryBytes":176158490647,"percentageMemoryUsage":12.8268,"totalSwapBytes":198029864960,"availableSwapBytes":198009671680},{"timestamp":"2021-03-02T02:52:30Z","physicalMemoryBytes":202078765056,"availableMemoryBytes":176164989907,"percentageMemoryUsage":12.8236,"totalSwapBytes":198029864960,"availableSwapBytes":198009671680},{"timestamp":"2021-03-02T02:25:00Z","physicalMemoryBytes":202078765056,"availableMemoryBytes":176156615284,"percentageMemoryUsage":12.8277,"totalSwapBytes":198029864960,"availableSwapBytes":198009671680},{"timestamp":"2021-03-02T01:57:30Z","physicalMemoryBytes":202078765056,"availableMemoryBytes":176152933000,"percentageMemoryUsage":12.8296,"totalSwapBytes":198029864960,"availableSwapBytes":198009671680},{"timestamp":"2021-03-02T01:30:00Z","physicalMemoryBytes":202078765056,"availableMemoryBytes":176157186062,"percentageMemoryUsage":12.8275,"totalSwapBytes":198029864960,"availableSwapBytes":198009671680},{"timestamp":"2021-03-02T01:02:30Z","physicalMemoryBytes":202078765056,"availableMemoryBytes":176151817142,"percentageMemoryUsage":12.8301,"totalSwapBytes":198029864960,"availableSwapBytes":198009671680},{"timestamp":"2021-03-02T00:35:00Z","physicalMemoryBytes":202078765056,"availableMemoryBytes":176149190165,"percentageMemoryUsage":12.8314,"totalSwapBytes":198029864960,"availableSwapBytes":198009671680},{"timestamp":"2021-03-02T00:07:30Z","physicalMemoryBytes":202078765056,"availableMemoryBytes":176150188486,"percentageMemoryUsage":12.8309,"totalSwapBytes":198029864960,"availableSwapBytes":198009671680},{"timestamp":"2021-03-01T23:40:00Z","physicalMemoryBytes":202078765056,"availableMemoryBytes":176146185313,"percentageMemoryUsage":12.8329,"totalSwapBytes":198029864960,"availableSwapBytes":198009671680},{"timestamp":"2021-03-01T23:12:30Z","physicalMemoryBytes":202078765056,"availableMemoryBytes":176131579589,"percentageMemoryUsage":12.8401,"totalSwapBytes":198029864960,"availableSwapBytes":198009671680},{"timestamp":"2021-03-01T22:45:00Z","physicalMemoryBytes":202078765056,"availableMemoryBytes":176051967765,"percentageMemoryUsage":12.8795,"totalSwapBytes":198029864960,"availableSwapBytes":198009671680},{"timestamp":"2021-03-01T22:17:30Z","physicalMemoryBytes":202078765056,"availableMemoryBytes":176212363265,"percentageMemoryUsage":12.8002,"totalSwapBytes":198029864960,"availableSwapBytes":198009671680},{"timestamp":"2021-03-01T21:50:00Z","physicalMemoryBytes":202078765056,"availableMemoryBytes":176212671494,"percentageMemoryUsage":12.8,"totalSwapBytes":198029864960,"availableSwapBytes":198009671680},{"timestamp":"2021-03-01T21:22:30Z","physicalMemoryBytes":202078765056,"availableMemoryBytes":176206973138,"percentageMemoryUsage":12.8028,"totalSwapBytes":198029864960,"availableSwapBytes":198009671680},{"timestamp":"2021-03-01T20:55:00Z","physicalMemoryBytes":202078765056,"availableMemoryBytes":176204086006,"percentageMemoryUsage":12.8043,"totalSwapBytes":198029864960,"availableSwapBytes":198009671680},{"timestamp":"2021-03-01T20:27:30Z","physicalMemoryBytes":202078765056,"availableMemoryBytes":176203361369,"percentageMemoryUsage":12.8046,"totalSwapBytes":198029864960,"availableSwapBytes":198009671680},{"timestamp":"2021-03-01T20:00:00Z","physicalMemoryBytes":202078765056,"availableMemoryBytes":176198069669,"percentageMemoryUsage":12.8072,"totalSwapBytes":198029864960,"availableSwapBytes":198009671680},{"timestamp":"2021-03-01T19:32:30Z","physicalMemoryBytes":202078765056,"availableMemoryBytes":176199261386,"percentageMemoryUsage":12.8066,"totalSwapBytes":198029864960,"availableSwapBytes":198009671680},{"timestamp":"2021-03-01T19:02:30Z","physicalMemoryBytes":202078765056,"availableMemoryBytes":176189137231,"percentageMemoryUsage":12.8117,"totalSwapBytes":198029864960,"availableSwapBytes":198009671680},{"timestamp":"2021-03-01T18:35:00Z","physicalMemoryBytes":202078765056,"availableMemoryBytes":176207625233,"percentageMemoryUsage":12.8025,"totalSwapBytes":198029864960,"availableSwapBytes":198009671680},{"timestamp":"2021-03-01T18:07:30Z","physicalMemoryBytes":202078765056,"availableMemoryBytes":176195646902,"percentageMemoryUsage":12.8084,"totalSwapBytes":198029864960,"availableSwapBytes":198009671680},{"timestamp":"2021-03-01T17:40:00Z","physicalMemoryBytes":202078765056,"availableMemoryBytes":176111021412,"percentageMemoryUsage":12.8503,"totalSwapBytes":198029864960,"availableSwapBytes":198009671680},{"timestamp":"2021-03-01T17:12:30Z","physicalMemoryBytes":202078765056,"availableMemoryBytes":175986072765,"percentageMemoryUsage":12.9121,"totalSwapBytes":198029864960,"availableSwapBytes":198009671680},{"timestamp":"2021-03-01T16:45:00Z","physicalMemoryBytes":202078765056,"availableMemoryBytes":175983379620,"percentageMemoryUsage":12.9135,"totalSwapBytes":198029864960,"availableSwapBytes":198009671680},{"timestamp":"2021-03-01T16:17:30Z","physicalMemoryBytes":202078765056,"availableMemoryBytes":176001985566,"percentageMemoryUsage":12.9043,"totalSwapBytes":198029864960,"availableSwapBytes":198009671680},{"timestamp":"2021-03-01T15:50:00Z","physicalMemoryBytes":202078765056,"availableMemoryBytes":176072222394,"percentageMemoryUsage":12.8695,"totalSwapBytes":198029864960,"availableSwapBytes":198009671680},{"timestamp":"2021-03-01T15:22:30Z","physicalMemoryBytes":202078765056,"availableMemoryBytes":176164037318,"percentageMemoryUsage":12.8241,"totalSwapBytes":198029864960,"availableSwapBytes":198009671680},{"timestamp":"2021-03-01T14:55:00Z","physicalMemoryBytes":202078765056,"availableMemoryBytes":176092910632,"percentageMemoryUsage":12.8593,"totalSwapBytes":198029864960,"availableSwapBytes":198009671680},{"timestamp":"2021-03-01T14:27:30Z","physicalMemoryBytes":202078765056,"availableMemoryBytes":176125412145,"percentageMemoryUsage":12.8432,"totalSwapBytes":198029864960,"availableSwapBytes":198009671680},{"timestamp":"2021-03-01T14:00:00Z","physicalMemoryBytes":202078765056,"availableMemoryBytes":176294676851,"percentageMemoryUsage":12.7594,"totalSwapBytes":198029864960,"availableSwapBytes":198009671680},{"timestamp":"2021-03-01T13:32:30Z","physicalMemoryBytes":202078765056,"availableMemoryBytes":176404112094,"percentageMemoryUsage":12.7053,"totalSwapBytes":198029864960,"availableSwapBytes":198009671680},{"timestamp":"2021-03-01T13:05:00Z","physicalMemoryBytes":202078765056,"availableMemoryBytes":176402672562,"percentageMemoryUsage":12.706,"totalSwapBytes":198029864960,"availableSwapBytes":198009671680},{"timestamp":"2021-03-01T12:37:30Z","physicalMemoryBytes":202078765056,"availableMemoryBytes":176408153814,"percentageMemoryUsage":12.7033,"totalSwapBytes":198029864960,"availableSwapBytes":198009671680},{"timestamp":"2021-03-01T12:10:00Z","physicalMemoryBytes":202078765056,"availableMemoryBytes":176403538379,"percentageMemoryUsage":12.7056,"totalSwapBytes":198029864960,"availableSwapBytes":198009671680},{"timestamp":"2021-03-01T11:42:30Z","physicalMemoryBytes":202078765056,"availableMemoryBytes":176393280415,"percentageMemoryUsage":12.7106,"totalSwapBytes":198029864960,"availableSwapBytes":198009671680},{"timestamp":"2021-03-01T11:15:00Z","physicalMemoryBytes":202078765056,"availableMemoryBytes":176415016421,"percentageMemoryUsage":12.6999,"totalSwapBytes":198029864960,"availableSwapBytes":198009671680},{"timestamp":"2021-03-01T10:47:30Z","physicalMemoryBytes":202078765056,"availableMemoryBytes":177302277187,"percentageMemoryUsage":12.2608,"totalSwapBytes":198029864960,"availableSwapBytes":198009671722},{"timestamp":"2021-03-01T10:17:30Z","physicalMemoryBytes":202078765056,"availableMemoryBytes":177862290231,"percentageMemoryUsage":11.9837,"totalSwapBytes":198029864960,"availableSwapBytes":198011612253},{"timestamp":"2021-03-01T09:50:00Z","physicalMemoryBytes":202078765056,"availableMemoryBytes":178542872862,"percentageMemoryUsage":11.6469,"totalSwapBytes":198029864960,"availableSwapBytes":198012555264},{"timestamp":"2021-03-01T09:22:30Z","physicalMemoryBytes":202078765056,"availableMemoryBytes":178545750844,"percentageMemoryUsage":11.6455,"totalSwapBytes":198029864960,"availableSwapBytes":198012555264},{"timestamp":"2021-03-01T08:55:00Z","physicalMemoryBytes":202078765056,"availableMemoryBytes":178543464033,"percentageMemoryUsage":11.6466,"totalSwapBytes":198029864960,"availableSwapBytes":198012555264},{"timestamp":"2021-03-01T08:27:30Z","physicalMemoryBytes":202078765056,"availableMemoryBytes":178533210086,"percentageMemoryUsage":11.6517,"totalSwapBytes":198029864960,"availableSwapBytes":198012555264},{"timestamp":"2021-03-01T08:00:00Z","physicalMemoryBytes":202078765056,"availableMemoryBytes":178510861145,"percentageMemoryUsage":11.6627,"totalSwapBytes":198029864960,"availableSwapBytes":198012555264},{"timestamp":"2021-03-01T07:32:30Z","physicalMemoryBytes":202078765056,"availableMemoryBytes":178533294257,"percentageMemoryUsage":11.6516,"totalSwapBytes":198029864960,"availableSwapBytes":198012555264},{"timestamp":"2021-03-01T07:05:00Z","physicalMemoryBytes":202078765056,"availableMemoryBytes":178529797061,"percentageMemoryUsage":11.6534,"totalSwapBytes":198029864960,"availableSwapBytes":198012555264},{"timestamp":"2021-03-01T06:37:30Z","physicalMemoryBytes":202078765056,"availableMemoryBytes":178446363177,"percentageMemoryUsage":11.6946,"totalSwapBytes":198029864960,"availableSwapBytes":198012555264},{"timestamp":"2021-03-01T06:10:00Z","physicalMemoryBytes":202078765056,"availableMemoryBytes":176538569618,"percentageMemoryUsage":12.6387,"totalSwapBytes":198029864960,"availableSwapBytes":198012555264},{"timestamp":"2021-03-01T05:42:30Z","physicalMemoryBytes":202078765056,"availableMemoryBytes":175746212230,"percentageMemoryUsage":13.0308,"totalSwapBytes":198029864960,"availableSwapBytes":198012555264},{"timestamp":"2021-03-01T05:15:00Z","physicalMemoryBytes":202078765056,"availableMemoryBytes":175748865091,"percentageMemoryUsage":13.0295,"totalSwapBytes":198029864960,"availableSwapBytes":198012555264},{"timestamp":"2021-03-01T04:47:30Z","physicalMemoryBytes":202078765056,"availableMemoryBytes":175752205200,"percentageMemoryUsage":13.0279,"totalSwapBytes":198029864960,"availableSwapBytes":198012555264},{"timestamp":"2021-03-01T04:20:00Z","physicalMemoryBytes":202078765056,"availableMemoryBytes":175752240081,"percentageMemoryUsage":13.0279,"totalSwapBytes":198029864960,"availableSwapBytes":198012555264},{"timestamp":"2021-03-01T03:52:30Z","physicalMemoryBytes":202078765056,"availableMemoryBytes":175758307027,"percentageMemoryUsage":13.0249,"totalSwapBytes":198029864960,"availableSwapBytes":198012555264},{"timestamp":"2021-03-01T03:25:00Z","physicalMemoryBytes":202078765056,"availableMemoryBytes":175757941596,"percentageMemoryUsage":13.025,"totalSwapBytes":198029864960,"availableSwapBytes":198012555264},{"timestamp":"2021-03-01T02:57:30Z","physicalMemoryBytes":202078765056,"availableMemoryBytes":175751194847,"percentageMemoryUsage":13.0284,"totalSwapBytes":198029864960,"availableSwapBytes":198012555264},{"timestamp":"2021-03-01T02:30:00Z","physicalMemoryBytes":202078765056,"availableMemoryBytes":175759662327,"percentageMemoryUsage":13.0242,"totalSwapBytes":198029864960,"availableSwapBytes":198012555264},{"timestamp":"2021-03-01T02:02:30Z","physicalMemoryBytes":202078765056,"availableMemoryBytes":175759654986,"percentageMemoryUsage":13.0242,"totalSwapBytes":198029864960,"availableSwapBytes":198012555264},{"timestamp":"2021-03-01T01:32:30Z","physicalMemoryBytes":202078765056,"availableMemoryBytes":175757527787,"percentageMemoryUsage":13.0252,"totalSwapBytes":198029864960,"availableSwapBytes":198012555264},{"timestamp":"2021-03-01T01:05:00Z","physicalMemoryBytes":202078765056,"availableMemoryBytes":175756412867,"percentageMemoryUsage":13.0258,"totalSwapBytes":198029864960,"availableSwapBytes":198012555264},{"timestamp":"2021-03-01T00:37:30Z","physicalMemoryBytes":202078765056,"availableMemoryBytes":175757001151,"percentageMemoryUsage":13.0255,"totalSwapBytes":198029864960,"availableSwapBytes":198012555264},{"timestamp":"2021-03-01T00:10:00Z","physicalMemoryBytes":202078765056,"availableMemoryBytes":175764357869,"percentageMemoryUsage":13.0219,"totalSwapBytes":198029864960,"availableSwapBytes":198012666183},{"timestamp":"2021-02-28T23:42:30Z","physicalMemoryBytes":202078765056,"availableMemoryBytes":175771905886,"percentageMemoryUsage":13.0181,"totalSwapBytes":198029864960,"availableSwapBytes":198013087744},{"timestamp":"2021-02-28T23:15:00Z","physicalMemoryBytes":202078765056,"availableMemoryBytes":175776073951,"percentageMemoryUsage":13.0161,"totalSwapBytes":198029864960,"availableSwapBytes":198013087744},{"timestamp":"2021-02-28T22:47:30Z","physicalMemoryBytes":202078765056,"availableMemoryBytes":175773303278,"percentageMemoryUsage":13.0174,"totalSwapBytes":198029864960,"availableSwapBytes":198013087744},{"timestamp":"2021-02-28T22:20:00Z","physicalMemoryBytes":202078765056,"availableMemoryBytes":175768279617,"percentageMemoryUsage":13.0199,"totalSwapBytes":198029864960,"availableSwapBytes":198013087744},{"timestamp":"2021-02-28T21:52:30Z","physicalMemoryBytes":202078765056,"availableMemoryBytes":175769635728,"percentageMemoryUsage":13.0192,"totalSwapBytes":198029864960,"availableSwapBytes":198013087744},{"timestamp":"2021-02-28T21:25:00Z","physicalMemoryBytes":202078765056,"availableMemoryBytes":175768292402,"percentageMemoryUsage":13.0199,"totalSwapBytes":198029864960,"availableSwapBytes":198013087744},{"timestamp":"2021-02-28T20:57:30Z","physicalMemoryBytes":202078765056,"availableMemoryBytes":175770054230,"percentageMemoryUsage":13.019,"totalSwapBytes":198029864960,"availableSwapBytes":198013087744},{"timestamp":"2021-02-28T20:30:00Z","physicalMemoryBytes":202078765056,"availableMemoryBytes":175774624348,"percentageMemoryUsage":13.0168,"totalSwapBytes":198029864960,"availableSwapBytes":198013087744},{"timestamp":"2021-02-28T20:02:30Z","physicalMemoryBytes":202078765056,"availableMemoryBytes":175773807653,"percentageMemoryUsage":13.0172,"totalSwapBytes":198029864960,"availableSwapBytes":198013087744},{"timestamp":"2021-02-28T19:35:00Z","physicalMemoryBytes":202078765056,"availableMemoryBytes":175772211180,"percentageMemoryUsage":13.018,"totalSwapBytes":198029864960,"availableSwapBytes":198013087744},{"timestamp":"2021-02-28T19:07:30Z","physicalMemoryBytes":202078765056,"availableMemoryBytes":175776021010,"percentageMemoryUsage":13.0161,"totalSwapBytes":198029864960,"availableSwapBytes":198013087744},{"timestamp":"2021-02-28T18:40:00Z","physicalMemoryBytes":202078765056,"availableMemoryBytes":175767599916,"percentageMemoryUsage":13.0203,"totalSwapBytes":198029864960,"availableSwapBytes":198013087744},{"timestamp":"2021-02-28T18:12:30Z","physicalMemoryBytes":202078765056,"availableMemoryBytes":175773169469,"percentageMemoryUsage":13.0175,"totalSwapBytes":198029864960,"availableSwapBytes":198013087744},{"timestamp":"2021-02-28T17:45:00Z","physicalMemoryBytes":202078765056,"availableMemoryBytes":175775908193,"percentageMemoryUsage":13.0161,"totalSwapBytes":198029864960,"availableSwapBytes":198013087744},{"timestamp":"2021-02-28T17:17:30Z","physicalMemoryBytes":202078765056,"availableMemoryBytes":175780215168,"percentageMemoryUsage":13.014,"totalSwapBytes":198029864960,"availableSwapBytes":198013087744},{"timestamp":"2021-02-28T16:47:30Z","physicalMemoryBytes":202078765056,"availableMemoryBytes":175778928322,"percentageMemoryUsage":13.0146,"totalSwapBytes":198029864960,"availableSwapBytes":198013087744},{"timestamp":"2021-02-28T16:20:00Z","physicalMemoryBytes":202078765056,"availableMemoryBytes":175776764799,"percentageMemoryUsage":13.0157,"totalSwapBytes":198029864960,"availableSwapBytes":198013087744},{"timestamp":"2021-02-28T15:52:30Z","physicalMemoryBytes":202078765056,"availableMemoryBytes":175777132759,"percentageMemoryUsage":13.0155,"totalSwapBytes":198029864960,"availableSwapBytes":198013087744},{"timestamp":"2021-02-28T15:25:00Z","physicalMemoryBytes":202078765056,"availableMemoryBytes":175781472350,"percentageMemoryUsage":13.0134,"totalSwapBytes":198029864960,"availableSwapBytes":198013087744},{"timestamp":"2021-02-28T14:57:30Z","physicalMemoryBytes":202078765056,"availableMemoryBytes":175774498898,"percentageMemoryUsage":13.0168,"totalSwapBytes":198029864960,"availableSwapBytes":198013087744},{"timestamp":"2021-02-28T14:30:00Z","physicalMemoryBytes":202078765056,"availableMemoryBytes":175783969853,"percentageMemoryUsage":13.0122,"totalSwapBytes":198029864960,"availableSwapBytes":198013087744},{"timestamp":"2021-02-28T14:02:30Z","physicalMemoryBytes":202078765056,"availableMemoryBytes":175790487977,"percentageMemoryUsage":13.0089,"totalSwapBytes":198029864960,"availableSwapBytes":198013087744},{"timestamp":"2021-02-28T13:35:00Z","physicalMemoryBytes":202078765056,"availableMemoryBytes":175790884386,"percentageMemoryUsage":13.0087,"totalSwapBytes":198029864960,"availableSwapBytes":198013087744},{"timestamp":"2021-02-28T13:07:30Z","physicalMemoryBytes":202078765056,"availableMemoryBytes":175791946609,"percentageMemoryUsage":13.0082,"totalSwapBytes":198029864960,"availableSwapBytes":198013087744},{"timestamp":"2021-02-28T12:40:00Z","physicalMemoryBytes":202078765056,"availableMemoryBytes":175797938119,"percentageMemoryUsage":13.0052,"totalSwapBytes":198029864960,"availableSwapBytes":198013087744},{"timestamp":"2021-02-28T12:12:30Z","physicalMemoryBytes":202078765056,"availableMemoryBytes":175797876831,"percentageMemoryUsage":13.0053,"totalSwapBytes":198029864960,"availableSwapBytes":198013087744},{"timestamp":"2021-02-28T11:45:00Z","physicalMemoryBytes":202078765056,"availableMemoryBytes":175794920540,"percentageMemoryUsage":13.0067,"totalSwapBytes":198029864960,"availableSwapBytes":198013087744},{"timestamp":"2021-02-28T11:17:30Z","physicalMemoryBytes":202078765056,"availableMemoryBytes":175803114339,"percentageMemoryUsage":13.0027,"totalSwapBytes":198029864960,"availableSwapBytes":198013087744},{"timestamp":"2021-02-28T10:50:00Z","physicalMemoryBytes":202078765056,"availableMemoryBytes":175804122713,"percentageMemoryUsage":13.0022,"totalSwapBytes":198029864960,"availableSwapBytes":198013087744},{"timestamp":"2021-02-28T10:22:30Z","physicalMemoryBytes":202078765056,"availableMemoryBytes":175808369118,"percentageMemoryUsage":13.0001,"totalSwapBytes":198029864960,"availableSwapBytes":198013087744},{"timestamp":"2021-02-28T09:55:00Z","physicalMemoryBytes":202078765056,"availableMemoryBytes":175801244939,"percentageMemoryUsage":13.0036,"totalSwapBytes":198029864960,"availableSwapBytes":198013087744},{"timestamp":"2021-02-28T09:27:30Z","physicalMemoryBytes":202078765056,"availableMemoryBytes":175806302673,"percentageMemoryUsage":13.0011,"totalSwapBytes":198029864960,"availableSwapBytes":198013087744},{"timestamp":"2021-02-28T09:00:00Z","physicalMemoryBytes":202078765056,"availableMemoryBytes":175808213228,"percentageMemoryUsage":13.0002,"totalSwapBytes":198029864960,"availableSwapBytes":198013087744},{"timestamp":"2021-02-28T08:32:30Z","physicalMemoryBytes":202078765056,"availableMemoryBytes":175803553003,"percentageMemoryUsage":13.0025,"totalSwapBytes":198029864960,"availableSwapBytes":198013087744},{"timestamp":"2021-02-28T08:02:30Z","physicalMemoryBytes":202078765056,"availableMemoryBytes":175800985446,"percentageMemoryUsage":13.0037,"totalSwapBytes":198029864960,"availableSwapBytes":198013087744},{"timestamp":"2021-02-28T07:35:00Z","physicalMemoryBytes":202078765056,"availableMemoryBytes":175806843321,"percentageMemoryUsage":13.0008,"totalSwapBytes":198029864960,"availableSwapBytes":198013087744},{"timestamp":"2021-02-28T07:07:30Z","physicalMemoryBytes":202078765056,"availableMemoryBytes":175805967212,"percentageMemoryUsage":13.0013,"totalSwapBytes":198029864960,"availableSwapBytes":198013087744},{"timestamp":"2021-02-28T06:40:00Z","physicalMemoryBytes":202078765056,"availableMemoryBytes":175802058306,"percentageMemoryUsage":13.0032,"totalSwapBytes":198029864960,"availableSwapBytes":198013087744},{"timestamp":"2021-02-28T06:12:30Z","physicalMemoryBytes":202078765056,"availableMemoryBytes":175801634799,"percentageMemoryUsage":13.0034,"totalSwapBytes":198029864960,"availableSwapBytes":198013087744},{"timestamp":"2021-02-28T05:45:00Z","physicalMemoryBytes":202078765056,"availableMemoryBytes":175805511254,"percentageMemoryUsage":13.0015,"totalSwapBytes":198029864960,"availableSwapBytes":198013087744},{"timestamp":"2021-02-28T05:17:30Z","physicalMemoryBytes":202078765056,"availableMemoryBytes":175799406530,"percentageMemoryUsage":13.0045,"totalSwapBytes":198029864960,"availableSwapBytes":198013087744},{"timestamp":"2021-02-28T04:50:00Z","physicalMemoryBytes":202078765056,"availableMemoryBytes":175810753694,"percentageMemoryUsage":12.9989,"totalSwapBytes":198029864960,"availableSwapBytes":198013087744},{"timestamp":"2021-02-28T04:22:30Z","physicalMemoryBytes":202078765056,"availableMemoryBytes":175809170901,"percentageMemoryUsage":12.9997,"totalSwapBytes":198029864960,"availableSwapBytes":198013087744},{"timestamp":"2021-02-28T03:55:00Z","physicalMemoryBytes":202078765056,"availableMemoryBytes":175800756050,"percentageMemoryUsage":13.0038,"totalSwapBytes":198029864960,"availableSwapBytes":198013087744},{"timestamp":"2021-02-28T03:27:30Z","physicalMemoryBytes":202078765056,"availableMemoryBytes":175799888088,"percentageMemoryUsage":13.0043,"totalSwapBytes":198029864960,"availableSwapBytes":198013087744},{"timestamp":"2021-02-28T03:00:00Z","physicalMemoryBytes":202078765056,"availableMemoryBytes":175809016979,"percentageMemoryUsage":12.9998,"totalSwapBytes":198029864960,"availableSwapBytes":198013087744},{"timestamp":"2021-02-28T02:32:30Z","physicalMemoryBytes":202078765056,"availableMemoryBytes":175813937417,"percentageMemoryUsage":12.9973,"totalSwapBytes":198029864960,"availableSwapBytes":198013087744},{"timestamp":"2021-02-28T02:05:00Z","physicalMemoryBytes":202078765056,"availableMemoryBytes":175821093555,"percentageMemoryUsage":12.9938,"totalSwapBytes":198029864960,"availableSwapBytes":198013087744},{"timestamp":"2021-02-28T01:37:30Z","physicalMemoryBytes":202078765056,"availableMemoryBytes":175813290683,"percentageMemoryUsage":12.9976,"totalSwapBytes":198029864960,"availableSwapBytes":198013087744},{"timestamp":"2021-02-28T01:10:00Z","physicalMemoryBytes":202078765056,"availableMemoryBytes":175817407048,"percentageMemoryUsage":12.9956,"totalSwapBytes":198029864960,"availableSwapBytes":198013087744},{"timestamp":"2021-02-28T00:42:30Z","physicalMemoryBytes":202078765056,"availableMemoryBytes":175811015402,"percentageMemoryUsage":12.9988,"totalSwapBytes":198029864960,"availableSwapBytes":198013087744},{"timestamp":"2021-02-28T00:15:00Z","physicalMemoryBytes":202078765056,"availableMemoryBytes":175807800533,"percentageMemoryUsage":13.0004,"totalSwapBytes":198029864960,"availableSwapBytes":198013088590},{"timestamp":"2021-02-27T23:47:30Z","physicalMemoryBytes":202078765056,"availableMemoryBytes":175805838530,"percentageMemoryUsage":13.0013,"totalSwapBytes":198029864960,"availableSwapBytes":198013341696},{"timestamp":"2021-02-27T23:17:30Z","physicalMemoryBytes":202078765056,"availableMemoryBytes":175805730925,"percentageMemoryUsage":13.0014,"totalSwapBytes":198029864960,"availableSwapBytes":198013341696},{"timestamp":"2021-02-27T22:50:00Z","physicalMemoryBytes":202078765056,"availableMemoryBytes":175804585686,"percentageMemoryUsage":13.0019,"totalSwapBytes":198029864960,"availableSwapBytes":198013341696},{"timestamp":"2021-02-27T22:22:30Z","physicalMemoryBytes":202078765056,"availableMemoryBytes":175806406626,"percentageMemoryUsage":13.001,"totalSwapBytes":198029864960,"availableSwapBytes":198013341696},{"timestamp":"2021-02-27T21:55:00Z","physicalMemoryBytes":202078765056,"availableMemoryBytes":175812262968,"percentageMemoryUsage":12.9982,"totalSwapBytes":198029864960,"availableSwapBytes":198013341696},{"timestamp":"2021-02-27T21:27:30Z","physicalMemoryBytes":202078765056,"availableMemoryBytes":175813792119,"percentageMemoryUsage":12.9974,"totalSwapBytes":198029864960,"availableSwapBytes":198013341696},{"timestamp":"2021-02-27T21:00:00Z","physicalMemoryBytes":202078765056,"availableMemoryBytes":175816213803,"percentageMemoryUsage":12.9962,"totalSwapBytes":198029864960,"availableSwapBytes":198013341696},{"timestamp":"2021-02-27T20:32:30Z","physicalMemoryBytes":202078765056,"availableMemoryBytes":175817397355,"percentageMemoryUsage":12.9956,"totalSwapBytes":198029864960,"availableSwapBytes":198013341696},{"timestamp":"2021-02-27T20:05:00Z","physicalMemoryBytes":202078765056,"availableMemoryBytes":175816221286,"percentageMemoryUsage":12.9962,"totalSwapBytes":198029864960,"availableSwapBytes":198013341696},{"timestamp":"2021-02-27T19:37:30Z","physicalMemoryBytes":202078765056,"availableMemoryBytes":175814379467,"percentageMemoryUsage":12.9971,"totalSwapBytes":198029864960,"availableSwapBytes":198013341696},{"timestamp":"2021-02-27T19:10:00Z","physicalMemoryBytes":202078765056,"availableMemoryBytes":175818006406,"percentageMemoryUsage":12.9953,"totalSwapBytes":198029864960,"availableSwapBytes":198013341696},{"timestamp":"2021-02-27T18:42:30Z","physicalMemoryBytes":202078765056,"availableMemoryBytes":175819817867,"percentageMemoryUsage":12.9944,"totalSwapBytes":198029864960,"availableSwapBytes":198013341696},{"timestamp":"2021-02-27T18:15:00Z","physicalMemoryBytes":202078765056,"availableMemoryBytes":175816834764,"percentageMemoryUsage":12.9959,"totalSwapBytes":198029864960,"availableSwapBytes":198013341696},{"timestamp":"2021-02-27T17:47:30Z","physicalMemoryBytes":202078765056,"availableMemoryBytes":175817512407,"percentageMemoryUsage":12.9956,"totalSwapBytes":198029864960,"availableSwapBytes":198013341696},{"timestamp":"2021-02-27T17:20:00Z","physicalMemoryBytes":202078765056,"availableMemoryBytes":175815861358,"percentageMemoryUsage":12.9964,"totalSwapBytes":198029864960,"availableSwapBytes":198013341696},{"timestamp":"2021-02-27T16:52:30Z","physicalMemoryBytes":202078765056,"availableMemoryBytes":175820171448,"percentageMemoryUsage":12.9942,"totalSwapBytes":198029864960,"availableSwapBytes":198013341696},{"timestamp":"2021-02-27T16:25:00Z","physicalMemoryBytes":202078765056,"availableMemoryBytes":175827039245,"percentageMemoryUsage":12.9908,"totalSwapBytes":198029864960,"availableSwapBytes":198013341696},{"timestamp":"2021-02-27T15:57:30Z","physicalMemoryBytes":202078765056,"availableMemoryBytes":175822695050,"percentageMemoryUsage":12.993,"totalSwapBytes":198029864960,"availableSwapBytes":198013341696},{"timestamp":"2021-02-27T15:30:00Z","physicalMemoryBytes":202078765056,"availableMemoryBytes":175828488915,"percentageMemoryUsage":12.9901,"totalSwapBytes":198029864960,"availableSwapBytes":198013341696},{"timestamp":"2021-02-27T15:02:30Z","physicalMemoryBytes":202078765056,"availableMemoryBytes":175825747994,"percentageMemoryUsage":12.9915,"totalSwapBytes":198029864960,"availableSwapBytes":198013341696},{"timestamp":"2021-02-27T14:35:00Z","physicalMemoryBytes":202078765056,"availableMemoryBytes":175826014210,"percentageMemoryUsage":12.9913,"totalSwapBytes":198029864960,"availableSwapBytes":198013341696},{"timestamp":"2021-02-27T14:07:30Z","physicalMemoryBytes":202078765056,"availableMemoryBytes":175822895635,"percentageMemoryUsage":12.9929,"totalSwapBytes":198029864960,"availableSwapBytes":198013341696},{"timestamp":"2021-02-27T13:37:30Z","physicalMemoryBytes":202078765056,"availableMemoryBytes":175823934944,"percentageMemoryUsage":12.9924,"totalSwapBytes":198029864960,"availableSwapBytes":198013341696},{"timestamp":"2021-02-27T13:10:00Z","physicalMemoryBytes":202078765056,"availableMemoryBytes":175829353044,"percentageMemoryUsage":12.9897,"totalSwapBytes":198029864960,"availableSwapBytes":198013405484},{"timestamp":"2021-02-27T12:42:30Z","physicalMemoryBytes":202078765056,"availableMemoryBytes":175830304309,"percentageMemoryUsage":12.9892,"totalSwapBytes":198029864960,"availableSwapBytes":198013603840},{"timestamp":"2021-02-27T12:15:00Z","physicalMemoryBytes":202078765056,"availableMemoryBytes":175826089961,"percentageMemoryUsage":12.9913,"totalSwapBytes":198029864960,"availableSwapBytes":198013603840},{"timestamp":"2021-02-27T11:47:30Z","physicalMemoryBytes":202078765056,"availableMemoryBytes":175832946889,"percentageMemoryUsage":12.9879,"totalSwapBytes":198029864960,"availableSwapBytes":198013603840},{"timestamp":"2021-02-27T11:20:00Z","physicalMemoryBytes":202078765056,"availableMemoryBytes":175829711117,"percentageMemoryUsage":12.9895,"totalSwapBytes":198029864960,"availableSwapBytes":198013603840},{"timestamp":"2021-02-27T10:52:30Z","physicalMemoryBytes":202078765056,"availableMemoryBytes":175829416394,"percentageMemoryUsage":12.9897,"totalSwapBytes":198029864960,"availableSwapBytes":198013603840},{"timestamp":"2021-02-27T10:25:00Z","physicalMemoryBytes":202078765056,"availableMemoryBytes":175833536099,"percentageMemoryUsage":12.9876,"totalSwapBytes":198029864960,"availableSwapBytes":198013603840},{"timestamp":"2021-02-27T09:57:30Z","physicalMemoryBytes":202078765056,"availableMemoryBytes":175833221786,"percentageMemoryUsage":12.9878,"totalSwapBytes":198029864960,"availableSwapBytes":198013603840},{"timestamp":"2021-02-27T09:30:00Z","physicalMemoryBytes":202078765056,"availableMemoryBytes":175841779532,"percentageMemoryUsage":12.9835,"totalSwapBytes":198029864960,"availableSwapBytes":198013603840},{"timestamp":"2021-02-27T09:02:30Z","physicalMemoryBytes":202078765056,"availableMemoryBytes":175839802357,"percentageMemoryUsage":12.9845,"totalSwapBytes":198029864960,"availableSwapBytes":198013744378},{"timestamp":"2021-02-27T08:35:00Z","physicalMemoryBytes":202078765056,"availableMemoryBytes":175841206644,"percentageMemoryUsage":12.9838,"totalSwapBytes":198029864960,"availableSwapBytes":198013865984},{"timestamp":"2021-02-27T08:07:30Z","physicalMemoryBytes":202078765056,"availableMemoryBytes":175837671178,"percentageMemoryUsage":12.9856,"totalSwapBytes":198029864960,"availableSwapBytes":198013865984},{"timestamp":"2021-02-27T07:40:00Z","physicalMemoryBytes":202078765056,"availableMemoryBytes":175839991441,"percentageMemoryUsage":12.9844,"totalSwapBytes":198029864960,"availableSwapBytes":198013865984},{"timestamp":"2021-02-27T07:12:30Z","physicalMemoryBytes":202078765056,"availableMemoryBytes":175842117051,"percentageMemoryUsage":12.9834,"totalSwapBytes":198029864960,"availableSwapBytes":198013865984},{"timestamp":"2021-02-27T06:45:00Z","physicalMemoryBytes":202078765056,"availableMemoryBytes":175838735064,"percentageMemoryUsage":12.9851,"totalSwapBytes":198029864960,"availableSwapBytes":198013865984},{"timestamp":"2021-02-27T06:17:30Z","physicalMemoryBytes":202078765056,"availableMemoryBytes":175839920767,"percentageMemoryUsage":12.9845,"totalSwapBytes":198029864960,"availableSwapBytes":198013865984},{"timestamp":"2021-02-27T05:50:00Z","physicalMemoryBytes":202078765056,"availableMemoryBytes":175831474507,"percentageMemoryUsage":12.9886,"totalSwapBytes":198029864960,"availableSwapBytes":198013865984},{"timestamp":"2021-02-27T05:22:30Z","physicalMemoryBytes":202078765056,"availableMemoryBytes":175837562350,"percentageMemoryUsage":12.9856,"totalSwapBytes":198029864960,"availableSwapBytes":198013865984},{"timestamp":"2021-02-27T04:52:30Z","physicalMemoryBytes":202078765056,"availableMemoryBytes":175845528376,"percentageMemoryUsage":12.9817,"totalSwapBytes":198029864960,"availableSwapBytes":198013865984},{"timestamp":"2021-02-27T04:25:00Z","physicalMemoryBytes":202078765056,"availableMemoryBytes":175837520255,"percentageMemoryUsage":12.9857,"totalSwapBytes":198029864960,"availableSwapBytes":198013865984},{"timestamp":"2021-02-27T03:57:30Z","physicalMemoryBytes":202078765056,"availableMemoryBytes":175847345617,"percentageMemoryUsage":12.9808,"totalSwapBytes":198029864960,"availableSwapBytes":198013865984},{"timestamp":"2021-02-27T03:30:00Z","physicalMemoryBytes":202078765056,"availableMemoryBytes":175848721143,"percentageMemoryUsage":12.9801,"totalSwapBytes":198029864960,"availableSwapBytes":198013865984},{"timestamp":"2021-02-27T03:02:30Z","physicalMemoryBytes":202078765056,"availableMemoryBytes":175847764399,"percentageMemoryUsage":12.9806,"totalSwapBytes":198029864960,"availableSwapBytes":198013865984},{"timestamp":"2021-02-27T02:35:00Z","physicalMemoryBytes":202078765056,"availableMemoryBytes":175852449451,"percentageMemoryUsage":12.9783,"totalSwapBytes":198029864960,"availableSwapBytes":198013865984},{"timestamp":"2021-02-27T02:07:30Z","physicalMemoryBytes":202078765056,"availableMemoryBytes":175852871460,"percentageMemoryUsage":12.9781,"totalSwapBytes":198029864960,"availableSwapBytes":198013865984},{"timestamp":"2021-02-27T01:40:00Z","physicalMemoryBytes":202078765056,"availableMemoryBytes":175859762490,"percentageMemoryUsage":12.9746,"totalSwapBytes":198029864960,"availableSwapBytes":198013865984},{"timestamp":"2021-02-27T01:12:30Z","physicalMemoryBytes":202078765056,"availableMemoryBytes":175855777682,"percentageMemoryUsage":12.9766,"totalSwapBytes":198029864960,"availableSwapBytes":198013865984},{"timestamp":"2021-02-27T00:45:00Z","physicalMemoryBytes":202078765056,"availableMemoryBytes":175848774658,"percentageMemoryUsage":12.9801,"totalSwapBytes":198029864960,"availableSwapBytes":198013865984},{"timestamp":"2021-02-27T00:17:30Z","physicalMemoryBytes":202078765056,"availableMemoryBytes":175851146741,"percentageMemoryUsage":12.9789,"totalSwapBytes":198029864960,"availableSwapBytes":198013865984},{"timestamp":"2021-02-26T23:50:00Z","physicalMemoryBytes":202078765056,"availableMemoryBytes":175858373778,"percentageMemoryUsage":12.9753,"totalSwapBytes":198029864960,"availableSwapBytes":198013865984},{"timestamp":"2021-02-26T23:22:30Z","physicalMemoryBytes":202078765056,"availableMemoryBytes":175866031671,"percentageMemoryUsage":12.9715,"totalSwapBytes":198029864960,"availableSwapBytes":198013865984},{"timestamp":"2021-02-26T22:55:00Z","physicalMemoryBytes":202078765056,"availableMemoryBytes":175867857704,"percentageMemoryUsage":12.9706,"totalSwapBytes":198029864960,"availableSwapBytes":198013865984},{"timestamp":"2021-02-26T22:27:30Z","physicalMemoryBytes":202078765056,"availableMemoryBytes":175871846767,"percentageMemoryUsage":12.9687,"totalSwapBytes":198029864960,"availableSwapBytes":198013865984},{"timestamp":"2021-02-26T22:00:00Z","physicalMemoryBytes":202078765056,"availableMemoryBytes":175870347792,"percentageMemoryUsage":12.9694,"totalSwapBytes":198029864960,"availableSwapBytes":198013865984},{"timestamp":"2021-02-26T21:32:30Z","physicalMemoryBytes":202078765056,"availableMemoryBytes":175870124251,"percentageMemoryUsage":12.9695,"totalSwapBytes":198029864960,"availableSwapBytes":198013865984},{"timestamp":"2021-02-26T21:05:00Z","physicalMemoryBytes":202078765056,"availableMemoryBytes":175865421573,"percentageMemoryUsage":12.9718,"totalSwapBytes":198029864960,"availableSwapBytes":198013865984},{"timestamp":"2021-02-26T20:37:30Z","physicalMemoryBytes":202078765056,"availableMemoryBytes":175865251556,"percentageMemoryUsage":12.9719,"totalSwapBytes":198029864960,"availableSwapBytes":198013865984},{"timestamp":"2021-02-26T20:07:30Z","physicalMemoryBytes":202078765056,"availableMemoryBytes":175857140772,"percentageMemoryUsage":12.9759,"totalSwapBytes":198029864960,"availableSwapBytes":198013865984},{"timestamp":"2021-02-26T19:44:00Z","physicalMemoryBytes":161663012044,"availableMemoryBytes":140680952567,"percentageMemoryUsage":10.3831,"totalSwapBytes":158423891968,"availableSwapBytes":158411092787},{"timestamp":"2021-02-26T19:17:30Z","physicalMemoryBytes":202078765056,"availableMemoryBytes":175862062989,"percentageMemoryUsage":12.9735,"totalSwapBytes":198029864960,"availableSwapBytes":198013865984},{"timestamp":"2021-02-26T18:50:00Z","physicalMemoryBytes":202078765056,"availableMemoryBytes":175867913861,"percentageMemoryUsage":12.9706,"totalSwapBytes":198029864960,"availableSwapBytes":198013865984},{"timestamp":"2021-02-26T18:22:30Z","physicalMemoryBytes":202078765056,"availableMemoryBytes":175863188829,"percentageMemoryUsage":12.9729,"totalSwapBytes":198029864960,"availableSwapBytes":198013865984},{"timestamp":"2021-02-26T17:55:00Z","physicalMemoryBytes":202078765056,"availableMemoryBytes":175863530645,"percentageMemoryUsage":12.9728,"totalSwapBytes":198029864960,"availableSwapBytes":198013865984},{"timestamp":"2021-02-26T17:27:30Z","physicalMemoryBytes":202078765056,"availableMemoryBytes":175861410131,"percentageMemoryUsage":12.9738,"totalSwapBytes":198029864960,"availableSwapBytes":198013865984},{"timestamp":"2021-02-26T17:00:00Z","physicalMemoryBytes":202078765056,"availableMemoryBytes":175867972740,"percentageMemoryUsage":12.9706,"totalSwapBytes":198029864960,"availableSwapBytes":198013865984},{"timestamp":"2021-02-26T16:32:30Z","physicalMemoryBytes":202078765056,"availableMemoryBytes":175868298616,"percentageMemoryUsage":12.9704,"totalSwapBytes":198029864960,"availableSwapBytes":198013865984},{"timestamp":"2021-02-26T16:05:00Z","physicalMemoryBytes":202078765056,"availableMemoryBytes":175865563892,"percentageMemoryUsage":12.9718,"totalSwapBytes":198029864960,"availableSwapBytes":198013865984},{"timestamp":"2021-02-26T15:37:30Z","physicalMemoryBytes":202078765056,"availableMemoryBytes":175866225868,"percentageMemoryUsage":12.9714,"totalSwapBytes":198029864960,"availableSwapBytes":198013865984},{"timestamp":"2021-02-26T15:10:00Z","physicalMemoryBytes":202078765056,"availableMemoryBytes":175851560494,"percentageMemoryUsage":12.9787,"totalSwapBytes":198029864960,"availableSwapBytes":198013865984},{"timestamp":"2021-02-26T14:42:30Z","physicalMemoryBytes":202078765056,"availableMemoryBytes":175868978822,"percentageMemoryUsage":12.9701,"totalSwapBytes":198029864960,"availableSwapBytes":198013865984},{"timestamp":"2021-02-26T14:15:00Z","physicalMemoryBytes":202078765056,"availableMemoryBytes":175869856513,"percentageMemoryUsage":12.9696,"totalSwapBytes":198029864960,"availableSwapBytes":198013865984},{"timestamp":"2021-02-26T13:47:30Z","physicalMemoryBytes":202078765056,"availableMemoryBytes":175868592664,"percentageMemoryUsage":12.9703,"totalSwapBytes":198029864960,"availableSwapBytes":198013865984},{"timestamp":"2021-02-26T13:20:00Z","physicalMemoryBytes":202078765056,"availableMemoryBytes":175871931688,"percentageMemoryUsage":12.9686,"totalSwapBytes":198029864960,"availableSwapBytes":198013866170},{"timestamp":"2021-02-26T12:52:30Z","physicalMemoryBytes":202078765056,"availableMemoryBytes":175870756582,"percentageMemoryUsage":12.9692,"totalSwapBytes":198029864960,"availableSwapBytes":198014093748},{"timestamp":"2021-02-26T12:25:00Z","physicalMemoryBytes":202078765056,"availableMemoryBytes":175870369522,"percentageMemoryUsage":12.9694,"totalSwapBytes":198029864960,"availableSwapBytes":198014128128},{"timestamp":"2021-02-26T11:57:30Z","physicalMemoryBytes":202078765056,"availableMemoryBytes":175874135624,"percentageMemoryUsage":12.9675,"totalSwapBytes":198029864960,"availableSwapBytes":198014133884},{"timestamp":"2021-02-26T11:27:30Z","physicalMemoryBytes":202078765056,"availableMemoryBytes":175883254750,"percentageMemoryUsage":12.963,"totalSwapBytes":198029864960,"availableSwapBytes":198014136320},{"timestamp":"2021-02-26T11:00:00Z","physicalMemoryBytes":202078765056,"availableMemoryBytes":176586021649,"percentageMemoryUsage":12.6153,"totalSwapBytes":198029864960,"availableSwapBytes":198014136320},{"timestamp":"2021-02-26T10:32:30Z","physicalMemoryBytes":202078765056,"availableMemoryBytes":176603300684,"percentageMemoryUsage":12.6067,"totalSwapBytes":198029864960,"availableSwapBytes":198014136320},{"timestamp":"2021-02-26T10:05:00Z","physicalMemoryBytes":202078765056,"availableMemoryBytes":176605169481,"percentageMemoryUsage":12.6058,"totalSwapBytes":198029864960,"availableSwapBytes":198014136320},{"timestamp":"2021-02-26T09:37:30Z","physicalMemoryBytes":202078765056,"availableMemoryBytes":176601999447,"percentageMemoryUsage":12.6073,"totalSwapBytes":198029864960,"availableSwapBytes":198014136320},{"timestamp":"2021-02-26T09:10:00Z","physicalMemoryBytes":202078765056,"availableMemoryBytes":176603676116,"percentageMemoryUsage":12.6065,"totalSwapBytes":198029864960,"availableSwapBytes":198014136320},{"timestamp":"2021-02-26T08:42:30Z","physicalMemoryBytes":202078765056,"availableMemoryBytes":176609818931,"percentageMemoryUsage":12.6035,"totalSwapBytes":198029864960,"availableSwapBytes":198014136320},{"timestamp":"2021-02-26T08:15:00Z","physicalMemoryBytes":202078765056,"availableMemoryBytes":176599638104,"percentageMemoryUsage":12.6085,"totalSwapBytes":198029864960,"availableSwapBytes":198014136320},{"timestamp":"2021-02-26T07:47:30Z","physicalMemoryBytes":202078765056,"availableMemoryBytes":176606914587,"percentageMemoryUsage":12.6049,"totalSwapBytes":198029864960,"availableSwapBytes":198014136320},{"timestamp":"2021-02-26T07:20:00Z","physicalMemoryBytes":202078765056,"availableMemoryBytes":176608461052,"percentageMemoryUsage":12.6041,"totalSwapBytes":198029864960,"availableSwapBytes":198014136320},{"timestamp":"2021-02-26T06:52:30Z","physicalMemoryBytes":202078765056,"availableMemoryBytes":176612724322,"percentageMemoryUsage":12.602,"totalSwapBytes":198029864960,"availableSwapBytes":198014136320},{"timestamp":"2021-02-26T06:25:00Z","physicalMemoryBytes":202078765056,"availableMemoryBytes":176611860701,"percentageMemoryUsage":12.6025,"totalSwapBytes":198029864960,"availableSwapBytes":198014136320},{"timestamp":"2021-02-26T05:57:30Z","physicalMemoryBytes":202078765056,"availableMemoryBytes":176610969081,"percentageMemoryUsage":12.6029,"totalSwapBytes":198029864960,"availableSwapBytes":198014136320},{"timestamp":"2021-02-26T05:30:00Z","physicalMemoryBytes":202078765056,"availableMemoryBytes":176612359066,"percentageMemoryUsage":12.6022,"totalSwapBytes":198029864960,"availableSwapBytes":198014136320},{"timestamp":"2021-02-26T05:02:30Z","physicalMemoryBytes":202078765056,"availableMemoryBytes":176609905253,"percentageMemoryUsage":12.6034,"totalSwapBytes":198029864960,"availableSwapBytes":198014136320},{"timestamp":"2021-02-26T04:35:00Z","physicalMemoryBytes":202078765056,"availableMemoryBytes":176614710027,"percentageMemoryUsage":12.6011,"totalSwapBytes":198029864960,"availableSwapBytes":198014136320},{"timestamp":"2021-02-26T04:07:30Z","physicalMemoryBytes":202078765056,"availableMemoryBytes":176612183968,"percentageMemoryUsage":12.6023,"totalSwapBytes":198029864960,"availableSwapBytes":198014136320},{"timestamp":"2021-02-26T03:40:00Z","physicalMemoryBytes":202078765056,"availableMemoryBytes":176612325403,"percentageMemoryUsage":12.6022,"totalSwapBytes":198029864960,"availableSwapBytes":198014136320},{"timestamp":"2021-02-26T03:12:30Z","physicalMemoryBytes":202078765056,"availableMemoryBytes":176613714823,"percentageMemoryUsage":12.6015,"totalSwapBytes":198029864960,"availableSwapBytes":198014136320},{"timestamp":"2021-02-26T02:42:30Z","physicalMemoryBytes":202078765056,"availableMemoryBytes":176613530210,"percentageMemoryUsage":12.6016,"totalSwapBytes":198029864960,"availableSwapBytes":198014136320},{"timestamp":"2021-02-26T02:15:00Z","physicalMemoryBytes":202078765056,"availableMemoryBytes":176614094650,"percentageMemoryUsage":12.6014,"totalSwapBytes":198029864960,"availableSwapBytes":198014136320},{"timestamp":"2021-02-26T01:47:30Z","physicalMemoryBytes":202078765056,"availableMemoryBytes":176619804417,"percentageMemoryUsage":12.5985,"totalSwapBytes":198029864960,"availableSwapBytes":198014136320},{"timestamp":"2021-02-26T01:20:00Z","physicalMemoryBytes":202078765056,"availableMemoryBytes":176619462415,"percentageMemoryUsage":12.5987,"totalSwapBytes":198029864960,"availableSwapBytes":198014136320},{"timestamp":"2021-02-26T00:52:30Z","physicalMemoryBytes":202078765056,"availableMemoryBytes":176618403577,"percentageMemoryUsage":12.5992,"totalSwapBytes":198029864960,"availableSwapBytes":198014136320},{"timestamp":"2021-02-26T00:25:00Z","physicalMemoryBytes":202078765056,"availableMemoryBytes":176615975941,"percentageMemoryUsage":12.6004,"totalSwapBytes":198029864960,"availableSwapBytes":198014136320},{"timestamp":"2021-02-25T23:57:30Z","physicalMemoryBytes":202078765056,"availableMemoryBytes":176599862527,"percentageMemoryUsage":12.6084,"totalSwapBytes":198029864960,"availableSwapBytes":198014306326},{"timestamp":"2021-02-25T23:30:00Z","physicalMemoryBytes":202078765056,"availableMemoryBytes":176608835938,"percentageMemoryUsage":12.604,"totalSwapBytes":198029864960,"availableSwapBytes":198014390272},{"timestamp":"2021-02-25T23:02:30Z","physicalMemoryBytes":202078765056,"availableMemoryBytes":176611810269,"percentageMemoryUsage":12.6025,"totalSwapBytes":198029864960,"availableSwapBytes":198014390272},{"timestamp":"2021-02-25T22:35:00Z","physicalMemoryBytes":202078765056,"availableMemoryBytes":176617646768,"percentageMemoryUsage":12.5996,"totalSwapBytes":198029864960,"availableSwapBytes":198014390272},{"timestamp":"2021-02-25T22:07:30Z","physicalMemoryBytes":202078765056,"availableMemoryBytes":176613447975,"percentageMemoryUsage":12.6017,"totalSwapBytes":198029864960,"availableSwapBytes":198014390272},{"timestamp":"2021-02-25T21:40:00Z","physicalMemoryBytes":202078765056,"availableMemoryBytes":176612266777,"percentageMemoryUsage":12.6023,"totalSwapBytes":198029864960,"availableSwapBytes":198014390272},{"timestamp":"2021-02-25T21:12:30Z","physicalMemoryBytes":202078765056,"availableMemoryBytes":176619091584,"percentageMemoryUsage":12.5989,"totalSwapBytes":198029864960,"availableSwapBytes":198014390272},{"timestamp":"2021-02-25T20:45:00Z","physicalMemoryBytes":202078765056,"availableMemoryBytes":176614781010,"percentageMemoryUsage":12.601,"totalSwapBytes":198029864960,"availableSwapBytes":198014390272},{"timestamp":"2021-02-25T20:17:30Z","physicalMemoryBytes":202078765056,"availableMemoryBytes":176608592633,"percentageMemoryUsage":12.6041,"totalSwapBytes":198029864960,"availableSwapBytes":198014390272},{"timestamp":"2021-02-25T19:50:00Z","physicalMemoryBytes":202078765056,"availableMemoryBytes":176612223979,"percentageMemoryUsage":12.6023,"totalSwapBytes":198029864960,"availableSwapBytes":198014390272},{"timestamp":"2021-02-25T19:22:30Z","physicalMemoryBytes":202078765056,"availableMemoryBytes":176614854901,"percentageMemoryUsage":12.601,"totalSwapBytes":198029864960,"availableSwapBytes":198014390272},{"timestamp":"2021-02-25T18:55:00Z","physicalMemoryBytes":202078765056,"availableMemoryBytes":176611538250,"percentageMemoryUsage":12.6026,"totalSwapBytes":198029864960,"availableSwapBytes":198014390272},{"timestamp":"2021-02-25T18:27:30Z","physicalMemoryBytes":202078765056,"availableMemoryBytes":176612877720,"percentageMemoryUsage":12.602,"totalSwapBytes":198029864960,"availableSwapBytes":198014390272},{"timestamp":"2021-02-25T17:57:30Z","physicalMemoryBytes":202078765056,"availableMemoryBytes":176609943344,"percentageMemoryUsage":12.6034,"totalSwapBytes":198029864960,"availableSwapBytes":198014390272},{"timestamp":"2021-02-25T17:30:00Z","physicalMemoryBytes":202078765056,"availableMemoryBytes":176617425669,"percentageMemoryUsage":12.5997,"totalSwapBytes":198029864960,"availableSwapBytes":198014390272},{"timestamp":"2021-02-25T17:02:30Z","physicalMemoryBytes":202078765056,"availableMemoryBytes":176624048662,"percentageMemoryUsage":12.5964,"totalSwapBytes":198029864960,"availableSwapBytes":198014390272},{"timestamp":"2021-02-25T16:35:00Z","physicalMemoryBytes":202078765056,"availableMemoryBytes":176625346443,"percentageMemoryUsage":12.5958,"totalSwapBytes":198029864960,"availableSwapBytes":198014390272},{"timestamp":"2021-02-25T16:07:30Z","physicalMemoryBytes":202078765056,"availableMemoryBytes":176624720024,"percentageMemoryUsage":12.5961,"totalSwapBytes":198029864960,"availableSwapBytes":198014390272},{"timestamp":"2021-02-25T15:40:00Z","physicalMemoryBytes":202078765056,"availableMemoryBytes":176622211746,"percentageMemoryUsage":12.5973,"totalSwapBytes":198029864960,"availableSwapBytes":198014390272},{"timestamp":"2021-02-25T15:12:30Z","physicalMemoryBytes":202078765056,"availableMemoryBytes":176628298992,"percentageMemoryUsage":12.5943,"totalSwapBytes":198029864960,"availableSwapBytes":198014390272},{"timestamp":"2021-02-25T14:45:00Z","physicalMemoryBytes":202078765056,"availableMemoryBytes":176621771766,"percentageMemoryUsage":12.5976,"totalSwapBytes":198029864960,"availableSwapBytes":198014390272},{"timestamp":"2021-02-25T14:17:30Z","physicalMemoryBytes":202078765056,"availableMemoryBytes":176634408728,"percentageMemoryUsage":12.5913,"totalSwapBytes":198029864960,"availableSwapBytes":198014409204},{"timestamp":"2021-02-25T13:50:00Z","physicalMemoryBytes":202078765056,"availableMemoryBytes":176634906274,"percentageMemoryUsage":12.5911,"totalSwapBytes":198029864960,"availableSwapBytes":198014914560},{"timestamp":"2021-02-25T13:22:30Z","physicalMemoryBytes":202078765056,"availableMemoryBytes":176636305367,"percentageMemoryUsage":12.5904,"totalSwapBytes":198029864960,"availableSwapBytes":198014914560},{"timestamp":"2021-02-25T12:55:00Z","physicalMemoryBytes":202078765056,"availableMemoryBytes":176637235783,"percentageMemoryUsage":12.5899,"totalSwapBytes":198029864960,"availableSwapBytes":198014914560},{"timestamp":"2021-02-25T12:27:30Z","physicalMemoryBytes":202078765056,"availableMemoryBytes":176638497910,"percentageMemoryUsage":12.5893,"totalSwapBytes":198029864960,"availableSwapBytes":198014914560},{"timestamp":"2021-02-25T12:00:00Z","physicalMemoryBytes":202078765056,"availableMemoryBytes":176640488204,"percentageMemoryUsage":12.5883,"totalSwapBytes":198029864960,"availableSwapBytes":198014914560},{"timestamp":"2021-02-25T11:32:30Z","physicalMemoryBytes":202078765056,"availableMemoryBytes":176490458849,"percentageMemoryUsage":12.6625,"totalSwapBytes":198029864960,"availableSwapBytes":198014914560},{"timestamp":"2021-02-25T11:05:00Z","physicalMemoryBytes":202078765056,"availableMemoryBytes":176478257802,"percentageMemoryUsage":12.6686,"totalSwapBytes":198029864960,"availableSwapBytes":198014914560},{"timestamp":"2021-02-25T10:37:30Z","physicalMemoryBytes":202078765056,"availableMemoryBytes":176482126064,"percentageMemoryUsage":12.6667,"totalSwapBytes":198029864960,"availableSwapBytes":198014914560},{"timestamp":"2021-02-25T10:10:00Z","physicalMemoryBytes":202078765056,"availableMemoryBytes":176488863858,"percentageMemoryUsage":12.6633,"totalSwapBytes":198029864960,"availableSwapBytes":198014914560},{"timestamp":"2021-02-25T09:42:30Z","physicalMemoryBytes":202078765056,"availableMemoryBytes":176489750086,"percentageMemoryUsage":12.6629,"totalSwapBytes":198029864960,"availableSwapBytes":198014914560},{"timestamp":"2021-02-25T09:12:30Z","physicalMemoryBytes":202078765056,"availableMemoryBytes":176486333073,"percentageMemoryUsage":12.6646,"totalSwapBytes":198029864960,"availableSwapBytes":198014914560},{"timestamp":"2021-02-25T08:45:00Z","physicalMemoryBytes":202078765056,"availableMemoryBytes":176487392426,"percentageMemoryUsage":12.6641,"totalSwapBytes":198029864960,"availableSwapBytes":198014914560},{"timestamp":"2021-02-25T08:17:30Z","physicalMemoryBytes":202078765056,"availableMemoryBytes":176489864779,"percentageMemoryUsage":12.6628,"totalSwapBytes":198029864960,"availableSwapBytes":198014914560},{"timestamp":"2021-02-25T07:50:00Z","physicalMemoryBytes":202078765056,"availableMemoryBytes":176488634996,"percentageMemoryUsage":12.6634,"totalSwapBytes":198029864960,"availableSwapBytes":198014914560},{"timestamp":"2021-02-25T07:22:30Z","physicalMemoryBytes":202078765056,"availableMemoryBytes":176487245567,"percentageMemoryUsage":12.6641,"totalSwapBytes":198029864960,"availableSwapBytes":198014914560},{"timestamp":"2021-02-25T06:55:00Z","physicalMemoryBytes":202078765056,"availableMemoryBytes":176495620985,"percentageMemoryUsage":12.66,"totalSwapBytes":198029864960,"availableSwapBytes":198014914560},{"timestamp":"2021-02-25T06:27:30Z","physicalMemoryBytes":202078765056,"availableMemoryBytes":176492206888,"percentageMemoryUsage":12.6617,"totalSwapBytes":198029864960,"availableSwapBytes":198014914560},{"timestamp":"2021-02-25T06:00:00Z","physicalMemoryBytes":202078765056,"availableMemoryBytes":176495498871,"percentageMemoryUsage":12.66,"totalSwapBytes":198029864960,"availableSwapBytes":198014914560},{"timestamp":"2021-02-25T05:32:30Z","physicalMemoryBytes":202078765056,"availableMemoryBytes":176498408245,"percentageMemoryUsage":12.6586,"totalSwapBytes":198029864960,"availableSwapBytes":198014914560},{"timestamp":"2021-02-25T05:05:00Z","physicalMemoryBytes":202078765056,"availableMemoryBytes":176493727201,"percentageMemoryUsage":12.6609,"totalSwapBytes":198029864960,"availableSwapBytes":198014914560},{"timestamp":"2021-02-25T04:37:30Z","physicalMemoryBytes":202078765056,"availableMemoryBytes":176489014298,"percentageMemoryUsage":12.6633,"totalSwapBytes":198029864960,"availableSwapBytes":198014914560},{"timestamp":"2021-02-25T04:10:00Z","physicalMemoryBytes":202078765056,"availableMemoryBytes":176490816464,"percentageMemoryUsage":12.6624,"totalSwapBytes":198029864960,"availableSwapBytes":198014914560},{"timestamp":"2021-02-25T03:42:30Z","physicalMemoryBytes":202078765056,"availableMemoryBytes":176494068192,"percentageMemoryUsage":12.6608,"totalSwapBytes":198029864960,"availableSwapBytes":198014914560},{"timestamp":"2021-02-25T03:15:00Z","physicalMemoryBytes":202078765056,"availableMemoryBytes":176497242285,"percentageMemoryUsage":12.6592,"totalSwapBytes":198029864960,"availableSwapBytes":198014914560},{"timestamp":"2021-02-25T02:47:30Z","physicalMemoryBytes":202078765056,"availableMemoryBytes":176497638840,"percentageMemoryUsage":12.659,"totalSwapBytes":198029864960,"availableSwapBytes":198014914560},{"timestamp":"2021-02-25T02:20:00Z","physicalMemoryBytes":202078765056,"availableMemoryBytes":176502592311,"percentageMemoryUsage":12.6565,"totalSwapBytes":198029864960,"availableSwapBytes":198014914560},{"timestamp":"2021-02-25T01:52:30Z","physicalMemoryBytes":202078765056,"availableMemoryBytes":176495495834,"percentageMemoryUsage":12.66,"totalSwapBytes":198029864960,"availableSwapBytes":198014914560},{"timestamp":"2021-02-25T01:25:00Z","physicalMemoryBytes":202078765056,"availableMemoryBytes":176498132236,"percentageMemoryUsage":12.6587,"totalSwapBytes":198029864960,"availableSwapBytes":198014914560},{"timestamp":"2021-02-25T00:57:30Z","physicalMemoryBytes":202078765056,"availableMemoryBytes":176504596019,"percentageMemoryUsage":12.6555,"totalSwapBytes":198029864960,"availableSwapBytes":198014914560},{"timestamp":"2021-02-25T00:27:30Z","physicalMemoryBytes":202078765056,"availableMemoryBytes":176499517092,"percentageMemoryUsage":12.6581,"totalSwapBytes":198029864960,"availableSwapBytes":198014914560},{"timestamp":"2021-02-25T00:00:00Z","physicalMemoryBytes":202078765056,"availableMemoryBytes":176500286003,"percentageMemoryUsage":12.6577,"totalSwapBytes":198029864960,"availableSwapBytes":198014914560},{"timestamp":"2021-02-24T23:32:30Z","physicalMemoryBytes":202078765056,"availableMemoryBytes":176514572882,"percentageMemoryUsage":12.6506,"totalSwapBytes":198029864960,"availableSwapBytes":198014914560},{"timestamp":"2021-02-24T23:05:00Z","physicalMemoryBytes":202078765056,"availableMemoryBytes":176513486607,"percentageMemoryUsage":12.6511,"totalSwapBytes":198029864960,"availableSwapBytes":198014914560},{"timestamp":"2021-02-24T22:37:30Z","physicalMemoryBytes":202078765056,"availableMemoryBytes":176516324159,"percentageMemoryUsage":12.6497,"totalSwapBytes":198029864960,"availableSwapBytes":198014914560},{"timestamp":"2021-02-24T22:10:00Z","physicalMemoryBytes":202078765056,"availableMemoryBytes":176509491469,"percentageMemoryUsage":12.6531,"totalSwapBytes":198029864960,"availableSwapBytes":198014914560},{"timestamp":"2021-02-24T21:42:30Z","physicalMemoryBytes":202078765056,"availableMemoryBytes":176514196169,"percentageMemoryUsage":12.6508,"totalSwapBytes":198029864960,"availableSwapBytes":198014914560},{"timestamp":"2021-02-24T21:15:00Z","physicalMemoryBytes":202078765056,"availableMemoryBytes":176511605575,"percentageMemoryUsage":12.6521,"totalSwapBytes":198029864960,"availableSwapBytes":198014914560},{"timestamp":"2021-02-24T20:47:30Z","physicalMemoryBytes":202078765056,"availableMemoryBytes":176512113989,"percentageMemoryUsage":12.6518,"totalSwapBytes":198029864960,"availableSwapBytes":198014914560},{"timestamp":"2021-02-24T20:20:00Z","physicalMemoryBytes":202078765056,"availableMemoryBytes":176512408128,"percentageMemoryUsage":12.6517,"totalSwapBytes":198029864960,"availableSwapBytes":198014914560},{"timestamp":"2021-02-24T19:52:30Z","physicalMemoryBytes":202078765056,"availableMemoryBytes":176511687044,"percentageMemoryUsage":12.652,"totalSwapBytes":198029864960,"availableSwapBytes":198014914560},{"timestamp":"2021-02-24T19:25:00Z","physicalMemoryBytes":202078765056,"availableMemoryBytes":176514974920,"percentageMemoryUsage":12.6504,"totalSwapBytes":198029864960,"availableSwapBytes":198014914560},{"timestamp":"2021-02-24T18:57:30Z","physicalMemoryBytes":202078765056,"availableMemoryBytes":176521896906,"percentageMemoryUsage":12.647,"totalSwapBytes":198029864960,"availableSwapBytes":198014914560},{"timestamp":"2021-02-24T18:30:00Z","physicalMemoryBytes":202078765056,"availableMemoryBytes":176513421257,"percentageMemoryUsage":12.6512,"totalSwapBytes":198029864960,"availableSwapBytes":198014914560},{"timestamp":"2021-02-24T18:02:30Z","physicalMemoryBytes":202078765056,"availableMemoryBytes":176515266554,"percentageMemoryUsage":12.6503,"totalSwapBytes":198029864960,"availableSwapBytes":198014914560},{"timestamp":"2021-02-24T17:35:00Z","physicalMemoryBytes":202078765056,"availableMemoryBytes":176522238098,"percentageMemoryUsage":12.6468,"totalSwapBytes":198029864960,"availableSwapBytes":198014914560},{"timestamp":"2021-02-24T17:07:30Z","physicalMemoryBytes":202078765056,"availableMemoryBytes":176527627370,"percentageMemoryUsage":12.6441,"totalSwapBytes":198029864960,"availableSwapBytes":198014914560},{"timestamp":"2021-02-24T16:40:00Z","physicalMemoryBytes":202078765056,"availableMemoryBytes":176524660290,"percentageMemoryUsage":12.6456,"totalSwapBytes":198029864960,"availableSwapBytes":198014914560},{"timestamp":"2021-02-24T16:12:30Z","physicalMemoryBytes":202078765056,"availableMemoryBytes":176516840175,"percentageMemoryUsage":12.6495,"totalSwapBytes":198029864960,"availableSwapBytes":198014914560},{"timestamp":"2021-02-24T15:42:30Z","physicalMemoryBytes":202078765056,"availableMemoryBytes":176518307530,"percentageMemoryUsage":12.6488,"totalSwapBytes":198029864960,"availableSwapBytes":198014914560},{"timestamp":"2021-02-24T15:15:00Z","physicalMemoryBytes":202078765056,"availableMemoryBytes":176527578921,"percentageMemoryUsage":12.6442,"totalSwapBytes":198029864960,"availableSwapBytes":198014914560},{"timestamp":"2021-02-24T14:47:30Z","physicalMemoryBytes":202078765056,"availableMemoryBytes":176533915654,"percentageMemoryUsage":12.641,"totalSwapBytes":198029864960,"availableSwapBytes":198014914560},{"timestamp":"2021-02-24T14:20:00Z","physicalMemoryBytes":202078765056,"availableMemoryBytes":176531429479,"percentageMemoryUsage":12.6423,"totalSwapBytes":198029864960,"availableSwapBytes":198014914560},{"timestamp":"2021-02-24T13:52:30Z","physicalMemoryBytes":202078765056,"availableMemoryBytes":176531404064,"percentageMemoryUsage":12.6423,"totalSwapBytes":198029864960,"availableSwapBytes":198014914560},{"timestamp":"2021-02-24T13:25:00Z","physicalMemoryBytes":202078765056,"availableMemoryBytes":176531443953,"percentageMemoryUsage":12.6423,"totalSwapBytes":198029864960,"availableSwapBytes":198014914560},{"timestamp":"2021-02-24T12:57:30Z","physicalMemoryBytes":202078765056,"availableMemoryBytes":176525664312,"percentageMemoryUsage":12.6451,"totalSwapBytes":198029864960,"availableSwapBytes":198014914560},{"timestamp":"2021-02-24T12:30:00Z","physicalMemoryBytes":202078765056,"availableMemoryBytes":176525559916,"percentageMemoryUsage":12.6452,"totalSwapBytes":198029864960,"availableSwapBytes":198014914560},{"timestamp":"2021-02-24T12:02:30Z","physicalMemoryBytes":202078765056,"availableMemoryBytes":176525785020,"percentageMemoryUsage":12.6451,"totalSwapBytes":198029864960,"availableSwapBytes":198014914560},{"timestamp":"2021-02-24T11:35:00Z","physicalMemoryBytes":202078765056,"availableMemoryBytes":176532048197,"percentageMemoryUsage":12.642,"totalSwapBytes":198029864960,"availableSwapBytes":198014914560},{"timestamp":"2021-02-24T11:07:30Z","physicalMemoryBytes":202078765056,"availableMemoryBytes":176536533591,"percentageMemoryUsage":12.6397,"totalSwapBytes":198029864960,"availableSwapBytes":198014914560},{"timestamp":"2021-02-24T10:40:00Z","physicalMemoryBytes":202078765056,"availableMemoryBytes":176540854040,"percentageMemoryUsage":12.6376,"totalSwapBytes":198029864960,"availableSwapBytes":198014914560},{"timestamp":"2021-02-24T10:12:30Z","physicalMemoryBytes":202078765056,"availableMemoryBytes":176543111256,"percentageMemoryUsage":12.6365,"totalSwapBytes":198029864960,"availableSwapBytes":198014914560},{"timestamp":"2021-02-24T09:45:00Z","physicalMemoryBytes":202078765056,"availableMemoryBytes":176545331624,"percentageMemoryUsage":12.6354,"totalSwapBytes":198029864960,"availableSwapBytes":198014914560},{"timestamp":"2021-02-24T09:17:30Z","physicalMemoryBytes":202078765056,"availableMemoryBytes":176640669573,"percentageMemoryUsage":12.5882,"totalSwapBytes":198029864960,"availableSwapBytes":198014914560},{"timestamp":"2021-02-24T08:50:00Z","physicalMemoryBytes":202078765056,"availableMemoryBytes":176726903335,"percentageMemoryUsage":12.5455,"totalSwapBytes":198029864960,"availableSwapBytes":198014914560},{"timestamp":"2021-02-24T08:22:30Z","physicalMemoryBytes":202078765056,"availableMemoryBytes":176727550145,"percentageMemoryUsage":12.5452,"totalSwapBytes":198029864960,"availableSwapBytes":198014914560},{"timestamp":"2021-02-24T07:55:00Z","physicalMemoryBytes":202078765056,"availableMemoryBytes":176730438419,"percentageMemoryUsage":12.5438,"totalSwapBytes":198029864960,"availableSwapBytes":198014914560},{"timestamp":"2021-02-24T07:27:30Z","physicalMemoryBytes":202078765056,"availableMemoryBytes":176724586985,"percentageMemoryUsage":12.5467,"totalSwapBytes":198029864960,"availableSwapBytes":198014914560},{"timestamp":"2021-02-24T07:00:00Z","physicalMemoryBytes":202078765056,"availableMemoryBytes":176730107574,"percentageMemoryUsage":12.5439,"totalSwapBytes":198029864960,"availableSwapBytes":198014914560}],"numMembers":365}
