{"members":[{"timestamp":"2021-03-03T06:45:00Z","percentageCpuUsage":1.41261,"percentageUser":0.754601,"percentageNice":2.04289E-4,"percentageSys":0.650755,"percentageIdle":98.5406,"percentageIoWait":0.0467449,"percentageHardIrq":0.0,"percentageSoftIrq":0.00704736,"percentageSteal":0.0,"percentageGuest":0.0},{"timestamp":"2021-03-03T06:40:00Z","percentageCpuUsage":1.40937,"percentageUser":0.781008,"percentageNice":1.02958E-4,"percentageSys":0.621573,"percentageIdle":98.544,"percentageIoWait":0.0466155,"percentageHardIrq":0.0,"percentageSoftIrq":0.00668462,"percentageSteal":0.0,"percentageGuest":0.0},{"timestamp":"2021-03-03T06:35:00Z","percentageCpuUsage":1.47787,"percentageUser":0.802087,"percentageNice":1.02993E-4,"percentageSys":0.667895,"percentageIdle":98.4754,"percentageIoWait":0.0467325,"percentageHardIrq":0.0,"percentageSoftIrq":0.0077864,"percentageSteal":0.0,"percentageGuest":0.0},{"timestamp":"2021-03-03T06:30:00Z","percentageCpuUsage":1.51884,"percentageUser":0.840643,"percentageNice":1.03267E-4,"percentageSys":0.671112,"percentageIdle":98.4384,"percentageIoWait":0.042744,"percentageHardIrq":0.0,"percentageSoftIrq":0.00697721,"percentageSteal":0.0,"percentageGuest":0.0},{"timestamp":"2021-03-03T06:25:00Z","percentageCpuUsage":1.41528,"percentageUser":0.763781,"percentageNice":1.27987E-4,"percentageSys":0.644315,"percentageIdle":98.5303,"percentageIoWait":0.054409,"percentageHardIrq":0.0,"percentageSoftIrq":0.00706054,"percentageSteal":0.0,"percentageGuest":0.0},{"timestamp":"2021-03-03T06:20:00Z","percentageCpuUsage":1.64416,"percentageUser":0.91189,"percentageNice":1.03033E-4,"percentageSys":0.724686,"percentageIdle":98.3084,"percentageIoWait":0.0474514,"percentageHardIrq":0.0,"percentageSoftIrq":0.00747868,"percentageSteal":0.0,"percentageGuest":0.0},{"timestamp":"2021-03-03T06:15:00Z","percentageCpuUsage":1.39949,"percentageUser":0.745368,"percentageNice":1.03019E-4,"percentageSys":0.647065,"percentageIdle":98.5519,"percentageIoWait":0.0485606,"percentageHardIrq":0.0,"percentageSoftIrq":0.00695522,"percentageSteal":0.0,"percentageGuest":0.0},{"timestamp":"2021-03-03T06:10:00Z","percentageCpuUsage":1.41815,"percentageUser":0.773556,"percentageNice":1.02951E-4,"percentageSys":0.637283,"percentageIdle":98.5371,"percentageIoWait":0.0447641,"percentageHardIrq":0.0,"percentageSoftIrq":0.00720822,"percentageSteal":0.0,"percentageGuest":0.0},{"timestamp":"2021-03-03T06:05:00Z","percentageCpuUsage":1.46119,"percentageUser":0.791361,"percentageNice":1.03385E-4,"percentageSys":0.662382,"percentageIdle":98.4986,"percentageIoWait":0.0402239,"percentageHardIrq":0.0,"percentageSoftIrq":0.00734657,"percentageSteal":0.0,"percentageGuest":0.0},{"timestamp":"2021-03-03T06:00:00Z","percentageCpuUsage":1.37621,"percentageUser":0.75421,"percentageNice":1.27948E-4,"percentageSys":0.615373,"percentageIdle":98.5795,"percentageIoWait":0.0443005,"percentageHardIrq":0.0,"percentageSoftIrq":0.00649439,"percentageSteal":0.0,"percentageGuest":0.0},{"timestamp":"2021-03-03T05:55:00Z","percentageCpuUsage":1.42096,"percentageUser":0.757696,"percentageNice":1.03014E-4,"percentageSys":0.656119,"percentageIdle":98.5361,"percentageIoWait":0.0429551,"percentageHardIrq":0.0,"percentageSoftIrq":0.00703836,"percentageSteal":0.0,"percentageGuest":0.0},{"timestamp":"2021-03-03T05:50:00Z","percentageCpuUsage":1.38667,"percentageUser":0.746795,"percentageNice":1.02983E-4,"percentageSys":0.632099,"percentageIdle":98.5677,"percentageIoWait":0.0456062,"percentageHardIrq":0.0,"percentageSoftIrq":0.00767107,"percentageSteal":0.0,"percentageGuest":0.0},{"timestamp":"2021-03-03T05:45:00Z","percentageCpuUsage":1.51657,"percentageUser":0.834352,"percentageNice":1.02995E-4,"percentageSys":0.674285,"percentageIdle":98.4366,"percentageIoWait":0.0468094,"percentageHardIrq":0.0,"percentageSoftIrq":0.00783518,"percentageSteal":0.0,"percentageGuest":0.0},{"timestamp":"2021-03-03T05:40:00Z","percentageCpuUsage":1.43055,"percentageUser":0.784475,"percentageNice":1.03007E-4,"percentageSys":0.63908,"percentageIdle":98.5232,"percentageIoWait":0.0462907,"percentageHardIrq":0.0,"percentageSoftIrq":0.00689219,"percentageSteal":0.0,"percentageGuest":0.0},{"timestamp":"2021-03-03T05:35:00Z","percentageCpuUsage":1.4253,"percentageUser":0.765956,"percentageNice":1.0293E-4,"percentageSys":0.652707,"percentageIdle":98.5285,"percentageIoWait":0.046168,"percentageHardIrq":0.0,"percentageSoftIrq":0.0065352,"percentageSteal":0.0,"percentageGuest":0.0},{"timestamp":"2021-03-03T05:30:00Z","percentageCpuUsage":1.38963,"percentageUser":0.757215,"percentageNice":1.02832E-4,"percentageSys":0.626,"percentageIdle":98.56,"percentageIoWait":0.0503918,"percentageHardIrq":0.0,"percentageSoftIrq":0.00631048,"percentageSteal":0.0,"percentageGuest":0.0},{"timestamp":"2021-03-03T05:25:00Z","percentageCpuUsage":1.39576,"percentageUser":0.745651,"percentageNice":1.02976E-4,"percentageSys":0.643125,"percentageIdle":98.5597,"percentageIoWait":0.0445074,"percentageHardIrq":0.0,"percentageSoftIrq":0.00687791,"percentageSteal":0.0,"percentageGuest":0.0},{"timestamp":"2021-03-03T05:20:00Z","percentageCpuUsage":1.37086,"percentageUser":0.743857,"percentageNice":1.02975E-4,"percentageSys":0.619654,"percentageIdle":98.5855,"percentageIoWait":0.0436231,"percentageHardIrq":0.0,"percentageSoftIrq":0.00725049,"percentageSteal":0.0,"percentageGuest":0.0},{"timestamp":"2021-03-03T05:15:00Z","percentageCpuUsage":1.46232,"percentageUser":0.793034,"percentageNice":1.02891E-4,"percentageSys":0.662423,"percentageIdle":98.4928,"percentageIoWait":0.0448914,"percentageHardIrq":0.0,"percentageSoftIrq":0.0067603,"percentageSteal":0.0,"percentageGuest":0.0},{"timestamp":"2021-03-03T05:10:00Z","percentageCpuUsage":1.44814,"percentageUser":0.801024,"percentageNice":1.02771E-4,"percentageSys":0.640691,"percentageIdle":98.511,"percentageIoWait":0.0408446,"percentageHardIrq":0.0,"percentageSoftIrq":0.00632679,"percentageSteal":0.0,"percentageGuest":0.0},{"timestamp":"2021-03-03T05:05:00Z","percentageCpuUsage":1.46861,"percentageUser":0.790964,"percentageNice":1.02658E-4,"percentageSys":0.669934,"percentageIdle":98.483,"percentageIoWait":0.0484214,"percentageHardIrq":0.0,"percentageSoftIrq":0.0076057,"percentageSteal":0.0,"percentageGuest":0.0},{"timestamp":"2021-03-03T05:00:00Z","percentageCpuUsage":1.41686,"percentageUser":0.768891,"percentageNice":1.02958E-4,"percentageSys":0.641101,"percentageIdle":98.5385,"percentageIoWait":0.0446655,"percentageHardIrq":0.0,"percentageSoftIrq":0.00676614,"percentageSteal":0.0,"percentageGuest":0.0},{"timestamp":"2021-03-03T04:55:00Z","percentageCpuUsage":1.38495,"percentageUser":0.757889,"percentageNice":1.03008E-4,"percentageSys":0.620238,"percentageIdle":98.5625,"percentageIoWait":0.052513,"percentageHardIrq":0.0,"percentageSoftIrq":0.00672338,"percentageSteal":0.0,"percentageGuest":0.0},{"timestamp":"2021-03-03T04:50:00Z","percentageCpuUsage":1.41357,"percentageUser":0.766237,"percentageNice":1.03029E-4,"percentageSys":0.640179,"percentageIdle":98.5397,"percentageIoWait":0.0467516,"percentageHardIrq":0.0,"percentageSoftIrq":0.00704994,"percentageSteal":0.0,"percentageGuest":0.0},{"timestamp":"2021-03-03T04:45:00Z","percentageCpuUsage":1.49645,"percentageUser":0.826104,"percentageNice":1.04675E-4,"percentageSys":0.663272,"percentageIdle":98.4591,"percentageIoWait":0.0444575,"percentageHardIrq":0.0,"percentageSoftIrq":0.00697224,"percentageSteal":0.0,"percentageGuest":0.0},{"timestamp":"2021-03-03T04:40:00Z","percentageCpuUsage":1.45781,"percentageUser":0.810031,"percentageNice":2.04296E-4,"percentageSys":0.640836,"percentageIdle":98.5026,"percentageIoWait":0.0396111,"percentageHardIrq":0.0,"percentageSoftIrq":0.00674329,"percentageSteal":0.0,"percentageGuest":0.0},{"timestamp":"2021-03-03T04:35:00Z","percentageCpuUsage":1.40572,"percentageUser":0.754183,"percentageNice":1.03033E-4,"percentageSys":0.644668,"percentageIdle":98.5439,"percentageIoWait":0.0503289,"percentageHardIrq":0.0,"percentageSoftIrq":0.00676899,"percentageSteal":0.0,"percentageGuest":0.0},{"timestamp":"2021-03-03T04:30:00Z","percentageCpuUsage":1.38983,"percentageUser":0.758691,"percentageNice":1.02989E-4,"percentageSys":0.624268,"percentageIdle":98.5658,"percentageIoWait":0.0443737,"percentageHardIrq":0.0,"percentageSoftIrq":0.0067683,"percentageSteal":0.0,"percentageGuest":0.0},{"timestamp":"2021-03-03T04:25:00Z","percentageCpuUsage":1.38181,"percentageUser":0.741648,"percentageNice":1.02976E-4,"percentageSys":0.633293,"percentageIdle":98.5737,"percentageIoWait":0.044537,"percentageHardIrq":0.0,"percentageSoftIrq":0.00676435,"percentageSteal":0.0,"percentageGuest":0.0},{"timestamp":"2021-03-03T04:20:00Z","percentageCpuUsage":1.38669,"percentageUser":0.761517,"percentageNice":1.02976E-4,"percentageSys":0.618621,"percentageIdle":98.567,"percentageIoWait":0.0463047,"percentageHardIrq":0.0,"percentageSoftIrq":0.00645334,"percentageSteal":0.0,"percentageGuest":0.0},{"timestamp":"2021-03-03T04:15:00Z","percentageCpuUsage":1.46884,"percentageUser":0.798963,"percentageNice":1.02998E-4,"percentageSys":0.663739,"percentageIdle":98.4883,"percentageIoWait":0.0428679,"percentageHardIrq":0.0,"percentageSoftIrq":0.00603318,"percentageSteal":0.0,"percentageGuest":0.0},{"timestamp":"2021-03-03T04:10:00Z","percentageCpuUsage":1.3646,"percentageUser":0.741844,"percentageNice":1.01278E-4,"percentageSys":0.616053,"percentageIdle":98.5925,"percentageIoWait":0.0429196,"percentageHardIrq":0.0,"percentageSoftIrq":0.00659865,"percentageSteal":0.0,"percentageGuest":0.0},{"timestamp":"2021-03-03T04:05:00Z","percentageCpuUsage":1.48605,"percentageUser":0.824671,"percentageNice":1.68835E-6,"percentageSys":0.654181,"percentageIdle":98.4738,"percentageIoWait":0.0401018,"percentageHardIrq":0.0,"percentageSoftIrq":0.00720028,"percentageSteal":0.0,"percentageGuest":0.0},{"timestamp":"2021-03-03T04:00:00Z","percentageCpuUsage":1.35167,"percentageUser":0.728414,"percentageNice":1.02989E-4,"percentageSys":0.616406,"percentageIdle":98.6003,"percentageIoWait":0.0479934,"percentageHardIrq":0.0,"percentageSoftIrq":0.00674692,"percentageSteal":0.0,"percentageGuest":0.0},{"timestamp":"2021-03-03T03:55:00Z","percentageCpuUsage":1.41148,"percentageUser":0.755139,"percentageNice":1.03033E-4,"percentageSys":0.649257,"percentageIdle":98.5417,"percentageIoWait":0.046811,"percentageHardIrq":0.0,"percentageSoftIrq":0.00697872,"percentageSteal":0.0,"percentageGuest":0.0},{"timestamp":"2021-03-03T03:50:00Z","percentageCpuUsage":1.44166,"percentageUser":0.807508,"percentageNice":1.02998E-4,"percentageSys":0.626883,"percentageIdle":98.5152,"percentageIoWait":0.0431845,"percentageHardIrq":0.0,"percentageSoftIrq":0.00716736,"percentageSteal":0.0,"percentageGuest":0.0},{"timestamp":"2021-03-03T03:45:00Z","percentageCpuUsage":1.38658,"percentageUser":0.733205,"percentageNice":1.03156E-4,"percentageSys":0.646901,"percentageIdle":98.5738,"percentageIoWait":0.0396048,"percentageHardIrq":0.0,"percentageSoftIrq":0.00636948,"percentageSteal":0.0,"percentageGuest":0.0},{"timestamp":"2021-03-03T03:40:00Z","percentageCpuUsage":1.36984,"percentageUser":0.73674,"percentageNice":1.14733E-4,"percentageSys":0.625858,"percentageIdle":98.5877,"percentageIoWait":0.0424681,"percentageHardIrq":0.0,"percentageSoftIrq":0.00712582,"percentageSteal":0.0,"percentageGuest":0.0},{"timestamp":"2021-03-03T03:35:00Z","percentageCpuUsage":1.44598,"percentageUser":0.772605,"percentageNice":8.25141E-4,"percentageSys":0.665654,"percentageIdle":98.5113,"percentageIoWait":0.0427235,"percentageHardIrq":0.0,"percentageSoftIrq":0.0068983,"percentageSteal":0.0,"percentageGuest":0.0},{"timestamp":"2021-03-03T03:30:00Z","percentageCpuUsage":1.5708,"percentageUser":0.836963,"percentageNice":0.0379723,"percentageSys":0.688916,"percentageIdle":98.3869,"percentageIoWait":0.0423181,"percentageHardIrq":0.0,"percentageSoftIrq":0.00694507,"percentageSteal":0.0,"percentageGuest":0.0},{"timestamp":"2021-03-03T03:25:00Z","percentageCpuUsage":1.4206,"percentageUser":0.761719,"percentageNice":1.02954E-4,"percentageSys":0.652175,"percentageIdle":98.5326,"percentageIoWait":0.0467558,"percentageHardIrq":0.0,"percentageSoftIrq":0.00660252,"percentageSteal":0.0,"percentageGuest":0.0},{"timestamp":"2021-03-03T03:20:00Z","percentageCpuUsage":1.4316,"percentageUser":0.768113,"percentageNice":1.04661E-4,"percentageSys":0.656094,"percentageIdle":98.5233,"percentageIoWait":0.0450791,"percentageHardIrq":0.0,"percentageSoftIrq":0.0072833,"percentageSteal":0.0,"percentageGuest":0.0},{"timestamp":"2021-03-03T03:15:00Z","percentageCpuUsage":1.38947,"percentageUser":0.748843,"percentageNice":2.04234E-4,"percentageSys":0.633257,"percentageIdle":98.5684,"percentageIoWait":0.0421593,"percentageHardIrq":0.0,"percentageSoftIrq":0.00716105,"percentageSteal":0.0,"percentageGuest":0.0},{"timestamp":"2021-03-03T03:10:00Z","percentageCpuUsage":1.39779,"percentageUser":0.76412,"percentageNice":1.03033E-4,"percentageSys":0.626183,"percentageIdle":98.5638,"percentageIoWait":0.0384175,"percentageHardIrq":0.0,"percentageSoftIrq":0.00738311,"percentageSteal":0.0,"percentageGuest":0.0},{"timestamp":"2021-03-03T03:05:00Z","percentageCpuUsage":1.46086,"percentageUser":0.786209,"percentageNice":1.02999E-4,"percentageSys":0.667424,"percentageIdle":98.4957,"percentageIoWait":0.0434462,"percentageHardIrq":0.0,"percentageSoftIrq":0.00712455,"percentageSteal":0.0,"percentageGuest":0.0},{"timestamp":"2021-03-03T03:00:00Z","percentageCpuUsage":1.44925,"percentageUser":0.804079,"percentageNice":1.01316E-4,"percentageSys":0.638379,"percentageIdle":98.5093,"percentageIoWait":0.0414524,"percentageHardIrq":0.0,"percentageSoftIrq":0.00669155,"percentageSteal":0.0,"percentageGuest":0.0},{"timestamp":"2021-03-03T02:55:00Z","percentageCpuUsage":1.42395,"percentageUser":0.764968,"percentageNice":1.68835E-6,"percentageSys":0.652293,"percentageIdle":98.534,"percentageIoWait":0.042011,"percentageHardIrq":0.0,"percentageSoftIrq":0.00668662,"percentageSteal":0.0,"percentageGuest":0.0},{"timestamp":"2021-03-03T02:50:00Z","percentageCpuUsage":1.34783,"percentageUser":0.724593,"percentageNice":1.02989E-4,"percentageSys":0.616705,"percentageIdle":98.6063,"percentageIoWait":0.0458552,"percentageHardIrq":0.0,"percentageSoftIrq":0.00643227,"percentageSteal":0.0,"percentageGuest":0.0},{"timestamp":"2021-03-03T02:45:00Z","percentageCpuUsage":1.43044,"percentageUser":0.773617,"percentageNice":1.03014E-4,"percentageSys":0.650501,"percentageIdle":98.5286,"percentageIoWait":0.0409578,"percentageHardIrq":0.0,"percentageSoftIrq":0.00622219,"percentageSteal":0.0,"percentageGuest":0.0},{"timestamp":"2021-03-03T02:40:00Z","percentageCpuUsage":1.36483,"percentageUser":0.749368,"percentageNice":1.03026E-4,"percentageSys":0.609585,"percentageIdle":98.5912,"percentageIoWait":0.0439412,"percentageHardIrq":0.0,"percentageSoftIrq":0.0057734,"percentageSteal":0.0,"percentageGuest":0.0},{"timestamp":"2021-03-03T02:35:00Z","percentageCpuUsage":1.3998,"percentageUser":0.748807,"percentageNice":1.02956E-4,"percentageSys":0.644652,"percentageIdle":98.561,"percentageIoWait":0.0391823,"percentageHardIrq":0.0,"percentageSoftIrq":0.00624184,"percentageSteal":0.0,"percentageGuest":0.0},{"timestamp":"2021-03-03T02:30:00Z","percentageCpuUsage":1.38219,"percentageUser":0.755837,"percentageNice":1.02908E-4,"percentageSys":0.619272,"percentageIdle":98.5679,"percentageIoWait":0.0499462,"percentageHardIrq":0.0,"percentageSoftIrq":0.00697351,"percentageSteal":0.0,"percentageGuest":0.0},{"timestamp":"2021-03-03T02:25:00Z","percentageCpuUsage":1.40137,"percentageUser":0.759502,"percentageNice":1.03007E-4,"percentageSys":0.634893,"percentageIdle":98.5537,"percentageIoWait":0.044903,"percentageHardIrq":0.0,"percentageSoftIrq":0.00686844,"percentageSteal":0.0,"percentageGuest":0.0},{"timestamp":"2021-03-03T02:20:00Z","percentageCpuUsage":1.40995,"percentageUser":0.763957,"percentageNice":1.02932E-4,"percentageSys":0.639333,"percentageIdle":98.5448,"percentageIoWait":0.0452435,"percentageHardIrq":0.0,"percentageSoftIrq":0.00655962,"percentageSteal":0.0,"percentageGuest":0.0},{"timestamp":"2021-03-03T02:15:00Z","percentageCpuUsage":1.42247,"percentageUser":0.769845,"percentageNice":1.0295E-4,"percentageSys":0.646178,"percentageIdle":98.5342,"percentageIoWait":0.0433016,"percentageHardIrq":0.0,"percentageSoftIrq":0.00633977,"percentageSteal":0.0,"percentageGuest":0.0},{"timestamp":"2021-03-03T02:10:00Z","percentageCpuUsage":1.38468,"percentageUser":0.761207,"percentageNice":1.02944E-4,"percentageSys":0.616602,"percentageIdle":98.5753,"percentageIoWait":0.0400431,"percentageHardIrq":0.0,"percentageSoftIrq":0.0067699,"percentageSteal":0.0,"percentageGuest":0.0},{"timestamp":"2021-03-03T02:05:00Z","percentageCpuUsage":1.46122,"percentageUser":0.793282,"percentageNice":1.02958E-4,"percentageSys":0.661039,"percentageIdle":98.4962,"percentageIoWait":0.0426329,"percentageHardIrq":0.0,"percentageSoftIrq":0.00679155,"percentageSteal":0.0,"percentageGuest":0.0},{"timestamp":"2021-03-03T02:00:00Z","percentageCpuUsage":1.37087,"percentageUser":0.743063,"percentageNice":1.03008E-4,"percentageSys":0.621124,"percentageIdle":98.5879,"percentageIoWait":0.0412724,"percentageHardIrq":0.0,"percentageSoftIrq":0.00658508,"percentageSteal":0.0,"percentageGuest":0.0},{"timestamp":"2021-03-03T01:55:00Z","percentageCpuUsage":1.45529,"percentageUser":0.780802,"percentageNice":1.03007E-4,"percentageSys":0.66802,"percentageIdle":98.4998,"percentageIoWait":0.0448986,"percentageHardIrq":0.0,"percentageSoftIrq":0.00636402,"percentageSteal":0.0,"percentageGuest":0.0},{"timestamp":"2021-03-03T01:50:00Z","percentageCpuUsage":1.40201,"percentageUser":0.776474,"percentageNice":1.04468E-4,"percentageSys":0.618744,"percentageIdle":98.5591,"percentageIoWait":0.0388682,"percentageHardIrq":0.0,"percentageSoftIrq":0.00668976,"percentageSteal":0.0,"percentageGuest":0.0},{"timestamp":"2021-03-03T01:45:00Z","percentageCpuUsage":1.43,"percentageUser":0.756226,"percentageNice":2.0426E-4,"percentageSys":0.666875,"percentageIdle":98.5177,"percentageIoWait":0.0522939,"percentageHardIrq":0.0,"percentageSoftIrq":0.00669607,"percentageSteal":0.0,"percentageGuest":0.0},{"timestamp":"2021-03-03T01:40:00Z","percentageCpuUsage":1.36939,"percentageUser":0.738188,"percentageNice":1.04622E-4,"percentageSys":0.624207,"percentageIdle":98.5925,"percentageIoWait":0.0380723,"percentageHardIrq":0.0,"percentageSoftIrq":0.00689179,"percentageSteal":0.0,"percentageGuest":0.0},{"timestamp":"2021-03-03T01:35:00Z","percentageCpuUsage":1.49493,"percentageUser":0.818854,"percentageNice":2.02624E-4,"percentageSys":0.669376,"percentageIdle":98.4654,"percentageIoWait":0.0396449,"percentageHardIrq":0.0,"percentageSoftIrq":0.00649354,"percentageSteal":0.0,"percentageGuest":0.0},{"timestamp":"2021-03-03T01:30:00Z","percentageCpuUsage":1.3873,"percentageUser":0.755095,"percentageNice":3.32181E-6,"percentageSys":0.625178,"percentageIdle":98.5664,"percentageIoWait":0.0463325,"percentageHardIrq":0.0,"percentageSoftIrq":0.00702467,"percentageSteal":0.0,"percentageGuest":0.0},{"timestamp":"2021-03-03T01:25:00Z","percentageCpuUsage":1.50935,"percentageUser":0.821991,"percentageNice":2.02631E-4,"percentageSys":0.680192,"percentageIdle":98.4501,"percentageIoWait":0.0405078,"percentageHardIrq":0.0,"percentageSoftIrq":0.00696386,"percentageSteal":0.0,"percentageGuest":0.0},{"timestamp":"2021-03-03T01:20:00Z","percentageCpuUsage":1.42082,"percentageUser":0.788437,"percentageNice":3.3486E-6,"percentageSys":0.62602,"percentageIdle":98.5405,"percentageIoWait":0.0386268,"percentageHardIrq":0.0,"percentageSoftIrq":0.00636311,"percentageSteal":0.0,"percentageGuest":0.0},{"timestamp":"2021-03-03T01:15:00Z","percentageCpuUsage":1.43147,"percentageUser":0.769063,"percentageNice":2.04264E-4,"percentageSys":0.655572,"percentageIdle":98.5172,"percentageIoWait":0.0513101,"percentageHardIrq":0.0,"percentageSoftIrq":0.00663279,"percentageSteal":0.0,"percentageGuest":0.0},{"timestamp":"2021-03-03T01:10:00Z","percentageCpuUsage":1.35896,"percentageUser":0.740972,"percentageNice":1.03002E-4,"percentageSys":0.611802,"percentageIdle":98.5983,"percentageIoWait":0.0427157,"percentageHardIrq":0.0,"percentageSoftIrq":0.00608749,"percentageSteal":0.0,"percentageGuest":0.0},{"timestamp":"2021-03-03T01:05:00Z","percentageCpuUsage":1.4776,"percentageUser":0.796671,"percentageNice":1.03028E-4,"percentageSys":0.673887,"percentageIdle":98.485,"percentageIoWait":0.0373536,"percentageHardIrq":0.0,"percentageSoftIrq":0.00693498,"percentageSteal":0.0,"percentageGuest":0.0},{"timestamp":"2021-03-03T01:00:00Z","percentageCpuUsage":1.36652,"percentageUser":0.747218,"percentageNice":1.04639E-4,"percentageSys":0.613109,"percentageIdle":98.6021,"percentageIoWait":0.0313392,"percentageHardIrq":0.0,"percentageSoftIrq":0.00609151,"percentageSteal":0.0,"percentageGuest":0.0},{"timestamp":"2021-03-03T00:55:00Z","percentageCpuUsage":1.51683,"percentageUser":0.8274,"percentageNice":2.02505E-4,"percentageSys":0.682216,"percentageIdle":98.4513,"percentageIoWait":0.0319007,"percentageHardIrq":0.0,"percentageSoftIrq":0.00701129,"percentageSteal":0.0,"percentageGuest":0.0},{"timestamp":"2021-03-03T00:50:00Z","percentageCpuUsage":1.46909,"percentageUser":0.813871,"percentageNice":3.32136E-6,"percentageSys":0.647553,"percentageIdle":98.4998,"percentageIoWait":0.0310973,"percentageHardIrq":0.0,"percentageSoftIrq":0.00766098,"percentageSteal":0.0,"percentageGuest":0.0},{"timestamp":"2021-03-03T00:45:00Z","percentageCpuUsage":1.38126,"percentageUser":0.744943,"percentageNice":2.02603E-4,"percentageSys":0.628781,"percentageIdle":98.5882,"percentageIoWait":0.0305704,"percentageHardIrq":0.0,"percentageSoftIrq":0.00733101,"percentageSteal":0.0,"percentageGuest":0.0},{"timestamp":"2021-03-03T00:40:00Z","percentageCpuUsage":1.38267,"percentageUser":0.745391,"percentageNice":1.66176E-6,"percentageSys":0.630274,"percentageIdle":98.5859,"percentageIoWait":0.0314319,"percentageHardIrq":0.0,"percentageSoftIrq":0.00700378,"percentageSteal":0.0,"percentageGuest":0.0},{"timestamp":"2021-03-03T00:35:00Z","percentageCpuUsage":1.50136,"percentageUser":0.822228,"percentageNice":1.01367E-4,"percentageSys":0.671825,"percentageIdle":98.4671,"percentageIoWait":0.0315528,"percentageHardIrq":0.0,"percentageSoftIrq":0.00720195,"percentageSteal":0.0,"percentageGuest":0.0},{"timestamp":"2021-03-03T00:30:00Z","percentageCpuUsage":1.36699,"percentageUser":0.750974,"percentageNice":3.31902E-6,"percentageSys":0.609182,"percentageIdle":98.6021,"percentageIoWait":0.0309366,"percentageHardIrq":0.0,"percentageSoftIrq":0.00683567,"percentageSteal":0.0,"percentageGuest":0.0},{"timestamp":"2021-03-03T00:25:00Z","percentageCpuUsage":1.4232,"percentageUser":0.760731,"percentageNice":2.0246E-4,"percentageSys":0.655823,"percentageIdle":98.5461,"percentageIoWait":0.0306576,"percentageHardIrq":0.0,"percentageSoftIrq":0.00644193,"percentageSteal":0.0,"percentageGuest":0.0},{"timestamp":"2021-03-03T00:20:00Z","percentageCpuUsage":1.48508,"percentageUser":0.814752,"percentageNice":1.71442E-6,"percentageSys":0.663307,"percentageIdle":98.4837,"percentageIoWait":0.0311856,"percentageHardIrq":0.0,"percentageSoftIrq":0.00701879,"percentageSteal":0.0,"percentageGuest":0.0},{"timestamp":"2021-03-03T00:15:00Z","percentageCpuUsage":1.43047,"percentageUser":0.767777,"percentageNice":1.04579E-4,"percentageSys":0.65622,"percentageIdle":98.5379,"percentageIoWait":0.0316443,"percentageHardIrq":0.0,"percentageSoftIrq":0.00637019,"percentageSteal":0.0,"percentageGuest":0.0},{"timestamp":"2021-03-03T00:10:00Z","percentageCpuUsage":1.45229,"percentageUser":0.811455,"percentageNice":2.04214E-4,"percentageSys":0.633579,"percentageIdle":98.5159,"percentageIoWait":0.0317788,"percentageHardIrq":0.0,"percentageSoftIrq":0.00705535,"percentageSteal":0.0,"percentageGuest":0.0},{"timestamp":"2021-03-03T00:05:00Z","percentageCpuUsage":1.68469,"percentageUser":0.853778,"percentageNice":1.02976E-4,"percentageSys":0.820465,"percentageIdle":98.27,"percentageIoWait":0.0453046,"percentageHardIrq":0.0,"percentageSoftIrq":0.0103425,"percentageSteal":0.0,"percentageGuest":0.0},{"timestamp":"2021-03-03T00:00:00Z","percentageCpuUsage":1.46431,"percentageUser":0.801707,"percentageNice":1.02958E-4,"percentageSys":0.655857,"percentageIdle":98.5045,"percentageIoWait":0.0311747,"percentageHardIrq":0.0,"percentageSoftIrq":0.00663958,"percentageSteal":0.0,"percentageGuest":0.0},{"timestamp":"2021-03-02T23:55:00Z","percentageCpuUsage":1.50254,"percentageUser":0.828011,"percentageNice":1.03008E-4,"percentageSys":0.667912,"percentageIdle":98.4664,"percentageIoWait":0.0310116,"percentageHardIrq":0.0,"percentageSoftIrq":0.00651797,"percentageSteal":0.0,"percentageGuest":0.0},{"timestamp":"2021-03-02T23:50:00Z","percentageCpuUsage":1.35943,"percentageUser":0.732232,"percentageNice":1.0302E-4,"percentageSys":0.620199,"percentageIdle":98.6084,"percentageIoWait":0.0321219,"percentageHardIrq":0.0,"percentageSoftIrq":0.00689889,"percentageSteal":0.0,"percentageGuest":0.0},{"timestamp":"2021-03-02T23:45:00Z","percentageCpuUsage":1.49663,"percentageUser":0.818872,"percentageNice":1.02976E-4,"percentageSys":0.670712,"percentageIdle":98.4728,"percentageIoWait":0.0305462,"percentageHardIrq":0.0,"percentageSoftIrq":0.00694426,"percentageSteal":0.0,"percentageGuest":0.0},{"timestamp":"2021-03-02T23:40:00Z","percentageCpuUsage":1.35719,"percentageUser":0.744244,"percentageNice":1.02963E-4,"percentageSys":0.606362,"percentageIdle":98.6117,"percentageIoWait":0.0310851,"percentageHardIrq":0.0,"percentageSoftIrq":0.00647987,"percentageSteal":0.0,"percentageGuest":0.0},{"timestamp":"2021-03-02T23:35:00Z","percentageCpuUsage":1.4997,"percentageUser":0.818542,"percentageNice":1.02975E-4,"percentageSys":0.674968,"percentageIdle":98.4697,"percentageIoWait":0.0305714,"percentageHardIrq":0.0,"percentageSoftIrq":0.00608479,"percentageSteal":0.0,"percentageGuest":0.0},{"timestamp":"2021-03-02T23:30:00Z","percentageCpuUsage":1.48319,"percentageUser":0.823199,"percentageNice":1.02945E-4,"percentageSys":0.653173,"percentageIdle":98.4854,"percentageIoWait":0.0313974,"percentageHardIrq":0.0,"percentageSoftIrq":0.00671946,"percentageSteal":0.0,"percentageGuest":0.0},{"timestamp":"2021-03-02T23:25:00Z","percentageCpuUsage":1.49733,"percentageUser":0.815979,"percentageNice":1.02995E-4,"percentageSys":0.67448,"percentageIdle":98.4719,"percentageIoWait":0.0307764,"percentageHardIrq":0.0,"percentageSoftIrq":0.0067641,"percentageSteal":0.0,"percentageGuest":0.0},{"timestamp":"2021-03-02T23:20:00Z","percentageCpuUsage":1.4779,"percentageUser":0.835166,"percentageNice":1.02964E-4,"percentageSys":0.636162,"percentageIdle":98.4913,"percentageIoWait":0.0308457,"percentageHardIrq":0.0,"percentageSoftIrq":0.00646576,"percentageSteal":0.0,"percentageGuest":0.0},{"timestamp":"2021-03-02T23:15:00Z","percentageCpuUsage":1.36787,"percentageUser":0.719657,"percentageNice":1.03E-4,"percentageSys":0.641343,"percentageIdle":98.5993,"percentageIoWait":0.0328315,"percentageHardIrq":0.0,"percentageSoftIrq":0.00676872,"percentageSteal":0.0,"percentageGuest":0.0},{"timestamp":"2021-03-02T23:10:00Z","percentageCpuUsage":1.4325,"percentageUser":0.784257,"percentageNice":1.0138E-4,"percentageSys":0.641473,"percentageIdle":98.5357,"percentageIoWait":0.0318151,"percentageHardIrq":0.0,"percentageSoftIrq":0.00667292,"percentageSteal":0.0,"percentageGuest":0.0},{"timestamp":"2021-03-02T23:05:00Z","percentageCpuUsage":1.42425,"percentageUser":0.775101,"percentageNice":3.32555E-6,"percentageSys":0.642126,"percentageIdle":98.5443,"percentageIoWait":0.0314607,"percentageHardIrq":0.0,"percentageSoftIrq":0.00702167,"percentageSteal":0.0,"percentageGuest":0.0},{"timestamp":"2021-03-02T23:00:00Z","percentageCpuUsage":1.42775,"percentageUser":0.775811,"percentageNice":2.02859E-4,"percentageSys":0.645164,"percentageIdle":98.5423,"percentageIoWait":0.0299765,"percentageHardIrq":0.0,"percentageSoftIrq":0.0065686,"percentageSteal":0.0,"percentageGuest":0.0},{"timestamp":"2021-03-02T22:55:00Z","percentageCpuUsage":1.41388,"percentageUser":0.7491,"percentageNice":9.99202E-6,"percentageSys":0.658013,"percentageIdle":98.5561,"percentageIoWait":0.0300497,"percentageHardIrq":0.0,"percentageSoftIrq":0.00675565,"percentageSteal":0.0,"percentageGuest":0.0},{"timestamp":"2021-03-02T22:50:00Z","percentageCpuUsage":2.19358,"percentageUser":1.4289,"percentageNice":6.09513E-4,"percentageSys":0.751977,"percentageIdle":97.7726,"percentageIoWait":0.0338118,"percentageHardIrq":0.0,"percentageSoftIrq":0.0120939,"percentageSteal":0.0,"percentageGuest":0.0},{"timestamp":"2021-03-02T22:45:00Z","percentageCpuUsage":4.344,"percentageUser":2.70026,"percentageNice":1.01312E-4,"percentageSys":1.61644,"percentageIdle":95.6214,"percentageIoWait":0.0345537,"percentageHardIrq":0.0,"percentageSoftIrq":0.0271984,"percentageSteal":0.0,"percentageGuest":0.0},{"timestamp":"2021-03-02T22:40:00Z","percentageCpuUsage":1.46784,"percentageUser":0.817583,"percentageNice":3.3756E-6,"percentageSys":0.643076,"percentageIdle":98.5016,"percentageIoWait":0.0305354,"percentageHardIrq":0.0,"percentageSoftIrq":0.00717468,"percentageSteal":0.0,"percentageGuest":0.0},{"timestamp":"2021-03-02T22:35:00Z","percentageCpuUsage":1.45289,"percentageUser":0.78225,"percentageNice":2.05912E-4,"percentageSys":0.663574,"percentageIdle":98.5158,"percentageIoWait":0.0312921,"percentageHardIrq":0.0,"percentageSoftIrq":0.00686473,"percentageSteal":0.0,"percentageGuest":0.0},{"timestamp":"2021-03-02T22:30:00Z","percentageCpuUsage":1.34755,"percentageUser":0.736652,"percentageNice":2.02725E-4,"percentageSys":0.604329,"percentageIdle":98.6218,"percentageIoWait":0.0306664,"percentageHardIrq":0.0,"percentageSoftIrq":0.00636812,"percentageSteal":0.0,"percentageGuest":0.0},{"timestamp":"2021-03-02T22:25:00Z","percentageCpuUsage":1.52324,"percentageUser":0.841283,"percentageNice":3.3489E-6,"percentageSys":0.674972,"percentageIdle":98.4452,"percentageIoWait":0.0315849,"percentageHardIrq":0.0,"percentageSoftIrq":0.00698023,"percentageSteal":0.0,"percentageGuest":0.0},{"timestamp":"2021-03-02T22:20:00Z","percentageCpuUsage":1.36981,"percentageUser":0.74808,"percentageNice":2.04283E-4,"percentageSys":0.614243,"percentageIdle":98.6017,"percentageIoWait":0.0284713,"percentageHardIrq":0.0,"percentageSoftIrq":0.00728103,"percentageSteal":0.0,"percentageGuest":0.0},{"timestamp":"2021-03-02T22:15:00Z","percentageCpuUsage":1.40003,"percentageUser":0.757511,"percentageNice":1.03005E-4,"percentageSys":0.635366,"percentageIdle":98.5701,"percentageIoWait":0.0298671,"percentageHardIrq":0.0,"percentageSoftIrq":0.00704676,"percentageSteal":0.0,"percentageGuest":0.0},{"timestamp":"2021-03-02T22:10:00Z","percentageCpuUsage":1.36739,"percentageUser":0.733501,"percentageNice":1.01334E-4,"percentageSys":0.627233,"percentageIdle":98.6026,"percentageIoWait":0.0299751,"percentageHardIrq":0.0,"percentageSoftIrq":0.00655207,"percentageSteal":0.0,"percentageGuest":0.0},{"timestamp":"2021-03-02T22:05:00Z","percentageCpuUsage":1.4675,"percentageUser":0.795756,"percentageNice":1.68813E-6,"percentageSys":0.664369,"percentageIdle":98.5036,"percentageIoWait":0.0288621,"percentageHardIrq":0.0,"percentageSoftIrq":0.007372,"percentageSteal":0.0,"percentageGuest":0.0},{"timestamp":"2021-03-02T22:00:00Z","percentageCpuUsage":1.37669,"percentageUser":0.756409,"percentageNice":1.02976E-4,"percentageSys":0.613538,"percentageIdle":98.5921,"percentageIoWait":0.0312296,"percentageHardIrq":0.0,"percentageSoftIrq":0.00664514,"percentageSteal":0.0,"percentageGuest":0.0},{"timestamp":"2021-03-02T21:55:00Z","percentageCpuUsage":1.48286,"percentageUser":0.8114,"percentageNice":1.02968E-4,"percentageSys":0.664454,"percentageIdle":98.4841,"percentageIoWait":0.0330466,"percentageHardIrq":0.0,"percentageSoftIrq":0.00690156,"percentageSteal":0.0,"percentageGuest":0.0},{"timestamp":"2021-03-02T21:50:00Z","percentageCpuUsage":1.39604,"percentageUser":0.763322,"percentageNice":1.01318E-4,"percentageSys":0.62558,"percentageIdle":98.5729,"percentageIoWait":0.0310545,"percentageHardIrq":0.0,"percentageSoftIrq":0.00704103,"percentageSteal":0.0,"percentageGuest":0.0},{"timestamp":"2021-03-02T21:45:00Z","percentageCpuUsage":1.4182,"percentageUser":0.759508,"percentageNice":3.349E-6,"percentageSys":0.652475,"percentageIdle":98.5492,"percentageIoWait":0.0326085,"percentageHardIrq":0.0,"percentageSoftIrq":0.00621294,"percentageSteal":0.0,"percentageGuest":0.0},{"timestamp":"2021-03-02T21:40:00Z","percentageCpuUsage":1.43171,"percentageUser":0.796825,"percentageNice":2.04289E-4,"percentageSys":0.627737,"percentageIdle":98.5382,"percentageIoWait":0.0301408,"percentageHardIrq":0.0,"percentageSoftIrq":0.00694234,"percentageSteal":0.0,"percentageGuest":0.0},{"timestamp":"2021-03-02T21:35:00Z","percentageCpuUsage":1.38558,"percentageUser":0.738303,"percentageNice":1.02981E-4,"percentageSys":0.640652,"percentageIdle":98.5845,"percentageIoWait":0.029903,"percentageHardIrq":0.0,"percentageSoftIrq":0.00651772,"percentageSteal":0.0,"percentageGuest":0.0},{"timestamp":"2021-03-02T21:30:00Z","percentageCpuUsage":1.40266,"percentageUser":0.766086,"percentageNice":1.01372E-4,"percentageSys":0.629595,"percentageIdle":98.5648,"percentageIoWait":0.0325335,"percentageHardIrq":0.0,"percentageSoftIrq":0.00687676,"percentageSteal":0.0,"percentageGuest":0.0},{"timestamp":"2021-03-02T21:25:00Z","percentageCpuUsage":1.36532,"percentageUser":0.735137,"percentageNice":2.09606E-6,"percentageSys":0.623138,"percentageIdle":98.6059,"percentageIoWait":0.0288236,"percentageHardIrq":0.0,"percentageSoftIrq":0.00704385,"percentageSteal":0.0,"percentageGuest":0.0},{"timestamp":"2021-03-02T21:20:00Z","percentageCpuUsage":1.45726,"percentageUser":0.815562,"percentageNice":1.2786E-4,"percentageSys":0.634898,"percentageIdle":98.5102,"percentageIoWait":0.0325457,"percentageHardIrq":0.0,"percentageSoftIrq":0.00666729,"percentageSteal":0.0,"percentageGuest":0.0},{"timestamp":"2021-03-02T21:15:00Z","percentageCpuUsage":1.50288,"percentageUser":0.818344,"percentageNice":1.03002E-4,"percentageSys":0.677716,"percentageIdle":98.4454,"percentageIoWait":0.0517119,"percentageHardIrq":0.0,"percentageSoftIrq":0.0067181,"percentageSteal":0.0,"percentageGuest":0.0},{"timestamp":"2021-03-02T21:10:00Z","percentageCpuUsage":1.36087,"percentageUser":0.747179,"percentageNice":1.0301E-4,"percentageSys":0.606867,"percentageIdle":98.6069,"percentageIoWait":0.0322158,"percentageHardIrq":0.0,"percentageSoftIrq":0.00671645,"percentageSteal":0.0,"percentageGuest":0.0},{"timestamp":"2021-03-02T21:05:00Z","percentageCpuUsage":1.55847,"percentageUser":0.801556,"percentageNice":1.02732E-4,"percentageSys":0.747069,"percentageIdle":98.4099,"percentageIoWait":0.0316183,"percentageHardIrq":0.0,"percentageSoftIrq":0.00974735,"percentageSteal":0.0,"percentageGuest":0.0},{"timestamp":"2021-03-02T21:00:00Z","percentageCpuUsage":1.35198,"percentageUser":0.724369,"percentageNice":1.02927E-4,"percentageSys":0.621263,"percentageIdle":98.6177,"percentageIoWait":0.0303136,"percentageHardIrq":0.0,"percentageSoftIrq":0.00624252,"percentageSteal":0.0,"percentageGuest":0.0},{"timestamp":"2021-03-02T20:55:00Z","percentageCpuUsage":1.52325,"percentageUser":0.830268,"percentageNice":1.04541E-4,"percentageSys":0.685915,"percentageIdle":98.4443,"percentageIoWait":0.0324329,"percentageHardIrq":0.0,"percentageSoftIrq":0.00696363,"percentageSteal":0.0,"percentageGuest":0.0},{"timestamp":"2021-03-02T20:50:00Z","percentageCpuUsage":1.35483,"percentageUser":0.738347,"percentageNice":2.02618E-4,"percentageSys":0.609619,"percentageIdle":98.6142,"percentageIoWait":0.0309959,"percentageHardIrq":0.0,"percentageSoftIrq":0.00666148,"percentageSteal":0.0,"percentageGuest":0.0},{"timestamp":"2021-03-02T20:45:00Z","percentageCpuUsage":1.49473,"percentageUser":0.828873,"percentageNice":3.34862E-6,"percentageSys":0.659274,"percentageIdle":98.4514,"percentageIoWait":0.053848,"percentageHardIrq":0.0,"percentageSoftIrq":0.00658213,"percentageSteal":0.0,"percentageGuest":0.0},{"timestamp":"2021-03-02T20:40:00Z","percentageCpuUsage":1.39436,"percentageUser":0.752846,"percentageNice":2.04266E-4,"percentageSys":0.633575,"percentageIdle":98.5752,"percentageIoWait":0.0304091,"percentageHardIrq":0.0,"percentageSoftIrq":0.00773906,"percentageSteal":0.0,"percentageGuest":0.0},{"timestamp":"2021-03-02T20:35:00Z","percentageCpuUsage":1.39444,"percentageUser":0.754226,"percentageNice":1.01174E-4,"percentageSys":0.632883,"percentageIdle":98.5732,"percentageIoWait":0.03236,"percentageHardIrq":0.0,"percentageSoftIrq":0.00722732,"percentageSteal":0.0,"percentageGuest":0.0},{"timestamp":"2021-03-02T20:30:00Z","percentageCpuUsage":1.40016,"percentageUser":0.768924,"percentageNice":3.34702E-6,"percentageSys":0.624313,"percentageIdle":98.5701,"percentageIoWait":0.0297072,"percentageHardIrq":0.0,"percentageSoftIrq":0.00692255,"percentageSteal":0.0,"percentageGuest":0.0},{"timestamp":"2021-03-02T20:25:00Z","percentageCpuUsage":1.48929,"percentageUser":0.808362,"percentageNice":2.04168E-4,"percentageSys":0.673864,"percentageIdle":98.4795,"percentageIoWait":0.0312029,"percentageHardIrq":0.0,"percentageSoftIrq":0.00686396,"percentageSteal":0.0,"percentageGuest":0.0},{"timestamp":"2021-03-02T20:20:00Z","percentageCpuUsage":1.349,"percentageUser":0.738941,"percentageNice":1.02867E-4,"percentageSys":0.603501,"percentageIdle":98.6203,"percentageIoWait":0.0307312,"percentageHardIrq":0.0,"percentageSoftIrq":0.00645943,"percentageSteal":0.0,"percentageGuest":0.0},{"timestamp":"2021-03-02T20:15:00Z","percentageCpuUsage":1.54447,"percentageUser":0.852256,"percentageNice":1.02814E-4,"percentageSys":0.685324,"percentageIdle":98.4049,"percentageIoWait":0.0506743,"percentageHardIrq":0.0,"percentageSoftIrq":0.00678309,"percentageSteal":0.0,"percentageGuest":0.0},{"timestamp":"2021-03-02T20:10:00Z","percentageCpuUsage":1.37305,"percentageUser":0.745706,"percentageNice":1.02988E-4,"percentageSys":0.621104,"percentageIdle":98.5978,"percentageIoWait":0.0291224,"percentageHardIrq":0.0,"percentageSoftIrq":0.00614103,"percentageSteal":0.0,"percentageGuest":0.0},{"timestamp":"2021-03-02T20:05:00Z","percentageCpuUsage":1.45471,"percentageUser":0.783622,"percentageNice":1.02964E-4,"percentageSys":0.664015,"percentageIdle":98.5128,"percentageIoWait":0.0324516,"percentageHardIrq":0.0,"percentageSoftIrq":0.00697007,"percentageSteal":0.0,"percentageGuest":0.0},{"timestamp":"2021-03-02T20:00:00Z","percentageCpuUsage":1.3352,"percentageUser":0.726862,"percentageNice":1.03013E-4,"percentageSys":0.601668,"percentageIdle":98.6345,"percentageIoWait":0.0302656,"percentageHardIrq":0.0,"percentageSoftIrq":0.00656779,"percentageSteal":0.0,"percentageGuest":0.0},{"timestamp":"2021-03-02T19:55:00Z","percentageCpuUsage":1.53046,"percentageUser":0.840767,"percentageNice":1.02969E-4,"percentageSys":0.682765,"percentageIdle":98.4395,"percentageIoWait":0.0300508,"percentageHardIrq":0.0,"percentageSoftIrq":0.00682215,"percentageSteal":0.0,"percentageGuest":0.0},{"timestamp":"2021-03-02T19:50:00Z","percentageCpuUsage":1.3399,"percentageUser":0.725417,"percentageNice":1.02955E-4,"percentageSys":0.607608,"percentageIdle":98.6297,"percentageIoWait":0.0304343,"percentageHardIrq":0.0,"percentageSoftIrq":0.00677145,"percentageSteal":0.0,"percentageGuest":0.0},{"timestamp":"2021-03-02T19:45:00Z","percentageCpuUsage":1.49964,"percentageUser":0.826219,"percentageNice":1.01328E-4,"percentageSys":0.666499,"percentageIdle":98.4465,"percentageIoWait":0.0538401,"percentageHardIrq":0.0,"percentageSoftIrq":0.00682221,"percentageSteal":0.0,"percentageGuest":0.0},{"timestamp":"2021-03-02T19:40:00Z","percentageCpuUsage":1.44073,"percentageUser":0.797139,"percentageNice":1.68881E-6,"percentageSys":0.636716,"percentageIdle":98.5284,"percentageIoWait":0.0308774,"percentageHardIrq":0.0,"percentageSoftIrq":0.00687402,"percentageSteal":0.0,"percentageGuest":0.0},{"timestamp":"2021-03-02T19:35:00Z","percentageCpuUsage":1.41667,"percentageUser":0.7514,"percentageNice":1.03017E-4,"percentageSys":0.658111,"percentageIdle":98.5531,"percentageIoWait":0.0302371,"percentageHardIrq":0.0,"percentageSoftIrq":0.00705284,"percentageSteal":0.0,"percentageGuest":0.0},{"timestamp":"2021-03-02T19:30:00Z","percentageCpuUsage":1.36519,"percentageUser":0.748208,"percentageNice":1.02827E-4,"percentageSys":0.609748,"percentageIdle":98.6037,"percentageIoWait":0.0311139,"percentageHardIrq":0.0,"percentageSoftIrq":0.00713161,"percentageSteal":0.0,"percentageGuest":0.0},{"timestamp":"2021-03-02T19:25:00Z","percentageCpuUsage":1.47231,"percentageUser":0.805553,"percentageNice":1.03423E-4,"percentageSys":0.659359,"percentageIdle":98.4967,"percentageIoWait":0.0309763,"percentageHardIrq":0.0,"percentageSoftIrq":0.00729742,"percentageSteal":0.0,"percentageGuest":0.0},{"timestamp":"2021-03-02T19:20:00Z","percentageCpuUsage":1.36843,"percentageUser":0.741081,"percentageNice":1.27966E-4,"percentageSys":0.620648,"percentageIdle":98.6016,"percentageIoWait":0.029929,"percentageHardIrq":0.0,"percentageSoftIrq":0.00656975,"percentageSteal":0.0,"percentageGuest":0.0},{"timestamp":"2021-03-02T19:15:00Z","percentageCpuUsage":1.48461,"percentageUser":0.813134,"percentageNice":1.02937E-4,"percentageSys":0.664399,"percentageIdle":98.4612,"percentageIoWait":0.0541498,"percentageHardIrq":0.0,"percentageSoftIrq":0.00697417,"percentageSteal":0.0,"percentageGuest":0.0},{"timestamp":"2021-03-02T19:10:00Z","percentageCpuUsage":1.4714,"percentageUser":0.825653,"percentageNice":1.02889E-4,"percentageSys":0.638734,"percentageIdle":98.4969,"percentageIoWait":0.031705,"percentageHardIrq":0.0,"percentageSoftIrq":0.0069047,"percentageSteal":0.0,"percentageGuest":0.0},{"timestamp":"2021-03-02T19:05:00Z","percentageCpuUsage":1.59321,"percentageUser":0.841833,"percentageNice":1.03001E-4,"percentageSys":0.742449,"percentageIdle":98.3758,"percentageIoWait":0.030986,"percentageHardIrq":0.0,"percentageSoftIrq":0.00882427,"percentageSteal":0.0,"percentageGuest":0.0},{"timestamp":"2021-03-02T19:00:00Z","percentageCpuUsage":1.38399,"percentageUser":0.753719,"percentageNice":1.02964E-4,"percentageSys":0.623192,"percentageIdle":98.5864,"percentageIoWait":0.0296217,"percentageHardIrq":0.0,"percentageSoftIrq":0.00697278,"percentageSteal":0.0,"percentageGuest":0.0},{"timestamp":"2021-03-02T18:55:00Z","percentageCpuUsage":1.37074,"percentageUser":0.745586,"percentageNice":1.03008E-4,"percentageSys":0.618099,"percentageIdle":98.5989,"percentageIoWait":0.0304016,"percentageHardIrq":0.0,"percentageSoftIrq":0.0069557,"percentageSteal":0.0,"percentageGuest":0.0},{"timestamp":"2021-03-02T18:50:00Z","percentageCpuUsage":1.46797,"percentageUser":0.803739,"percentageNice":1.03013E-4,"percentageSys":0.656863,"percentageIdle":98.5,"percentageIoWait":0.0320165,"percentageHardIrq":0.0,"percentageSoftIrq":0.00726507,"percentageSteal":0.0,"percentageGuest":0.0},{"timestamp":"2021-03-02T18:45:00Z","percentageCpuUsage":1.45937,"percentageUser":0.792656,"percentageNice":1.02955E-4,"percentageSys":0.660522,"percentageIdle":98.5017,"percentageIoWait":0.0389061,"percentageHardIrq":0.0,"percentageSoftIrq":0.00608658,"percentageSteal":0.0,"percentageGuest":0.0},{"timestamp":"2021-03-02T18:40:00Z","percentageCpuUsage":1.44484,"percentageUser":0.800007,"percentageNice":1.02839E-4,"percentageSys":0.637868,"percentageIdle":98.5243,"percentageIoWait":0.0308394,"percentageHardIrq":0.0,"percentageSoftIrq":0.00686431,"percentageSteal":0.0,"percentageGuest":0.0},{"timestamp":"2021-03-02T18:35:00Z","percentageCpuUsage":1.40391,"percentageUser":0.754202,"percentageNice":1.02989E-4,"percentageSys":0.643058,"percentageIdle":98.5645,"percentageIoWait":0.031635,"percentageHardIrq":0.0,"percentageSoftIrq":0.00654662,"percentageSteal":0.0,"percentageGuest":0.0},{"timestamp":"2021-03-02T18:30:00Z","percentageCpuUsage":1.37602,"percentageUser":0.752297,"percentageNice":1.03014E-4,"percentageSys":0.616619,"percentageIdle":98.5927,"percentageIoWait":0.0312403,"percentageHardIrq":0.0,"percentageSoftIrq":0.00700552,"percentageSteal":0.0,"percentageGuest":0.0},{"timestamp":"2021-03-02T18:25:00Z","percentageCpuUsage":1.45332,"percentageUser":0.78122,"percentageNice":1.02977E-4,"percentageSys":0.664735,"percentageIdle":98.5159,"percentageIoWait":0.0307459,"percentageHardIrq":0.0,"percentageSoftIrq":0.00726024,"percentageSteal":0.0,"percentageGuest":0.0},{"timestamp":"2021-03-02T18:20:00Z","percentageCpuUsage":1.31982,"percentageUser":0.718221,"percentageNice":1.03025E-4,"percentageSys":0.594127,"percentageIdle":98.6505,"percentageIoWait":0.029712,"percentageHardIrq":0.0,"percentageSoftIrq":0.00737101,"percentageSteal":0.0,"percentageGuest":0.0},{"timestamp":"2021-03-02T18:15:00Z","percentageCpuUsage":1.5631,"percentageUser":0.870367,"percentageNice":1.02939E-4,"percentageSys":0.686323,"percentageIdle":98.3852,"percentageIoWait":0.0517041,"percentageHardIrq":0.0,"percentageSoftIrq":0.00630583,"percentageSteal":0.0,"percentageGuest":0.0},{"timestamp":"2021-03-02T18:10:00Z","percentageCpuUsage":1.45781,"percentageUser":0.807256,"percentageNice":1.03007E-4,"percentageSys":0.644167,"percentageIdle":98.5121,"percentageIoWait":0.0300612,"percentageHardIrq":0.0,"percentageSoftIrq":0.00628198,"percentageSteal":0.0,"percentageGuest":0.0},{"timestamp":"2021-03-02T18:05:00Z","percentageCpuUsage":1.85472,"percentageUser":1.13262,"percentageNice":1.02986E-4,"percentageSys":0.713994,"percentageIdle":98.1119,"percentageIoWait":0.0333477,"percentageHardIrq":0.0,"percentageSoftIrq":0.0080053,"percentageSteal":0.0,"percentageGuest":0.0},{"timestamp":"2021-03-02T18:00:00Z","percentageCpuUsage":1.38631,"percentageUser":0.752114,"percentageNice":1.02845E-4,"percentageSys":0.627373,"percentageIdle":98.5837,"percentageIoWait":0.0300178,"percentageHardIrq":0.0,"percentageSoftIrq":0.00672391,"percentageSteal":0.0,"percentageGuest":0.0},{"timestamp":"2021-03-02T17:55:00Z","percentageCpuUsage":1.52876,"percentageUser":0.839551,"percentageNice":1.02976E-4,"percentageSys":0.681941,"percentageIdle":98.439,"percentageIoWait":0.0322074,"percentageHardIrq":0.0,"percentageSoftIrq":0.00716999,"percentageSteal":0.0,"percentageGuest":0.0},{"timestamp":"2021-03-02T17:50:00Z","percentageCpuUsage":1.43477,"percentageUser":0.80436,"percentageNice":1.02953E-4,"percentageSys":0.623735,"percentageIdle":98.5356,"percentageIoWait":0.0296622,"percentageHardIrq":0.0,"percentageSoftIrq":0.00657564,"percentageSteal":0.0,"percentageGuest":0.0},{"timestamp":"2021-03-02T17:45:00Z","percentageCpuUsage":1.43707,"percentageUser":0.768165,"percentageNice":1.04644E-4,"percentageSys":0.661373,"percentageIdle":98.5324,"percentageIoWait":0.0305746,"percentageHardIrq":0.0,"percentageSoftIrq":0.00742457,"percentageSteal":0.0,"percentageGuest":0.0},{"timestamp":"2021-03-02T17:40:00Z","percentageCpuUsage":1.38352,"percentageUser":0.743663,"percentageNice":2.04322E-4,"percentageSys":0.633127,"percentageIdle":98.585,"percentageIoWait":0.0315161,"percentageHardIrq":0.0,"percentageSoftIrq":0.00652113,"percentageSteal":0.0,"percentageGuest":0.0},{"timestamp":"2021-03-02T17:35:00Z","percentageCpuUsage":1.40081,"percentageUser":0.752776,"percentageNice":1.03057E-4,"percentageSys":0.640869,"percentageIdle":98.5674,"percentageIoWait":0.031798,"percentageHardIrq":0.0,"percentageSoftIrq":0.00706177,"percentageSteal":0.0,"percentageGuest":0.0},{"timestamp":"2021-03-02T17:30:00Z","percentageCpuUsage":1.39366,"percentageUser":0.766781,"percentageNice":1.0297E-4,"percentageSys":0.620746,"percentageIdle":98.5738,"percentageIoWait":0.0325204,"percentageHardIrq":0.0,"percentageSoftIrq":0.00603341,"percentageSteal":0.0,"percentageGuest":0.0},{"timestamp":"2021-03-02T17:25:00Z","percentageCpuUsage":1.4396,"percentageUser":0.766392,"percentageNice":1.02994E-4,"percentageSys":0.666557,"percentageIdle":98.5276,"percentageIoWait":0.0327816,"percentageHardIrq":0.0,"percentageSoftIrq":0.00655078,"percentageSteal":0.0,"percentageGuest":0.0},{"timestamp":"2021-03-02T17:20:00Z","percentageCpuUsage":1.47948,"percentageUser":0.815457,"percentageNice":1.02958E-4,"percentageSys":0.657916,"percentageIdle":98.4897,"percentageIoWait":0.0308218,"percentageHardIrq":0.0,"percentageSoftIrq":0.00600924,"percentageSteal":0.0,"percentageGuest":0.0},{"timestamp":"2021-03-02T17:15:00Z","percentageCpuUsage":1.39342,"percentageUser":0.760979,"percentageNice":1.01141E-4,"percentageSys":0.625586,"percentageIdle":98.5732,"percentageIoWait":0.0333757,"percentageHardIrq":0.0,"percentageSoftIrq":0.00675598,"percentageSteal":0.0,"percentageGuest":0.0},{"timestamp":"2021-03-02T17:10:00Z","percentageCpuUsage":1.48381,"percentageUser":0.817299,"percentageNice":1.6872E-6,"percentageSys":0.658976,"percentageIdle":98.4863,"percentageIoWait":0.029896,"percentageHardIrq":0.0,"percentageSoftIrq":0.00753519,"percentageSteal":0.0,"percentageGuest":0.0},{"timestamp":"2021-03-02T17:05:00Z","percentageCpuUsage":1.48606,"percentageUser":0.781331,"percentageNice":1.02919E-4,"percentageSys":0.695953,"percentageIdle":98.4835,"percentageIoWait":0.0304681,"percentageHardIrq":0.0,"percentageSoftIrq":0.0086682,"percentageSteal":0.0,"percentageGuest":0.0},{"timestamp":"2021-03-02T17:00:00Z","percentageCpuUsage":1.47652,"percentageUser":0.824848,"percentageNice":1.02933E-4,"percentageSys":0.644767,"percentageIdle":98.4906,"percentageIoWait":0.0328569,"percentageHardIrq":0.0,"percentageSoftIrq":0.00680135,"percentageSteal":0.0,"percentageGuest":0.0},{"timestamp":"2021-03-02T16:55:00Z","percentageCpuUsage":1.46456,"percentageUser":0.803832,"percentageNice":1.03032E-4,"percentageSys":0.6533,"percentageIdle":98.4978,"percentageIoWait":0.0376297,"percentageHardIrq":0.0,"percentageSoftIrq":0.00732062,"percentageSteal":0.0,"percentageGuest":0.0},{"timestamp":"2021-03-02T16:50:00Z","percentageCpuUsage":1.49154,"percentageUser":0.831932,"percentageNice":1.0334E-4,"percentageSys":0.651735,"percentageIdle":98.4749,"percentageIoWait":0.0335147,"percentageHardIrq":0.0,"percentageSoftIrq":0.00776901,"percentageSteal":0.0,"percentageGuest":0.0},{"timestamp":"2021-03-02T16:45:00Z","percentageCpuUsage":1.46967,"percentageUser":0.794237,"percentageNice":1.27867E-4,"percentageSys":0.66789,"percentageIdle":98.4956,"percentageIoWait":0.0347245,"percentageHardIrq":0.0,"percentageSoftIrq":0.0074114,"percentageSteal":0.0,"percentageGuest":0.0},{"timestamp":"2021-03-02T16:40:00Z","percentageCpuUsage":1.40381,"percentageUser":0.784321,"percentageNice":1.02866E-4,"percentageSys":0.612123,"percentageIdle":98.5631,"percentageIoWait":0.0330634,"percentageHardIrq":0.0,"percentageSoftIrq":0.00726516,"percentageSteal":0.0,"percentageGuest":0.0},{"timestamp":"2021-03-02T16:35:00Z","percentageCpuUsage":1.60319,"percentageUser":0.891871,"percentageNice":1.04648E-4,"percentageSys":0.703502,"percentageIdle":98.361,"percentageIoWait":0.0357801,"percentageHardIrq":0.0,"percentageSoftIrq":0.0077163,"percentageSteal":0.0,"percentageGuest":0.0},{"timestamp":"2021-03-02T16:30:00Z","percentageCpuUsage":1.51832,"percentageUser":0.849701,"percentageNice":2.02672E-4,"percentageSys":0.661122,"percentageIdle":98.4464,"percentageIoWait":0.0352935,"percentageHardIrq":0.0,"percentageSoftIrq":0.00729263,"percentageSteal":0.0,"percentageGuest":0.0},{"timestamp":"2021-03-02T16:25:00Z","percentageCpuUsage":1.46357,"percentageUser":0.810812,"percentageNice":1.68854E-6,"percentageSys":0.645037,"percentageIdle":98.5031,"percentageIoWait":0.0333265,"percentageHardIrq":0.0,"percentageSoftIrq":0.00771647,"percentageSteal":0.0,"percentageGuest":0.0},{"timestamp":"2021-03-02T16:20:00Z","percentageCpuUsage":1.42336,"percentageUser":0.77544,"percentageNice":1.03001E-4,"percentageSys":0.640225,"percentageIdle":98.5431,"percentageIoWait":0.0335363,"percentageHardIrq":0.0,"percentageSoftIrq":0.00759307,"percentageSteal":0.0,"percentageGuest":0.0},{"timestamp":"2021-03-02T16:15:00Z","percentageCpuUsage":1.49315,"percentageUser":0.810889,"percentageNice":1.02974E-4,"percentageSys":0.674575,"percentageIdle":98.4721,"percentageIoWait":0.0347357,"percentageHardIrq":0.0,"percentageSoftIrq":0.00757775,"percentageSteal":0.0,"percentageGuest":0.0},{"timestamp":"2021-03-02T16:10:00Z","percentageCpuUsage":1.43505,"percentageUser":0.78855,"percentageNice":1.02826E-4,"percentageSys":0.638245,"percentageIdle":98.5283,"percentageIoWait":0.0367026,"percentageHardIrq":0.0,"percentageSoftIrq":0.00814858,"percentageSteal":0.0,"percentageGuest":0.0},{"timestamp":"2021-03-02T16:05:00Z","percentageCpuUsage":1.4648,"percentageUser":0.801063,"percentageNice":1.02958E-4,"percentageSys":0.656178,"percentageIdle":98.5021,"percentageIoWait":0.0330679,"percentageHardIrq":0.0,"percentageSoftIrq":0.00745902,"percentageSteal":0.0,"percentageGuest":0.0},{"timestamp":"2021-03-02T16:00:00Z","percentageCpuUsage":1.45431,"percentageUser":0.801554,"percentageNice":1.03007E-4,"percentageSys":0.645535,"percentageIdle":98.5118,"percentageIoWait":0.0338636,"percentageHardIrq":0.0,"percentageSoftIrq":0.00711279,"percentageSteal":0.0,"percentageGuest":0.0},{"timestamp":"2021-03-02T15:55:00Z","percentageCpuUsage":1.52789,"percentageUser":0.846438,"percentageNice":1.0297E-4,"percentageSys":0.673782,"percentageIdle":98.4407,"percentageIoWait":0.0314065,"percentageHardIrq":0.0,"percentageSoftIrq":0.00757228,"percentageSteal":0.0,"percentageGuest":0.0},{"timestamp":"2021-03-02T15:50:00Z","percentageCpuUsage":1.46352,"percentageUser":0.811309,"percentageNice":1.02982E-4,"percentageSys":0.644238,"percentageIdle":98.5022,"percentageIoWait":0.0343269,"percentageHardIrq":0.0,"percentageSoftIrq":0.00786795,"percentageSteal":0.0,"percentageGuest":0.0},{"timestamp":"2021-03-02T15:45:00Z","percentageCpuUsage":1.8004,"percentageUser":1.02075,"percentageNice":1.02956E-4,"percentageSys":0.768986,"percentageIdle":98.147,"percentageIoWait":0.0526517,"percentageHardIrq":0.0,"percentageSoftIrq":0.0105534,"percentageSteal":0.0,"percentageGuest":0.0},{"timestamp":"2021-03-02T15:40:00Z","percentageCpuUsage":1.65589,"percentageUser":0.920069,"percentageNice":1.02882E-4,"percentageSys":0.72682,"percentageIdle":98.3032,"percentageIoWait":0.0408714,"percentageHardIrq":0.0,"percentageSoftIrq":0.00890103,"percentageSteal":0.0,"percentageGuest":0.0},{"timestamp":"2021-03-02T15:35:00Z","percentageCpuUsage":1.5328,"percentageUser":0.846534,"percentageNice":1.02976E-4,"percentageSys":0.678841,"percentageIdle":98.4302,"percentageIoWait":0.0369776,"percentageHardIrq":0.0,"percentageSoftIrq":0.007319,"percentageSteal":0.0,"percentageGuest":0.0},{"timestamp":"2021-03-02T15:30:00Z","percentageCpuUsage":1.43026,"percentageUser":0.792574,"percentageNice":1.02955E-4,"percentageSys":0.630943,"percentageIdle":98.5352,"percentageIoWait":0.0345456,"percentageHardIrq":0.0,"percentageSoftIrq":0.00664307,"percentageSteal":0.0,"percentageGuest":0.0},{"timestamp":"2021-03-02T15:25:00Z","percentageCpuUsage":1.56007,"percentageUser":0.866697,"percentageNice":1.02856E-4,"percentageSys":0.686073,"percentageIdle":98.4041,"percentageIoWait":0.0358044,"percentageHardIrq":0.0,"percentageSoftIrq":0.0072026,"percentageSteal":0.0,"percentageGuest":0.0},{"timestamp":"2021-03-02T15:20:00Z","percentageCpuUsage":1.42784,"percentageUser":0.783494,"percentageNice":1.01368E-4,"percentageSys":0.637246,"percentageIdle":98.5362,"percentageIoWait":0.0359678,"percentageHardIrq":0.0,"percentageSoftIrq":0.00700164,"percentageSteal":0.0,"percentageGuest":0.0},{"timestamp":"2021-03-02T15:15:00Z","percentageCpuUsage":1.44434,"percentageUser":0.794458,"percentageNice":3.34856E-6,"percentageSys":0.642922,"percentageIdle":98.5223,"percentageIoWait":0.0333206,"percentageHardIrq":0.0,"percentageSoftIrq":0.00695246,"percentageSteal":0.0,"percentageGuest":0.0},{"timestamp":"2021-03-02T15:10:00Z","percentageCpuUsage":1.55197,"percentageUser":0.860511,"percentageNice":2.04262E-4,"percentageSys":0.684135,"percentageIdle":98.4128,"percentageIoWait":0.0352338,"percentageHardIrq":0.0,"percentageSoftIrq":0.00712383,"percentageSteal":0.0,"percentageGuest":0.0},{"timestamp":"2021-03-02T15:05:00Z","percentageCpuUsage":1.49141,"percentageUser":0.807518,"percentageNice":1.02856E-4,"percentageSys":0.676916,"percentageIdle":98.4734,"percentageIoWait":0.0352228,"percentageHardIrq":0.0,"percentageSoftIrq":0.00687401,"percentageSteal":0.0,"percentageGuest":0.0},{"timestamp":"2021-03-02T15:00:00Z","percentageCpuUsage":1.4119,"percentageUser":0.775034,"percentageNice":1.01352E-4,"percentageSys":0.629896,"percentageIdle":98.5571,"percentageIoWait":0.0309567,"percentageHardIrq":0.0,"percentageSoftIrq":0.00686563,"percentageSteal":0.0,"percentageGuest":0.0},{"timestamp":"2021-03-02T14:55:00Z","percentageCpuUsage":1.36467,"percentageUser":0.719356,"percentageNice":3.51653E-6,"percentageSys":0.638922,"percentageIdle":98.6054,"percentageIoWait":0.0299527,"percentageHardIrq":0.0,"percentageSoftIrq":0.00639299,"percentageSteal":0.0,"percentageGuest":0.0},{"timestamp":"2021-03-02T14:50:00Z","percentageCpuUsage":1.32573,"percentageUser":0.705686,"percentageNice":2.14508E-4,"percentageSys":0.612934,"percentageIdle":98.6436,"percentageIoWait":0.0306629,"percentageHardIrq":0.0,"percentageSoftIrq":0.00689929,"percentageSteal":0.0,"percentageGuest":0.0},{"timestamp":"2021-03-02T14:45:00Z","percentageCpuUsage":2.68399,"percentageUser":1.77284,"percentageNice":7.32841E-4,"percentageSys":0.895746,"percentageIdle":97.2788,"percentageIoWait":0.0371994,"percentageHardIrq":0.0,"percentageSoftIrq":0.014679,"percentageSteal":0.0,"percentageGuest":0.0},{"timestamp":"2021-03-02T14:40:00Z","percentageCpuUsage":3.46217,"percentageUser":2.23738,"percentageNice":1.01366E-4,"percentageSys":1.2032,"percentageIdle":96.5027,"percentageIoWait":0.0351373,"percentageHardIrq":0.0,"percentageSoftIrq":0.0214941,"percentageSteal":0.0,"percentageGuest":0.0},{"timestamp":"2021-03-02T14:35:00Z","percentageCpuUsage":1.45175,"percentageUser":0.78707,"percentageNice":1.68728E-6,"percentageSys":0.657327,"percentageIdle":98.518,"percentageIoWait":0.0302541,"percentageHardIrq":0.0,"percentageSoftIrq":0.00734869,"percentageSteal":0.0,"percentageGuest":0.0},{"timestamp":"2021-03-02T14:30:00Z","percentageCpuUsage":1.34966,"percentageUser":0.728808,"percentageNice":1.02924E-4,"percentageSys":0.614138,"percentageIdle":98.6197,"percentageIoWait":0.0306675,"percentageHardIrq":0.0,"percentageSoftIrq":0.00660767,"percentageSteal":0.0,"percentageGuest":0.0},{"timestamp":"2021-03-02T14:25:00Z","percentageCpuUsage":1.45726,"percentageUser":0.797,"percentageNice":1.02851E-4,"percentageSys":0.652509,"percentageIdle":98.5117,"percentageIoWait":0.0310122,"percentageHardIrq":0.0,"percentageSoftIrq":0.00764891,"percentageSteal":0.0,"percentageGuest":0.0},{"timestamp":"2021-03-02T14:20:00Z","percentageCpuUsage":1.42392,"percentageUser":0.777213,"percentageNice":1.02986E-4,"percentageSys":0.640243,"percentageIdle":98.5465,"percentageIoWait":0.0295828,"percentageHardIrq":0.0,"percentageSoftIrq":0.00636059,"percentageSteal":0.0,"percentageGuest":0.0},{"timestamp":"2021-03-02T14:15:00Z","percentageCpuUsage":1.49718,"percentageUser":0.818815,"percentageNice":1.02848E-4,"percentageSys":0.671666,"percentageIdle":98.473,"percentageIoWait":0.0298056,"percentageHardIrq":0.0,"percentageSoftIrq":0.00659593,"percentageSteal":0.0,"percentageGuest":0.0},{"timestamp":"2021-03-02T14:10:00Z","percentageCpuUsage":1.35839,"percentageUser":0.749954,"percentageNice":1.01284E-4,"percentageSys":0.601292,"percentageIdle":98.6102,"percentageIoWait":0.0314025,"percentageHardIrq":0.0,"percentageSoftIrq":0.00704694,"percentageSteal":0.0,"percentageGuest":0.0},{"timestamp":"2021-03-02T14:05:00Z","percentageCpuUsage":1.4879,"percentageUser":0.808563,"percentageNice":1.68787E-6,"percentageSys":0.672569,"percentageIdle":98.4818,"percentageIoWait":0.0302776,"percentageHardIrq":0.0,"percentageSoftIrq":0.00676632,"percentageSteal":0.0,"percentageGuest":0.0},{"timestamp":"2021-03-02T14:00:00Z","percentageCpuUsage":1.37195,"percentageUser":0.748608,"percentageNice":1.0296E-4,"percentageSys":0.616672,"percentageIdle":98.5947,"percentageIoWait":0.0333929,"percentageHardIrq":0.0,"percentageSoftIrq":0.00656674,"percentageSteal":0.0,"percentageGuest":0.0},{"timestamp":"2021-03-02T13:55:00Z","percentageCpuUsage":1.43124,"percentageUser":0.770315,"percentageNice":1.01253E-4,"percentageSys":0.654034,"percentageIdle":98.5394,"percentageIoWait":0.0293458,"percentageHardIrq":0.0,"percentageSoftIrq":0.00678922,"percentageSteal":0.0,"percentageGuest":0.0},{"timestamp":"2021-03-02T13:50:00Z","percentageCpuUsage":1.3349,"percentageUser":0.729649,"percentageNice":1.68824E-6,"percentageSys":0.5988,"percentageIdle":98.6326,"percentageIoWait":0.0325359,"percentageHardIrq":0.0,"percentageSoftIrq":0.00645392,"percentageSteal":0.0,"percentageGuest":0.0},{"timestamp":"2021-03-02T13:45:00Z","percentageCpuUsage":1.42134,"percentageUser":0.761627,"percentageNice":1.02982E-4,"percentageSys":0.653476,"percentageIdle":98.5351,"percentageIoWait":0.0435582,"percentageHardIrq":0.0,"percentageSoftIrq":0.00613114,"percentageSteal":0.0,"percentageGuest":0.0},{"timestamp":"2021-03-02T13:40:00Z","percentageCpuUsage":1.40527,"percentageUser":0.759303,"percentageNice":1.02988E-4,"percentageSys":0.639321,"percentageIdle":98.567,"percentageIoWait":0.0277141,"percentageHardIrq":0.0,"percentageSoftIrq":0.00654409,"percentageSteal":0.0,"percentageGuest":0.0},{"timestamp":"2021-03-02T13:35:00Z","percentageCpuUsage":1.38221,"percentageUser":0.736255,"percentageNice":1.02939E-4,"percentageSys":0.638755,"percentageIdle":98.5898,"percentageIoWait":0.0279446,"percentageHardIrq":0.0,"percentageSoftIrq":0.00709573,"percentageSteal":0.0,"percentageGuest":0.0},{"timestamp":"2021-03-02T13:30:00Z","percentageCpuUsage":1.38618,"percentageUser":0.747355,"percentageNice":1.03033E-4,"percentageSys":0.63215,"percentageIdle":98.5821,"percentageIoWait":0.0317244,"percentageHardIrq":0.0,"percentageSoftIrq":0.00657271,"percentageSteal":0.0,"percentageGuest":0.0},{"timestamp":"2021-03-02T13:25:00Z","percentageCpuUsage":1.40118,"percentageUser":0.75674,"percentageNice":1.02993E-4,"percentageSys":0.637302,"percentageIdle":98.5668,"percentageIoWait":0.0320646,"percentageHardIrq":0.0,"percentageSoftIrq":0.0070304,"percentageSteal":0.0,"percentageGuest":0.0},{"timestamp":"2021-03-02T13:20:00Z","percentageCpuUsage":1.33708,"percentageUser":0.725721,"percentageNice":1.01353E-4,"percentageSys":0.60405,"percentageIdle":98.6332,"percentageIoWait":0.0297303,"percentageHardIrq":0.0,"percentageSoftIrq":0.00720359,"percentageSteal":0.0,"percentageGuest":0.0},{"timestamp":"2021-03-02T13:15:00Z","percentageCpuUsage":1.37341,"percentageUser":0.735075,"percentageNice":1.68834E-6,"percentageSys":0.631312,"percentageIdle":98.5844,"percentageIoWait":0.0421926,"percentageHardIrq":0.0,"percentageSoftIrq":0.00701743,"percentageSteal":0.0,"percentageGuest":0.0},{"timestamp":"2021-03-02T13:10:00Z","percentageCpuUsage":1.48942,"percentageUser":0.822899,"percentageNice":1.02988E-4,"percentageSys":0.660084,"percentageIdle":98.48,"percentageIoWait":0.0305729,"percentageHardIrq":0.0,"percentageSoftIrq":0.0063383,"percentageSteal":0.0,"percentageGuest":0.0},{"timestamp":"2021-03-02T13:05:00Z","percentageCpuUsage":1.46467,"percentageUser":0.793201,"percentageNice":1.02971E-4,"percentageSys":0.664475,"percentageIdle":98.506,"percentageIoWait":0.0293085,"percentageHardIrq":0.0,"percentageSoftIrq":0.00688893,"percentageSteal":0.0,"percentageGuest":0.0},{"timestamp":"2021-03-02T13:00:00Z","percentageCpuUsage":1.3407,"percentageUser":0.733259,"percentageNice":1.03432E-4,"percentageSys":0.600877,"percentageIdle":98.6264,"percentageIoWait":0.032863,"percentageHardIrq":0.0,"percentageSoftIrq":0.00646438,"percentageSteal":0.0,"percentageGuest":0.0},{"timestamp":"2021-03-02T12:55:00Z","percentageCpuUsage":1.37459,"percentageUser":0.736161,"percentageNice":1.29617E-4,"percentageSys":0.631554,"percentageIdle":98.5961,"percentageIoWait":0.0292797,"percentageHardIrq":0.0,"percentageSoftIrq":0.00674115,"percentageSteal":0.0,"percentageGuest":0.0},{"timestamp":"2021-03-02T12:50:00Z","percentageCpuUsage":1.39368,"percentageUser":0.758156,"percentageNice":2.04251E-4,"percentageSys":0.628602,"percentageIdle":98.5787,"percentageIoWait":0.0276078,"percentageHardIrq":0.0,"percentageSoftIrq":0.00671439,"percentageSteal":0.0,"percentageGuest":0.0},{"timestamp":"2021-03-02T12:45:00Z","percentageCpuUsage":1.34718,"percentageUser":0.722787,"percentageNice":1.02928E-4,"percentageSys":0.617801,"percentageIdle":98.6075,"percentageIoWait":0.0452763,"percentageHardIrq":0.0,"percentageSoftIrq":0.00649351,"percentageSteal":0.0,"percentageGuest":0.0},{"timestamp":"2021-03-02T12:40:00Z","percentageCpuUsage":1.45968,"percentageUser":0.810484,"percentageNice":1.03077E-4,"percentageSys":0.642198,"percentageIdle":98.509,"percentageIoWait":0.031293,"percentageHardIrq":0.0,"percentageSoftIrq":0.00689584,"percentageSteal":0.0,"percentageGuest":0.0},{"timestamp":"2021-03-02T12:35:00Z","percentageCpuUsage":1.39629,"percentageUser":0.744039,"percentageNice":1.04541E-4,"percentageSys":0.645379,"percentageIdle":98.573,"percentageIoWait":0.0306635,"percentageHardIrq":0.0,"percentageSoftIrq":0.00676756,"percentageSteal":0.0,"percentageGuest":0.0},{"timestamp":"2021-03-02T12:30:00Z","percentageCpuUsage":1.34083,"percentageUser":0.736521,"percentageNice":2.02654E-4,"percentageSys":0.597469,"percentageIdle":98.6292,"percentageIoWait":0.029943,"percentageHardIrq":0.0,"percentageSoftIrq":0.00663375,"percentageSteal":0.0,"percentageGuest":0.0},{"timestamp":"2021-03-02T12:25:00Z","percentageCpuUsage":1.42103,"percentageUser":0.756411,"percentageNice":1.68853E-6,"percentageSys":0.656939,"percentageIdle":98.5489,"percentageIoWait":0.0300528,"percentageHardIrq":0.0,"percentageSoftIrq":0.00767735,"percentageSteal":0.0,"percentageGuest":0.0},{"timestamp":"2021-03-02T12:20:00Z","percentageCpuUsage":1.37661,"percentageUser":0.746519,"percentageNice":1.03E-4,"percentageSys":0.623478,"percentageIdle":98.5921,"percentageIoWait":0.0312978,"percentageHardIrq":0.0,"percentageSoftIrq":0.00651313,"percentageSteal":0.0,"percentageGuest":0.0},{"timestamp":"2021-03-02T12:15:00Z","percentageCpuUsage":1.45015,"percentageUser":0.782489,"percentageNice":1.02914E-4,"percentageSys":0.660944,"percentageIdle":98.519,"percentageIoWait":0.0308688,"percentageHardIrq":0.0,"percentageSoftIrq":0.00661624,"percentageSteal":0.0,"percentageGuest":0.0},{"timestamp":"2021-03-02T12:10:00Z","percentageCpuUsage":1.38376,"percentageUser":0.764566,"percentageNice":1.02995E-4,"percentageSys":0.612308,"percentageIdle":98.5855,"percentageIoWait":0.0307635,"percentageHardIrq":0.0,"percentageSoftIrq":0.00678006,"percentageSteal":0.0,"percentageGuest":0.0},{"timestamp":"2021-03-02T12:05:00Z","percentageCpuUsage":1.47563,"percentageUser":0.795995,"percentageNice":1.02977E-4,"percentageSys":0.67214,"percentageIdle":98.4936,"percentageIoWait":0.0307586,"percentageHardIrq":0.0,"percentageSoftIrq":0.0073917,"percentageSteal":0.0,"percentageGuest":0.0},{"timestamp":"2021-03-02T12:00:00Z","percentageCpuUsage":1.43102,"percentageUser":0.784129,"percentageNice":1.03007E-4,"percentageSys":0.640679,"percentageIdle":98.5383,"percentageIoWait":0.0306806,"percentageHardIrq":0.0,"percentageSoftIrq":0.00611149,"percentageSteal":0.0,"percentageGuest":0.0},{"timestamp":"2021-03-02T11:55:00Z","percentageCpuUsage":1.47236,"percentageUser":0.812586,"percentageNice":1.02988E-4,"percentageSys":0.652975,"percentageIdle":98.4987,"percentageIoWait":0.0289313,"percentageHardIrq":0.0,"percentageSoftIrq":0.00669728,"percentageSteal":0.0,"percentageGuest":0.0},{"timestamp":"2021-03-02T11:50:00Z","percentageCpuUsage":1.44185,"percentageUser":0.790801,"percentageNice":1.0292E-4,"percentageSys":0.643974,"percentageIdle":98.5263,"percentageIoWait":0.0318413,"percentageHardIrq":0.0,"percentageSoftIrq":0.00697593,"percentageSteal":0.0,"percentageGuest":0.0},{"timestamp":"2021-03-02T11:45:00Z","percentageCpuUsage":1.42212,"percentageUser":0.76022,"percentageNice":1.03E-4,"percentageSys":0.654791,"percentageIdle":98.5475,"percentageIoWait":0.0303521,"percentageHardIrq":0.0,"percentageSoftIrq":0.00700457,"percentageSteal":0.0,"percentageGuest":0.0},{"timestamp":"2021-03-02T11:40:00Z","percentageCpuUsage":1.30473,"percentageUser":0.713152,"percentageNice":1.0289E-4,"percentageSys":0.584295,"percentageIdle":98.6661,"percentageIoWait":0.0292041,"percentageHardIrq":0.0,"percentageSoftIrq":0.00717937,"percentageSteal":0.0,"percentageGuest":0.0},{"timestamp":"2021-03-02T11:35:00Z","percentageCpuUsage":1.46932,"percentageUser":0.804524,"percentageNice":1.03045E-4,"percentageSys":0.657675,"percentageIdle":98.5022,"percentageIoWait":0.0285205,"percentageHardIrq":0.0,"percentageSoftIrq":0.00701637,"percentageSteal":0.0,"percentageGuest":0.0},{"timestamp":"2021-03-02T11:30:00Z","percentageCpuUsage":1.46396,"percentageUser":0.808959,"percentageNice":1.0301E-4,"percentageSys":0.648431,"percentageIdle":98.5042,"percentageIoWait":0.0318111,"percentageHardIrq":0.0,"percentageSoftIrq":0.00646255,"percentageSteal":0.0,"percentageGuest":0.0},{"timestamp":"2021-03-02T11:25:00Z","percentageCpuUsage":1.40316,"percentageUser":0.746006,"percentageNice":1.04652E-4,"percentageSys":0.650432,"percentageIdle":98.5671,"percentageIoWait":0.0297433,"percentageHardIrq":0.0,"percentageSoftIrq":0.00661931,"percentageSteal":0.0,"percentageGuest":0.0},{"timestamp":"2021-03-02T11:20:00Z","percentageCpuUsage":1.41789,"percentageUser":0.785346,"percentageNice":2.04036E-4,"percentageSys":0.625258,"percentageIdle":98.5507,"percentageIoWait":0.0313699,"percentageHardIrq":0.0,"percentageSoftIrq":0.00707803,"percentageSteal":0.0,"percentageGuest":0.0},{"timestamp":"2021-03-02T11:15:00Z","percentageCpuUsage":1.37666,"percentageUser":0.738804,"percentageNice":1.01272E-4,"percentageSys":0.63068,"percentageIdle":98.5935,"percentageIoWait":0.0298438,"percentageHardIrq":0.0,"percentageSoftIrq":0.00707049,"percentageSteal":0.0,"percentageGuest":0.0},{"timestamp":"2021-03-02T11:10:00Z","percentageCpuUsage":1.4412,"percentageUser":0.795109,"percentageNice":1.72135E-6,"percentageSys":0.639368,"percentageIdle":98.5282,"percentageIoWait":0.0306216,"percentageHardIrq":0.0,"percentageSoftIrq":0.00672053,"percentageSteal":0.0,"percentageGuest":0.0},{"timestamp":"2021-03-02T11:05:00Z","percentageCpuUsage":1.39395,"percentageUser":0.756608,"percentageNice":1.05002E-4,"percentageSys":0.630296,"percentageIdle":98.5746,"percentageIoWait":0.0314573,"percentageHardIrq":0.0,"percentageSoftIrq":0.00694526,"percentageSteal":0.0,"percentageGuest":0.0},{"timestamp":"2021-03-02T11:00:00Z","percentageCpuUsage":1.48576,"percentageUser":0.837071,"percentageNice":2.2925E-4,"percentageSys":0.641805,"percentageIdle":98.4837,"percentageIoWait":0.0305268,"percentageHardIrq":0.0,"percentageSoftIrq":0.00665389,"percentageSteal":0.0,"percentageGuest":0.0},{"timestamp":"2021-03-02T10:55:00Z","percentageCpuUsage":1.40396,"percentageUser":0.752424,"percentageNice":1.03026E-4,"percentageSys":0.644042,"percentageIdle":98.5677,"percentageIoWait":0.0283787,"percentageHardIrq":0.0,"percentageSoftIrq":0.00739443,"percentageSteal":0.0,"percentageGuest":0.0},{"timestamp":"2021-03-02T10:50:00Z","percentageCpuUsage":1.28396,"percentageUser":0.69639,"percentageNice":1.02996E-4,"percentageSys":0.581236,"percentageIdle":98.6863,"percentageIoWait":0.0297145,"percentageHardIrq":0.0,"percentageSoftIrq":0.00622711,"percentageSteal":0.0,"percentageGuest":0.0},{"timestamp":"2021-03-02T10:45:00Z","percentageCpuUsage":1.35891,"percentageUser":0.724361,"percentageNice":1.03023E-4,"percentageSys":0.628316,"percentageIdle":98.6105,"percentageIoWait":0.0305559,"percentageHardIrq":0.0,"percentageSoftIrq":0.00613086,"percentageSteal":0.0,"percentageGuest":0.0},{"timestamp":"2021-03-02T10:40:00Z","percentageCpuUsage":1.31513,"percentageUser":0.700249,"percentageNice":1.04671E-4,"percentageSys":0.608416,"percentageIdle":98.656,"percentageIoWait":0.0288926,"percentageHardIrq":0.0,"percentageSoftIrq":0.00635939,"percentageSteal":0.0,"percentageGuest":0.0},{"timestamp":"2021-03-02T10:35:00Z","percentageCpuUsage":1.41025,"percentageUser":0.754842,"percentageNice":2.05982E-4,"percentageSys":0.648641,"percentageIdle":98.5586,"percentageIoWait":0.0311447,"percentageHardIrq":0.0,"percentageSoftIrq":0.00655907,"percentageSteal":0.0,"percentageGuest":0.0},{"timestamp":"2021-03-02T10:30:00Z","percentageCpuUsage":1.2877,"percentageUser":0.694976,"percentageNice":2.05884E-4,"percentageSys":0.586203,"percentageIdle":98.6843,"percentageIoWait":0.0280427,"percentageHardIrq":0.0,"percentageSoftIrq":0.00631838,"percentageSteal":0.0,"percentageGuest":0.0},{"timestamp":"2021-03-02T10:25:00Z","percentageCpuUsage":1.46163,"percentageUser":0.794117,"percentageNice":2.02554E-4,"percentageSys":0.660138,"percentageIdle":98.5081,"percentageIoWait":0.0302909,"percentageHardIrq":0.0,"percentageSoftIrq":0.00717353,"percentageSteal":0.0,"percentageGuest":0.0},{"timestamp":"2021-03-02T10:20:00Z","percentageCpuUsage":1.34982,"percentageUser":0.73633,"percentageNice":2.09685E-6,"percentageSys":0.606789,"percentageIdle":98.6202,"percentageIoWait":0.0300144,"percentageHardIrq":0.0,"percentageSoftIrq":0.00669998,"percentageSteal":0.0,"percentageGuest":0.0},{"timestamp":"2021-03-02T10:15:00Z","percentageCpuUsage":1.64286,"percentageUser":0.841657,"percentageNice":1.27908E-4,"percentageSys":0.793934,"percentageIdle":98.3273,"percentageIoWait":0.0298522,"percentageHardIrq":0.0,"percentageSoftIrq":0.00713696,"percentageSteal":0.0,"percentageGuest":0.0},{"timestamp":"2021-03-02T10:10:00Z","percentageCpuUsage":1.33469,"percentageUser":0.719601,"percentageNice":1.02982E-4,"percentageSys":0.609034,"percentageIdle":98.6375,"percentageIoWait":0.0278353,"percentageHardIrq":0.0,"percentageSoftIrq":0.0059478,"percentageSteal":0.0,"percentageGuest":0.0},{"timestamp":"2021-03-02T10:05:00Z","percentageCpuUsage":1.44992,"percentageUser":0.786907,"percentageNice":1.02976E-4,"percentageSys":0.656849,"percentageIdle":98.5216,"percentageIoWait":0.0284376,"percentageHardIrq":0.0,"percentageSoftIrq":0.0060617,"percentageSteal":0.0,"percentageGuest":0.0},{"timestamp":"2021-03-02T10:00:00Z","percentageCpuUsage":1.40922,"percentageUser":0.780308,"percentageNice":1.02952E-4,"percentageSys":0.622016,"percentageIdle":98.563,"percentageIoWait":0.0277354,"percentageHardIrq":0.0,"percentageSoftIrq":0.00679681,"percentageSteal":0.0,"percentageGuest":0.0},{"timestamp":"2021-03-02T09:55:00Z","percentageCpuUsage":1.4541,"percentageUser":0.794488,"percentageNice":1.03032E-4,"percentageSys":0.652605,"percentageIdle":98.5175,"percentageIoWait":0.0283683,"percentageHardIrq":0.0,"percentageSoftIrq":0.00690806,"percentageSteal":0.0,"percentageGuest":0.0},{"timestamp":"2021-03-02T09:50:00Z","percentageCpuUsage":1.3273,"percentageUser":0.70733,"percentageNice":1.02955E-4,"percentageSys":0.613934,"percentageIdle":98.6427,"percentageIoWait":0.0299586,"percentageHardIrq":0.0,"percentageSoftIrq":0.00593002,"percentageSteal":0.0,"percentageGuest":0.0},{"timestamp":"2021-03-02T09:45:00Z","percentageCpuUsage":1.42236,"percentageUser":0.76229,"percentageNice":1.0282E-4,"percentageSys":0.653438,"percentageIdle":98.5354,"percentageIoWait":0.0422733,"percentageHardIrq":0.0,"percentageSoftIrq":0.00653031,"percentageSteal":0.0,"percentageGuest":0.0},{"timestamp":"2021-03-02T09:40:00Z","percentageCpuUsage":1.30198,"percentageUser":0.705858,"percentageNice":1.02994E-4,"percentageSys":0.589677,"percentageIdle":98.6693,"percentageIoWait":0.0286842,"percentageHardIrq":0.0,"percentageSoftIrq":0.00633859,"percentageSteal":0.0,"percentageGuest":0.0},{"timestamp":"2021-03-02T09:35:00Z","percentageCpuUsage":1.38035,"percentageUser":0.734933,"percentageNice":1.0295E-4,"percentageSys":0.638661,"percentageIdle":98.5909,"percentageIoWait":0.0287667,"percentageHardIrq":0.0,"percentageSoftIrq":0.00665437,"percentageSteal":0.0,"percentageGuest":0.0},{"timestamp":"2021-03-02T09:30:00Z","percentageCpuUsage":1.3905,"percentageUser":0.757447,"percentageNice":1.02944E-4,"percentageSys":0.627026,"percentageIdle":98.5817,"percentageIoWait":0.0278289,"percentageHardIrq":0.0,"percentageSoftIrq":0.00592278,"percentageSteal":0.0,"percentageGuest":0.0},{"timestamp":"2021-03-02T09:25:00Z","percentageCpuUsage":1.46355,"percentageUser":0.8074,"percentageNice":1.02907E-4,"percentageSys":0.65001,"percentageIdle":98.5085,"percentageIoWait":0.0279863,"percentageHardIrq":0.0,"percentageSoftIrq":0.00603425,"percentageSteal":0.0,"percentageGuest":0.0},{"timestamp":"2021-03-02T09:20:00Z","percentageCpuUsage":1.46554,"percentageUser":0.813538,"percentageNice":1.0297E-4,"percentageSys":0.645206,"percentageIdle":98.506,"percentageIoWait":0.0284152,"percentageHardIrq":0.0,"percentageSoftIrq":0.0066897,"percentageSteal":0.0,"percentageGuest":0.0},{"timestamp":"2021-03-02T09:15:00Z","percentageCpuUsage":1.44446,"percentageUser":0.785079,"percentageNice":1.0302E-4,"percentageSys":0.652714,"percentageIdle":98.5178,"percentageIoWait":0.037772,"percentageHardIrq":0.0,"percentageSoftIrq":0.00656085,"percentageSteal":0.0,"percentageGuest":0.0},{"timestamp":"2021-03-02T09:10:00Z","percentageCpuUsage":1.34703,"percentageUser":0.73837,"percentageNice":1.02995E-4,"percentageSys":0.602148,"percentageIdle":98.6224,"percentageIoWait":0.0305575,"percentageHardIrq":0.0,"percentageSoftIrq":0.00640539,"percentageSteal":0.0,"percentageGuest":0.0},{"timestamp":"2021-03-02T09:05:00Z","percentageCpuUsage":1.44903,"percentageUser":0.78015,"percentageNice":1.03014E-4,"percentageSys":0.662493,"percentageIdle":98.5234,"percentageIoWait":0.0275911,"percentageHardIrq":0.0,"percentageSoftIrq":0.00628269,"percentageSteal":0.0,"percentageGuest":0.0},{"timestamp":"2021-03-02T09:00:00Z","percentageCpuUsage":1.33283,"percentageUser":0.719032,"percentageNice":1.02995E-4,"percentageSys":0.607381,"percentageIdle":98.637,"percentageIoWait":0.0301974,"percentageHardIrq":0.0,"percentageSoftIrq":0.00631413,"percentageSteal":0.0,"percentageGuest":0.0},{"timestamp":"2021-03-02T08:55:00Z","percentageCpuUsage":1.4506,"percentageUser":0.780908,"percentageNice":1.03347E-4,"percentageSys":0.662804,"percentageIdle":98.5222,"percentageIoWait":0.0271505,"percentageHardIrq":0.0,"percentageSoftIrq":0.00678702,"percentageSteal":0.0,"percentageGuest":0.0},{"timestamp":"2021-03-02T08:50:00Z","percentageCpuUsage":1.44896,"percentageUser":0.809239,"percentageNice":1.27895E-4,"percentageSys":0.633219,"percentageIdle":98.5211,"percentageIoWait":0.029908,"percentageHardIrq":0.0,"percentageSoftIrq":0.00637622,"percentageSteal":0.0,"percentageGuest":0.0},{"timestamp":"2021-03-02T08:45:00Z","percentageCpuUsage":1.38527,"percentageUser":0.732466,"percentageNice":1.03387E-4,"percentageSys":0.646683,"percentageIdle":98.5864,"percentageIoWait":0.028358,"percentageHardIrq":0.0,"percentageSoftIrq":0.00602091,"percentageSteal":0.0,"percentageGuest":0.0},{"timestamp":"2021-03-02T08:40:00Z","percentageCpuUsage":1.36351,"percentageUser":0.729639,"percentageNice":1.28025E-4,"percentageSys":0.627913,"percentageIdle":98.6088,"percentageIoWait":0.0276973,"percentageHardIrq":0.0,"percentageSoftIrq":0.00582566,"percentageSteal":0.0,"percentageGuest":0.0},{"timestamp":"2021-03-02T08:35:00Z","percentageCpuUsage":1.33914,"percentageUser":0.712003,"percentageNice":1.03019E-4,"percentageSys":0.62074,"percentageIdle":98.6333,"percentageIoWait":0.0275202,"percentageHardIrq":0.0,"percentageSoftIrq":0.0062896,"percentageSteal":0.0,"percentageGuest":0.0},{"timestamp":"2021-03-02T08:30:00Z","percentageCpuUsage":1.43115,"percentageUser":0.779182,"percentageNice":1.02951E-4,"percentageSys":0.645003,"percentageIdle":98.5381,"percentageIoWait":0.0307777,"percentageHardIrq":0.0,"percentageSoftIrq":0.00686175,"percentageSteal":0.0,"percentageGuest":0.0},{"timestamp":"2021-03-02T08:25:00Z","percentageCpuUsage":1.47842,"percentageUser":0.804368,"percentageNice":1.0297E-4,"percentageSys":0.667693,"percentageIdle":98.4945,"percentageIoWait":0.0270683,"percentageHardIrq":0.0,"percentageSoftIrq":0.00625699,"percentageSteal":0.0,"percentageGuest":0.0},{"timestamp":"2021-03-02T08:20:00Z","percentageCpuUsage":1.4248,"percentageUser":0.792921,"percentageNice":1.02974E-4,"percentageSys":0.625344,"percentageIdle":98.547,"percentageIoWait":0.0282094,"percentageHardIrq":0.0,"percentageSoftIrq":0.00643168,"percentageSteal":0.0,"percentageGuest":0.0},{"timestamp":"2021-03-02T08:15:00Z","percentageCpuUsage":1.37549,"percentageUser":0.72266,"percentageNice":1.02851E-4,"percentageSys":0.646498,"percentageIdle":98.5979,"percentageIoWait":0.0265781,"percentageHardIrq":0.0,"percentageSoftIrq":0.00622835,"percentageSteal":0.0,"percentageGuest":0.0},{"timestamp":"2021-03-02T08:10:00Z","percentageCpuUsage":1.3163,"percentageUser":0.70602,"percentageNice":1.02989E-4,"percentageSys":0.603975,"percentageIdle":98.6547,"percentageIoWait":0.0290133,"percentageHardIrq":0.0,"percentageSoftIrq":0.0062051,"percentageSteal":0.0,"percentageGuest":0.0},{"timestamp":"2021-03-02T08:05:00Z","percentageCpuUsage":1.53324,"percentageUser":0.837089,"percentageNice":1.03026E-4,"percentageSys":0.68969,"percentageIdle":98.4389,"percentageIoWait":0.0278792,"percentageHardIrq":0.0,"percentageSoftIrq":0.0063544,"percentageSteal":0.0,"percentageGuest":0.0},{"timestamp":"2021-03-02T08:00:00Z","percentageCpuUsage":1.32172,"percentageUser":0.711446,"percentageNice":1.0297E-4,"percentageSys":0.604052,"percentageIdle":98.6506,"percentageIoWait":0.0276848,"percentageHardIrq":0.0,"percentageSoftIrq":0.00611801,"percentageSteal":0.0,"percentageGuest":0.0},{"timestamp":"2021-03-02T07:55:00Z","percentageCpuUsage":1.40875,"percentageUser":0.761893,"percentageNice":1.02975E-4,"percentageSys":0.639592,"percentageIdle":98.5644,"percentageIoWait":0.0268611,"percentageHardIrq":0.0,"percentageSoftIrq":0.00716196,"percentageSteal":0.0,"percentageGuest":0.0},{"timestamp":"2021-03-02T07:50:00Z","percentageCpuUsage":1.40568,"percentageUser":0.768603,"percentageNice":1.02938E-4,"percentageSys":0.631021,"percentageIdle":98.5667,"percentageIoWait":0.0276484,"percentageHardIrq":0.0,"percentageSoftIrq":0.00595373,"percentageSteal":0.0,"percentageGuest":0.0},{"timestamp":"2021-03-02T07:45:00Z","percentageCpuUsage":1.3773,"percentageUser":0.731175,"percentageNice":1.02957E-4,"percentageSys":0.639529,"percentageIdle":98.5936,"percentageIoWait":0.0290605,"percentageHardIrq":0.0,"percentageSoftIrq":0.00648797,"percentageSteal":0.0,"percentageGuest":0.0},{"timestamp":"2021-03-02T07:40:00Z","percentageCpuUsage":1.35488,"percentageUser":0.721221,"percentageNice":1.02989E-4,"percentageSys":0.626853,"percentageIdle":98.6143,"percentageIoWait":0.0308307,"percentageHardIrq":0.0,"percentageSoftIrq":0.00670678,"percentageSteal":0.0,"percentageGuest":0.0},{"timestamp":"2021-03-02T07:35:00Z","percentageCpuUsage":1.37145,"percentageUser":0.727189,"percentageNice":1.02993E-4,"percentageSys":0.638004,"percentageIdle":98.5947,"percentageIoWait":0.0338288,"percentageHardIrq":0.0,"percentageSoftIrq":0.00615487,"percentageSteal":0.0,"percentageGuest":0.0},{"timestamp":"2021-03-02T07:30:00Z","percentageCpuUsage":1.30661,"percentageUser":0.701174,"percentageNice":1.01334E-4,"percentageSys":0.599009,"percentageIdle":98.6547,"percentageIoWait":0.0386839,"percentageHardIrq":0.0,"percentageSoftIrq":0.00632215,"percentageSteal":0.0,"percentageGuest":0.0},{"timestamp":"2021-03-02T07:25:00Z","percentageCpuUsage":1.40605,"percentageUser":0.751911,"percentageNice":1.68856E-6,"percentageSys":0.646764,"percentageIdle":98.555,"percentageIoWait":0.0389681,"percentageHardIrq":0.0,"percentageSoftIrq":0.00737569,"percentageSteal":0.0,"percentageGuest":0.0},{"timestamp":"2021-03-02T07:20:00Z","percentageCpuUsage":1.45942,"percentageUser":0.794137,"percentageNice":1.03002E-4,"percentageSys":0.658518,"percentageIdle":98.5053,"percentageIoWait":0.0352502,"percentageHardIrq":0.0,"percentageSoftIrq":0.0066613,"percentageSteal":0.0,"percentageGuest":0.0},{"timestamp":"2021-03-02T07:15:00Z","percentageCpuUsage":1.48706,"percentageUser":0.80309,"percentageNice":1.03039E-4,"percentageSys":0.677401,"percentageIdle":98.477,"percentageIoWait":0.0359204,"percentageHardIrq":0.0,"percentageSoftIrq":0.00646293,"percentageSteal":0.0,"percentageGuest":0.0},{"timestamp":"2021-03-02T07:10:00Z","percentageCpuUsage":1.37585,"percentageUser":0.756612,"percentageNice":1.03007E-4,"percentageSys":0.612568,"percentageIdle":98.5892,"percentageIoWait":0.0349481,"percentageHardIrq":0.0,"percentageSoftIrq":0.00656671,"percentageSteal":0.0,"percentageGuest":0.0},{"timestamp":"2021-03-02T07:05:00Z","percentageCpuUsage":1.40647,"percentageUser":0.740715,"percentageNice":1.02976E-4,"percentageSys":0.658901,"percentageIdle":98.5576,"percentageIoWait":0.0359411,"percentageHardIrq":0.0,"percentageSoftIrq":0.00675509,"percentageSteal":0.0,"percentageGuest":0.0},{"timestamp":"2021-03-02T07:00:00Z","percentageCpuUsage":1.31697,"percentageUser":0.692008,"percentageNice":1.02964E-4,"percentageSys":0.618904,"percentageIdle":98.6448,"percentageIoWait":0.038243,"percentageHardIrq":0.0,"percentageSoftIrq":0.00595137,"percentageSteal":0.0,"percentageGuest":0.0},{"timestamp":"2021-03-02T06:55:00Z","percentageCpuUsage":1.34739,"percentageUser":0.702051,"percentageNice":1.03006E-4,"percentageSys":0.638908,"percentageIdle":98.6124,"percentageIoWait":0.0401624,"percentageHardIrq":0.0,"percentageSoftIrq":0.00632806,"percentageSteal":0.0,"percentageGuest":0.0},{"timestamp":"2021-03-02T06:50:00Z","percentageCpuUsage":1.2995,"percentageUser":0.692376,"percentageNice":1.04834E-4,"percentageSys":0.600949,"percentageIdle":98.6584,"percentageIoWait":0.0420893,"percentageHardIrq":0.0,"percentageSoftIrq":0.00606746,"percentageSteal":0.0,"percentageGuest":0.0}],"numMembers":288}
