{
    "category": "systems",
    "status": "OK",
    "type": "IndexResource",
    "categoryVersion": 2,
    "softwareVersion": "4.2.3-2011.40",
    "apiVersion": 1,
    "dedupeRatio": 7.9917297759840675,
    "numRemainingStores": 31,
    "numRemainingShares": 31,
    "numRemainingLibraries": 31,
    "localDiskBytes": 2316169252864,
    "localUserBytes": 18510198784332,
    "localFreeBytes": 2072224067584,
    "localCapacityBytes": 4388393320448,
    "cloudDiskBytes": 0,
    "cloudUserBytes": 0,
    "cloudFreeBytes": 0,
    "cloudCapacityBytes": 0,
    "catalystInboundCopyJobSessions": 0,
    "catalystOutboundCopyJobSessions": 0,
    "catalystDataJobSessions": 0,
    "nasOpenFileDescriptors": 0,
    "nasNumDedupeSessions": 0,
    "applianceStatus": "OK",
    "applianceStatusString": "OK",
    "dataServicesStatus": "OK",
    "dataServicesStatusString": "OK",
    "licenseStatus": "OK",
    "licenseStatusString": "OK",
    "userStorageStatus": "OK",
    "userStorageStatusString": "OK",
    "vtlNumActiveSessions": 0,
    "hardwareStatus": "NOT_HARDWARE",
    "hardwareStatusString": "Status Invalid.  Not a hardware appliance.",
    "remoteSupportStatus": "OK",
    "remoteSupportStatusString": "OK",
    "hamaStatus": "NOT_APPLICABLE",
    "hamaStatusString": "Not Applicable",
    "repNumSourceJobs": 0,
    "repNumTargetJobs": 0,
    "repVtlNumMappingsTotal": 0,
    "repVtlNumMappingsStatusPendingSynchronisation": 0,
    "repVtlNumMappingsStatusSynchronising": 0,
    "repVtlNumMappingStatusSynchronised": 0,
    "repVtlNumMappingsHealthLevelOK": 0,
    "repVtlNumMappingsHealthLevelWarning": 0,
    "repVtlNumMappingsHealthLevelCritical": 0,
    "repNasNumMappingsTotal": 0,
    "repNasNumMappingsStatusPendingSynchronisation": 0,
    "repNasNumMappingsStatusSynchronising": 0,
    "repNasNumMappingStatusSynchronised": 0,
    "repNasNumMappingsHealthLevelOK": 0,
    "repNasNumMappingsHealthLevelWarning": 0,
    "repNasNumMappingsHealthLevelCritical": 0,
    "metricsCpuTotal": 32.0871,
    "metricsMemoryTotalPhysical": 24878755840,
    "metricsMemoryUsedPercent": 46.0975,
    "metricsDataDiskUtilisationPercent": 0,
    "maxStreamsLimit": 32,
    "isVSA": true,
    "isHama": false,
    "softwareUpdateRecommended": false,
    "recommendedSoftwareVersion": ""
}