{
    "category": "systems",
    "status": "OK",
    "type": "IndexResource",
    "categoryVersion": 2,
    "softwareVersion": "4.2.1-1942.21",
    "apiVersion": 1,
    "dedupeRatio": 8.235284173041016,
    "numRemainingStores": 31,
    "numRemainingShares": 31,
    "numRemainingLibraries": 31,
    "localDiskBytes": 22215655424,
    "localUserBytes": 182952235507,
    "localFreeBytes": 1074612666368,
    "localCapacityBytes": 1096828321792,
    "cloudDiskBytes": 0,
    "cloudUserBytes": 0,
    "cloudFreeBytes": 0,
    "cloudCapacityBytes": 0,
    "catalystInboundCopyJobSessions": 0,
    "catalystOutboundCopyJobSessions": 0,
    "catalystDataJobSessions": 0,
    "nasOpenFileDescriptors": 0,
    "nasNumDedupeSessions": 0,
    "applianceStatus": "OK",
    "applianceStatusString": "OK",
    "dataServicesStatus": "OK",
    "dataServicesStatusString": "OK",
    "licenseStatus": "OK",
    "licenseStatusString": "OK",
    "userStorageStatus": "OK",
    "userStorageStatusString": "OK",
    "vtlNumActiveSessions": 0,
    "hardwareStatus": "NOT_HARDWARE",
    "hardwareStatusString": "Status Invalid.  Not a hardware appliance.",
    "remoteSupportStatus": "OK",
    "remoteSupportStatusString": "OK",
    "hamaStatus": "NOT_APPLICABLE",
    "hamaStatusString": "Not Applicable",
    "repNumSourceJobs": 0,
    "repNumTargetJobs": 0,
    "repVtlNumMappingsTotal": 0,
    "repVtlNumMappingsStatusPendingSynchronisation": 0,
    "repVtlNumMappingsStatusSynchronising": 0,
    "repVtlNumMappingStatusSynchronised": 0,
    "repVtlNumMappingsHealthLevelOK": 0,
    "repVtlNumMappingsHealthLevelWarning": 0,
    "repVtlNumMappingsHealthLevelCritical": 0,
    "repNasNumMappingsTotal": 0,
    "repNasNumMappingsStatusPendingSynchronisation": 0,
    "repNasNumMappingsStatusSynchronising": 0,
    "repNasNumMappingStatusSynchronised": 0,
    "repNasNumMappingsHealthLevelOK": 0,
    "repNasNumMappingsHealthLevelWarning": 0,
    "repNasNumMappingsHealthLevelCritical": 0,
    "metricsCpuTotal": 57.2078,
    "metricsMemoryTotalPhysical": 24879906816,
    "metricsMemoryUsedPercent": 38.2012,
    "metricsDataDiskUtilisationPercent": 0.339481,
    "maxStreamsLimit": 32,
    "isVSA": true,
    "isHama": false,
    "softwareUpdateRecommended": false,
    "recommendedSoftwareVersion": ""
}