{
    "Version": "6.0.35-SNAPSHOT",
    "LicensingSummary": {
        "modeName": "Standalone",
        "modeString": "Standalone Mode. Support agreements available.",
        "mode": 2,
        "capacityBytes": 4398046511104,
        "capacityBytesFS": 4398046511104,
        "licenseDefinedCapacity": "4",
        "storageDemoLicenseStatus": 0,
        "demoStatus": "The 90 day Instant-on license is unavailable (a base license has been installed).",
        "licensingStatusEnum": "GOOD",
        "licensingStatus": 0,
        "statusSummary": "Standalone Mode. Support agreements available.",
        "licenseLockId": "11APFAPT312932VH",
        "serverStatus": null,
        "inGracePeriod": false,
        "daysTillLock": null
    },
    "InstalledServerLicenses": [],
    "CategoryStatus": [
        {
            "licenseCategoryEnum": "SYSTEM",
            "licenseCategoryString": "System",
            "licenseCategory": 4,
            "featureTypeEnum": "BASE",
            "featureTypeString": "Base",
            "featureType": 1,
            "categoryTypeEnum": "LICENSE",
            "categoryTypeString": "This feature requires a license to activate.",
            "categoryType": 3,
            "licenseStateEnum": "LICENSED",
            "licenseStateString": "License installed, feature is active.",
            "licenseState": 2,
            "featureActive": true,
            "trialActive": false,
            "detail": null,
            "capacity": null,
            "licenseDefinedCapacity": 1,
            "supportQtyRelease": true,
            "supportUnusedRelease": false
        },
        {
            "licenseCategoryEnum": "STORAGE",
            "licenseCategoryString": "Storage",
            "licenseCategory": 2,
            "featureTypeEnum": "CAPACITY",
            "featureTypeString": "Capacity",
            "featureType": 2,
            "categoryTypeEnum": "LICENSE",
            "categoryTypeString": "This feature requires a license to activate.",
            "categoryType": 3,
            "licenseStateEnum": "SEEOTHER",
            "licenseStateString": "Please see the status tab for this feature.",
            "licenseState": 4,
            "featureActive": true,
            "trialActive": false,
            "detail": null,
            "capacity": 4398046511104,
            "licenseDefinedCapacity": 4,
            "supportQtyRelease": false,
            "supportUnusedRelease": true
        },
        {
            "licenseCategoryEnum": "SOFTWARE",
            "licenseCategoryString": "Software Feature",
            "licenseCategory": 1,
            "featureTypeEnum": "ENCRYPTION",
            "featureTypeString": "Encryption",
            "featureType": 3,
            "categoryTypeEnum": "LICENSE",
            "categoryTypeString": "This feature requires a license to activate.",
            "categoryType": 3,
            "licenseStateEnum": "UNLICENSED",
            "licenseStateString": "No license installed, feature is not active.",
            "licenseState": 3,
            "featureActive": false,
            "trialActive": false,
            "detail": null,
            "capacity": null,
            "licenseDefinedCapacity": 0,
            "supportQtyRelease": true,
            "supportUnusedRelease": false
        },
        {
            "licenseCategoryEnum": "STORAGE",
            "licenseCategoryString": "Storage",
            "licenseCategory": 2,
            "featureTypeEnum": "CLOUD",
            "featureTypeString": "Cloud Bank Storage Read/Write Capacity",
            "featureType": 4,
            "categoryTypeEnum": "LICENSE",
            "categoryTypeString": "This feature requires a license to activate.",
            "categoryType": 3,
            "licenseStateEnum": "UNLICENSED",
            "licenseStateString": "No license installed, feature is not active.",
            "licenseState": 3,
            "featureActive": false,
            "trialActive": false,
            "detail": null,
            "capacity": 0,
            "licenseDefinedCapacity": 0,
            "supportQtyRelease": true,
            "supportUnusedRelease": false
        },
        {
            "licenseCategoryEnum": "STORAGE",
            "licenseCategoryString": "Storage",
            "licenseCategory": 2,
            "featureTypeEnum": "CLOUD_ARCHIVE",
            "featureTypeString": "Cloud Bank Storage Detach Capacity",
            "featureType": 15,
            "categoryTypeEnum": "LICENSE",
            "categoryTypeString": "This feature requires a license to activate.",
            "categoryType": 3,
            "licenseStateEnum": "UNLICENSED",
            "licenseStateString": "No license installed, feature is not active.",
            "licenseState": 3,
            "featureActive": false,
            "trialActive": false,
            "detail": null,
            "capacity": 0,
            "licenseDefinedCapacity": 0,
            "supportQtyRelease": false,
            "supportUnusedRelease": false
        }
    ],
    "InstalledLicenses": [
        {
            "uid": "8bd915e6-8351-48e7-85d8-eeb12137df85",
            "nameString": "BC003A/AAE HPE StoreOnce VSA Stackable 1TB",
            "descriptionString": "BC003A/AAE HPE StoreOnce VSA Stackable 1TB LTU",
            "startDate": "2019-11-15T10:52Z",
            "expiryDate": null,
            "demoRemaining": null,
            "licenseLTU": 4,
            "capacityBytes": 4398046511104,
            "licenseDefinedCapacity": 4,
            "passwordTypeString": "SEAT_PERM",
            "passwordType": 1,
            "featureString": "Capacity",
            "featureTypeEnum": "CAPACITY",
            "featureType": 2,
            "categoryString": "Storage",
            "licenseCategoryEnum": "STORAGE",
            "category": 2,
            "validationResult": null,
            "valid": true,
            "onGracePeriod": false,
            "triallicense": false,
            "allowRemoval": false,
            "featureId": 9698,
            "featureVersion": "1"
        },
        {
            "uid": "95b4ac3d-e62f-45a3-8048-5b3889e19772",
            "nameString": "BC002A/AAE HPE StoreOnce VSA 4TB Base",
            "descriptionString": "BC002A/AAE HPE StoreOnce VSA 4TB Base LTU",
            "startDate": "2019-11-15T10:52Z",
            "expiryDate": null,
            "demoRemaining": null,
            "licenseLTU": 1,
            "capacityBytes": null,
            "licenseDefinedCapacity": 0,
            "passwordTypeString": "SEAT_PERM",
            "passwordType": 1,
            "featureString": "Base",
            "featureTypeEnum": "BASE",
            "featureType": 1,
            "categoryString": "System",
            "licenseCategoryEnum": "SYSTEM",
            "category": 4,
            "validationResult": null,
            "valid": true,
            "onGracePeriod": false,
            "triallicense": false,
            "allowRemoval": false,
            "featureId": 9696,
            "featureVersion": "1"
        }
    ],
    "CloudArchiveReservationStatus": {
        "cloudArchiveReservedBytes": 0,
        "cloudArchiveConsumedBytes": 0
    },
    "CloudArchiveReservations": []
}