{"members":[{"timestamp":"2021-03-07T01:47:30Z","physicalMemoryBytes":24879063040,"availableMemoryBytes":13355962571,"percentageMemoryUsage":46.3165,"totalSwapBytes":62999490560,"availableSwapBytes":61644468224},{"timestamp":"2021-03-07T01:17:30Z","physicalMemoryBytes":24879063040,"availableMemoryBytes":13355330936,"percentageMemoryUsage":46.319,"totalSwapBytes":62999490560,"availableSwapBytes":61644468224},{"timestamp":"2021-03-07T00:50:00Z","physicalMemoryBytes":24879063040,"availableMemoryBytes":13350122094,"percentageMemoryUsage":46.3399,"totalSwapBytes":62999490560,"availableSwapBytes":61644468224},{"timestamp":"2021-03-07T00:22:30Z","physicalMemoryBytes":24879063040,"availableMemoryBytes":13356960930,"percentageMemoryUsage":46.3124,"totalSwapBytes":62999490560,"availableSwapBytes":61644468224},{"timestamp":"2021-03-06T23:52:30Z","physicalMemoryBytes":24879063040,"availableMemoryBytes":13354805802,"percentageMemoryUsage":46.3211,"totalSwapBytes":62999490560,"availableSwapBytes":61644468224},{"timestamp":"2021-03-06T23:25:00Z","physicalMemoryBytes":24879063040,"availableMemoryBytes":13353084332,"percentageMemoryUsage":46.328,"totalSwapBytes":62999490560,"availableSwapBytes":61644468224},{"timestamp":"2021-03-06T22:57:30Z","physicalMemoryBytes":24879063040,"availableMemoryBytes":13347651955,"percentageMemoryUsage":46.3499,"totalSwapBytes":62999490560,"availableSwapBytes":61644468224},{"timestamp":"2021-03-06T22:30:00Z","physicalMemoryBytes":24879063040,"availableMemoryBytes":13341330581,"percentageMemoryUsage":46.3753,"totalSwapBytes":62999490560,"availableSwapBytes":61644468224},{"timestamp":"2021-03-06T22:02:30Z","physicalMemoryBytes":24879063040,"availableMemoryBytes":13333992873,"percentageMemoryUsage":46.4048,"totalSwapBytes":62999490560,"availableSwapBytes":61644468224},{"timestamp":"2021-03-06T21:32:30Z","physicalMemoryBytes":24879063040,"availableMemoryBytes":13335971237,"percentageMemoryUsage":46.3968,"totalSwapBytes":62999490560,"availableSwapBytes":61644468224},{"timestamp":"2021-03-06T21:05:00Z","physicalMemoryBytes":24879063040,"availableMemoryBytes":13335448278,"percentageMemoryUsage":46.3989,"totalSwapBytes":62999490560,"availableSwapBytes":61644468224},{"timestamp":"2021-03-06T20:37:30Z","physicalMemoryBytes":24879063040,"availableMemoryBytes":13351314377,"percentageMemoryUsage":46.3351,"totalSwapBytes":62999490560,"availableSwapBytes":61644468224},{"timestamp":"2021-03-06T20:07:30Z","physicalMemoryBytes":24879063040,"availableMemoryBytes":13350611509,"percentageMemoryUsage":46.338,"totalSwapBytes":62999490560,"availableSwapBytes":61644468224},{"timestamp":"2021-03-06T19:40:00Z","physicalMemoryBytes":24879063040,"availableMemoryBytes":13347555783,"percentageMemoryUsage":46.3502,"totalSwapBytes":62999490560,"availableSwapBytes":61644468224},{"timestamp":"2021-03-06T19:12:30Z","physicalMemoryBytes":24879063040,"availableMemoryBytes":13349832518,"percentageMemoryUsage":46.3411,"totalSwapBytes":62999490560,"availableSwapBytes":61644468224},{"timestamp":"2021-03-06T18:45:00Z","physicalMemoryBytes":24879063040,"availableMemoryBytes":13328051745,"percentageMemoryUsage":46.4286,"totalSwapBytes":62999490560,"availableSwapBytes":61644468224},{"timestamp":"2021-03-06T18:17:30Z","physicalMemoryBytes":24879063040,"availableMemoryBytes":13234721421,"percentageMemoryUsage":46.8038,"totalSwapBytes":62999490560,"availableSwapBytes":61644535944},{"timestamp":"2021-03-06T17:47:30Z","physicalMemoryBytes":24879063040,"availableMemoryBytes":13358035856,"percentageMemoryUsage":46.3081,"totalSwapBytes":62999490560,"availableSwapBytes":61645516800},{"timestamp":"2021-03-06T17:20:00Z","physicalMemoryBytes":24879063040,"availableMemoryBytes":13351277664,"percentageMemoryUsage":46.3353,"totalSwapBytes":62999490560,"availableSwapBytes":61645516800},{"timestamp":"2021-03-06T16:52:30Z","physicalMemoryBytes":24879063040,"availableMemoryBytes":13351478232,"percentageMemoryUsage":46.3345,"totalSwapBytes":62999490560,"availableSwapBytes":61645612190},{"timestamp":"2021-03-06T16:22:30Z","physicalMemoryBytes":24879063040,"availableMemoryBytes":13346687304,"percentageMemoryUsage":46.3537,"totalSwapBytes":62999490560,"availableSwapBytes":61645778944},{"timestamp":"2021-03-06T15:55:00Z","physicalMemoryBytes":24879063040,"availableMemoryBytes":13354124519,"percentageMemoryUsage":46.3238,"totalSwapBytes":62999490560,"availableSwapBytes":61645778944},{"timestamp":"2021-03-06T15:27:30Z","physicalMemoryBytes":24879063040,"availableMemoryBytes":13348664064,"percentageMemoryUsage":46.3458,"totalSwapBytes":62999490560,"availableSwapBytes":61645778944},{"timestamp":"2021-03-06T15:00:00Z","physicalMemoryBytes":24879063040,"availableMemoryBytes":13353519912,"percentageMemoryUsage":46.3263,"totalSwapBytes":62999490560,"availableSwapBytes":61645778944},{"timestamp":"2021-03-06T14:32:30Z","physicalMemoryBytes":24879063040,"availableMemoryBytes":13349043887,"percentageMemoryUsage":46.3443,"totalSwapBytes":62999490560,"availableSwapBytes":61645778944},{"timestamp":"2021-03-06T14:02:30Z","physicalMemoryBytes":24879063040,"availableMemoryBytes":13356615316,"percentageMemoryUsage":46.3138,"totalSwapBytes":62999490560,"availableSwapBytes":61645778944},{"timestamp":"2021-03-06T13:35:00Z","physicalMemoryBytes":24879063040,"availableMemoryBytes":13356654055,"percentageMemoryUsage":46.3137,"totalSwapBytes":62999490560,"availableSwapBytes":61645778944},{"timestamp":"2021-03-06T13:07:30Z","physicalMemoryBytes":24879063040,"availableMemoryBytes":13359242495,"percentageMemoryUsage":46.3033,"totalSwapBytes":62999490560,"availableSwapBytes":61645778944},{"timestamp":"2021-03-06T12:37:30Z","physicalMemoryBytes":24879063040,"availableMemoryBytes":13359726856,"percentageMemoryUsage":46.3013,"totalSwapBytes":62999490560,"availableSwapBytes":61645778944},{"timestamp":"2021-03-06T12:10:00Z","physicalMemoryBytes":24879063040,"availableMemoryBytes":13355509758,"percentageMemoryUsage":46.3183,"totalSwapBytes":62999490560,"availableSwapBytes":61645778944},{"timestamp":"2021-03-06T11:42:30Z","physicalMemoryBytes":24879063040,"availableMemoryBytes":13353686697,"percentageMemoryUsage":46.3256,"totalSwapBytes":62999490560,"availableSwapBytes":61645778944},{"timestamp":"2021-03-06T11:15:00Z","physicalMemoryBytes":24879063040,"availableMemoryBytes":13358225601,"percentageMemoryUsage":46.3074,"totalSwapBytes":62999490560,"availableSwapBytes":61645778944},{"timestamp":"2021-03-06T10:47:30Z","physicalMemoryBytes":24879063040,"availableMemoryBytes":13339163456,"percentageMemoryUsage":46.384,"totalSwapBytes":62999490560,"availableSwapBytes":61645778944},{"timestamp":"2021-03-06T10:17:30Z","physicalMemoryBytes":24879063040,"availableMemoryBytes":13262423977,"percentageMemoryUsage":46.6924,"totalSwapBytes":62999490560,"availableSwapBytes":61645789866},{"timestamp":"2021-03-06T09:50:00Z","physicalMemoryBytes":24879063040,"availableMemoryBytes":13362570644,"percentageMemoryUsage":46.2899,"totalSwapBytes":62999490560,"availableSwapBytes":61646303232},{"timestamp":"2021-03-06T09:22:30Z","physicalMemoryBytes":24879063040,"availableMemoryBytes":13359276010,"percentageMemoryUsage":46.3031,"totalSwapBytes":62999490560,"availableSwapBytes":61646303232},{"timestamp":"2021-03-06T08:52:30Z","physicalMemoryBytes":24879063040,"availableMemoryBytes":13357139822,"percentageMemoryUsage":46.3117,"totalSwapBytes":62999490560,"availableSwapBytes":61646303232},{"timestamp":"2021-03-06T08:25:00Z","physicalMemoryBytes":24879063040,"availableMemoryBytes":13354033325,"percentageMemoryUsage":46.3242,"totalSwapBytes":62999490560,"availableSwapBytes":61646303232},{"timestamp":"2021-03-06T07:57:30Z","physicalMemoryBytes":24879063040,"availableMemoryBytes":13362595252,"percentageMemoryUsage":46.2898,"totalSwapBytes":62999490560,"availableSwapBytes":61646303232},{"timestamp":"2021-03-06T07:30:00Z","physicalMemoryBytes":24879063040,"availableMemoryBytes":13359524841,"percentageMemoryUsage":46.3021,"totalSwapBytes":62999490560,"availableSwapBytes":61646303232},{"timestamp":"2021-03-06T07:02:30Z","physicalMemoryBytes":24879063040,"availableMemoryBytes":13356935400,"percentageMemoryUsage":46.3125,"totalSwapBytes":62999490560,"availableSwapBytes":61646303530},{"timestamp":"2021-03-06T06:32:30Z","physicalMemoryBytes":24879063040,"availableMemoryBytes":13351389343,"percentageMemoryUsage":46.3348,"totalSwapBytes":62999490560,"availableSwapBytes":61646539591},{"timestamp":"2021-03-06T06:05:00Z","physicalMemoryBytes":24879063040,"availableMemoryBytes":13356142788,"percentageMemoryUsage":46.3157,"totalSwapBytes":62999490560,"availableSwapBytes":61646681592},{"timestamp":"2021-03-06T05:37:30Z","physicalMemoryBytes":24879063040,"availableMemoryBytes":13348952834,"percentageMemoryUsage":46.3446,"totalSwapBytes":62999490560,"availableSwapBytes":61646827520},{"timestamp":"2021-03-06T05:07:30Z","physicalMemoryBytes":24879063040,"availableMemoryBytes":13348517350,"percentageMemoryUsage":46.3464,"totalSwapBytes":62999490560,"availableSwapBytes":61646924367},{"timestamp":"2021-03-06T04:40:00Z","physicalMemoryBytes":24879063040,"availableMemoryBytes":13338807918,"percentageMemoryUsage":46.3854,"totalSwapBytes":62999490560,"availableSwapBytes":61647089664},{"timestamp":"2021-03-06T04:12:30Z","physicalMemoryBytes":24879063040,"availableMemoryBytes":13334265281,"percentageMemoryUsage":46.4037,"totalSwapBytes":62999490560,"availableSwapBytes":61647089675},{"timestamp":"2021-03-06T03:45:00Z","physicalMemoryBytes":24879063040,"availableMemoryBytes":13184494876,"percentageMemoryUsage":47.0057,"totalSwapBytes":62999490560,"availableSwapBytes":61647555049},{"timestamp":"2021-03-06T03:17:30Z","physicalMemoryBytes":24879063040,"availableMemoryBytes":13301423687,"percentageMemoryUsage":46.5357,"totalSwapBytes":62999490560,"availableSwapBytes":61648645344},{"timestamp":"2021-03-06T02:47:30Z","physicalMemoryBytes":24879063040,"availableMemoryBytes":13134102666,"percentageMemoryUsage":47.2082,"totalSwapBytes":62999490560,"availableSwapBytes":61649287225},{"timestamp":"2021-03-06T02:20:00Z","physicalMemoryBytes":24879063040,"availableMemoryBytes":13134411664,"percentageMemoryUsage":47.207,"totalSwapBytes":62999490560,"availableSwapBytes":61650900471},{"timestamp":"2021-03-06T01:52:30Z","physicalMemoryBytes":24879063040,"availableMemoryBytes":13326110897,"percentageMemoryUsage":46.4364,"totalSwapBytes":62999490560,"availableSwapBytes":61652486899},{"timestamp":"2021-03-06T01:22:30Z","physicalMemoryBytes":24879063040,"availableMemoryBytes":13363458105,"percentageMemoryUsage":46.2863,"totalSwapBytes":62999490560,"availableSwapBytes":61652594688},{"timestamp":"2021-03-06T00:55:00Z","physicalMemoryBytes":24879063040,"availableMemoryBytes":13365955367,"percentageMemoryUsage":46.2763,"totalSwapBytes":62999490560,"availableSwapBytes":61652594688},{"timestamp":"2021-03-06T00:27:30Z","physicalMemoryBytes":24879063040,"availableMemoryBytes":13368333310,"percentageMemoryUsage":46.2667,"totalSwapBytes":62999490560,"availableSwapBytes":61652594688},{"timestamp":"2021-03-06T00:00:00Z","physicalMemoryBytes":24879063040,"availableMemoryBytes":13370557264,"percentageMemoryUsage":46.2578,"totalSwapBytes":62999490560,"availableSwapBytes":61652594688},{"timestamp":"2021-03-05T23:32:30Z","physicalMemoryBytes":24879063040,"availableMemoryBytes":13371415686,"percentageMemoryUsage":46.2543,"totalSwapBytes":62999490560,"availableSwapBytes":61652594688},{"timestamp":"2021-03-05T23:02:30Z","physicalMemoryBytes":24879063040,"availableMemoryBytes":13373100693,"percentageMemoryUsage":46.2476,"totalSwapBytes":62999490560,"availableSwapBytes":61652594688},{"timestamp":"2021-03-05T22:35:00Z","physicalMemoryBytes":24879063040,"availableMemoryBytes":13370110767,"percentageMemoryUsage":46.2596,"totalSwapBytes":62999490560,"availableSwapBytes":61652594688},{"timestamp":"2021-03-05T22:07:30Z","physicalMemoryBytes":24879063040,"availableMemoryBytes":13373178836,"percentageMemoryUsage":46.2473,"totalSwapBytes":62999490560,"availableSwapBytes":61652594688},{"timestamp":"2021-03-05T21:37:30Z","physicalMemoryBytes":24879063040,"availableMemoryBytes":13373432314,"percentageMemoryUsage":46.2462,"totalSwapBytes":62999490560,"availableSwapBytes":61652594688},{"timestamp":"2021-03-05T21:10:00Z","physicalMemoryBytes":24879063040,"availableMemoryBytes":13365259058,"percentageMemoryUsage":46.2791,"totalSwapBytes":62999490560,"availableSwapBytes":61652594688},{"timestamp":"2021-03-05T20:42:30Z","physicalMemoryBytes":24879063040,"availableMemoryBytes":13371264742,"percentageMemoryUsage":46.255,"totalSwapBytes":62999490560,"availableSwapBytes":61652594688},{"timestamp":"2021-03-05T20:15:00Z","physicalMemoryBytes":24879063040,"availableMemoryBytes":13362844980,"percentageMemoryUsage":46.2888,"totalSwapBytes":62999490560,"availableSwapBytes":61652594688},{"timestamp":"2021-03-05T19:47:30Z","physicalMemoryBytes":24879063040,"availableMemoryBytes":13359845062,"percentageMemoryUsage":46.3009,"totalSwapBytes":62999490560,"availableSwapBytes":61652594688},{"timestamp":"2021-03-05T19:17:30Z","physicalMemoryBytes":24879063040,"availableMemoryBytes":13335420115,"percentageMemoryUsage":46.399,"totalSwapBytes":62999490560,"availableSwapBytes":61652594688},{"timestamp":"2021-03-05T18:50:00Z","physicalMemoryBytes":24879063040,"availableMemoryBytes":13245041947,"percentageMemoryUsage":46.7623,"totalSwapBytes":62999490560,"availableSwapBytes":61652594688},{"timestamp":"2021-03-05T18:22:30Z","physicalMemoryBytes":24879063040,"availableMemoryBytes":13181285187,"percentageMemoryUsage":47.0186,"totalSwapBytes":62999490560,"availableSwapBytes":61652594703},{"timestamp":"2021-03-05T17:52:30Z","physicalMemoryBytes":24879063040,"availableMemoryBytes":13321183386,"percentageMemoryUsage":46.4562,"totalSwapBytes":62999490560,"availableSwapBytes":61653178670},{"timestamp":"2021-03-05T17:25:00Z","physicalMemoryBytes":24879063040,"availableMemoryBytes":13373862826,"percentageMemoryUsage":46.2445,"totalSwapBytes":62999490560,"availableSwapBytes":61653381120},{"timestamp":"2021-03-05T16:57:30Z","physicalMemoryBytes":24879063040,"availableMemoryBytes":13372414745,"percentageMemoryUsage":46.2503,"totalSwapBytes":62999490560,"availableSwapBytes":61653381120},{"timestamp":"2021-03-05T16:30:00Z","physicalMemoryBytes":24879063040,"availableMemoryBytes":13372994968,"percentageMemoryUsage":46.248,"totalSwapBytes":62999490560,"availableSwapBytes":61653381120},{"timestamp":"2021-03-05T16:02:30Z","physicalMemoryBytes":24879063040,"availableMemoryBytes":13299673246,"percentageMemoryUsage":46.5427,"totalSwapBytes":62999490560,"availableSwapBytes":61653800535},{"timestamp":"2021-03-05T15:32:30Z","physicalMemoryBytes":24879063040,"availableMemoryBytes":13309192411,"percentageMemoryUsage":46.5044,"totalSwapBytes":62999490560,"availableSwapBytes":61655313012},{"timestamp":"2021-03-05T15:05:00Z","physicalMemoryBytes":24879063040,"availableMemoryBytes":13290042025,"percentageMemoryUsage":46.5814,"totalSwapBytes":62999490560,"availableSwapBytes":61656664010},{"timestamp":"2021-03-05T14:37:30Z","physicalMemoryBytes":24879063040,"availableMemoryBytes":13368811174,"percentageMemoryUsage":46.2648,"totalSwapBytes":62999490560,"availableSwapBytes":61657313280},{"timestamp":"2021-03-05T14:07:30Z","physicalMemoryBytes":24879063040,"availableMemoryBytes":13367626324,"percentageMemoryUsage":46.2696,"totalSwapBytes":62999490560,"availableSwapBytes":61657313280},{"timestamp":"2021-03-05T13:40:00Z","physicalMemoryBytes":24879063040,"availableMemoryBytes":13368728022,"percentageMemoryUsage":46.2651,"totalSwapBytes":62999490560,"availableSwapBytes":61657313280},{"timestamp":"2021-03-05T13:12:30Z","physicalMemoryBytes":24879063040,"availableMemoryBytes":13361793256,"percentageMemoryUsage":46.293,"totalSwapBytes":62999490560,"availableSwapBytes":61657313280},{"timestamp":"2021-03-05T12:45:00Z","physicalMemoryBytes":24879063040,"availableMemoryBytes":13359384152,"percentageMemoryUsage":46.3027,"totalSwapBytes":62999490560,"availableSwapBytes":61657313280},{"timestamp":"2021-03-05T12:17:30Z","physicalMemoryBytes":24879063040,"availableMemoryBytes":13364889049,"percentageMemoryUsage":46.2806,"totalSwapBytes":62999490560,"availableSwapBytes":61657313280},{"timestamp":"2021-03-05T11:47:30Z","physicalMemoryBytes":24879063040,"availableMemoryBytes":13363214572,"percentageMemoryUsage":46.2873,"totalSwapBytes":62999490560,"availableSwapBytes":61657313280},{"timestamp":"2021-03-05T11:20:00Z","physicalMemoryBytes":24879063040,"availableMemoryBytes":13360162580,"percentageMemoryUsage":46.2996,"totalSwapBytes":62999490560,"availableSwapBytes":61657313280},{"timestamp":"2021-03-05T10:52:30Z","physicalMemoryBytes":24879063040,"availableMemoryBytes":13341761232,"percentageMemoryUsage":46.3735,"totalSwapBytes":62999490560,"availableSwapBytes":61657313280},{"timestamp":"2021-03-05T10:22:30Z","physicalMemoryBytes":24879063040,"availableMemoryBytes":13318746271,"percentageMemoryUsage":46.466,"totalSwapBytes":62999490560,"availableSwapBytes":61657313288},{"timestamp":"2021-03-05T09:55:00Z","physicalMemoryBytes":24879063040,"availableMemoryBytes":13292751033,"percentageMemoryUsage":46.5705,"totalSwapBytes":62999490560,"availableSwapBytes":61657979989},{"timestamp":"2021-03-05T09:27:30Z","physicalMemoryBytes":24879063040,"availableMemoryBytes":13369755139,"percentageMemoryUsage":46.261,"totalSwapBytes":62999490560,"availableSwapBytes":61658361856},{"timestamp":"2021-03-05T09:00:00Z","physicalMemoryBytes":24879063040,"availableMemoryBytes":13371633353,"percentageMemoryUsage":46.2535,"totalSwapBytes":62999490560,"availableSwapBytes":61658361856},{"timestamp":"2021-03-05T08:32:30Z","physicalMemoryBytes":24879063040,"availableMemoryBytes":13367082926,"percentageMemoryUsage":46.2718,"totalSwapBytes":62999490560,"availableSwapBytes":61658361856},{"timestamp":"2021-03-05T08:02:30Z","physicalMemoryBytes":24879063040,"availableMemoryBytes":13368934111,"percentageMemoryUsage":46.2643,"totalSwapBytes":62999490560,"availableSwapBytes":61658502394},{"timestamp":"2021-03-05T07:35:00Z","physicalMemoryBytes":24879063040,"availableMemoryBytes":13371975852,"percentageMemoryUsage":46.2521,"totalSwapBytes":62999490560,"availableSwapBytes":61658624000},{"timestamp":"2021-03-05T07:07:30Z","physicalMemoryBytes":24879063040,"availableMemoryBytes":13366492103,"percentageMemoryUsage":46.2741,"totalSwapBytes":62999490560,"availableSwapBytes":61658624000},{"timestamp":"2021-03-05T06:37:30Z","physicalMemoryBytes":24879063040,"availableMemoryBytes":13366855791,"percentageMemoryUsage":46.2727,"totalSwapBytes":62999490560,"availableSwapBytes":61658624000},{"timestamp":"2021-03-05T06:10:00Z","physicalMemoryBytes":24879063040,"availableMemoryBytes":13367374208,"percentageMemoryUsage":46.2706,"totalSwapBytes":62999490560,"availableSwapBytes":61658624000},{"timestamp":"2021-03-05T05:42:30Z","physicalMemoryBytes":24879063040,"availableMemoryBytes":13374299557,"percentageMemoryUsage":46.2428,"totalSwapBytes":62999490560,"availableSwapBytes":61658624000},{"timestamp":"2021-03-05T05:15:00Z","physicalMemoryBytes":24879063040,"availableMemoryBytes":13373626527,"percentageMemoryUsage":46.2455,"totalSwapBytes":62999490560,"availableSwapBytes":61658624000},{"timestamp":"2021-03-05T04:47:30Z","physicalMemoryBytes":24879063040,"availableMemoryBytes":13370307815,"percentageMemoryUsage":46.2588,"totalSwapBytes":62999490560,"availableSwapBytes":61658624000},{"timestamp":"2021-03-05T04:17:30Z","physicalMemoryBytes":24879063040,"availableMemoryBytes":13367490749,"percentageMemoryUsage":46.2701,"totalSwapBytes":62999490560,"availableSwapBytes":61658624000},{"timestamp":"2021-03-05T03:50:00Z","physicalMemoryBytes":24879063040,"availableMemoryBytes":13376765028,"percentageMemoryUsage":46.2328,"totalSwapBytes":62999490560,"availableSwapBytes":61658624000},{"timestamp":"2021-03-05T03:22:30Z","physicalMemoryBytes":24879063040,"availableMemoryBytes":13367152775,"percentageMemoryUsage":46.2715,"totalSwapBytes":62999490560,"availableSwapBytes":61658624000},{"timestamp":"2021-03-05T02:52:30Z","physicalMemoryBytes":24879063040,"availableMemoryBytes":13356717348,"percentageMemoryUsage":46.3134,"totalSwapBytes":62999490560,"availableSwapBytes":61658624000},{"timestamp":"2021-03-05T02:25:00Z","physicalMemoryBytes":24879063040,"availableMemoryBytes":13331700223,"percentageMemoryUsage":46.414,"totalSwapBytes":62999490560,"availableSwapBytes":61658624000},{"timestamp":"2021-03-05T01:57:30Z","physicalMemoryBytes":24879063040,"availableMemoryBytes":13289171271,"percentageMemoryUsage":46.5849,"totalSwapBytes":62999490560,"availableSwapBytes":61658749246},{"timestamp":"2021-03-05T01:30:00Z","physicalMemoryBytes":24879063040,"availableMemoryBytes":13377042563,"percentageMemoryUsage":46.2317,"totalSwapBytes":62999490560,"availableSwapBytes":61658886144},{"timestamp":"2021-03-05T01:02:30Z","physicalMemoryBytes":24879063040,"availableMemoryBytes":13374527443,"percentageMemoryUsage":46.2418,"totalSwapBytes":62999490560,"availableSwapBytes":61658972797},{"timestamp":"2021-03-05T00:32:30Z","physicalMemoryBytes":24879063040,"availableMemoryBytes":13378084088,"percentageMemoryUsage":46.2275,"totalSwapBytes":62999490560,"availableSwapBytes":61659148288},{"timestamp":"2021-03-05T00:05:00Z","physicalMemoryBytes":24879063040,"availableMemoryBytes":13370343182,"percentageMemoryUsage":46.2587,"totalSwapBytes":62999490560,"availableSwapBytes":61659148288},{"timestamp":"2021-03-04T23:37:30Z","physicalMemoryBytes":24879063040,"availableMemoryBytes":13371401435,"percentageMemoryUsage":46.2544,"totalSwapBytes":62999490560,"availableSwapBytes":61659148288},{"timestamp":"2021-03-04T23:07:30Z","physicalMemoryBytes":24879063040,"availableMemoryBytes":13372471626,"percentageMemoryUsage":46.2501,"totalSwapBytes":62999490560,"availableSwapBytes":61659148288},{"timestamp":"2021-03-04T22:40:00Z","physicalMemoryBytes":24879063040,"availableMemoryBytes":13371539068,"percentageMemoryUsage":46.2538,"totalSwapBytes":62999490560,"availableSwapBytes":61659148288},{"timestamp":"2021-03-04T22:12:30Z","physicalMemoryBytes":24879063040,"availableMemoryBytes":13370537124,"percentageMemoryUsage":46.2579,"totalSwapBytes":62999490560,"availableSwapBytes":61659148288},{"timestamp":"2021-03-04T21:45:00Z","physicalMemoryBytes":24879063040,"availableMemoryBytes":13363461324,"percentageMemoryUsage":46.2863,"totalSwapBytes":62999490560,"availableSwapBytes":61659148288},{"timestamp":"2021-03-04T21:17:30Z","physicalMemoryBytes":24879063040,"availableMemoryBytes":13357060054,"percentageMemoryUsage":46.312,"totalSwapBytes":62999490560,"availableSwapBytes":61659148288},{"timestamp":"2021-03-04T20:47:30Z","physicalMemoryBytes":24879063040,"availableMemoryBytes":13360757163,"percentageMemoryUsage":46.2972,"totalSwapBytes":62999490560,"availableSwapBytes":61659148288},{"timestamp":"2021-03-04T20:20:00Z","physicalMemoryBytes":24879063040,"availableMemoryBytes":13365050264,"percentageMemoryUsage":46.2799,"totalSwapBytes":62999490560,"availableSwapBytes":61659148288},{"timestamp":"2021-03-04T19:52:30Z","physicalMemoryBytes":24879063040,"availableMemoryBytes":13361462432,"percentageMemoryUsage":46.2944,"totalSwapBytes":62999490560,"availableSwapBytes":61659148288},{"timestamp":"2021-03-04T19:22:30Z","physicalMemoryBytes":24879063040,"availableMemoryBytes":13359869139,"percentageMemoryUsage":46.3008,"totalSwapBytes":62999490560,"availableSwapBytes":61659148288},{"timestamp":"2021-03-04T18:55:00Z","physicalMemoryBytes":24879063040,"availableMemoryBytes":13348092590,"percentageMemoryUsage":46.3481,"totalSwapBytes":62999490560,"availableSwapBytes":61659148288},{"timestamp":"2021-03-04T18:27:30Z","physicalMemoryBytes":24879063040,"availableMemoryBytes":13340153873,"percentageMemoryUsage":46.38,"totalSwapBytes":62999490560,"availableSwapBytes":61659148288},{"timestamp":"2021-03-04T18:00:00Z","physicalMemoryBytes":24879063040,"availableMemoryBytes":13258548411,"percentageMemoryUsage":46.708,"totalSwapBytes":62999490560,"availableSwapBytes":61659472472},{"timestamp":"2021-03-04T17:32:30Z","physicalMemoryBytes":24879063040,"availableMemoryBytes":13360570542,"percentageMemoryUsage":46.2979,"totalSwapBytes":62999490560,"availableSwapBytes":61660196864},{"timestamp":"2021-03-04T17:02:30Z","physicalMemoryBytes":24879063040,"availableMemoryBytes":13358750250,"percentageMemoryUsage":46.3053,"totalSwapBytes":62999490560,"availableSwapBytes":61660337402},{"timestamp":"2021-03-04T16:35:00Z","physicalMemoryBytes":24879063040,"availableMemoryBytes":13363831076,"percentageMemoryUsage":46.2848,"totalSwapBytes":62999490560,"availableSwapBytes":61660459008},{"timestamp":"2021-03-04T16:07:30Z","physicalMemoryBytes":24879063040,"availableMemoryBytes":13364415961,"percentageMemoryUsage":46.2825,"totalSwapBytes":62999490560,"availableSwapBytes":61660555855},{"timestamp":"2021-03-04T15:37:30Z","physicalMemoryBytes":24879063040,"availableMemoryBytes":13357521644,"percentageMemoryUsage":46.3102,"totalSwapBytes":62999490560,"availableSwapBytes":61660721152},{"timestamp":"2021-03-04T15:10:00Z","physicalMemoryBytes":24879063040,"availableMemoryBytes":13362100546,"percentageMemoryUsage":46.2918,"totalSwapBytes":62999490560,"availableSwapBytes":61660721152},{"timestamp":"2021-03-04T14:42:30Z","physicalMemoryBytes":24879063040,"availableMemoryBytes":13361863718,"percentageMemoryUsage":46.2927,"totalSwapBytes":62999490560,"availableSwapBytes":61660721152},{"timestamp":"2021-03-04T14:15:00Z","physicalMemoryBytes":24879063040,"availableMemoryBytes":13363187065,"percentageMemoryUsage":46.2874,"totalSwapBytes":62999490560,"availableSwapBytes":61660721152},{"timestamp":"2021-03-04T13:47:30Z","physicalMemoryBytes":24879063040,"availableMemoryBytes":13364104255,"percentageMemoryUsage":46.2837,"totalSwapBytes":62999490560,"availableSwapBytes":61660721152},{"timestamp":"2021-03-04T13:17:30Z","physicalMemoryBytes":24879063040,"availableMemoryBytes":13360008609,"percentageMemoryUsage":46.3002,"totalSwapBytes":62999490560,"availableSwapBytes":61660721152},{"timestamp":"2021-03-04T12:50:00Z","physicalMemoryBytes":24879063040,"availableMemoryBytes":13364175521,"percentageMemoryUsage":46.2834,"totalSwapBytes":62999490560,"availableSwapBytes":61660721152},{"timestamp":"2021-03-04T12:22:30Z","physicalMemoryBytes":24879063040,"availableMemoryBytes":13358642039,"percentageMemoryUsage":46.3057,"totalSwapBytes":62999490560,"availableSwapBytes":61660721152},{"timestamp":"2021-03-04T11:52:30Z","physicalMemoryBytes":24879063040,"availableMemoryBytes":13349523800,"percentageMemoryUsage":46.3423,"totalSwapBytes":62999490560,"availableSwapBytes":61660721152},{"timestamp":"2021-03-04T11:25:00Z","physicalMemoryBytes":24879063040,"availableMemoryBytes":13343172198,"percentageMemoryUsage":46.3679,"totalSwapBytes":62999490560,"availableSwapBytes":61660721152},{"timestamp":"2021-03-04T10:57:30Z","physicalMemoryBytes":24879063040,"availableMemoryBytes":13311120364,"percentageMemoryUsage":46.4967,"totalSwapBytes":62999490560,"availableSwapBytes":61660721152},{"timestamp":"2021-03-04T10:30:00Z","physicalMemoryBytes":24879063040,"availableMemoryBytes":13163087841,"percentageMemoryUsage":47.0917,"totalSwapBytes":62999490560,"availableSwapBytes":61660721152},{"timestamp":"2021-03-04T10:02:30Z","physicalMemoryBytes":24879063040,"availableMemoryBytes":13206636722,"percentageMemoryUsage":46.9167,"totalSwapBytes":62999490560,"availableSwapBytes":61660827465},{"timestamp":"2021-03-04T09:32:30Z","physicalMemoryBytes":24879063040,"availableMemoryBytes":13378177729,"percentageMemoryUsage":46.2272,"totalSwapBytes":62999490560,"availableSwapBytes":61661245440},{"timestamp":"2021-03-04T09:05:00Z","physicalMemoryBytes":24879063040,"availableMemoryBytes":13379141502,"percentageMemoryUsage":46.2233,"totalSwapBytes":62999490560,"availableSwapBytes":61661245440},{"timestamp":"2021-03-04T08:37:30Z","physicalMemoryBytes":24879063040,"availableMemoryBytes":13383607593,"percentageMemoryUsage":46.2053,"totalSwapBytes":62999490560,"availableSwapBytes":61661245440},{"timestamp":"2021-03-04T08:07:30Z","physicalMemoryBytes":24879063040,"availableMemoryBytes":13381472361,"percentageMemoryUsage":46.2139,"totalSwapBytes":62999490560,"availableSwapBytes":61661245440},{"timestamp":"2021-03-04T07:40:00Z","physicalMemoryBytes":24879063040,"availableMemoryBytes":13378384349,"percentageMemoryUsage":46.2263,"totalSwapBytes":62999490560,"availableSwapBytes":61661245440},{"timestamp":"2021-03-04T07:12:30Z","physicalMemoryBytes":24879063040,"availableMemoryBytes":13379252536,"percentageMemoryUsage":46.2228,"totalSwapBytes":62999490560,"availableSwapBytes":61661245440},{"timestamp":"2021-03-04T06:45:00Z","physicalMemoryBytes":24879063040,"availableMemoryBytes":13380007779,"percentageMemoryUsage":46.2198,"totalSwapBytes":62999490560,"availableSwapBytes":61661245440},{"timestamp":"2021-03-04T06:17:30Z","physicalMemoryBytes":24879063040,"availableMemoryBytes":13379316245,"percentageMemoryUsage":46.2226,"totalSwapBytes":62999490560,"availableSwapBytes":61661377968},{"timestamp":"2021-03-04T05:47:30Z","physicalMemoryBytes":24879063040,"availableMemoryBytes":13380801263,"percentageMemoryUsage":46.2166,"totalSwapBytes":62999490560,"availableSwapBytes":61661507584},{"timestamp":"2021-03-04T05:20:00Z","physicalMemoryBytes":24879063040,"availableMemoryBytes":13382129314,"percentageMemoryUsage":46.2113,"totalSwapBytes":62999490560,"availableSwapBytes":61661507770},{"timestamp":"2021-03-04T04:52:30Z","physicalMemoryBytes":24879063040,"availableMemoryBytes":13378335436,"percentageMemoryUsage":46.2265,"totalSwapBytes":62999490560,"availableSwapBytes":61661735348},{"timestamp":"2021-03-04T04:22:30Z","physicalMemoryBytes":24879063040,"availableMemoryBytes":13382474887,"percentageMemoryUsage":46.2099,"totalSwapBytes":62999490560,"availableSwapBytes":61661769728},{"timestamp":"2021-03-04T03:55:00Z","physicalMemoryBytes":24879063040,"availableMemoryBytes":13378239153,"percentageMemoryUsage":46.2269,"totalSwapBytes":62999490560,"availableSwapBytes":61661791573},{"timestamp":"2021-03-04T03:27:30Z","physicalMemoryBytes":24879063040,"availableMemoryBytes":13368873732,"percentageMemoryUsage":46.2646,"totalSwapBytes":62999490560,"availableSwapBytes":61662032342},{"timestamp":"2021-03-04T03:00:00Z","physicalMemoryBytes":24879063040,"availableMemoryBytes":13263676683,"percentageMemoryUsage":46.6874,"totalSwapBytes":62999490560,"availableSwapBytes":61662751332},{"timestamp":"2021-03-04T02:32:30Z","physicalMemoryBytes":24879063040,"availableMemoryBytes":13284559146,"percentageMemoryUsage":46.6035,"totalSwapBytes":62999490560,"availableSwapBytes":61663967945},{"timestamp":"2021-03-04T02:02:30Z","physicalMemoryBytes":24879063040,"availableMemoryBytes":13255511104,"percentageMemoryUsage":46.7202,"totalSwapBytes":62999490560,"availableSwapBytes":61665230903},{"timestamp":"2021-03-04T01:35:00Z","physicalMemoryBytes":24879063040,"availableMemoryBytes":13389308662,"percentageMemoryUsage":46.1824,"totalSwapBytes":62999490560,"availableSwapBytes":61665964032},{"timestamp":"2021-03-04T01:07:30Z","physicalMemoryBytes":24879063040,"availableMemoryBytes":13388635279,"percentageMemoryUsage":46.1851,"totalSwapBytes":62999490560,"availableSwapBytes":61665964032},{"timestamp":"2021-03-04T00:37:30Z","physicalMemoryBytes":24879063040,"availableMemoryBytes":13385420784,"percentageMemoryUsage":46.1981,"totalSwapBytes":62999490560,"availableSwapBytes":61665964032},{"timestamp":"2021-03-04T00:10:00Z","physicalMemoryBytes":24879063040,"availableMemoryBytes":13380921729,"percentageMemoryUsage":46.2161,"totalSwapBytes":62999490560,"availableSwapBytes":61665964032},{"timestamp":"2021-03-03T23:42:30Z","physicalMemoryBytes":24879063040,"availableMemoryBytes":13385090976,"percentageMemoryUsage":46.1994,"totalSwapBytes":62999490560,"availableSwapBytes":61665964032},{"timestamp":"2021-03-03T23:15:00Z","physicalMemoryBytes":24879063040,"availableMemoryBytes":13383366157,"percentageMemoryUsage":46.2063,"totalSwapBytes":62999490560,"availableSwapBytes":61665964032},{"timestamp":"2021-03-03T22:47:30Z","physicalMemoryBytes":24879063040,"availableMemoryBytes":13388388662,"percentageMemoryUsage":46.1861,"totalSwapBytes":62999490560,"availableSwapBytes":61665964032},{"timestamp":"2021-03-03T22:17:30Z","physicalMemoryBytes":24879063040,"availableMemoryBytes":13384283786,"percentageMemoryUsage":46.2026,"totalSwapBytes":62999490560,"availableSwapBytes":61665964032},{"timestamp":"2021-03-03T21:50:00Z","physicalMemoryBytes":24879063040,"availableMemoryBytes":13377426847,"percentageMemoryUsage":46.2302,"totalSwapBytes":62999490560,"availableSwapBytes":61665964032},{"timestamp":"2021-03-03T21:22:30Z","physicalMemoryBytes":24879063040,"availableMemoryBytes":13377525096,"percentageMemoryUsage":46.2298,"totalSwapBytes":62999490560,"availableSwapBytes":61665964032},{"timestamp":"2021-03-03T20:52:30Z","physicalMemoryBytes":24879063040,"availableMemoryBytes":13380281997,"percentageMemoryUsage":46.2187,"totalSwapBytes":62999490560,"availableSwapBytes":61665964032},{"timestamp":"2021-03-03T20:25:00Z","physicalMemoryBytes":24879063040,"availableMemoryBytes":13382988429,"percentageMemoryUsage":46.2078,"totalSwapBytes":62999490560,"availableSwapBytes":61665964032},{"timestamp":"2021-03-03T19:57:30Z","physicalMemoryBytes":24879063040,"availableMemoryBytes":13382721007,"percentageMemoryUsage":46.2089,"totalSwapBytes":62999490560,"availableSwapBytes":61665964032},{"timestamp":"2021-03-03T19:30:00Z","physicalMemoryBytes":24879063040,"availableMemoryBytes":13383881240,"percentageMemoryUsage":46.2042,"totalSwapBytes":62999490560,"availableSwapBytes":61665964032},{"timestamp":"2021-03-03T19:02:30Z","physicalMemoryBytes":24879063040,"availableMemoryBytes":13373570680,"percentageMemoryUsage":46.2457,"totalSwapBytes":62999490560,"availableSwapBytes":61665964032},{"timestamp":"2021-03-03T18:32:30Z","physicalMemoryBytes":24879063040,"availableMemoryBytes":13367253697,"percentageMemoryUsage":46.2711,"totalSwapBytes":62999490560,"availableSwapBytes":61665964032},{"timestamp":"2021-03-03T18:05:00Z","physicalMemoryBytes":24879063040,"availableMemoryBytes":13290014701,"percentageMemoryUsage":46.5815,"totalSwapBytes":62999490560,"availableSwapBytes":61665965091},{"timestamp":"2021-03-03T17:37:30Z","physicalMemoryBytes":24879063040,"availableMemoryBytes":13369544983,"percentageMemoryUsage":46.2619,"totalSwapBytes":62999490560,"availableSwapBytes":61666453940},{"timestamp":"2021-03-03T17:07:30Z","physicalMemoryBytes":24879063040,"availableMemoryBytes":13391727976,"percentageMemoryUsage":46.1727,"totalSwapBytes":62999490560,"availableSwapBytes":61666488320},{"timestamp":"2021-03-03T16:40:00Z","physicalMemoryBytes":24879063040,"availableMemoryBytes":13385548281,"percentageMemoryUsage":46.1975,"totalSwapBytes":62999490560,"availableSwapBytes":61666488320},{"timestamp":"2021-03-03T16:12:30Z","physicalMemoryBytes":24879063040,"availableMemoryBytes":13387507292,"percentageMemoryUsage":46.1897,"totalSwapBytes":62999490560,"availableSwapBytes":61666488320},{"timestamp":"2021-03-03T15:45:00Z","physicalMemoryBytes":24879063040,"availableMemoryBytes":13381713306,"percentageMemoryUsage":46.213,"totalSwapBytes":62999490560,"availableSwapBytes":61666488320},{"timestamp":"2021-03-03T15:17:30Z","physicalMemoryBytes":24879063040,"availableMemoryBytes":13389438426,"percentageMemoryUsage":46.1819,"totalSwapBytes":62999490560,"availableSwapBytes":61666488320},{"timestamp":"2021-03-03T14:47:30Z","physicalMemoryBytes":24879063040,"availableMemoryBytes":13405646695,"percentageMemoryUsage":46.1168,"totalSwapBytes":62999490560,"availableSwapBytes":61666644877},{"timestamp":"2021-03-03T14:20:00Z","physicalMemoryBytes":24879063040,"availableMemoryBytes":13398472936,"percentageMemoryUsage":46.1456,"totalSwapBytes":62999490560,"availableSwapBytes":61666750464},{"timestamp":"2021-03-03T13:52:30Z","physicalMemoryBytes":24879063040,"availableMemoryBytes":13398965939,"percentageMemoryUsage":46.1436,"totalSwapBytes":62999490560,"availableSwapBytes":61666882264},{"timestamp":"2021-03-03T13:22:30Z","physicalMemoryBytes":24879063040,"availableMemoryBytes":13396872193,"percentageMemoryUsage":46.152,"totalSwapBytes":62999490560,"availableSwapBytes":61667012608},{"timestamp":"2021-03-03T12:55:00Z","physicalMemoryBytes":24879063040,"availableMemoryBytes":13404101556,"percentageMemoryUsage":46.123,"totalSwapBytes":62999490560,"availableSwapBytes":61667012608},{"timestamp":"2021-03-03T12:27:30Z","physicalMemoryBytes":24879063040,"availableMemoryBytes":13395616544,"percentageMemoryUsage":46.1571,"totalSwapBytes":62999490560,"availableSwapBytes":61667012608},{"timestamp":"2021-03-03T12:00:00Z","physicalMemoryBytes":24879063040,"availableMemoryBytes":13395321861,"percentageMemoryUsage":46.1583,"totalSwapBytes":62999490560,"availableSwapBytes":61667012608},{"timestamp":"2021-03-03T11:32:30Z","physicalMemoryBytes":24879063040,"availableMemoryBytes":13395078443,"percentageMemoryUsage":46.1592,"totalSwapBytes":62999490560,"availableSwapBytes":61667012608},{"timestamp":"2021-03-03T11:02:30Z","physicalMemoryBytes":24879063040,"availableMemoryBytes":13392546383,"percentageMemoryUsage":46.1694,"totalSwapBytes":62999490560,"availableSwapBytes":61667012608},{"timestamp":"2021-03-03T10:35:00Z","physicalMemoryBytes":24879063040,"availableMemoryBytes":13379881279,"percentageMemoryUsage":46.2203,"totalSwapBytes":62999490560,"availableSwapBytes":61667012608},{"timestamp":"2021-03-03T10:09:10Z","physicalMemoryBytes":20732552533,"availableMemoryBytes":11121844676,"percentageMemoryUsage":38.6297,"totalSwapBytes":52499575466,"availableSwapBytes":51389177179},{"timestamp":"2021-03-03T09:42:30Z","physicalMemoryBytes":24879063040,"availableMemoryBytes":13348706696,"percentageMemoryUsage":46.3456,"totalSwapBytes":62999490560,"availableSwapBytes":61667386884},{"timestamp":"2021-03-03T09:15:00Z","physicalMemoryBytes":24879063040,"availableMemoryBytes":13391924570,"percentageMemoryUsage":46.1719,"totalSwapBytes":62999490560,"availableSwapBytes":61667548255},{"timestamp":"2021-03-03T08:47:30Z","physicalMemoryBytes":24879063040,"availableMemoryBytes":13397902420,"percentageMemoryUsage":46.1479,"totalSwapBytes":62999490560,"availableSwapBytes":61667799040},{"timestamp":"2021-03-03T08:20:00Z","physicalMemoryBytes":24879063040,"availableMemoryBytes":13402787639,"percentageMemoryUsage":46.1282,"totalSwapBytes":62999490560,"availableSwapBytes":61667799040},{"timestamp":"2021-03-03T07:52:30Z","physicalMemoryBytes":24879063040,"availableMemoryBytes":13403230205,"percentageMemoryUsage":46.1265,"totalSwapBytes":62999490560,"availableSwapBytes":61667799040},{"timestamp":"2021-03-03T07:22:30Z","physicalMemoryBytes":24879063040,"availableMemoryBytes":13407042255,"percentageMemoryUsage":46.1111,"totalSwapBytes":62999490560,"availableSwapBytes":61667799040},{"timestamp":"2021-03-03T06:55:00Z","physicalMemoryBytes":24879063040,"availableMemoryBytes":13408094620,"percentageMemoryUsage":46.1069,"totalSwapBytes":62999490560,"availableSwapBytes":61667799040},{"timestamp":"2021-03-03T06:27:30Z","physicalMemoryBytes":24879063040,"availableMemoryBytes":13412120301,"percentageMemoryUsage":46.0907,"totalSwapBytes":62999490560,"availableSwapBytes":61667799040},{"timestamp":"2021-03-03T05:57:30Z","physicalMemoryBytes":24879063040,"availableMemoryBytes":13410087433,"percentageMemoryUsage":46.0989,"totalSwapBytes":62999490560,"availableSwapBytes":61667799040},{"timestamp":"2021-03-03T05:30:00Z","physicalMemoryBytes":24879063040,"availableMemoryBytes":13405889778,"percentageMemoryUsage":46.1158,"totalSwapBytes":62999490560,"availableSwapBytes":61667799040},{"timestamp":"2021-03-03T05:02:30Z","physicalMemoryBytes":24879063040,"availableMemoryBytes":13404213903,"percentageMemoryUsage":46.1225,"totalSwapBytes":62999490560,"availableSwapBytes":61668080116},{"timestamp":"2021-03-03T04:35:00Z","physicalMemoryBytes":24879063040,"availableMemoryBytes":13408783683,"percentageMemoryUsage":46.1041,"totalSwapBytes":62999490560,"availableSwapBytes":61668323328},{"timestamp":"2021-03-03T04:07:30Z","physicalMemoryBytes":24879063040,"availableMemoryBytes":13407594769,"percentageMemoryUsage":46.1089,"totalSwapBytes":62999490560,"availableSwapBytes":61668323328},{"timestamp":"2021-03-03T03:37:30Z","physicalMemoryBytes":24879063040,"availableMemoryBytes":13402774762,"percentageMemoryUsage":46.1283,"totalSwapBytes":62999490560,"availableSwapBytes":61668323328},{"timestamp":"2021-03-03T03:10:00Z","physicalMemoryBytes":24879063040,"availableMemoryBytes":13356625895,"percentageMemoryUsage":46.3138,"totalSwapBytes":62999490560,"availableSwapBytes":61668485017},{"timestamp":"2021-03-03T02:42:30Z","physicalMemoryBytes":24879063040,"availableMemoryBytes":13326802484,"percentageMemoryUsage":46.4337,"totalSwapBytes":62999490560,"availableSwapBytes":61669893799},{"timestamp":"2021-03-03T02:12:30Z","physicalMemoryBytes":24879063040,"availableMemoryBytes":13286265134,"percentageMemoryUsage":46.5966,"totalSwapBytes":62999490560,"availableSwapBytes":61671397873},{"timestamp":"2021-03-03T01:45:00Z","physicalMemoryBytes":24879063040,"availableMemoryBytes":13328044184,"percentageMemoryUsage":46.4287,"totalSwapBytes":62999490560,"availableSwapBytes":61672305294},{"timestamp":"2021-03-03T01:17:30Z","physicalMemoryBytes":24879063040,"availableMemoryBytes":13408640851,"percentageMemoryUsage":46.1047,"totalSwapBytes":62999490560,"availableSwapBytes":61672517632},{"timestamp":"2021-03-03T00:50:00Z","physicalMemoryBytes":24879063040,"availableMemoryBytes":13403611016,"percentageMemoryUsage":46.1249,"totalSwapBytes":62999490560,"availableSwapBytes":61672517632},{"timestamp":"2021-03-03T00:22:30Z","physicalMemoryBytes":24879063040,"availableMemoryBytes":13406957317,"percentageMemoryUsage":46.1115,"totalSwapBytes":62999490560,"availableSwapBytes":61672517632},{"timestamp":"2021-03-02T23:52:30Z","physicalMemoryBytes":24879063040,"availableMemoryBytes":13398771089,"percentageMemoryUsage":46.1444,"totalSwapBytes":62999490560,"availableSwapBytes":61672517632},{"timestamp":"2021-03-02T23:25:00Z","physicalMemoryBytes":24879063040,"availableMemoryBytes":13397401973,"percentageMemoryUsage":46.1499,"totalSwapBytes":62999490560,"availableSwapBytes":61672517632},{"timestamp":"2021-03-02T22:57:30Z","physicalMemoryBytes":24879063040,"availableMemoryBytes":13396778986,"percentageMemoryUsage":46.1524,"totalSwapBytes":62999490560,"availableSwapBytes":61672517632},{"timestamp":"2021-03-02T22:27:30Z","physicalMemoryBytes":24879063040,"availableMemoryBytes":13393880223,"percentageMemoryUsage":46.164,"totalSwapBytes":62999490560,"availableSwapBytes":61672517632},{"timestamp":"2021-03-02T22:00:00Z","physicalMemoryBytes":24879063040,"availableMemoryBytes":13390536601,"percentageMemoryUsage":46.1775,"totalSwapBytes":62999490560,"availableSwapBytes":61672517632},{"timestamp":"2021-03-02T21:32:30Z","physicalMemoryBytes":24879063040,"availableMemoryBytes":13389842549,"percentageMemoryUsage":46.1803,"totalSwapBytes":62999490560,"availableSwapBytes":61672517632},{"timestamp":"2021-03-02T21:05:00Z","physicalMemoryBytes":24879063040,"availableMemoryBytes":13383104488,"percentageMemoryUsage":46.2074,"totalSwapBytes":62999490560,"availableSwapBytes":61672517632},{"timestamp":"2021-03-02T20:37:30Z","physicalMemoryBytes":24879063040,"availableMemoryBytes":13391497978,"percentageMemoryUsage":46.1736,"totalSwapBytes":62999490560,"availableSwapBytes":61672517632},{"timestamp":"2021-03-02T20:07:30Z","physicalMemoryBytes":24879063040,"availableMemoryBytes":13379282399,"percentageMemoryUsage":46.2227,"totalSwapBytes":62999490560,"availableSwapBytes":61672517632},{"timestamp":"2021-03-02T19:40:00Z","physicalMemoryBytes":24879063040,"availableMemoryBytes":13368224191,"percentageMemoryUsage":46.2672,"totalSwapBytes":62999490560,"availableSwapBytes":61672517632},{"timestamp":"2021-03-02T19:12:30Z","physicalMemoryBytes":24879063040,"availableMemoryBytes":13365908620,"percentageMemoryUsage":46.2765,"totalSwapBytes":62999490560,"availableSwapBytes":61672517632},{"timestamp":"2021-03-02T18:42:30Z","physicalMemoryBytes":24879063040,"availableMemoryBytes":13297977582,"percentageMemoryUsage":46.5495,"totalSwapBytes":62999490560,"availableSwapBytes":61672517632},{"timestamp":"2021-03-02T18:15:00Z","physicalMemoryBytes":24879063040,"availableMemoryBytes":13195704121,"percentageMemoryUsage":46.9606,"totalSwapBytes":62999490560,"availableSwapBytes":61672517632},{"timestamp":"2021-03-02T17:47:30Z","physicalMemoryBytes":24879063040,"availableMemoryBytes":13292987633,"percentageMemoryUsage":46.5696,"totalSwapBytes":62999490560,"availableSwapBytes":61672866428},{"timestamp":"2021-03-02T17:20:00Z","physicalMemoryBytes":24879063040,"availableMemoryBytes":13396059885,"percentageMemoryUsage":46.1553,"totalSwapBytes":62999490560,"availableSwapBytes":61673304064},{"timestamp":"2021-03-02T16:52:30Z","physicalMemoryBytes":24879063040,"availableMemoryBytes":13397722168,"percentageMemoryUsage":46.1486,"totalSwapBytes":62999490560,"availableSwapBytes":61673304064},{"timestamp":"2021-03-02T16:22:30Z","physicalMemoryBytes":24879063040,"availableMemoryBytes":13403702395,"percentageMemoryUsage":46.1246,"totalSwapBytes":62999490560,"availableSwapBytes":61673304064},{"timestamp":"2021-03-02T15:55:00Z","physicalMemoryBytes":24879063040,"availableMemoryBytes":13400914396,"percentageMemoryUsage":46.1358,"totalSwapBytes":62999490560,"availableSwapBytes":61673304064},{"timestamp":"2021-03-02T15:27:30Z","physicalMemoryBytes":24879063040,"availableMemoryBytes":13401791595,"percentageMemoryUsage":46.1322,"totalSwapBytes":62999490560,"availableSwapBytes":61673304064},{"timestamp":"2021-03-02T14:57:30Z","physicalMemoryBytes":24879063040,"availableMemoryBytes":13402894170,"percentageMemoryUsage":46.1278,"totalSwapBytes":62999490560,"availableSwapBytes":61673427125},{"timestamp":"2021-03-02T14:30:00Z","physicalMemoryBytes":24879063040,"availableMemoryBytes":13401410611,"percentageMemoryUsage":46.1338,"totalSwapBytes":62999490560,"availableSwapBytes":61673566208},{"timestamp":"2021-03-02T14:02:30Z","physicalMemoryBytes":24879063040,"availableMemoryBytes":13402232130,"percentageMemoryUsage":46.1305,"totalSwapBytes":62999490560,"availableSwapBytes":61673566208},{"timestamp":"2021-03-02T13:35:00Z","physicalMemoryBytes":24879063040,"availableMemoryBytes":13402220097,"percentageMemoryUsage":46.1305,"totalSwapBytes":62999490560,"availableSwapBytes":61673566208},{"timestamp":"2021-03-02T13:07:30Z","physicalMemoryBytes":24879063040,"availableMemoryBytes":13404870520,"percentageMemoryUsage":46.1199,"totalSwapBytes":62999490560,"availableSwapBytes":61673566208},{"timestamp":"2021-03-02T12:37:30Z","physicalMemoryBytes":24879063040,"availableMemoryBytes":13402474282,"percentageMemoryUsage":46.1295,"totalSwapBytes":62999490560,"availableSwapBytes":61673566208},{"timestamp":"2021-03-02T12:10:00Z","physicalMemoryBytes":24879063040,"availableMemoryBytes":13401039473,"percentageMemoryUsage":46.1353,"totalSwapBytes":62999490560,"availableSwapBytes":61673566208},{"timestamp":"2021-03-02T11:42:30Z","physicalMemoryBytes":24879063040,"availableMemoryBytes":13403858200,"percentageMemoryUsage":46.1239,"totalSwapBytes":62999490560,"availableSwapBytes":61673566208},{"timestamp":"2021-03-02T11:12:30Z","physicalMemoryBytes":24879063040,"availableMemoryBytes":13403536000,"percentageMemoryUsage":46.1252,"totalSwapBytes":62999490560,"availableSwapBytes":61673566208},{"timestamp":"2021-03-02T10:45:00Z","physicalMemoryBytes":24879063040,"availableMemoryBytes":13394574310,"percentageMemoryUsage":46.1613,"totalSwapBytes":62999490560,"availableSwapBytes":61673566208},{"timestamp":"2021-03-02T10:17:30Z","physicalMemoryBytes":24879063040,"availableMemoryBytes":13374039363,"percentageMemoryUsage":46.2438,"totalSwapBytes":62999490560,"availableSwapBytes":61673566208},{"timestamp":"2021-03-02T09:50:00Z","physicalMemoryBytes":24879063040,"availableMemoryBytes":13287264047,"percentageMemoryUsage":46.5926,"totalSwapBytes":62999490560,"availableSwapBytes":61673707765},{"timestamp":"2021-03-02T09:22:30Z","physicalMemoryBytes":24879063040,"availableMemoryBytes":13413132683,"percentageMemoryUsage":46.0867,"totalSwapBytes":62999490560,"availableSwapBytes":61674090496},{"timestamp":"2021-03-02T08:52:30Z","physicalMemoryBytes":24879063040,"availableMemoryBytes":13417077466,"percentageMemoryUsage":46.0708,"totalSwapBytes":62999490560,"availableSwapBytes":61674090496},{"timestamp":"2021-03-02T08:25:00Z","physicalMemoryBytes":24879063040,"availableMemoryBytes":13414629141,"percentageMemoryUsage":46.0806,"totalSwapBytes":62999490560,"availableSwapBytes":61674090496},{"timestamp":"2021-03-02T07:57:30Z","physicalMemoryBytes":24879063040,"availableMemoryBytes":13412539658,"percentageMemoryUsage":46.089,"totalSwapBytes":62999490560,"availableSwapBytes":61674090496},{"timestamp":"2021-03-02T07:27:30Z","physicalMemoryBytes":24879063040,"availableMemoryBytes":13422861959,"percentageMemoryUsage":46.0476,"totalSwapBytes":62999490560,"availableSwapBytes":61674090496},{"timestamp":"2021-03-02T07:00:00Z","physicalMemoryBytes":24879063040,"availableMemoryBytes":13415301318,"percentageMemoryUsage":46.0779,"totalSwapBytes":62999490560,"availableSwapBytes":61674090496},{"timestamp":"2021-03-02T06:32:30Z","physicalMemoryBytes":24879063040,"availableMemoryBytes":13414392444,"percentageMemoryUsage":46.0816,"totalSwapBytes":62999490560,"availableSwapBytes":61674090496},{"timestamp":"2021-03-02T06:05:00Z","physicalMemoryBytes":24879063040,"availableMemoryBytes":13408821579,"percentageMemoryUsage":46.104,"totalSwapBytes":62999490560,"availableSwapBytes":61674206712},{"timestamp":"2021-03-02T05:37:30Z","physicalMemoryBytes":24879063040,"availableMemoryBytes":13400431903,"percentageMemoryUsage":46.1377,"totalSwapBytes":62999490560,"availableSwapBytes":61674352640},{"timestamp":"2021-03-02T05:07:30Z","physicalMemoryBytes":24879063040,"availableMemoryBytes":13415259093,"percentageMemoryUsage":46.0781,"totalSwapBytes":62999490560,"availableSwapBytes":61674449487},{"timestamp":"2021-03-02T04:40:00Z","physicalMemoryBytes":24879063040,"availableMemoryBytes":13414404826,"percentageMemoryUsage":46.0816,"totalSwapBytes":62999490560,"availableSwapBytes":61674614784},{"timestamp":"2021-03-02T04:12:30Z","physicalMemoryBytes":24879063040,"availableMemoryBytes":13422538116,"percentageMemoryUsage":46.0489,"totalSwapBytes":62999490560,"availableSwapBytes":61674614784},{"timestamp":"2021-03-02T03:42:30Z","physicalMemoryBytes":24879063040,"availableMemoryBytes":13419906769,"percentageMemoryUsage":46.0594,"totalSwapBytes":62999490560,"availableSwapBytes":61674614784},{"timestamp":"2021-03-02T03:15:00Z","physicalMemoryBytes":24879063040,"availableMemoryBytes":13375055339,"percentageMemoryUsage":46.2397,"totalSwapBytes":62999490560,"availableSwapBytes":61674775566},{"timestamp":"2021-03-02T02:47:30Z","physicalMemoryBytes":24879063040,"availableMemoryBytes":13323475720,"percentageMemoryUsage":46.447,"totalSwapBytes":62999490560,"availableSwapBytes":61675527189},{"timestamp":"2021-03-02T02:20:00Z","physicalMemoryBytes":24879063040,"availableMemoryBytes":13252485886,"percentageMemoryUsage":46.7324,"totalSwapBytes":62999490560,"availableSwapBytes":61676315224},{"timestamp":"2021-03-02T01:52:30Z","physicalMemoryBytes":24879063040,"availableMemoryBytes":13279692915,"percentageMemoryUsage":46.623,"totalSwapBytes":62999490560,"availableSwapBytes":61677236224},{"timestamp":"2021-03-02T01:22:30Z","physicalMemoryBytes":24879063040,"availableMemoryBytes":13380868428,"percentageMemoryUsage":46.2163,"totalSwapBytes":62999490560,"availableSwapBytes":61677236224},{"timestamp":"2021-03-02T00:55:00Z","physicalMemoryBytes":24879063040,"availableMemoryBytes":13383747703,"percentageMemoryUsage":46.2048,"totalSwapBytes":62999490560,"availableSwapBytes":61677236224},{"timestamp":"2021-03-02T00:27:30Z","physicalMemoryBytes":24879063040,"availableMemoryBytes":13381841633,"percentageMemoryUsage":46.2124,"totalSwapBytes":62999490560,"availableSwapBytes":61677236224},{"timestamp":"2021-03-01T23:57:30Z","physicalMemoryBytes":24879063040,"availableMemoryBytes":13382285356,"percentageMemoryUsage":46.2107,"totalSwapBytes":62999490560,"availableSwapBytes":61677236224},{"timestamp":"2021-03-01T23:30:00Z","physicalMemoryBytes":24879063040,"availableMemoryBytes":13383965201,"percentageMemoryUsage":46.2039,"totalSwapBytes":62999490560,"availableSwapBytes":61677236224},{"timestamp":"2021-03-01T23:02:30Z","physicalMemoryBytes":24879063040,"availableMemoryBytes":13378635566,"percentageMemoryUsage":46.2253,"totalSwapBytes":62999490560,"availableSwapBytes":61677236224},{"timestamp":"2021-03-01T22:35:00Z","physicalMemoryBytes":24879063040,"availableMemoryBytes":13382327410,"percentageMemoryUsage":46.2105,"totalSwapBytes":62999490560,"availableSwapBytes":61677236224},{"timestamp":"2021-03-01T22:07:30Z","physicalMemoryBytes":24879063040,"availableMemoryBytes":13372405152,"percentageMemoryUsage":46.2504,"totalSwapBytes":62999490560,"availableSwapBytes":61677236224},{"timestamp":"2021-03-01T21:37:30Z","physicalMemoryBytes":24879063040,"availableMemoryBytes":13372022074,"percentageMemoryUsage":46.2519,"totalSwapBytes":62999490560,"availableSwapBytes":61677236224},{"timestamp":"2021-03-01T21:10:00Z","physicalMemoryBytes":24879063040,"availableMemoryBytes":13355472017,"percentageMemoryUsage":46.3184,"totalSwapBytes":62999490560,"availableSwapBytes":61677236224},{"timestamp":"2021-03-01T20:42:30Z","physicalMemoryBytes":24879063040,"availableMemoryBytes":13365632941,"percentageMemoryUsage":46.2776,"totalSwapBytes":62999490560,"availableSwapBytes":61677236224},{"timestamp":"2021-03-01T20:12:30Z","physicalMemoryBytes":24879063040,"availableMemoryBytes":13372104229,"percentageMemoryUsage":46.2516,"totalSwapBytes":62999490560,"availableSwapBytes":61677236224},{"timestamp":"2021-03-01T19:45:00Z","physicalMemoryBytes":24879063040,"availableMemoryBytes":13370914057,"percentageMemoryUsage":46.2564,"totalSwapBytes":62999490560,"availableSwapBytes":61677236224},{"timestamp":"2021-03-01T19:17:30Z","physicalMemoryBytes":24879063040,"availableMemoryBytes":13375031544,"percentageMemoryUsage":46.2398,"totalSwapBytes":62999490560,"availableSwapBytes":61677236224},{"timestamp":"2021-03-01T18:50:00Z","physicalMemoryBytes":24879063040,"availableMemoryBytes":13372815605,"percentageMemoryUsage":46.2487,"totalSwapBytes":62999490560,"availableSwapBytes":61677236224},{"timestamp":"2021-03-01T18:22:30Z","physicalMemoryBytes":24879063040,"availableMemoryBytes":13350210184,"percentageMemoryUsage":46.3396,"totalSwapBytes":62999490560,"availableSwapBytes":61677236224},{"timestamp":"2021-03-01T17:52:30Z","physicalMemoryBytes":24879063040,"availableMemoryBytes":13280221621,"percentageMemoryUsage":46.6209,"totalSwapBytes":62999490560,"availableSwapBytes":61677298847},{"timestamp":"2021-03-01T17:25:00Z","physicalMemoryBytes":24879063040,"availableMemoryBytes":13383188002,"percentageMemoryUsage":46.207,"totalSwapBytes":62999490560,"availableSwapBytes":61677760512},{"timestamp":"2021-03-01T16:57:30Z","physicalMemoryBytes":24879063040,"availableMemoryBytes":13381563948,"percentageMemoryUsage":46.2136,"totalSwapBytes":62999490560,"availableSwapBytes":61677760512},{"timestamp":"2021-03-01T16:27:30Z","physicalMemoryBytes":24879063040,"availableMemoryBytes":13382477667,"percentageMemoryUsage":46.2099,"totalSwapBytes":62999490560,"availableSwapBytes":61677760512},{"timestamp":"2021-03-01T16:00:00Z","physicalMemoryBytes":24879063040,"availableMemoryBytes":13374260677,"percentageMemoryUsage":46.2429,"totalSwapBytes":62999490560,"availableSwapBytes":61677760512},{"timestamp":"2021-03-01T15:32:30Z","physicalMemoryBytes":24879063040,"availableMemoryBytes":13380671820,"percentageMemoryUsage":46.2171,"totalSwapBytes":62999490560,"availableSwapBytes":61677760512},{"timestamp":"2021-03-01T15:05:00Z","physicalMemoryBytes":24879063040,"availableMemoryBytes":13380473402,"percentageMemoryUsage":46.2179,"totalSwapBytes":62999490560,"availableSwapBytes":61677760512},{"timestamp":"2021-03-01T14:37:30Z","physicalMemoryBytes":24879063040,"availableMemoryBytes":13381299573,"percentageMemoryUsage":46.2146,"totalSwapBytes":62999490560,"availableSwapBytes":61677760512},{"timestamp":"2021-03-01T14:07:30Z","physicalMemoryBytes":24879063040,"availableMemoryBytes":13378533413,"percentageMemoryUsage":46.2257,"totalSwapBytes":62999490560,"availableSwapBytes":61677760512},{"timestamp":"2021-03-01T13:40:00Z","physicalMemoryBytes":24879063040,"availableMemoryBytes":13380720125,"percentageMemoryUsage":46.2169,"totalSwapBytes":62999490560,"availableSwapBytes":61677760512},{"timestamp":"2021-03-01T13:12:30Z","physicalMemoryBytes":24879063040,"availableMemoryBytes":13415325680,"percentageMemoryUsage":46.0779,"totalSwapBytes":62999490560,"availableSwapBytes":61677760513},{"timestamp":"2021-03-01T12:42:30Z","physicalMemoryBytes":24879063040,"availableMemoryBytes":13422062973,"percentageMemoryUsage":46.0508,"totalSwapBytes":62999490560,"availableSwapBytes":61677939642},{"timestamp":"2021-03-01T12:15:00Z","physicalMemoryBytes":24879063040,"availableMemoryBytes":13426239494,"percentageMemoryUsage":46.034,"totalSwapBytes":62999490560,"availableSwapBytes":61678022656},{"timestamp":"2021-03-01T11:47:30Z","physicalMemoryBytes":24879063040,"availableMemoryBytes":13424638087,"percentageMemoryUsage":46.0404,"totalSwapBytes":62999490560,"availableSwapBytes":61678022656},{"timestamp":"2021-03-01T11:20:00Z","physicalMemoryBytes":24879063040,"availableMemoryBytes":13426851658,"percentageMemoryUsage":46.0315,"totalSwapBytes":62999490560,"availableSwapBytes":61678022656},{"timestamp":"2021-03-01T10:52:30Z","physicalMemoryBytes":24879063040,"availableMemoryBytes":13424556080,"percentageMemoryUsage":46.0407,"totalSwapBytes":62999490560,"availableSwapBytes":61678022656},{"timestamp":"2021-03-01T10:22:30Z","physicalMemoryBytes":24879063040,"availableMemoryBytes":13409369138,"percentageMemoryUsage":46.1018,"totalSwapBytes":62999490560,"availableSwapBytes":61678022656},{"timestamp":"2021-03-01T09:55:00Z","physicalMemoryBytes":24879063040,"availableMemoryBytes":13335540357,"percentageMemoryUsage":46.3985,"totalSwapBytes":62999490560,"availableSwapBytes":61678023744},{"timestamp":"2021-03-01T09:27:30Z","physicalMemoryBytes":24879063040,"availableMemoryBytes":13392300306,"percentageMemoryUsage":46.1704,"totalSwapBytes":62999490560,"availableSwapBytes":61678732450},{"timestamp":"2021-03-01T08:57:30Z","physicalMemoryBytes":24879063040,"availableMemoryBytes":13421135909,"percentageMemoryUsage":46.0545,"totalSwapBytes":62999490560,"availableSwapBytes":61678809088},{"timestamp":"2021-03-01T08:30:00Z","physicalMemoryBytes":24879063040,"availableMemoryBytes":13415643661,"percentageMemoryUsage":46.0766,"totalSwapBytes":62999490560,"availableSwapBytes":61678809088},{"timestamp":"2021-03-01T08:02:30Z","physicalMemoryBytes":24879063040,"availableMemoryBytes":13418926376,"percentageMemoryUsage":46.0634,"totalSwapBytes":62999490560,"availableSwapBytes":61678809088},{"timestamp":"2021-03-01T07:35:00Z","physicalMemoryBytes":24879063040,"availableMemoryBytes":13421168051,"percentageMemoryUsage":46.0544,"totalSwapBytes":62999490560,"availableSwapBytes":61678809088},{"timestamp":"2021-03-01T07:07:30Z","physicalMemoryBytes":24879063040,"availableMemoryBytes":13420406625,"percentageMemoryUsage":46.0574,"totalSwapBytes":62999490560,"availableSwapBytes":61678809088},{"timestamp":"2021-03-01T06:37:30Z","physicalMemoryBytes":24879063040,"availableMemoryBytes":13421442630,"percentageMemoryUsage":46.0533,"totalSwapBytes":62999490560,"availableSwapBytes":61678809088},{"timestamp":"2021-03-01T06:10:00Z","physicalMemoryBytes":24879063040,"availableMemoryBytes":13420052098,"percentageMemoryUsage":46.0589,"totalSwapBytes":62999490560,"availableSwapBytes":61678872876},{"timestamp":"2021-03-01T05:42:30Z","physicalMemoryBytes":24879063040,"availableMemoryBytes":13419221031,"percentageMemoryUsage":46.0622,"totalSwapBytes":62999490560,"availableSwapBytes":61679071232},{"timestamp":"2021-03-01T05:12:30Z","physicalMemoryBytes":24879063040,"availableMemoryBytes":13414416556,"percentageMemoryUsage":46.0815,"totalSwapBytes":62999490560,"availableSwapBytes":61679071232},{"timestamp":"2021-03-01T04:45:00Z","physicalMemoryBytes":24879063040,"availableMemoryBytes":13417945799,"percentageMemoryUsage":46.0673,"totalSwapBytes":62999490560,"availableSwapBytes":61679071232},{"timestamp":"2021-03-01T04:17:30Z","physicalMemoryBytes":24879063040,"availableMemoryBytes":13378010741,"percentageMemoryUsage":46.2278,"totalSwapBytes":62999490560,"availableSwapBytes":61679315935},{"timestamp":"2021-03-01T03:50:00Z","physicalMemoryBytes":24879063040,"availableMemoryBytes":13368697144,"percentageMemoryUsage":46.2653,"totalSwapBytes":62999490560,"availableSwapBytes":61680219070},{"timestamp":"2021-03-01T03:22:30Z","physicalMemoryBytes":24879063040,"availableMemoryBytes":13239681470,"percentageMemoryUsage":46.7838,"totalSwapBytes":62999490560,"availableSwapBytes":61684714138},{"timestamp":"2021-03-01T02:52:30Z","physicalMemoryBytes":24879063040,"availableMemoryBytes":13401134251,"percentageMemoryUsage":46.1349,"totalSwapBytes":62999490560,"availableSwapBytes":61687853787},{"timestamp":"2021-03-01T02:25:00Z","physicalMemoryBytes":24879063040,"availableMemoryBytes":13393252363,"percentageMemoryUsage":46.1666,"totalSwapBytes":62999490560,"availableSwapBytes":61688158885},{"timestamp":"2021-03-01T01:57:30Z","physicalMemoryBytes":24879063040,"availableMemoryBytes":13324569938,"percentageMemoryUsage":46.4426,"totalSwapBytes":62999490560,"availableSwapBytes":61688246272},{"timestamp":"2021-03-01T01:27:30Z","physicalMemoryBytes":24879063040,"availableMemoryBytes":13405361418,"percentageMemoryUsage":46.1179,"totalSwapBytes":62999490560,"availableSwapBytes":61688246272},{"timestamp":"2021-03-01T01:00:00Z","physicalMemoryBytes":24879063040,"availableMemoryBytes":13436734154,"percentageMemoryUsage":45.9918,"totalSwapBytes":62999490560,"availableSwapBytes":61688246272},{"timestamp":"2021-03-01T00:32:30Z","physicalMemoryBytes":24879063040,"availableMemoryBytes":13446424891,"percentageMemoryUsage":45.9528,"totalSwapBytes":62999490560,"availableSwapBytes":61688360595},{"timestamp":"2021-03-01T00:05:00Z","physicalMemoryBytes":24879063040,"availableMemoryBytes":13441028368,"percentageMemoryUsage":45.9745,"totalSwapBytes":62999490560,"availableSwapBytes":61688508416},{"timestamp":"2021-02-28T23:37:30Z","physicalMemoryBytes":24879063040,"availableMemoryBytes":13444109549,"percentageMemoryUsage":45.9622,"totalSwapBytes":62999490560,"availableSwapBytes":61688508416},{"timestamp":"2021-02-28T23:07:30Z","physicalMemoryBytes":24879063040,"availableMemoryBytes":13440159203,"percentageMemoryUsage":45.978,"totalSwapBytes":62999490560,"availableSwapBytes":61688508416},{"timestamp":"2021-02-28T22:40:00Z","physicalMemoryBytes":24879063040,"availableMemoryBytes":13431761127,"percentageMemoryUsage":46.0118,"totalSwapBytes":62999490560,"availableSwapBytes":61688508416},{"timestamp":"2021-02-28T22:12:30Z","physicalMemoryBytes":24879063040,"availableMemoryBytes":13435797434,"percentageMemoryUsage":45.9956,"totalSwapBytes":62999490560,"availableSwapBytes":61688508416},{"timestamp":"2021-02-28T21:42:30Z","physicalMemoryBytes":24879063040,"availableMemoryBytes":13428321232,"percentageMemoryUsage":46.0256,"totalSwapBytes":62999490560,"availableSwapBytes":61688508416},{"timestamp":"2021-02-28T21:15:00Z","physicalMemoryBytes":24879063040,"availableMemoryBytes":13408605128,"percentageMemoryUsage":46.1049,"totalSwapBytes":62999490560,"availableSwapBytes":61688508416},{"timestamp":"2021-02-28T20:47:30Z","physicalMemoryBytes":24879063040,"availableMemoryBytes":13419321060,"percentageMemoryUsage":46.0618,"totalSwapBytes":62999490560,"availableSwapBytes":61688508416},{"timestamp":"2021-02-28T20:20:00Z","physicalMemoryBytes":24879063040,"availableMemoryBytes":13422431292,"percentageMemoryUsage":46.0493,"totalSwapBytes":62999490560,"availableSwapBytes":61688508416},{"timestamp":"2021-02-28T19:52:30Z","physicalMemoryBytes":24879063040,"availableMemoryBytes":13422607423,"percentageMemoryUsage":46.0486,"totalSwapBytes":62999490560,"availableSwapBytes":61688508416},{"timestamp":"2021-02-28T19:22:30Z","physicalMemoryBytes":24879063040,"availableMemoryBytes":13415491407,"percentageMemoryUsage":46.0772,"totalSwapBytes":62999490560,"availableSwapBytes":61688508416},{"timestamp":"2021-02-28T18:55:00Z","physicalMemoryBytes":24879063040,"availableMemoryBytes":13416190717,"percentageMemoryUsage":46.0744,"totalSwapBytes":62999490560,"availableSwapBytes":61688508416},{"timestamp":"2021-02-28T18:27:30Z","physicalMemoryBytes":24879063040,"availableMemoryBytes":13404197359,"percentageMemoryUsage":46.1226,"totalSwapBytes":62999490560,"availableSwapBytes":61688508416},{"timestamp":"2021-02-28T17:57:30Z","physicalMemoryBytes":24879063040,"availableMemoryBytes":13305155509,"percentageMemoryUsage":46.5207,"totalSwapBytes":62999490560,"availableSwapBytes":61688508444},{"timestamp":"2021-02-28T17:30:00Z","physicalMemoryBytes":24879063040,"availableMemoryBytes":13379869294,"percentageMemoryUsage":46.2204,"totalSwapBytes":62999490560,"availableSwapBytes":61689106070},{"timestamp":"2021-02-28T17:02:30Z","physicalMemoryBytes":24879063040,"availableMemoryBytes":13438129844,"percentageMemoryUsage":45.9862,"totalSwapBytes":62999490560,"availableSwapBytes":61689294848},{"timestamp":"2021-02-28T16:35:00Z","physicalMemoryBytes":24879063040,"availableMemoryBytes":13432508844,"percentageMemoryUsage":46.0088,"totalSwapBytes":62999490560,"availableSwapBytes":61689294848},{"timestamp":"2021-02-28T16:07:30Z","physicalMemoryBytes":24879063040,"availableMemoryBytes":13435361740,"percentageMemoryUsage":45.9973,"totalSwapBytes":62999490560,"availableSwapBytes":61689294848},{"timestamp":"2021-02-28T15:37:30Z","physicalMemoryBytes":24879063040,"availableMemoryBytes":13435626488,"percentageMemoryUsage":45.9963,"totalSwapBytes":62999490560,"availableSwapBytes":61689294848},{"timestamp":"2021-02-28T15:10:00Z","physicalMemoryBytes":24879063040,"availableMemoryBytes":13439957626,"percentageMemoryUsage":45.9788,"totalSwapBytes":62999490560,"availableSwapBytes":61689294848},{"timestamp":"2021-02-28T14:42:30Z","physicalMemoryBytes":24879063040,"availableMemoryBytes":13439665676,"percentageMemoryUsage":45.98,"totalSwapBytes":62999490560,"availableSwapBytes":61689461600},{"timestamp":"2021-02-28T14:12:30Z","physicalMemoryBytes":24879063040,"availableMemoryBytes":13444243231,"percentageMemoryUsage":45.9616,"totalSwapBytes":62999490560,"availableSwapBytes":61689556992},{"timestamp":"2021-02-28T13:45:00Z","physicalMemoryBytes":24879063040,"availableMemoryBytes":13433854015,"percentageMemoryUsage":46.0034,"totalSwapBytes":62999490560,"availableSwapBytes":61689556992},{"timestamp":"2021-02-28T13:17:30Z","physicalMemoryBytes":24879063040,"availableMemoryBytes":13429228803,"percentageMemoryUsage":46.022,"totalSwapBytes":62999490560,"availableSwapBytes":61689556992},{"timestamp":"2021-02-28T12:50:00Z","physicalMemoryBytes":24879063040,"availableMemoryBytes":13433424694,"percentageMemoryUsage":46.0051,"totalSwapBytes":62999490560,"availableSwapBytes":61689556992},{"timestamp":"2021-02-28T12:22:30Z","physicalMemoryBytes":24879063040,"availableMemoryBytes":13438104355,"percentageMemoryUsage":45.9863,"totalSwapBytes":62999490560,"availableSwapBytes":61689556992},{"timestamp":"2021-02-28T11:52:30Z","physicalMemoryBytes":24879063040,"availableMemoryBytes":13433662203,"percentageMemoryUsage":46.0041,"totalSwapBytes":62999490560,"availableSwapBytes":61689556992},{"timestamp":"2021-02-28T11:25:00Z","physicalMemoryBytes":24879063040,"availableMemoryBytes":13435409394,"percentageMemoryUsage":45.9971,"totalSwapBytes":62999490560,"availableSwapBytes":61689556992},{"timestamp":"2021-02-28T10:57:30Z","physicalMemoryBytes":24879063040,"availableMemoryBytes":13438209430,"percentageMemoryUsage":45.9859,"totalSwapBytes":62999490560,"availableSwapBytes":61689556992},{"timestamp":"2021-02-28T10:27:30Z","physicalMemoryBytes":24879063040,"availableMemoryBytes":13417150396,"percentageMemoryUsage":46.0705,"totalSwapBytes":62999490560,"availableSwapBytes":61689556992},{"timestamp":"2021-02-28T10:00:00Z","physicalMemoryBytes":24879063040,"availableMemoryBytes":13395176544,"percentageMemoryUsage":46.1588,"totalSwapBytes":62999490560,"availableSwapBytes":61689556992},{"timestamp":"2021-02-28T09:32:30Z","physicalMemoryBytes":24879063040,"availableMemoryBytes":13366003108,"percentageMemoryUsage":46.2761,"totalSwapBytes":62999490560,"availableSwapBytes":61689861369},{"timestamp":"2021-02-28T09:05:00Z","physicalMemoryBytes":24879063040,"availableMemoryBytes":13439023367,"percentageMemoryUsage":45.9826,"totalSwapBytes":62999490560,"availableSwapBytes":61690081280},{"timestamp":"2021-02-28T08:37:30Z","physicalMemoryBytes":24879063040,"availableMemoryBytes":13439192950,"percentageMemoryUsage":45.9819,"totalSwapBytes":62999490560,"availableSwapBytes":61690081280},{"timestamp":"2021-02-28T08:07:30Z","physicalMemoryBytes":24879063040,"availableMemoryBytes":13435331611,"percentageMemoryUsage":45.9974,"totalSwapBytes":62999490560,"availableSwapBytes":61690081280},{"timestamp":"2021-02-28T07:40:00Z","physicalMemoryBytes":24879063040,"availableMemoryBytes":13433220859,"percentageMemoryUsage":46.0059,"totalSwapBytes":62999490560,"availableSwapBytes":61690081280},{"timestamp":"2021-02-28T07:12:30Z","physicalMemoryBytes":24879063040,"availableMemoryBytes":13440553383,"percentageMemoryUsage":45.9764,"totalSwapBytes":62999490560,"availableSwapBytes":61690081280},{"timestamp":"2021-02-28T06:42:30Z","physicalMemoryBytes":24879063040,"availableMemoryBytes":13431991235,"percentageMemoryUsage":46.0109,"totalSwapBytes":62999490560,"availableSwapBytes":61690081280},{"timestamp":"2021-02-28T06:15:00Z","physicalMemoryBytes":24879063040,"availableMemoryBytes":13434802446,"percentageMemoryUsage":45.9996,"totalSwapBytes":62999490560,"availableSwapBytes":61690240313},{"timestamp":"2021-02-28T05:47:30Z","physicalMemoryBytes":24879063040,"availableMemoryBytes":13436563299,"percentageMemoryUsage":45.9925,"totalSwapBytes":62999490560,"availableSwapBytes":61690343424},{"timestamp":"2021-02-28T05:20:00Z","physicalMemoryBytes":24879063040,"availableMemoryBytes":13434774595,"percentageMemoryUsage":45.9997,"totalSwapBytes":62999490560,"availableSwapBytes":61690343424},{"timestamp":"2021-02-28T04:52:30Z","physicalMemoryBytes":24879063040,"availableMemoryBytes":13436642478,"percentageMemoryUsage":45.9922,"totalSwapBytes":62999490560,"availableSwapBytes":61690343424},{"timestamp":"2021-02-28T04:22:30Z","physicalMemoryBytes":24879063040,"availableMemoryBytes":13441357433,"percentageMemoryUsage":45.9732,"totalSwapBytes":62999490560,"availableSwapBytes":61690343424},{"timestamp":"2021-02-28T03:55:00Z","physicalMemoryBytes":24879063040,"availableMemoryBytes":13438006770,"percentageMemoryUsage":45.9867,"totalSwapBytes":62999490560,"availableSwapBytes":61690491771},{"timestamp":"2021-02-28T03:27:30Z","physicalMemoryBytes":24879063040,"availableMemoryBytes":13428781256,"percentageMemoryUsage":46.0238,"totalSwapBytes":62999490560,"availableSwapBytes":61690857696},{"timestamp":"2021-02-28T02:57:30Z","physicalMemoryBytes":24879063040,"availableMemoryBytes":13344448160,"percentageMemoryUsage":46.3627,"totalSwapBytes":62999490560,"availableSwapBytes":61691437135},{"timestamp":"2021-02-28T02:30:00Z","physicalMemoryBytes":24879063040,"availableMemoryBytes":13345678871,"percentageMemoryUsage":46.3578,"totalSwapBytes":62999490560,"availableSwapBytes":61692686998},{"timestamp":"2021-02-28T02:02:30Z","physicalMemoryBytes":24879063040,"availableMemoryBytes":13351423955,"percentageMemoryUsage":46.3347,"totalSwapBytes":62999490560,"availableSwapBytes":61693688666},{"timestamp":"2021-02-28T01:35:00Z","physicalMemoryBytes":24879063040,"availableMemoryBytes":13329832777,"percentageMemoryUsage":46.4215,"totalSwapBytes":62999490560,"availableSwapBytes":61694092956},{"timestamp":"2021-02-28T01:07:30Z","physicalMemoryBytes":24879063040,"availableMemoryBytes":13448302756,"percentageMemoryUsage":45.9453,"totalSwapBytes":62999490560,"availableSwapBytes":61694537728},{"timestamp":"2021-02-28T00:37:30Z","physicalMemoryBytes":24879063040,"availableMemoryBytes":13453537874,"percentageMemoryUsage":45.9243,"totalSwapBytes":62999490560,"availableSwapBytes":61694537728},{"timestamp":"2021-02-28T00:10:00Z","physicalMemoryBytes":24879063040,"availableMemoryBytes":13453230594,"percentageMemoryUsage":45.9255,"totalSwapBytes":62999490560,"availableSwapBytes":61694537728},{"timestamp":"2021-02-27T23:42:30Z","physicalMemoryBytes":24879063040,"availableMemoryBytes":13452640975,"percentageMemoryUsage":45.9279,"totalSwapBytes":62999490560,"availableSwapBytes":61694537728},{"timestamp":"2021-02-27T23:15:00Z","physicalMemoryBytes":19903250432,"availableMemoryBytes":10759333465,"percentageMemoryUsage":36.7535,"totalSwapBytes":50399592448,"availableSwapBytes":49355630182}],"numMembers":365}
