{"members":[{"timestamp":"2021-03-06T14:00:00Z","physicalMemoryBytes":24879063040,"availableMemoryBytes":13334932782,"percentageMemoryUsage":46.401,"totalSwapBytes":62999490560,"availableSwapBytes":61646074146},{"timestamp":"2021-03-05T13:30:00Z","physicalMemoryBytes":24879063040,"availableMemoryBytes":13351605014,"percentageMemoryUsage":46.334,"totalSwapBytes":62999490560,"availableSwapBytes":61655999478},{"timestamp":"2021-03-04T13:30:00Z","physicalMemoryBytes":24879063040,"availableMemoryBytes":13352377553,"percentageMemoryUsage":46.3309,"totalSwapBytes":62999490560,"availableSwapBytes":61660790284},{"timestamp":"2021-03-03T13:30:00Z","physicalMemoryBytes":24879063040,"availableMemoryBytes":13383701537,"percentageMemoryUsage":46.205,"totalSwapBytes":62999490560,"availableSwapBytes":61667245078},{"timestamp":"2021-03-02T13:30:00Z","physicalMemoryBytes":24879063040,"availableMemoryBytes":13383692323,"percentageMemoryUsage":46.205,"totalSwapBytes":62999490560,"availableSwapBytes":61673675722},{"timestamp":"2021-03-01T13:30:00Z","physicalMemoryBytes":24879063040,"availableMemoryBytes":13386020963,"percentageMemoryUsage":46.1956,"totalSwapBytes":62999490560,"availableSwapBytes":61678994795},{"timestamp":"2021-02-28T13:30:00Z","physicalMemoryBytes":24879063040,"availableMemoryBytes":13420501788,"percentageMemoryUsage":46.057,"totalSwapBytes":62999490560,"availableSwapBytes":61689709219},{"timestamp":"2021-02-27T13:30:00Z","physicalMemoryBytes":24879063040,"availableMemoryBytes":13443563342,"percentageMemoryUsage":45.9644,"totalSwapBytes":62999490560,"availableSwapBytes":61695534717},{"timestamp":"2021-02-26T13:30:00Z","physicalMemoryBytes":24879063040,"availableMemoryBytes":12975956751,"percentageMemoryUsage":47.8439,"totalSwapBytes":62999490560,"availableSwapBytes":61978036440},{"timestamp":"2021-02-25T13:30:00Z","physicalMemoryBytes":24879063040,"availableMemoryBytes":13197884091,"percentageMemoryUsage":46.9518,"totalSwapBytes":62999490560,"availableSwapBytes":62005608644},{"timestamp":"2021-02-24T13:30:00Z","physicalMemoryBytes":24879063040,"availableMemoryBytes":13186966979,"percentageMemoryUsage":46.9957,"totalSwapBytes":62999490560,"availableSwapBytes":62012488733},{"timestamp":"2021-02-23T13:30:00Z","physicalMemoryBytes":24879063040,"availableMemoryBytes":13214470209,"percentageMemoryUsage":46.8852,"totalSwapBytes":62999490560,"availableSwapBytes":62018895895},{"timestamp":"2021-02-22T13:30:00Z","physicalMemoryBytes":24879063040,"availableMemoryBytes":13230156730,"percentageMemoryUsage":46.8221,"totalSwapBytes":62999490560,"availableSwapBytes":62026290847},{"timestamp":"2021-02-21T13:30:00Z","physicalMemoryBytes":24879063040,"availableMemoryBytes":13228780048,"percentageMemoryUsage":46.8277,"totalSwapBytes":62999490560,"availableSwapBytes":62029187377},{"timestamp":"2021-02-20T13:30:00Z","physicalMemoryBytes":24879063040,"availableMemoryBytes":13281805014,"percentageMemoryUsage":46.6145,"totalSwapBytes":62999490560,"availableSwapBytes":62030254392},{"timestamp":"2021-02-19T13:30:00Z","physicalMemoryBytes":24879063040,"availableMemoryBytes":13305722090,"percentageMemoryUsage":46.5184,"totalSwapBytes":62999490560,"availableSwapBytes":62032556109},{"timestamp":"2021-02-18T13:30:00Z","physicalMemoryBytes":24879063040,"availableMemoryBytes":13315261238,"percentageMemoryUsage":46.4801,"totalSwapBytes":62999490560,"availableSwapBytes":62034735170},{"timestamp":"2021-02-17T13:30:00Z","physicalMemoryBytes":24879063040,"availableMemoryBytes":13310253626,"percentageMemoryUsage":46.5002,"totalSwapBytes":62999490560,"availableSwapBytes":62039004217},{"timestamp":"2021-02-16T13:30:00Z","physicalMemoryBytes":24879063040,"availableMemoryBytes":13335105297,"percentageMemoryUsage":46.4003,"totalSwapBytes":62999490560,"availableSwapBytes":62044402731},{"timestamp":"2021-02-15T13:30:00Z","physicalMemoryBytes":24879063040,"availableMemoryBytes":13333210401,"percentageMemoryUsage":46.4079,"totalSwapBytes":62999490560,"availableSwapBytes":62050193469},{"timestamp":"2021-02-14T13:30:00Z","physicalMemoryBytes":24879063040,"availableMemoryBytes":13366942760,"percentageMemoryUsage":46.2723,"totalSwapBytes":62999490560,"availableSwapBytes":62061572442},{"timestamp":"2021-02-13T13:30:00Z","physicalMemoryBytes":24879063040,"availableMemoryBytes":13379116538,"percentageMemoryUsage":46.2234,"totalSwapBytes":62999490560,"availableSwapBytes":62068168437},{"timestamp":"2021-02-12T13:30:00Z","physicalMemoryBytes":24879063040,"availableMemoryBytes":13388296024,"percentageMemoryUsage":46.1865,"totalSwapBytes":62999490560,"availableSwapBytes":62072768528},{"timestamp":"2021-02-11T13:30:00Z","physicalMemoryBytes":24879063040,"availableMemoryBytes":13424927547,"percentageMemoryUsage":46.0393,"totalSwapBytes":62999490560,"availableSwapBytes":62077886723},{"timestamp":"2021-02-10T13:30:00Z","physicalMemoryBytes":24879063040,"availableMemoryBytes":13432702406,"percentageMemoryUsage":46.008,"totalSwapBytes":62999490560,"availableSwapBytes":62080972233},{"timestamp":"2021-02-09T13:30:00Z","physicalMemoryBytes":24879063040,"availableMemoryBytes":13434690361,"percentageMemoryUsage":46.0,"totalSwapBytes":62999490560,"availableSwapBytes":62085026982},{"timestamp":"2021-02-08T13:30:00Z","physicalMemoryBytes":24879063040,"availableMemoryBytes":13438624378,"percentageMemoryUsage":45.9842,"totalSwapBytes":62999490560,"availableSwapBytes":62090483364},{"timestamp":"2021-02-07T13:30:00Z","physicalMemoryBytes":24879063040,"availableMemoryBytes":13490176536,"percentageMemoryUsage":45.777,"totalSwapBytes":62999490560,"availableSwapBytes":62101679876},{"timestamp":"2021-02-06T13:30:00Z","physicalMemoryBytes":24879063040,"availableMemoryBytes":13491535392,"percentageMemoryUsage":45.7715,"totalSwapBytes":62999490560,"availableSwapBytes":62106849219},{"timestamp":"2021-02-05T13:30:00Z","physicalMemoryBytes":24879063040,"availableMemoryBytes":13520529567,"percentageMemoryUsage":45.655,"totalSwapBytes":62999490560,"availableSwapBytes":62111040686},{"timestamp":"2021-02-04T13:30:00Z","physicalMemoryBytes":24879063040,"availableMemoryBytes":13500888711,"percentageMemoryUsage":45.7339,"totalSwapBytes":62999490560,"availableSwapBytes":62118204878},{"timestamp":"2021-02-03T13:30:00Z","physicalMemoryBytes":24879063040,"availableMemoryBytes":13545449790,"percentageMemoryUsage":45.5548,"totalSwapBytes":62999490560,"availableSwapBytes":62122501825},{"timestamp":"2021-02-02T13:30:00Z","physicalMemoryBytes":24879063040,"availableMemoryBytes":13547570803,"percentageMemoryUsage":45.5463,"totalSwapBytes":62999490560,"availableSwapBytes":62127983077},{"timestamp":"2021-02-01T13:30:00Z","physicalMemoryBytes":24879063040,"availableMemoryBytes":13549041171,"percentageMemoryUsage":45.5404,"totalSwapBytes":62999490560,"availableSwapBytes":62133845120},{"timestamp":"2021-01-31T13:30:00Z","physicalMemoryBytes":24879063040,"availableMemoryBytes":13575414121,"percentageMemoryUsage":45.4344,"totalSwapBytes":62999490560,"availableSwapBytes":62144665159},{"timestamp":"2021-01-30T13:30:00Z","physicalMemoryBytes":24879063040,"availableMemoryBytes":13609949656,"percentageMemoryUsage":45.2956,"totalSwapBytes":62999490560,"availableSwapBytes":62150477186},{"timestamp":"2021-01-29T13:30:00Z","physicalMemoryBytes":24879063040,"availableMemoryBytes":13626999802,"percentageMemoryUsage":45.227,"totalSwapBytes":62999490560,"availableSwapBytes":62154336938},{"timestamp":"2021-01-28T13:30:00Z","physicalMemoryBytes":24879063040,"availableMemoryBytes":13629450538,"percentageMemoryUsage":45.2172,"totalSwapBytes":62999490560,"availableSwapBytes":62158356934},{"timestamp":"2021-01-27T13:30:00Z","physicalMemoryBytes":24879063040,"availableMemoryBytes":13657983980,"percentageMemoryUsage":45.1025,"totalSwapBytes":62999490560,"availableSwapBytes":62161612875},{"timestamp":"2021-01-26T13:30:00Z","physicalMemoryBytes":24879063040,"availableMemoryBytes":13677284078,"percentageMemoryUsage":45.0249,"totalSwapBytes":62999490560,"availableSwapBytes":62165477724},{"timestamp":"2021-01-25T13:30:00Z","physicalMemoryBytes":24879063040,"availableMemoryBytes":13687663350,"percentageMemoryUsage":44.9832,"totalSwapBytes":62999490560,"availableSwapBytes":62169914435},{"timestamp":"2021-01-24T13:30:00Z","physicalMemoryBytes":24879063040,"availableMemoryBytes":13738589100,"percentageMemoryUsage":44.7785,"totalSwapBytes":62999490560,"availableSwapBytes":62179282063},{"timestamp":"2021-01-23T13:30:00Z","physicalMemoryBytes":24879063040,"availableMemoryBytes":13723667055,"percentageMemoryUsage":44.8385,"totalSwapBytes":62999490560,"availableSwapBytes":62184139662},{"timestamp":"2021-01-22T13:30:00Z","physicalMemoryBytes":24879063040,"availableMemoryBytes":13744766829,"percentageMemoryUsage":44.7537,"totalSwapBytes":62999490560,"availableSwapBytes":62187035094},{"timestamp":"2021-01-21T13:30:00Z","physicalMemoryBytes":24879063040,"availableMemoryBytes":13760131014,"percentageMemoryUsage":44.6919,"totalSwapBytes":62999490560,"availableSwapBytes":62190391553},{"timestamp":"2021-01-20T13:30:00Z","physicalMemoryBytes":24879063040,"availableMemoryBytes":13787375993,"percentageMemoryUsage":44.5824,"totalSwapBytes":62999490560,"availableSwapBytes":62193834226},{"timestamp":"2021-01-19T13:30:00Z","physicalMemoryBytes":24879063040,"availableMemoryBytes":13806909446,"percentageMemoryUsage":44.5039,"totalSwapBytes":62999490560,"availableSwapBytes":62197126318},{"timestamp":"2021-01-18T13:30:00Z","physicalMemoryBytes":24879063040,"availableMemoryBytes":13805826399,"percentageMemoryUsage":44.5083,"totalSwapBytes":62999490560,"availableSwapBytes":62201445155},{"timestamp":"2021-01-17T13:30:00Z","physicalMemoryBytes":24879063040,"availableMemoryBytes":13829881861,"percentageMemoryUsage":44.4116,"totalSwapBytes":62999490560,"availableSwapBytes":62211434237},{"timestamp":"2021-01-16T13:30:00Z","physicalMemoryBytes":24879063040,"availableMemoryBytes":13850304196,"percentageMemoryUsage":44.3295,"totalSwapBytes":62999490560,"availableSwapBytes":62217731170},{"timestamp":"2021-01-15T13:30:00Z","physicalMemoryBytes":24879063040,"availableMemoryBytes":13874225377,"percentageMemoryUsage":44.2333,"totalSwapBytes":62999490560,"availableSwapBytes":62221937732},{"timestamp":"2021-01-14T13:30:00Z","physicalMemoryBytes":24879063040,"availableMemoryBytes":13895416784,"percentageMemoryUsage":44.1482,"totalSwapBytes":62999490560,"availableSwapBytes":62225991846},{"timestamp":"2021-01-13T13:30:00Z","physicalMemoryBytes":24879063040,"availableMemoryBytes":13891960790,"percentageMemoryUsage":44.162,"totalSwapBytes":62999490560,"availableSwapBytes":62229051983},{"timestamp":"2021-01-12T13:30:00Z","physicalMemoryBytes":24879063040,"availableMemoryBytes":13947900020,"percentageMemoryUsage":43.9372,"totalSwapBytes":62999490560,"availableSwapBytes":62231362976},{"timestamp":"2021-01-11T13:30:00Z","physicalMemoryBytes":24879063040,"availableMemoryBytes":13929865270,"percentageMemoryUsage":44.0097,"totalSwapBytes":62999490560,"availableSwapBytes":62233877238},{"timestamp":"2021-01-10T13:30:00Z","physicalMemoryBytes":24879063040,"availableMemoryBytes":13977160222,"percentageMemoryUsage":43.8196,"totalSwapBytes":62999490560,"availableSwapBytes":62241748673},{"timestamp":"2021-01-09T13:30:00Z","physicalMemoryBytes":24879063040,"availableMemoryBytes":13980243530,"percentageMemoryUsage":43.8072,"totalSwapBytes":62999490560,"availableSwapBytes":62247196383},{"timestamp":"2021-01-08T13:30:00Z","physicalMemoryBytes":24879063040,"availableMemoryBytes":13996156793,"percentageMemoryUsage":43.7432,"totalSwapBytes":62999490560,"availableSwapBytes":62250851835},{"timestamp":"2021-01-07T13:30:00Z","physicalMemoryBytes":24879063040,"availableMemoryBytes":13986849398,"percentageMemoryUsage":43.7806,"totalSwapBytes":62999490560,"availableSwapBytes":62257257524},{"timestamp":"2021-01-06T13:30:00Z","physicalMemoryBytes":24879063040,"availableMemoryBytes":13991914314,"percentageMemoryUsage":43.7603,"totalSwapBytes":62999490560,"availableSwapBytes":62261220404},{"timestamp":"2021-01-05T13:30:00Z","physicalMemoryBytes":24879063040,"availableMemoryBytes":14036504001,"percentageMemoryUsage":43.5811,"totalSwapBytes":62999490560,"availableSwapBytes":62265995885},{"timestamp":"2021-01-04T13:30:00Z","physicalMemoryBytes":24879063040,"availableMemoryBytes":14048318324,"percentageMemoryUsage":43.5336,"totalSwapBytes":62999490560,"availableSwapBytes":62270268650},{"timestamp":"2021-01-03T13:30:00Z","physicalMemoryBytes":24879063040,"availableMemoryBytes":14083848727,"percentageMemoryUsage":43.3908,"totalSwapBytes":62999490560,"availableSwapBytes":62276558362},{"timestamp":"2021-01-02T13:30:00Z","physicalMemoryBytes":24879063040,"availableMemoryBytes":14049130633,"percentageMemoryUsage":43.5303,"totalSwapBytes":62999490560,"availableSwapBytes":62282880735},{"timestamp":"2021-01-01T13:30:00Z","physicalMemoryBytes":24879063040,"availableMemoryBytes":14108243176,"percentageMemoryUsage":43.2927,"totalSwapBytes":62999490560,"availableSwapBytes":62286316839},{"timestamp":"2020-12-31T13:30:00Z","physicalMemoryBytes":24879063040,"availableMemoryBytes":14124635345,"percentageMemoryUsage":43.2268,"totalSwapBytes":62999490560,"availableSwapBytes":62289597948},{"timestamp":"2020-12-30T13:30:00Z","physicalMemoryBytes":24879063040,"availableMemoryBytes":14112158536,"percentageMemoryUsage":43.277,"totalSwapBytes":62999490560,"availableSwapBytes":62292975145},{"timestamp":"2020-12-29T13:30:00Z","physicalMemoryBytes":24879063040,"availableMemoryBytes":14165039159,"percentageMemoryUsage":43.0644,"totalSwapBytes":62999490560,"availableSwapBytes":62296234044},{"timestamp":"2020-12-28T13:30:00Z","physicalMemoryBytes":24879063040,"availableMemoryBytes":14179635260,"percentageMemoryUsage":43.0058,"totalSwapBytes":62999490560,"availableSwapBytes":62299782061},{"timestamp":"2020-12-27T13:30:00Z","physicalMemoryBytes":24879063040,"availableMemoryBytes":14162114267,"percentageMemoryUsage":43.0762,"totalSwapBytes":62999490560,"availableSwapBytes":62305411055},{"timestamp":"2020-12-26T13:30:00Z","physicalMemoryBytes":24879063040,"availableMemoryBytes":14189870947,"percentageMemoryUsage":42.9646,"totalSwapBytes":62999490560,"availableSwapBytes":62309239688},{"timestamp":"2020-12-25T13:30:00Z","physicalMemoryBytes":24879063040,"availableMemoryBytes":14208154494,"percentageMemoryUsage":42.8911,"totalSwapBytes":62999490560,"availableSwapBytes":62312670589},{"timestamp":"2020-12-24T13:30:00Z","physicalMemoryBytes":24879063040,"availableMemoryBytes":14237157264,"percentageMemoryUsage":42.7745,"totalSwapBytes":62999490560,"availableSwapBytes":62316193197},{"timestamp":"2020-12-23T13:30:00Z","physicalMemoryBytes":24879063040,"availableMemoryBytes":14260321898,"percentageMemoryUsage":42.6814,"totalSwapBytes":62999490560,"availableSwapBytes":62327279030},{"timestamp":"2020-12-22T13:30:00Z","physicalMemoryBytes":24879063040,"availableMemoryBytes":14275458861,"percentageMemoryUsage":42.6206,"totalSwapBytes":62999490560,"availableSwapBytes":62333866610},{"timestamp":"2020-12-21T13:30:00Z","physicalMemoryBytes":24879063040,"availableMemoryBytes":14248090462,"percentageMemoryUsage":42.7306,"totalSwapBytes":62999490560,"availableSwapBytes":62337539804},{"timestamp":"2020-12-20T13:30:00Z","physicalMemoryBytes":24879063040,"availableMemoryBytes":14312834674,"percentageMemoryUsage":42.4704,"totalSwapBytes":62999490560,"availableSwapBytes":62344377278},{"timestamp":"2020-12-19T13:30:00Z","physicalMemoryBytes":24879063040,"availableMemoryBytes":14323898329,"percentageMemoryUsage":42.4259,"totalSwapBytes":62999490560,"availableSwapBytes":62349015933},{"timestamp":"2020-12-18T13:30:00Z","physicalMemoryBytes":24879063040,"availableMemoryBytes":14345786457,"percentageMemoryUsage":42.3379,"totalSwapBytes":62999490560,"availableSwapBytes":62351643813},{"timestamp":"2020-12-17T13:30:00Z","physicalMemoryBytes":24879063040,"availableMemoryBytes":14366561868,"percentageMemoryUsage":42.2544,"totalSwapBytes":62999490560,"availableSwapBytes":62354868499},{"timestamp":"2020-12-16T13:30:00Z","physicalMemoryBytes":24879063040,"availableMemoryBytes":14372972046,"percentageMemoryUsage":42.2286,"totalSwapBytes":62999490560,"availableSwapBytes":62357890315},{"timestamp":"2020-12-15T13:30:00Z","physicalMemoryBytes":24879063040,"availableMemoryBytes":14407341132,"percentageMemoryUsage":42.0905,"totalSwapBytes":62999490560,"availableSwapBytes":62361316173},{"timestamp":"2020-12-14T13:30:00Z","physicalMemoryBytes":24879063040,"availableMemoryBytes":14394999867,"percentageMemoryUsage":42.1401,"totalSwapBytes":62999490560,"availableSwapBytes":62364759956},{"timestamp":"2020-12-13T13:30:00Z","physicalMemoryBytes":24879063040,"availableMemoryBytes":14438978859,"percentageMemoryUsage":41.9633,"totalSwapBytes":62999490560,"availableSwapBytes":62370528278},{"timestamp":"2020-12-12T13:30:00Z","physicalMemoryBytes":24879063040,"availableMemoryBytes":14427548283,"percentageMemoryUsage":42.0093,"totalSwapBytes":62999490560,"availableSwapBytes":62374696550},{"timestamp":"2020-12-11T13:30:00Z","physicalMemoryBytes":24879063040,"availableMemoryBytes":14443161559,"percentageMemoryUsage":41.9465,"totalSwapBytes":62999490560,"availableSwapBytes":62377270118},{"timestamp":"2020-12-10T13:30:00Z","physicalMemoryBytes":24879063040,"availableMemoryBytes":14466224695,"percentageMemoryUsage":41.8538,"totalSwapBytes":62999490560,"availableSwapBytes":62380020388},{"timestamp":"2020-12-09T13:30:00Z","physicalMemoryBytes":24879063040,"availableMemoryBytes":14496453204,"percentageMemoryUsage":41.7323,"totalSwapBytes":62999490560,"availableSwapBytes":62381713922},{"timestamp":"2020-12-08T13:30:00Z","physicalMemoryBytes":24879063040,"availableMemoryBytes":14509398090,"percentageMemoryUsage":41.6803,"totalSwapBytes":62999490560,"availableSwapBytes":62383366765},{"timestamp":"2020-12-07T13:30:00Z","physicalMemoryBytes":24879063040,"availableMemoryBytes":14483812771,"percentageMemoryUsage":41.7831,"totalSwapBytes":62999490560,"availableSwapBytes":62387650438},{"timestamp":"2020-12-06T13:30:00Z","physicalMemoryBytes":24879063040,"availableMemoryBytes":14538533010,"percentageMemoryUsage":41.5632,"totalSwapBytes":62999490560,"availableSwapBytes":62394134391},{"timestamp":"2020-12-05T13:00:00Z","physicalMemoryBytes":24879063040,"availableMemoryBytes":14545378033,"percentageMemoryUsage":41.5357,"totalSwapBytes":62999490560,"availableSwapBytes":62396386388},{"timestamp":"2020-12-04T12:30:00Z","physicalMemoryBytes":24879063040,"availableMemoryBytes":14572779332,"percentageMemoryUsage":41.4255,"totalSwapBytes":62999490560,"availableSwapBytes":62398698730},{"timestamp":"2020-12-03T12:30:00Z","physicalMemoryBytes":24879063040,"availableMemoryBytes":14535969361,"percentageMemoryUsage":41.5735,"totalSwapBytes":62999490560,"availableSwapBytes":62401148063},{"timestamp":"2020-12-02T12:30:00Z","physicalMemoryBytes":24879063040,"availableMemoryBytes":14599574358,"percentageMemoryUsage":41.3178,"totalSwapBytes":62999490560,"availableSwapBytes":62394938612},{"timestamp":"2020-12-01T12:30:00Z","physicalMemoryBytes":24879063040,"availableMemoryBytes":13333948615,"percentageMemoryUsage":46.4049,"totalSwapBytes":62999490560,"availableSwapBytes":62876632144},{"timestamp":"2020-11-30T12:30:00Z","physicalMemoryBytes":24879063040,"availableMemoryBytes":14126644394,"percentageMemoryUsage":43.2187,"totalSwapBytes":62999490560,"availableSwapBytes":62992604280},{"timestamp":"2020-11-29T12:30:00Z","physicalMemoryBytes":24879063040,"availableMemoryBytes":14098953514,"percentageMemoryUsage":43.33,"totalSwapBytes":62999490560,"availableSwapBytes":62995078764},{"timestamp":"2020-11-28T12:30:00Z","physicalMemoryBytes":24879063040,"availableMemoryBytes":14161424770,"percentageMemoryUsage":43.0789,"totalSwapBytes":62999490560,"availableSwapBytes":62996136816},{"timestamp":"2020-11-27T12:30:00Z","physicalMemoryBytes":24879063040,"availableMemoryBytes":14222592337,"percentageMemoryUsage":42.8331,"totalSwapBytes":62999490560,"availableSwapBytes":62996598784},{"timestamp":"2020-11-26T12:30:00Z","physicalMemoryBytes":24879063040,"availableMemoryBytes":14204082003,"percentageMemoryUsage":42.9075,"totalSwapBytes":62999490560,"availableSwapBytes":62996598784},{"timestamp":"2020-11-25T12:30:00Z","physicalMemoryBytes":24879063040,"availableMemoryBytes":14222680361,"percentageMemoryUsage":42.8327,"totalSwapBytes":62999490560,"availableSwapBytes":62996598784},{"timestamp":"2020-11-24T12:30:00Z","physicalMemoryBytes":24879063040,"availableMemoryBytes":14265501940,"percentageMemoryUsage":42.6606,"totalSwapBytes":62999490560,"availableSwapBytes":62996598784},{"timestamp":"2020-11-23T12:30:00Z","physicalMemoryBytes":24879063040,"availableMemoryBytes":14199263973,"percentageMemoryUsage":42.9269,"totalSwapBytes":62999490560,"availableSwapBytes":62996598784},{"timestamp":"2020-11-22T12:30:00Z","physicalMemoryBytes":24879063040,"availableMemoryBytes":14295964642,"percentageMemoryUsage":42.5382,"totalSwapBytes":62999490560,"availableSwapBytes":62996598784},{"timestamp":"2020-11-21T12:30:00Z","physicalMemoryBytes":24879063040,"availableMemoryBytes":14327807613,"percentageMemoryUsage":42.4102,"totalSwapBytes":62999490560,"availableSwapBytes":62996598784},{"timestamp":"2020-11-20T12:30:00Z","physicalMemoryBytes":24879063040,"availableMemoryBytes":14362269313,"percentageMemoryUsage":42.2717,"totalSwapBytes":62999490560,"availableSwapBytes":62996598784},{"timestamp":"2020-11-19T12:30:00Z","physicalMemoryBytes":24879063040,"availableMemoryBytes":14429336280,"percentageMemoryUsage":42.0021,"totalSwapBytes":62999490560,"availableSwapBytes":62996598784},{"timestamp":"2020-11-18T12:30:00Z","physicalMemoryBytes":24879063040,"availableMemoryBytes":14405581645,"percentageMemoryUsage":42.0976,"totalSwapBytes":62999490560,"availableSwapBytes":62996598784},{"timestamp":"2020-11-17T12:30:00Z","physicalMemoryBytes":24879063040,"availableMemoryBytes":14486880300,"percentageMemoryUsage":41.7708,"totalSwapBytes":62999490560,"availableSwapBytes":62996650909},{"timestamp":"2020-11-16T12:30:00Z","physicalMemoryBytes":24879063040,"availableMemoryBytes":14536484496,"percentageMemoryUsage":41.5714,"totalSwapBytes":62999490560,"availableSwapBytes":62997123072},{"timestamp":"2020-11-15T12:30:00Z","physicalMemoryBytes":24879063040,"availableMemoryBytes":14594187666,"percentageMemoryUsage":41.3395,"totalSwapBytes":62999490560,"availableSwapBytes":62997123072},{"timestamp":"2020-11-14T12:30:00Z","physicalMemoryBytes":24879063040,"availableMemoryBytes":14611113764,"percentageMemoryUsage":41.2714,"totalSwapBytes":62999490560,"availableSwapBytes":62997123072},{"timestamp":"2020-11-13T12:30:00Z","physicalMemoryBytes":24879063040,"availableMemoryBytes":14650501636,"percentageMemoryUsage":41.1131,"totalSwapBytes":62999490560,"availableSwapBytes":62997123072},{"timestamp":"2020-11-12T12:30:00Z","physicalMemoryBytes":24879063040,"availableMemoryBytes":14686044294,"percentageMemoryUsage":40.9703,"totalSwapBytes":62999490560,"availableSwapBytes":62997123072},{"timestamp":"2020-11-11T12:30:00Z","physicalMemoryBytes":24879063040,"availableMemoryBytes":14722356178,"percentageMemoryUsage":40.8243,"totalSwapBytes":62999490560,"availableSwapBytes":62997123072},{"timestamp":"2020-11-10T12:50:00Z","physicalMemoryBytes":23842435413,"availableMemoryBytes":14077174118,"percentageMemoryUsage":39.2509,"totalSwapBytes":60374511786,"availableSwapBytes":60372242944},{"timestamp":"2020-11-09T13:30:00Z","physicalMemoryBytes":24879063040,"availableMemoryBytes":14129891354,"percentageMemoryUsage":43.2057,"totalSwapBytes":62999490560,"availableSwapBytes":62997123072},{"timestamp":"2020-11-08T13:30:00Z","physicalMemoryBytes":24879063040,"availableMemoryBytes":15203894619,"percentageMemoryUsage":38.8888,"totalSwapBytes":62999490560,"availableSwapBytes":62997434500},{"timestamp":"2020-11-07T13:30:00Z","physicalMemoryBytes":24879063040,"availableMemoryBytes":15303579366,"percentageMemoryUsage":38.4881,"totalSwapBytes":62999490560,"availableSwapBytes":62997647360},{"timestamp":"2020-11-06T13:30:00Z","physicalMemoryBytes":24879063040,"availableMemoryBytes":15267154068,"percentageMemoryUsage":38.6345,"totalSwapBytes":62999490560,"availableSwapBytes":62998340947},{"timestamp":"2020-11-05T13:30:00Z","physicalMemoryBytes":24879063040,"availableMemoryBytes":15096400780,"percentageMemoryUsage":39.3209,"totalSwapBytes":62999490560,"availableSwapBytes":62998695936},{"timestamp":"2020-11-04T13:30:00Z","physicalMemoryBytes":24879063040,"availableMemoryBytes":15056985085,"percentageMemoryUsage":39.4793,"totalSwapBytes":62999490560,"availableSwapBytes":62998695936},{"timestamp":"2020-11-03T13:30:00Z","physicalMemoryBytes":24879063040,"availableMemoryBytes":14968196184,"percentageMemoryUsage":39.8362,"totalSwapBytes":62999490560,"availableSwapBytes":62998695936},{"timestamp":"2020-11-02T13:30:00Z","physicalMemoryBytes":24879063040,"availableMemoryBytes":15073601966,"percentageMemoryUsage":39.4125,"totalSwapBytes":62999490560,"availableSwapBytes":62998695947},{"timestamp":"2020-11-01T13:30:00Z","physicalMemoryBytes":24879063040,"availableMemoryBytes":15195704326,"percentageMemoryUsage":38.9217,"totalSwapBytes":62999490560,"availableSwapBytes":62998955439},{"timestamp":"2020-10-31T13:30:00Z","physicalMemoryBytes":24879063040,"availableMemoryBytes":15352038320,"percentageMemoryUsage":38.2933,"totalSwapBytes":62999490560,"availableSwapBytes":62999393746},{"timestamp":"2020-10-30T13:30:00Z","physicalMemoryBytes":10366276266,"availableMemoryBytes":6764383319,"percentageMemoryUsage":14.4776,"totalSwapBytes":26249787733,"availableSwapBytes":26249787733},{"timestamp":"2020-10-29T13:30:00Z","physicalMemoryBytes":0,"availableMemoryBytes":0,"percentageMemoryUsage":0.0,"totalSwapBytes":0,"availableSwapBytes":0},{"timestamp":"2020-10-28T13:30:00Z","physicalMemoryBytes":0,"availableMemoryBytes":0,"percentageMemoryUsage":0.0,"totalSwapBytes":0,"availableSwapBytes":0},{"timestamp":"2020-10-27T13:30:00Z","physicalMemoryBytes":0,"availableMemoryBytes":0,"percentageMemoryUsage":0.0,"totalSwapBytes":0,"availableSwapBytes":0},{"timestamp":"2020-10-26T13:30:00Z","physicalMemoryBytes":0,"availableMemoryBytes":0,"percentageMemoryUsage":0.0,"totalSwapBytes":0,"availableSwapBytes":0},{"timestamp":"2020-10-25T13:30:00Z","physicalMemoryBytes":0,"availableMemoryBytes":0,"percentageMemoryUsage":0.0,"totalSwapBytes":0,"availableSwapBytes":0},{"timestamp":"2020-10-24T13:30:00Z","physicalMemoryBytes":0,"availableMemoryBytes":0,"percentageMemoryUsage":0.0,"totalSwapBytes":0,"availableSwapBytes":0},{"timestamp":"2020-10-23T13:30:00Z","physicalMemoryBytes":0,"availableMemoryBytes":0,"percentageMemoryUsage":0.0,"totalSwapBytes":0,"availableSwapBytes":0},{"timestamp":"2020-10-22T13:30:00Z","physicalMemoryBytes":0,"availableMemoryBytes":0,"percentageMemoryUsage":0.0,"totalSwapBytes":0,"availableSwapBytes":0},{"timestamp":"2020-10-21T13:30:00Z","physicalMemoryBytes":0,"availableMemoryBytes":0,"percentageMemoryUsage":0.0,"totalSwapBytes":0,"availableSwapBytes":0},{"timestamp":"2020-10-20T13:30:00Z","physicalMemoryBytes":0,"availableMemoryBytes":0,"percentageMemoryUsage":0.0,"totalSwapBytes":0,"availableSwapBytes":0},{"timestamp":"2020-10-19T13:30:00Z","physicalMemoryBytes":0,"availableMemoryBytes":0,"percentageMemoryUsage":0.0,"totalSwapBytes":0,"availableSwapBytes":0},{"timestamp":"2020-10-18T13:30:00Z","physicalMemoryBytes":0,"availableMemoryBytes":0,"percentageMemoryUsage":0.0,"totalSwapBytes":0,"availableSwapBytes":0},{"timestamp":"2020-10-17T13:30:00Z","physicalMemoryBytes":0,"availableMemoryBytes":0,"percentageMemoryUsage":0.0,"totalSwapBytes":0,"availableSwapBytes":0},{"timestamp":"2020-10-16T13:30:00Z","physicalMemoryBytes":0,"availableMemoryBytes":0,"percentageMemoryUsage":0.0,"totalSwapBytes":0,"availableSwapBytes":0},{"timestamp":"2020-10-15T13:30:00Z","physicalMemoryBytes":0,"availableMemoryBytes":0,"percentageMemoryUsage":0.0,"totalSwapBytes":0,"availableSwapBytes":0},{"timestamp":"2020-10-14T13:30:00Z","physicalMemoryBytes":0,"availableMemoryBytes":0,"percentageMemoryUsage":0.0,"totalSwapBytes":0,"availableSwapBytes":0},{"timestamp":"2020-10-13T13:30:00Z","physicalMemoryBytes":0,"availableMemoryBytes":0,"percentageMemoryUsage":0.0,"totalSwapBytes":0,"availableSwapBytes":0},{"timestamp":"2020-10-12T13:30:00Z","physicalMemoryBytes":0,"availableMemoryBytes":0,"percentageMemoryUsage":0.0,"totalSwapBytes":0,"availableSwapBytes":0},{"timestamp":"2020-10-11T13:30:00Z","physicalMemoryBytes":0,"availableMemoryBytes":0,"percentageMemoryUsage":0.0,"totalSwapBytes":0,"availableSwapBytes":0},{"timestamp":"2020-10-10T13:30:00Z","physicalMemoryBytes":0,"availableMemoryBytes":0,"percentageMemoryUsage":0.0,"totalSwapBytes":0,"availableSwapBytes":0},{"timestamp":"2020-10-09T13:30:00Z","physicalMemoryBytes":0,"availableMemoryBytes":0,"percentageMemoryUsage":0.0,"totalSwapBytes":0,"availableSwapBytes":0},{"timestamp":"2020-10-08T13:30:00Z","physicalMemoryBytes":0,"availableMemoryBytes":0,"percentageMemoryUsage":0.0,"totalSwapBytes":0,"availableSwapBytes":0},{"timestamp":"2020-10-07T13:30:00Z","physicalMemoryBytes":0,"availableMemoryBytes":0,"percentageMemoryUsage":0.0,"totalSwapBytes":0,"availableSwapBytes":0},{"timestamp":"2020-10-06T13:30:00Z","physicalMemoryBytes":0,"availableMemoryBytes":0,"percentageMemoryUsage":0.0,"totalSwapBytes":0,"availableSwapBytes":0},{"timestamp":"2020-10-05T13:30:00Z","physicalMemoryBytes":0,"availableMemoryBytes":0,"percentageMemoryUsage":0.0,"totalSwapBytes":0,"availableSwapBytes":0},{"timestamp":"2020-10-04T13:30:00Z","physicalMemoryBytes":0,"availableMemoryBytes":0,"percentageMemoryUsage":0.0,"totalSwapBytes":0,"availableSwapBytes":0},{"timestamp":"2020-10-03T13:30:00Z","physicalMemoryBytes":0,"availableMemoryBytes":0,"percentageMemoryUsage":0.0,"totalSwapBytes":0,"availableSwapBytes":0},{"timestamp":"2020-10-02T13:30:00Z","physicalMemoryBytes":0,"availableMemoryBytes":0,"percentageMemoryUsage":0.0,"totalSwapBytes":0,"availableSwapBytes":0},{"timestamp":"2020-10-01T13:30:00Z","physicalMemoryBytes":0,"availableMemoryBytes":0,"percentageMemoryUsage":0.0,"totalSwapBytes":0,"availableSwapBytes":0},{"timestamp":"2020-09-30T13:30:00Z","physicalMemoryBytes":0,"availableMemoryBytes":0,"percentageMemoryUsage":0.0,"totalSwapBytes":0,"availableSwapBytes":0},{"timestamp":"2020-09-29T13:30:00Z","physicalMemoryBytes":0,"availableMemoryBytes":0,"percentageMemoryUsage":0.0,"totalSwapBytes":0,"availableSwapBytes":0},{"timestamp":"2020-09-28T13:30:00Z","physicalMemoryBytes":0,"availableMemoryBytes":0,"percentageMemoryUsage":0.0,"totalSwapBytes":0,"availableSwapBytes":0},{"timestamp":"2020-09-27T13:30:00Z","physicalMemoryBytes":0,"availableMemoryBytes":0,"percentageMemoryUsage":0.0,"totalSwapBytes":0,"availableSwapBytes":0},{"timestamp":"2020-09-26T13:30:00Z","physicalMemoryBytes":0,"availableMemoryBytes":0,"percentageMemoryUsage":0.0,"totalSwapBytes":0,"availableSwapBytes":0},{"timestamp":"2020-09-25T13:30:00Z","physicalMemoryBytes":0,"availableMemoryBytes":0,"percentageMemoryUsage":0.0,"totalSwapBytes":0,"availableSwapBytes":0},{"timestamp":"2020-09-24T13:30:00Z","physicalMemoryBytes":0,"availableMemoryBytes":0,"percentageMemoryUsage":0.0,"totalSwapBytes":0,"availableSwapBytes":0},{"timestamp":"2020-09-23T13:30:00Z","physicalMemoryBytes":0,"availableMemoryBytes":0,"percentageMemoryUsage":0.0,"totalSwapBytes":0,"availableSwapBytes":0},{"timestamp":"2020-09-22T13:30:00Z","physicalMemoryBytes":0,"availableMemoryBytes":0,"percentageMemoryUsage":0.0,"totalSwapBytes":0,"availableSwapBytes":0},{"timestamp":"2020-09-21T13:30:00Z","physicalMemoryBytes":0,"availableMemoryBytes":0,"percentageMemoryUsage":0.0,"totalSwapBytes":0,"availableSwapBytes":0},{"timestamp":"2020-09-20T13:30:00Z","physicalMemoryBytes":0,"availableMemoryBytes":0,"percentageMemoryUsage":0.0,"totalSwapBytes":0,"availableSwapBytes":0},{"timestamp":"2020-09-19T13:30:00Z","physicalMemoryBytes":0,"availableMemoryBytes":0,"percentageMemoryUsage":0.0,"totalSwapBytes":0,"availableSwapBytes":0},{"timestamp":"2020-09-18T13:30:00Z","physicalMemoryBytes":0,"availableMemoryBytes":0,"percentageMemoryUsage":0.0,"totalSwapBytes":0,"availableSwapBytes":0},{"timestamp":"2020-09-17T13:30:00Z","physicalMemoryBytes":0,"availableMemoryBytes":0,"percentageMemoryUsage":0.0,"totalSwapBytes":0,"availableSwapBytes":0},{"timestamp":"2020-09-16T13:30:00Z","physicalMemoryBytes":0,"availableMemoryBytes":0,"percentageMemoryUsage":0.0,"totalSwapBytes":0,"availableSwapBytes":0},{"timestamp":"2020-09-15T13:30:00Z","physicalMemoryBytes":0,"availableMemoryBytes":0,"percentageMemoryUsage":0.0,"totalSwapBytes":0,"availableSwapBytes":0},{"timestamp":"2020-09-14T13:30:00Z","physicalMemoryBytes":0,"availableMemoryBytes":0,"percentageMemoryUsage":0.0,"totalSwapBytes":0,"availableSwapBytes":0},{"timestamp":"2020-09-13T13:30:00Z","physicalMemoryBytes":0,"availableMemoryBytes":0,"percentageMemoryUsage":0.0,"totalSwapBytes":0,"availableSwapBytes":0},{"timestamp":"2020-09-12T13:30:00Z","physicalMemoryBytes":0,"availableMemoryBytes":0,"percentageMemoryUsage":0.0,"totalSwapBytes":0,"availableSwapBytes":0},{"timestamp":"2020-09-11T13:30:00Z","physicalMemoryBytes":0,"availableMemoryBytes":0,"percentageMemoryUsage":0.0,"totalSwapBytes":0,"availableSwapBytes":0},{"timestamp":"2020-09-10T13:30:00Z","physicalMemoryBytes":0,"availableMemoryBytes":0,"percentageMemoryUsage":0.0,"totalSwapBytes":0,"availableSwapBytes":0},{"timestamp":"2020-09-09T13:30:00Z","physicalMemoryBytes":0,"availableMemoryBytes":0,"percentageMemoryUsage":0.0,"totalSwapBytes":0,"availableSwapBytes":0},{"timestamp":"2020-09-08T13:30:00Z","physicalMemoryBytes":0,"availableMemoryBytes":0,"percentageMemoryUsage":0.0,"totalSwapBytes":0,"availableSwapBytes":0},{"timestamp":"2020-09-07T13:30:00Z","physicalMemoryBytes":0,"availableMemoryBytes":0,"percentageMemoryUsage":0.0,"totalSwapBytes":0,"availableSwapBytes":0},{"timestamp":"2020-09-06T13:30:00Z","physicalMemoryBytes":0,"availableMemoryBytes":0,"percentageMemoryUsage":0.0,"totalSwapBytes":0,"availableSwapBytes":0},{"timestamp":"2020-09-05T13:00:00Z","physicalMemoryBytes":0,"availableMemoryBytes":0,"percentageMemoryUsage":0.0,"totalSwapBytes":0,"availableSwapBytes":0},{"timestamp":"2020-09-04T12:30:00Z","physicalMemoryBytes":0,"availableMemoryBytes":0,"percentageMemoryUsage":0.0,"totalSwapBytes":0,"availableSwapBytes":0},{"timestamp":"2020-09-03T12:30:00Z","physicalMemoryBytes":0,"availableMemoryBytes":0,"percentageMemoryUsage":0.0,"totalSwapBytes":0,"availableSwapBytes":0},{"timestamp":"2020-09-02T12:30:00Z","physicalMemoryBytes":0,"availableMemoryBytes":0,"percentageMemoryUsage":0.0,"totalSwapBytes":0,"availableSwapBytes":0},{"timestamp":"2020-09-01T12:30:00Z","physicalMemoryBytes":0,"availableMemoryBytes":0,"percentageMemoryUsage":0.0,"totalSwapBytes":0,"availableSwapBytes":0},{"timestamp":"2020-08-31T12:30:00Z","physicalMemoryBytes":0,"availableMemoryBytes":0,"percentageMemoryUsage":0.0,"totalSwapBytes":0,"availableSwapBytes":0},{"timestamp":"2020-08-30T12:30:00Z","physicalMemoryBytes":0,"availableMemoryBytes":0,"percentageMemoryUsage":0.0,"totalSwapBytes":0,"availableSwapBytes":0},{"timestamp":"2020-08-29T12:30:00Z","physicalMemoryBytes":0,"availableMemoryBytes":0,"percentageMemoryUsage":0.0,"totalSwapBytes":0,"availableSwapBytes":0},{"timestamp":"2020-08-28T12:30:00Z","physicalMemoryBytes":0,"availableMemoryBytes":0,"percentageMemoryUsage":0.0,"totalSwapBytes":0,"availableSwapBytes":0},{"timestamp":"2020-08-27T12:30:00Z","physicalMemoryBytes":0,"availableMemoryBytes":0,"percentageMemoryUsage":0.0,"totalSwapBytes":0,"availableSwapBytes":0},{"timestamp":"2020-08-26T12:30:00Z","physicalMemoryBytes":0,"availableMemoryBytes":0,"percentageMemoryUsage":0.0,"totalSwapBytes":0,"availableSwapBytes":0},{"timestamp":"2020-08-25T12:30:00Z","physicalMemoryBytes":0,"availableMemoryBytes":0,"percentageMemoryUsage":0.0,"totalSwapBytes":0,"availableSwapBytes":0},{"timestamp":"2020-08-24T12:30:00Z","physicalMemoryBytes":0,"availableMemoryBytes":0,"percentageMemoryUsage":0.0,"totalSwapBytes":0,"availableSwapBytes":0},{"timestamp":"2020-08-23T12:30:00Z","physicalMemoryBytes":0,"availableMemoryBytes":0,"percentageMemoryUsage":0.0,"totalSwapBytes":0,"availableSwapBytes":0},{"timestamp":"2020-08-22T12:30:00Z","physicalMemoryBytes":0,"availableMemoryBytes":0,"percentageMemoryUsage":0.0,"totalSwapBytes":0,"availableSwapBytes":0},{"timestamp":"2020-08-21T12:30:00Z","physicalMemoryBytes":0,"availableMemoryBytes":0,"percentageMemoryUsage":0.0,"totalSwapBytes":0,"availableSwapBytes":0},{"timestamp":"2020-08-20T12:30:00Z","physicalMemoryBytes":0,"availableMemoryBytes":0,"percentageMemoryUsage":0.0,"totalSwapBytes":0,"availableSwapBytes":0},{"timestamp":"2020-08-19T12:30:00Z","physicalMemoryBytes":0,"availableMemoryBytes":0,"percentageMemoryUsage":0.0,"totalSwapBytes":0,"availableSwapBytes":0},{"timestamp":"2020-08-18T12:30:00Z","physicalMemoryBytes":0,"availableMemoryBytes":0,"percentageMemoryUsage":0.0,"totalSwapBytes":0,"availableSwapBytes":0},{"timestamp":"2020-08-17T12:30:00Z","physicalMemoryBytes":0,"availableMemoryBytes":0,"percentageMemoryUsage":0.0,"totalSwapBytes":0,"availableSwapBytes":0},{"timestamp":"2020-08-16T12:30:00Z","physicalMemoryBytes":0,"availableMemoryBytes":0,"percentageMemoryUsage":0.0,"totalSwapBytes":0,"availableSwapBytes":0},{"timestamp":"2020-08-15T12:30:00Z","physicalMemoryBytes":0,"availableMemoryBytes":0,"percentageMemoryUsage":0.0,"totalSwapBytes":0,"availableSwapBytes":0},{"timestamp":"2020-08-14T12:30:00Z","physicalMemoryBytes":0,"availableMemoryBytes":0,"percentageMemoryUsage":0.0,"totalSwapBytes":0,"availableSwapBytes":0},{"timestamp":"2020-08-13T12:30:00Z","physicalMemoryBytes":0,"availableMemoryBytes":0,"percentageMemoryUsage":0.0,"totalSwapBytes":0,"availableSwapBytes":0},{"timestamp":"2020-08-12T12:30:00Z","physicalMemoryBytes":0,"availableMemoryBytes":0,"percentageMemoryUsage":0.0,"totalSwapBytes":0,"availableSwapBytes":0},{"timestamp":"2020-08-11T12:30:00Z","physicalMemoryBytes":0,"availableMemoryBytes":0,"percentageMemoryUsage":0.0,"totalSwapBytes":0,"availableSwapBytes":0},{"timestamp":"2020-08-10T12:30:00Z","physicalMemoryBytes":0,"availableMemoryBytes":0,"percentageMemoryUsage":0.0,"totalSwapBytes":0,"availableSwapBytes":0},{"timestamp":"2020-08-09T12:30:00Z","physicalMemoryBytes":0,"availableMemoryBytes":0,"percentageMemoryUsage":0.0,"totalSwapBytes":0,"availableSwapBytes":0},{"timestamp":"2020-08-08T12:30:00Z","physicalMemoryBytes":0,"availableMemoryBytes":0,"percentageMemoryUsage":0.0,"totalSwapBytes":0,"availableSwapBytes":0},{"timestamp":"2020-08-07T12:30:00Z","physicalMemoryBytes":0,"availableMemoryBytes":0,"percentageMemoryUsage":0.0,"totalSwapBytes":0,"availableSwapBytes":0},{"timestamp":"2020-08-06T12:30:00Z","physicalMemoryBytes":0,"availableMemoryBytes":0,"percentageMemoryUsage":0.0,"totalSwapBytes":0,"availableSwapBytes":0},{"timestamp":"2020-08-05T12:30:00Z","physicalMemoryBytes":0,"availableMemoryBytes":0,"percentageMemoryUsage":0.0,"totalSwapBytes":0,"availableSwapBytes":0},{"timestamp":"2020-08-04T12:30:00Z","physicalMemoryBytes":0,"availableMemoryBytes":0,"percentageMemoryUsage":0.0,"totalSwapBytes":0,"availableSwapBytes":0},{"timestamp":"2020-08-03T12:30:00Z","physicalMemoryBytes":0,"availableMemoryBytes":0,"percentageMemoryUsage":0.0,"totalSwapBytes":0,"availableSwapBytes":0},{"timestamp":"2020-08-02T12:30:00Z","physicalMemoryBytes":0,"availableMemoryBytes":0,"percentageMemoryUsage":0.0,"totalSwapBytes":0,"availableSwapBytes":0},{"timestamp":"2020-08-01T12:30:00Z","physicalMemoryBytes":0,"availableMemoryBytes":0,"percentageMemoryUsage":0.0,"totalSwapBytes":0,"availableSwapBytes":0},{"timestamp":"2020-07-31T12:30:00Z","physicalMemoryBytes":0,"availableMemoryBytes":0,"percentageMemoryUsage":0.0,"totalSwapBytes":0,"availableSwapBytes":0},{"timestamp":"2020-07-30T12:30:00Z","physicalMemoryBytes":0,"availableMemoryBytes":0,"percentageMemoryUsage":0.0,"totalSwapBytes":0,"availableSwapBytes":0},{"timestamp":"2020-07-29T12:30:00Z","physicalMemoryBytes":0,"availableMemoryBytes":0,"percentageMemoryUsage":0.0,"totalSwapBytes":0,"availableSwapBytes":0},{"timestamp":"2020-07-28T12:30:00Z","physicalMemoryBytes":0,"availableMemoryBytes":0,"percentageMemoryUsage":0.0,"totalSwapBytes":0,"availableSwapBytes":0},{"timestamp":"2020-07-27T12:30:00Z","physicalMemoryBytes":0,"availableMemoryBytes":0,"percentageMemoryUsage":0.0,"totalSwapBytes":0,"availableSwapBytes":0},{"timestamp":"2020-07-26T12:30:00Z","physicalMemoryBytes":0,"availableMemoryBytes":0,"percentageMemoryUsage":0.0,"totalSwapBytes":0,"availableSwapBytes":0},{"timestamp":"2020-07-25T12:30:00Z","physicalMemoryBytes":0,"availableMemoryBytes":0,"percentageMemoryUsage":0.0,"totalSwapBytes":0,"availableSwapBytes":0},{"timestamp":"2020-07-24T12:30:00Z","physicalMemoryBytes":0,"availableMemoryBytes":0,"percentageMemoryUsage":0.0,"totalSwapBytes":0,"availableSwapBytes":0},{"timestamp":"2020-07-23T12:30:00Z","physicalMemoryBytes":0,"availableMemoryBytes":0,"percentageMemoryUsage":0.0,"totalSwapBytes":0,"availableSwapBytes":0},{"timestamp":"2020-07-22T12:30:00Z","physicalMemoryBytes":0,"availableMemoryBytes":0,"percentageMemoryUsage":0.0,"totalSwapBytes":0,"availableSwapBytes":0},{"timestamp":"2020-07-21T12:30:00Z","physicalMemoryBytes":0,"availableMemoryBytes":0,"percentageMemoryUsage":0.0,"totalSwapBytes":0,"availableSwapBytes":0},{"timestamp":"2020-07-20T12:30:00Z","physicalMemoryBytes":0,"availableMemoryBytes":0,"percentageMemoryUsage":0.0,"totalSwapBytes":0,"availableSwapBytes":0},{"timestamp":"2020-07-19T12:30:00Z","physicalMemoryBytes":0,"availableMemoryBytes":0,"percentageMemoryUsage":0.0,"totalSwapBytes":0,"availableSwapBytes":0},{"timestamp":"2020-07-18T12:30:00Z","physicalMemoryBytes":0,"availableMemoryBytes":0,"percentageMemoryUsage":0.0,"totalSwapBytes":0,"availableSwapBytes":0},{"timestamp":"2020-07-17T12:30:00Z","physicalMemoryBytes":0,"availableMemoryBytes":0,"percentageMemoryUsage":0.0,"totalSwapBytes":0,"availableSwapBytes":0},{"timestamp":"2020-07-16T12:30:00Z","physicalMemoryBytes":0,"availableMemoryBytes":0,"percentageMemoryUsage":0.0,"totalSwapBytes":0,"availableSwapBytes":0},{"timestamp":"2020-07-15T12:30:00Z","physicalMemoryBytes":0,"availableMemoryBytes":0,"percentageMemoryUsage":0.0,"totalSwapBytes":0,"availableSwapBytes":0},{"timestamp":"2020-07-14T12:30:00Z","physicalMemoryBytes":0,"availableMemoryBytes":0,"percentageMemoryUsage":0.0,"totalSwapBytes":0,"availableSwapBytes":0},{"timestamp":"2020-07-13T12:30:00Z","physicalMemoryBytes":0,"availableMemoryBytes":0,"percentageMemoryUsage":0.0,"totalSwapBytes":0,"availableSwapBytes":0},{"timestamp":"2020-07-12T12:30:00Z","physicalMemoryBytes":0,"availableMemoryBytes":0,"percentageMemoryUsage":0.0,"totalSwapBytes":0,"availableSwapBytes":0},{"timestamp":"2020-07-11T12:30:00Z","physicalMemoryBytes":0,"availableMemoryBytes":0,"percentageMemoryUsage":0.0,"totalSwapBytes":0,"availableSwapBytes":0},{"timestamp":"2020-07-10T12:30:00Z","physicalMemoryBytes":0,"availableMemoryBytes":0,"percentageMemoryUsage":0.0,"totalSwapBytes":0,"availableSwapBytes":0},{"timestamp":"2020-07-09T12:30:00Z","physicalMemoryBytes":0,"availableMemoryBytes":0,"percentageMemoryUsage":0.0,"totalSwapBytes":0,"availableSwapBytes":0},{"timestamp":"2020-07-08T12:30:00Z","physicalMemoryBytes":0,"availableMemoryBytes":0,"percentageMemoryUsage":0.0,"totalSwapBytes":0,"availableSwapBytes":0},{"timestamp":"2020-07-07T12:30:00Z","physicalMemoryBytes":0,"availableMemoryBytes":0,"percentageMemoryUsage":0.0,"totalSwapBytes":0,"availableSwapBytes":0},{"timestamp":"2020-07-06T12:30:00Z","physicalMemoryBytes":0,"availableMemoryBytes":0,"percentageMemoryUsage":0.0,"totalSwapBytes":0,"availableSwapBytes":0},{"timestamp":"2020-07-05T12:30:00Z","physicalMemoryBytes":0,"availableMemoryBytes":0,"percentageMemoryUsage":0.0,"totalSwapBytes":0,"availableSwapBytes":0},{"timestamp":"2020-07-04T12:30:00Z","physicalMemoryBytes":0,"availableMemoryBytes":0,"percentageMemoryUsage":0.0,"totalSwapBytes":0,"availableSwapBytes":0},{"timestamp":"2020-07-03T12:30:00Z","physicalMemoryBytes":0,"availableMemoryBytes":0,"percentageMemoryUsage":0.0,"totalSwapBytes":0,"availableSwapBytes":0},{"timestamp":"2020-07-02T12:30:00Z","physicalMemoryBytes":0,"availableMemoryBytes":0,"percentageMemoryUsage":0.0,"totalSwapBytes":0,"availableSwapBytes":0},{"timestamp":"2020-07-01T12:30:00Z","physicalMemoryBytes":0,"availableMemoryBytes":0,"percentageMemoryUsage":0.0,"totalSwapBytes":0,"availableSwapBytes":0},{"timestamp":"2020-06-30T12:30:00Z","physicalMemoryBytes":0,"availableMemoryBytes":0,"percentageMemoryUsage":0.0,"totalSwapBytes":0,"availableSwapBytes":0},{"timestamp":"2020-06-29T12:30:00Z","physicalMemoryBytes":0,"availableMemoryBytes":0,"percentageMemoryUsage":0.0,"totalSwapBytes":0,"availableSwapBytes":0},{"timestamp":"2020-06-28T12:30:00Z","physicalMemoryBytes":0,"availableMemoryBytes":0,"percentageMemoryUsage":0.0,"totalSwapBytes":0,"availableSwapBytes":0},{"timestamp":"2020-06-27T12:30:00Z","physicalMemoryBytes":0,"availableMemoryBytes":0,"percentageMemoryUsage":0.0,"totalSwapBytes":0,"availableSwapBytes":0},{"timestamp":"2020-06-26T12:30:00Z","physicalMemoryBytes":0,"availableMemoryBytes":0,"percentageMemoryUsage":0.0,"totalSwapBytes":0,"availableSwapBytes":0},{"timestamp":"2020-06-25T12:30:00Z","physicalMemoryBytes":0,"availableMemoryBytes":0,"percentageMemoryUsage":0.0,"totalSwapBytes":0,"availableSwapBytes":0},{"timestamp":"2020-06-24T12:30:00Z","physicalMemoryBytes":0,"availableMemoryBytes":0,"percentageMemoryUsage":0.0,"totalSwapBytes":0,"availableSwapBytes":0},{"timestamp":"2020-06-23T12:30:00Z","physicalMemoryBytes":0,"availableMemoryBytes":0,"percentageMemoryUsage":0.0,"totalSwapBytes":0,"availableSwapBytes":0},{"timestamp":"2020-06-22T12:30:00Z","physicalMemoryBytes":0,"availableMemoryBytes":0,"percentageMemoryUsage":0.0,"totalSwapBytes":0,"availableSwapBytes":0},{"timestamp":"2020-06-21T12:30:00Z","physicalMemoryBytes":0,"availableMemoryBytes":0,"percentageMemoryUsage":0.0,"totalSwapBytes":0,"availableSwapBytes":0},{"timestamp":"2020-06-20T12:30:00Z","physicalMemoryBytes":0,"availableMemoryBytes":0,"percentageMemoryUsage":0.0,"totalSwapBytes":0,"availableSwapBytes":0},{"timestamp":"2020-06-19T12:30:00Z","physicalMemoryBytes":0,"availableMemoryBytes":0,"percentageMemoryUsage":0.0,"totalSwapBytes":0,"availableSwapBytes":0},{"timestamp":"2020-06-18T12:30:00Z","physicalMemoryBytes":0,"availableMemoryBytes":0,"percentageMemoryUsage":0.0,"totalSwapBytes":0,"availableSwapBytes":0},{"timestamp":"2020-06-17T12:30:00Z","physicalMemoryBytes":0,"availableMemoryBytes":0,"percentageMemoryUsage":0.0,"totalSwapBytes":0,"availableSwapBytes":0},{"timestamp":"2020-06-16T12:30:00Z","physicalMemoryBytes":0,"availableMemoryBytes":0,"percentageMemoryUsage":0.0,"totalSwapBytes":0,"availableSwapBytes":0},{"timestamp":"2020-06-15T12:30:00Z","physicalMemoryBytes":0,"availableMemoryBytes":0,"percentageMemoryUsage":0.0,"totalSwapBytes":0,"availableSwapBytes":0},{"timestamp":"2020-06-14T12:30:00Z","physicalMemoryBytes":0,"availableMemoryBytes":0,"percentageMemoryUsage":0.0,"totalSwapBytes":0,"availableSwapBytes":0},{"timestamp":"2020-06-13T12:30:00Z","physicalMemoryBytes":0,"availableMemoryBytes":0,"percentageMemoryUsage":0.0,"totalSwapBytes":0,"availableSwapBytes":0},{"timestamp":"2020-06-12T12:30:00Z","physicalMemoryBytes":0,"availableMemoryBytes":0,"percentageMemoryUsage":0.0,"totalSwapBytes":0,"availableSwapBytes":0},{"timestamp":"2020-06-11T12:30:00Z","physicalMemoryBytes":0,"availableMemoryBytes":0,"percentageMemoryUsage":0.0,"totalSwapBytes":0,"availableSwapBytes":0},{"timestamp":"2020-06-10T12:30:00Z","physicalMemoryBytes":0,"availableMemoryBytes":0,"percentageMemoryUsage":0.0,"totalSwapBytes":0,"availableSwapBytes":0},{"timestamp":"2020-06-09T12:30:00Z","physicalMemoryBytes":0,"availableMemoryBytes":0,"percentageMemoryUsage":0.0,"totalSwapBytes":0,"availableSwapBytes":0},{"timestamp":"2020-06-08T12:30:00Z","physicalMemoryBytes":0,"availableMemoryBytes":0,"percentageMemoryUsage":0.0,"totalSwapBytes":0,"availableSwapBytes":0},{"timestamp":"2020-06-07T12:30:00Z","physicalMemoryBytes":0,"availableMemoryBytes":0,"percentageMemoryUsage":0.0,"totalSwapBytes":0,"availableSwapBytes":0},{"timestamp":"2020-06-06T12:00:00Z","physicalMemoryBytes":0,"availableMemoryBytes":0,"percentageMemoryUsage":0.0,"totalSwapBytes":0,"availableSwapBytes":0},{"timestamp":"2020-06-05T11:30:00Z","physicalMemoryBytes":0,"availableMemoryBytes":0,"percentageMemoryUsage":0.0,"totalSwapBytes":0,"availableSwapBytes":0},{"timestamp":"2020-06-04T11:30:00Z","physicalMemoryBytes":0,"availableMemoryBytes":0,"percentageMemoryUsage":0.0,"totalSwapBytes":0,"availableSwapBytes":0},{"timestamp":"2020-06-03T11:30:00Z","physicalMemoryBytes":0,"availableMemoryBytes":0,"percentageMemoryUsage":0.0,"totalSwapBytes":0,"availableSwapBytes":0},{"timestamp":"2020-06-02T11:30:00Z","physicalMemoryBytes":0,"availableMemoryBytes":0,"percentageMemoryUsage":0.0,"totalSwapBytes":0,"availableSwapBytes":0},{"timestamp":"2020-06-01T11:30:00Z","physicalMemoryBytes":0,"availableMemoryBytes":0,"percentageMemoryUsage":0.0,"totalSwapBytes":0,"availableSwapBytes":0},{"timestamp":"2020-05-31T11:30:00Z","physicalMemoryBytes":0,"availableMemoryBytes":0,"percentageMemoryUsage":0.0,"totalSwapBytes":0,"availableSwapBytes":0},{"timestamp":"2020-05-30T11:30:00Z","physicalMemoryBytes":0,"availableMemoryBytes":0,"percentageMemoryUsage":0.0,"totalSwapBytes":0,"availableSwapBytes":0},{"timestamp":"2020-05-29T11:30:00Z","physicalMemoryBytes":0,"availableMemoryBytes":0,"percentageMemoryUsage":0.0,"totalSwapBytes":0,"availableSwapBytes":0},{"timestamp":"2020-05-28T11:30:00Z","physicalMemoryBytes":0,"availableMemoryBytes":0,"percentageMemoryUsage":0.0,"totalSwapBytes":0,"availableSwapBytes":0},{"timestamp":"2020-05-27T11:30:00Z","physicalMemoryBytes":0,"availableMemoryBytes":0,"percentageMemoryUsage":0.0,"totalSwapBytes":0,"availableSwapBytes":0},{"timestamp":"2020-05-26T11:30:00Z","physicalMemoryBytes":0,"availableMemoryBytes":0,"percentageMemoryUsage":0.0,"totalSwapBytes":0,"availableSwapBytes":0},{"timestamp":"2020-05-25T11:30:00Z","physicalMemoryBytes":0,"availableMemoryBytes":0,"percentageMemoryUsage":0.0,"totalSwapBytes":0,"availableSwapBytes":0},{"timestamp":"2020-05-24T11:30:00Z","physicalMemoryBytes":0,"availableMemoryBytes":0,"percentageMemoryUsage":0.0,"totalSwapBytes":0,"availableSwapBytes":0},{"timestamp":"2020-05-23T11:30:00Z","physicalMemoryBytes":0,"availableMemoryBytes":0,"percentageMemoryUsage":0.0,"totalSwapBytes":0,"availableSwapBytes":0},{"timestamp":"2020-05-22T11:30:00Z","physicalMemoryBytes":0,"availableMemoryBytes":0,"percentageMemoryUsage":0.0,"totalSwapBytes":0,"availableSwapBytes":0},{"timestamp":"2020-05-21T11:30:00Z","physicalMemoryBytes":0,"availableMemoryBytes":0,"percentageMemoryUsage":0.0,"totalSwapBytes":0,"availableSwapBytes":0},{"timestamp":"2020-05-20T11:30:00Z","physicalMemoryBytes":0,"availableMemoryBytes":0,"percentageMemoryUsage":0.0,"totalSwapBytes":0,"availableSwapBytes":0},{"timestamp":"2020-05-19T11:30:00Z","physicalMemoryBytes":0,"availableMemoryBytes":0,"percentageMemoryUsage":0.0,"totalSwapBytes":0,"availableSwapBytes":0},{"timestamp":"2020-05-18T11:30:00Z","physicalMemoryBytes":0,"availableMemoryBytes":0,"percentageMemoryUsage":0.0,"totalSwapBytes":0,"availableSwapBytes":0},{"timestamp":"2020-05-17T11:30:00Z","physicalMemoryBytes":0,"availableMemoryBytes":0,"percentageMemoryUsage":0.0,"totalSwapBytes":0,"availableSwapBytes":0},{"timestamp":"2020-05-16T11:30:00Z","physicalMemoryBytes":0,"availableMemoryBytes":0,"percentageMemoryUsage":0.0,"totalSwapBytes":0,"availableSwapBytes":0},{"timestamp":"2020-05-15T11:30:00Z","physicalMemoryBytes":0,"availableMemoryBytes":0,"percentageMemoryUsage":0.0,"totalSwapBytes":0,"availableSwapBytes":0},{"timestamp":"2020-05-14T11:30:00Z","physicalMemoryBytes":0,"availableMemoryBytes":0,"percentageMemoryUsage":0.0,"totalSwapBytes":0,"availableSwapBytes":0},{"timestamp":"2020-05-13T11:30:00Z","physicalMemoryBytes":0,"availableMemoryBytes":0,"percentageMemoryUsage":0.0,"totalSwapBytes":0,"availableSwapBytes":0},{"timestamp":"2020-05-12T11:30:00Z","physicalMemoryBytes":0,"availableMemoryBytes":0,"percentageMemoryUsage":0.0,"totalSwapBytes":0,"availableSwapBytes":0},{"timestamp":"2020-05-11T11:30:00Z","physicalMemoryBytes":0,"availableMemoryBytes":0,"percentageMemoryUsage":0.0,"totalSwapBytes":0,"availableSwapBytes":0},{"timestamp":"2020-05-10T11:30:00Z","physicalMemoryBytes":0,"availableMemoryBytes":0,"percentageMemoryUsage":0.0,"totalSwapBytes":0,"availableSwapBytes":0},{"timestamp":"2020-05-09T11:30:00Z","physicalMemoryBytes":0,"availableMemoryBytes":0,"percentageMemoryUsage":0.0,"totalSwapBytes":0,"availableSwapBytes":0},{"timestamp":"2020-05-08T11:30:00Z","physicalMemoryBytes":0,"availableMemoryBytes":0,"percentageMemoryUsage":0.0,"totalSwapBytes":0,"availableSwapBytes":0},{"timestamp":"2020-05-07T11:30:00Z","physicalMemoryBytes":0,"availableMemoryBytes":0,"percentageMemoryUsage":0.0,"totalSwapBytes":0,"availableSwapBytes":0},{"timestamp":"2020-05-06T11:30:00Z","physicalMemoryBytes":0,"availableMemoryBytes":0,"percentageMemoryUsage":0.0,"totalSwapBytes":0,"availableSwapBytes":0},{"timestamp":"2020-05-05T11:30:00Z","physicalMemoryBytes":0,"availableMemoryBytes":0,"percentageMemoryUsage":0.0,"totalSwapBytes":0,"availableSwapBytes":0},{"timestamp":"2020-05-04T11:30:00Z","physicalMemoryBytes":0,"availableMemoryBytes":0,"percentageMemoryUsage":0.0,"totalSwapBytes":0,"availableSwapBytes":0},{"timestamp":"2020-05-03T11:30:00Z","physicalMemoryBytes":0,"availableMemoryBytes":0,"percentageMemoryUsage":0.0,"totalSwapBytes":0,"availableSwapBytes":0},{"timestamp":"2020-05-02T11:30:00Z","physicalMemoryBytes":0,"availableMemoryBytes":0,"percentageMemoryUsage":0.0,"totalSwapBytes":0,"availableSwapBytes":0},{"timestamp":"2020-05-01T11:30:00Z","physicalMemoryBytes":0,"availableMemoryBytes":0,"percentageMemoryUsage":0.0,"totalSwapBytes":0,"availableSwapBytes":0},{"timestamp":"2020-04-30T11:30:00Z","physicalMemoryBytes":0,"availableMemoryBytes":0,"percentageMemoryUsage":0.0,"totalSwapBytes":0,"availableSwapBytes":0},{"timestamp":"2020-04-29T11:30:00Z","physicalMemoryBytes":0,"availableMemoryBytes":0,"percentageMemoryUsage":0.0,"totalSwapBytes":0,"availableSwapBytes":0},{"timestamp":"2020-04-28T11:30:00Z","physicalMemoryBytes":0,"availableMemoryBytes":0,"percentageMemoryUsage":0.0,"totalSwapBytes":0,"availableSwapBytes":0},{"timestamp":"2020-04-27T11:30:00Z","physicalMemoryBytes":0,"availableMemoryBytes":0,"percentageMemoryUsage":0.0,"totalSwapBytes":0,"availableSwapBytes":0},{"timestamp":"2020-04-26T11:30:00Z","physicalMemoryBytes":0,"availableMemoryBytes":0,"percentageMemoryUsage":0.0,"totalSwapBytes":0,"availableSwapBytes":0},{"timestamp":"2020-04-25T11:30:00Z","physicalMemoryBytes":0,"availableMemoryBytes":0,"percentageMemoryUsage":0.0,"totalSwapBytes":0,"availableSwapBytes":0},{"timestamp":"2020-04-24T11:30:00Z","physicalMemoryBytes":0,"availableMemoryBytes":0,"percentageMemoryUsage":0.0,"totalSwapBytes":0,"availableSwapBytes":0},{"timestamp":"2020-04-23T11:30:00Z","physicalMemoryBytes":0,"availableMemoryBytes":0,"percentageMemoryUsage":0.0,"totalSwapBytes":0,"availableSwapBytes":0},{"timestamp":"2020-04-22T11:30:00Z","physicalMemoryBytes":0,"availableMemoryBytes":0,"percentageMemoryUsage":0.0,"totalSwapBytes":0,"availableSwapBytes":0},{"timestamp":"2020-04-21T11:30:00Z","physicalMemoryBytes":0,"availableMemoryBytes":0,"percentageMemoryUsage":0.0,"totalSwapBytes":0,"availableSwapBytes":0},{"timestamp":"2020-04-20T11:30:00Z","physicalMemoryBytes":0,"availableMemoryBytes":0,"percentageMemoryUsage":0.0,"totalSwapBytes":0,"availableSwapBytes":0},{"timestamp":"2020-04-19T11:30:00Z","physicalMemoryBytes":0,"availableMemoryBytes":0,"percentageMemoryUsage":0.0,"totalSwapBytes":0,"availableSwapBytes":0},{"timestamp":"2020-04-18T11:30:00Z","physicalMemoryBytes":0,"availableMemoryBytes":0,"percentageMemoryUsage":0.0,"totalSwapBytes":0,"availableSwapBytes":0},{"timestamp":"2020-04-17T11:30:00Z","physicalMemoryBytes":0,"availableMemoryBytes":0,"percentageMemoryUsage":0.0,"totalSwapBytes":0,"availableSwapBytes":0},{"timestamp":"2020-04-16T11:30:00Z","physicalMemoryBytes":0,"availableMemoryBytes":0,"percentageMemoryUsage":0.0,"totalSwapBytes":0,"availableSwapBytes":0},{"timestamp":"2020-04-15T11:30:00Z","physicalMemoryBytes":0,"availableMemoryBytes":0,"percentageMemoryUsage":0.0,"totalSwapBytes":0,"availableSwapBytes":0},{"timestamp":"2020-04-14T11:30:00Z","physicalMemoryBytes":0,"availableMemoryBytes":0,"percentageMemoryUsage":0.0,"totalSwapBytes":0,"availableSwapBytes":0},{"timestamp":"2020-04-13T11:30:00Z","physicalMemoryBytes":0,"availableMemoryBytes":0,"percentageMemoryUsage":0.0,"totalSwapBytes":0,"availableSwapBytes":0},{"timestamp":"2020-04-12T11:30:00Z","physicalMemoryBytes":0,"availableMemoryBytes":0,"percentageMemoryUsage":0.0,"totalSwapBytes":0,"availableSwapBytes":0},{"timestamp":"2020-04-11T11:30:00Z","physicalMemoryBytes":0,"availableMemoryBytes":0,"percentageMemoryUsage":0.0,"totalSwapBytes":0,"availableSwapBytes":0},{"timestamp":"2020-04-10T11:30:00Z","physicalMemoryBytes":0,"availableMemoryBytes":0,"percentageMemoryUsage":0.0,"totalSwapBytes":0,"availableSwapBytes":0},{"timestamp":"2020-04-09T11:30:00Z","physicalMemoryBytes":0,"availableMemoryBytes":0,"percentageMemoryUsage":0.0,"totalSwapBytes":0,"availableSwapBytes":0},{"timestamp":"2020-04-08T11:30:00Z","physicalMemoryBytes":0,"availableMemoryBytes":0,"percentageMemoryUsage":0.0,"totalSwapBytes":0,"availableSwapBytes":0},{"timestamp":"2020-04-07T11:30:00Z","physicalMemoryBytes":0,"availableMemoryBytes":0,"percentageMemoryUsage":0.0,"totalSwapBytes":0,"availableSwapBytes":0},{"timestamp":"2020-04-06T11:30:00Z","physicalMemoryBytes":0,"availableMemoryBytes":0,"percentageMemoryUsage":0.0,"totalSwapBytes":0,"availableSwapBytes":0},{"timestamp":"2020-04-05T11:30:00Z","physicalMemoryBytes":0,"availableMemoryBytes":0,"percentageMemoryUsage":0.0,"totalSwapBytes":0,"availableSwapBytes":0},{"timestamp":"2020-04-04T11:30:00Z","physicalMemoryBytes":0,"availableMemoryBytes":0,"percentageMemoryUsage":0.0,"totalSwapBytes":0,"availableSwapBytes":0},{"timestamp":"2020-04-03T11:30:00Z","physicalMemoryBytes":0,"availableMemoryBytes":0,"percentageMemoryUsage":0.0,"totalSwapBytes":0,"availableSwapBytes":0},{"timestamp":"2020-04-02T11:30:00Z","physicalMemoryBytes":0,"availableMemoryBytes":0,"percentageMemoryUsage":0.0,"totalSwapBytes":0,"availableSwapBytes":0},{"timestamp":"2020-04-01T11:30:00Z","physicalMemoryBytes":0,"availableMemoryBytes":0,"percentageMemoryUsage":0.0,"totalSwapBytes":0,"availableSwapBytes":0},{"timestamp":"2020-03-31T11:30:00Z","physicalMemoryBytes":0,"availableMemoryBytes":0,"percentageMemoryUsage":0.0,"totalSwapBytes":0,"availableSwapBytes":0},{"timestamp":"2020-03-30T11:30:00Z","physicalMemoryBytes":0,"availableMemoryBytes":0,"percentageMemoryUsage":0.0,"totalSwapBytes":0,"availableSwapBytes":0},{"timestamp":"2020-03-29T11:30:00Z","physicalMemoryBytes":0,"availableMemoryBytes":0,"percentageMemoryUsage":0.0,"totalSwapBytes":0,"availableSwapBytes":0},{"timestamp":"2020-03-28T11:30:00Z","physicalMemoryBytes":0,"availableMemoryBytes":0,"percentageMemoryUsage":0.0,"totalSwapBytes":0,"availableSwapBytes":0},{"timestamp":"2020-03-27T11:30:00Z","physicalMemoryBytes":0,"availableMemoryBytes":0,"percentageMemoryUsage":0.0,"totalSwapBytes":0,"availableSwapBytes":0},{"timestamp":"2020-03-26T11:30:00Z","physicalMemoryBytes":0,"availableMemoryBytes":0,"percentageMemoryUsage":0.0,"totalSwapBytes":0,"availableSwapBytes":0},{"timestamp":"2020-03-25T11:30:00Z","physicalMemoryBytes":0,"availableMemoryBytes":0,"percentageMemoryUsage":0.0,"totalSwapBytes":0,"availableSwapBytes":0},{"timestamp":"2020-03-24T11:30:00Z","physicalMemoryBytes":0,"availableMemoryBytes":0,"percentageMemoryUsage":0.0,"totalSwapBytes":0,"availableSwapBytes":0},{"timestamp":"2020-03-23T11:30:00Z","physicalMemoryBytes":0,"availableMemoryBytes":0,"percentageMemoryUsage":0.0,"totalSwapBytes":0,"availableSwapBytes":0},{"timestamp":"2020-03-22T11:30:00Z","physicalMemoryBytes":0,"availableMemoryBytes":0,"percentageMemoryUsage":0.0,"totalSwapBytes":0,"availableSwapBytes":0},{"timestamp":"2020-03-21T11:30:00Z","physicalMemoryBytes":0,"availableMemoryBytes":0,"percentageMemoryUsage":0.0,"totalSwapBytes":0,"availableSwapBytes":0},{"timestamp":"2020-03-20T11:30:00Z","physicalMemoryBytes":0,"availableMemoryBytes":0,"percentageMemoryUsage":0.0,"totalSwapBytes":0,"availableSwapBytes":0},{"timestamp":"2020-03-19T11:30:00Z","physicalMemoryBytes":0,"availableMemoryBytes":0,"percentageMemoryUsage":0.0,"totalSwapBytes":0,"availableSwapBytes":0},{"timestamp":"2020-03-18T11:30:00Z","physicalMemoryBytes":0,"availableMemoryBytes":0,"percentageMemoryUsage":0.0,"totalSwapBytes":0,"availableSwapBytes":0},{"timestamp":"2020-03-17T11:30:00Z","physicalMemoryBytes":0,"availableMemoryBytes":0,"percentageMemoryUsage":0.0,"totalSwapBytes":0,"availableSwapBytes":0},{"timestamp":"2020-03-16T11:30:00Z","physicalMemoryBytes":0,"availableMemoryBytes":0,"percentageMemoryUsage":0.0,"totalSwapBytes":0,"availableSwapBytes":0},{"timestamp":"2020-03-15T11:30:00Z","physicalMemoryBytes":0,"availableMemoryBytes":0,"percentageMemoryUsage":0.0,"totalSwapBytes":0,"availableSwapBytes":0},{"timestamp":"2020-03-14T11:30:00Z","physicalMemoryBytes":0,"availableMemoryBytes":0,"percentageMemoryUsage":0.0,"totalSwapBytes":0,"availableSwapBytes":0},{"timestamp":"2020-03-13T11:30:00Z","physicalMemoryBytes":0,"availableMemoryBytes":0,"percentageMemoryUsage":0.0,"totalSwapBytes":0,"availableSwapBytes":0},{"timestamp":"2020-03-12T11:30:00Z","physicalMemoryBytes":0,"availableMemoryBytes":0,"percentageMemoryUsage":0.0,"totalSwapBytes":0,"availableSwapBytes":0},{"timestamp":"2020-03-11T11:30:00Z","physicalMemoryBytes":0,"availableMemoryBytes":0,"percentageMemoryUsage":0.0,"totalSwapBytes":0,"availableSwapBytes":0},{"timestamp":"2020-03-10T11:30:00Z","physicalMemoryBytes":0,"availableMemoryBytes":0,"percentageMemoryUsage":0.0,"totalSwapBytes":0,"availableSwapBytes":0},{"timestamp":"2020-03-09T11:30:00Z","physicalMemoryBytes":0,"availableMemoryBytes":0,"percentageMemoryUsage":0.0,"totalSwapBytes":0,"availableSwapBytes":0},{"timestamp":"2020-03-08T11:30:00Z","physicalMemoryBytes":0,"availableMemoryBytes":0,"percentageMemoryUsage":0.0,"totalSwapBytes":0,"availableSwapBytes":0},{"timestamp":"2020-03-07T11:30:00Z","physicalMemoryBytes":0,"availableMemoryBytes":0,"percentageMemoryUsage":0.0,"totalSwapBytes":0,"availableSwapBytes":0}],"numMembers":365}
