{"members":[{"timestamp":"2021-03-07T02:00:00Z","physicalMemoryBytes":24879063040,"availableMemoryBytes":13362916730,"percentageMemoryUsage":46.2885,"totalSwapBytes":62999490560,"availableSwapBytes":61644468224},{"timestamp":"2021-03-07T01:55:00Z","physicalMemoryBytes":24879063040,"availableMemoryBytes":13353612838,"percentageMemoryUsage":46.3259,"totalSwapBytes":62999490560,"availableSwapBytes":61644468224},{"timestamp":"2021-03-07T01:50:00Z","physicalMemoryBytes":24879063040,"availableMemoryBytes":13356078892,"percentageMemoryUsage":46.316,"totalSwapBytes":62999490560,"availableSwapBytes":61644468224},{"timestamp":"2021-03-07T01:45:00Z","physicalMemoryBytes":24879063040,"availableMemoryBytes":13341853103,"percentageMemoryUsage":46.3732,"totalSwapBytes":62999490560,"availableSwapBytes":61644468224},{"timestamp":"2021-03-07T01:40:00Z","physicalMemoryBytes":24879063040,"availableMemoryBytes":13362756328,"percentageMemoryUsage":46.2891,"totalSwapBytes":62999490560,"availableSwapBytes":61644468224},{"timestamp":"2021-03-07T01:35:00Z","physicalMemoryBytes":24879063040,"availableMemoryBytes":13358557538,"percentageMemoryUsage":46.306,"totalSwapBytes":62999490560,"availableSwapBytes":61644468224},{"timestamp":"2021-03-07T01:30:00Z","physicalMemoryBytes":24879063040,"availableMemoryBytes":13352660100,"percentageMemoryUsage":46.3297,"totalSwapBytes":62999490560,"availableSwapBytes":61644468224},{"timestamp":"2021-03-07T01:25:00Z","physicalMemoryBytes":24879063040,"availableMemoryBytes":13356170156,"percentageMemoryUsage":46.3156,"totalSwapBytes":62999490560,"availableSwapBytes":61644468224},{"timestamp":"2021-03-07T01:20:00Z","physicalMemoryBytes":24879063040,"availableMemoryBytes":13356328986,"percentageMemoryUsage":46.315,"totalSwapBytes":62999490560,"availableSwapBytes":61644468224},{"timestamp":"2021-03-07T01:15:00Z","physicalMemoryBytes":24879063040,"availableMemoryBytes":13355245145,"percentageMemoryUsage":46.3193,"totalSwapBytes":62999490560,"availableSwapBytes":61644468224},{"timestamp":"2021-03-07T01:10:00Z","physicalMemoryBytes":24879063040,"availableMemoryBytes":13358156643,"percentageMemoryUsage":46.3076,"totalSwapBytes":62999490560,"availableSwapBytes":61644468224},{"timestamp":"2021-03-07T01:05:00Z","physicalMemoryBytes":24879063040,"availableMemoryBytes":13353424590,"percentageMemoryUsage":46.3267,"totalSwapBytes":62999490560,"availableSwapBytes":61644468224},{"timestamp":"2021-03-07T01:00:00Z","physicalMemoryBytes":24879063040,"availableMemoryBytes":13349244714,"percentageMemoryUsage":46.3435,"totalSwapBytes":62999490560,"availableSwapBytes":61644468224},{"timestamp":"2021-03-07T00:55:00Z","physicalMemoryBytes":24879063040,"availableMemoryBytes":13357292861,"percentageMemoryUsage":46.3111,"totalSwapBytes":62999490560,"availableSwapBytes":61644468224},{"timestamp":"2021-03-07T00:50:00Z","physicalMemoryBytes":24879063040,"availableMemoryBytes":13345187779,"percentageMemoryUsage":46.3598,"totalSwapBytes":62999490560,"availableSwapBytes":61644468224},{"timestamp":"2021-03-07T00:45:00Z","physicalMemoryBytes":24879063040,"availableMemoryBytes":13345884589,"percentageMemoryUsage":46.357,"totalSwapBytes":62999490560,"availableSwapBytes":61644468224},{"timestamp":"2021-03-07T00:40:00Z","physicalMemoryBytes":24879063040,"availableMemoryBytes":13353000528,"percentageMemoryUsage":46.3284,"totalSwapBytes":62999490560,"availableSwapBytes":61644468224},{"timestamp":"2021-03-07T00:35:00Z","physicalMemoryBytes":24879063040,"availableMemoryBytes":13351422264,"percentageMemoryUsage":46.3347,"totalSwapBytes":62999490560,"availableSwapBytes":61644468224},{"timestamp":"2021-03-07T00:30:00Z","physicalMemoryBytes":24879063040,"availableMemoryBytes":13359809151,"percentageMemoryUsage":46.301,"totalSwapBytes":62999490560,"availableSwapBytes":61644468224},{"timestamp":"2021-03-07T00:25:00Z","physicalMemoryBytes":24879063040,"availableMemoryBytes":13355989076,"percentageMemoryUsage":46.3164,"totalSwapBytes":62999490560,"availableSwapBytes":61644468224},{"timestamp":"2021-03-07T00:20:00Z","physicalMemoryBytes":24879063040,"availableMemoryBytes":13362990126,"percentageMemoryUsage":46.2882,"totalSwapBytes":62999490560,"availableSwapBytes":61644468224},{"timestamp":"2021-03-07T00:15:00Z","physicalMemoryBytes":24879063040,"availableMemoryBytes":13357578023,"percentageMemoryUsage":46.31,"totalSwapBytes":62999490560,"availableSwapBytes":61644468224},{"timestamp":"2021-03-07T00:10:00Z","physicalMemoryBytes":24879063040,"availableMemoryBytes":13353976945,"percentageMemoryUsage":46.3244,"totalSwapBytes":62999490560,"availableSwapBytes":61644468224},{"timestamp":"2021-03-07T00:05:00Z","physicalMemoryBytes":24879063040,"availableMemoryBytes":13359517463,"percentageMemoryUsage":46.3022,"totalSwapBytes":62999490560,"availableSwapBytes":61644468224},{"timestamp":"2021-03-07T00:00:00Z","physicalMemoryBytes":24879063040,"availableMemoryBytes":13354571919,"percentageMemoryUsage":46.322,"totalSwapBytes":62999490560,"availableSwapBytes":61644468224},{"timestamp":"2021-03-06T23:55:00Z","physicalMemoryBytes":24879063040,"availableMemoryBytes":13356816921,"percentageMemoryUsage":46.313,"totalSwapBytes":62999490560,"availableSwapBytes":61644468224},{"timestamp":"2021-03-06T23:50:00Z","physicalMemoryBytes":24879063040,"availableMemoryBytes":13348730928,"percentageMemoryUsage":46.3455,"totalSwapBytes":62999490560,"availableSwapBytes":61644468224},{"timestamp":"2021-03-06T23:45:00Z","physicalMemoryBytes":24879063040,"availableMemoryBytes":13352121257,"percentageMemoryUsage":46.3319,"totalSwapBytes":62999490560,"availableSwapBytes":61644468224},{"timestamp":"2021-03-06T23:40:00Z","physicalMemoryBytes":24879063040,"availableMemoryBytes":13357076324,"percentageMemoryUsage":46.312,"totalSwapBytes":62999490560,"availableSwapBytes":61644468224},{"timestamp":"2021-03-06T23:35:00Z","physicalMemoryBytes":24879063040,"availableMemoryBytes":13351344853,"percentageMemoryUsage":46.335,"totalSwapBytes":62999490560,"availableSwapBytes":61644468224},{"timestamp":"2021-03-06T23:30:00Z","physicalMemoryBytes":24879063040,"availableMemoryBytes":13359211770,"percentageMemoryUsage":46.3034,"totalSwapBytes":62999490560,"availableSwapBytes":61644468224},{"timestamp":"2021-03-06T23:25:00Z","physicalMemoryBytes":24879063040,"availableMemoryBytes":13348753357,"percentageMemoryUsage":46.3454,"totalSwapBytes":62999490560,"availableSwapBytes":61644468224},{"timestamp":"2021-03-06T23:20:00Z","physicalMemoryBytes":24879063040,"availableMemoryBytes":13358760979,"percentageMemoryUsage":46.3052,"totalSwapBytes":62999490560,"availableSwapBytes":61644468224},{"timestamp":"2021-03-06T23:15:00Z","physicalMemoryBytes":24879063040,"availableMemoryBytes":13347350704,"percentageMemoryUsage":46.3511,"totalSwapBytes":62999490560,"availableSwapBytes":61644468224},{"timestamp":"2021-03-06T23:10:00Z","physicalMemoryBytes":24879063040,"availableMemoryBytes":13354607116,"percentageMemoryUsage":46.3219,"totalSwapBytes":62999490560,"availableSwapBytes":61644468224},{"timestamp":"2021-03-06T23:05:00Z","physicalMemoryBytes":24879063040,"availableMemoryBytes":13352398055,"percentageMemoryUsage":46.3308,"totalSwapBytes":62999490560,"availableSwapBytes":61644468224},{"timestamp":"2021-03-06T23:00:00Z","physicalMemoryBytes":24879063040,"availableMemoryBytes":13340504861,"percentageMemoryUsage":46.3786,"totalSwapBytes":62999490560,"availableSwapBytes":61644468224},{"timestamp":"2021-03-06T22:55:00Z","physicalMemoryBytes":24879063040,"availableMemoryBytes":13346475500,"percentageMemoryUsage":46.3546,"totalSwapBytes":62999490560,"availableSwapBytes":61644468224},{"timestamp":"2021-03-06T22:50:00Z","physicalMemoryBytes":24879063040,"availableMemoryBytes":13345530222,"percentageMemoryUsage":46.3584,"totalSwapBytes":62999490560,"availableSwapBytes":61644468224},{"timestamp":"2021-03-06T22:45:00Z","physicalMemoryBytes":24879063040,"availableMemoryBytes":13346395981,"percentageMemoryUsage":46.3549,"totalSwapBytes":62999490560,"availableSwapBytes":61644468224},{"timestamp":"2021-03-06T22:40:00Z","physicalMemoryBytes":24879063040,"availableMemoryBytes":13343309176,"percentageMemoryUsage":46.3673,"totalSwapBytes":62999490560,"availableSwapBytes":61644468224},{"timestamp":"2021-03-06T22:35:00Z","physicalMemoryBytes":24879063040,"availableMemoryBytes":13342213582,"percentageMemoryUsage":46.3717,"totalSwapBytes":62999490560,"availableSwapBytes":61644468224},{"timestamp":"2021-03-06T22:30:00Z","physicalMemoryBytes":24879063040,"availableMemoryBytes":13339533860,"percentageMemoryUsage":46.3825,"totalSwapBytes":62999490560,"availableSwapBytes":61644468224},{"timestamp":"2021-03-06T22:25:00Z","physicalMemoryBytes":24879063040,"availableMemoryBytes":13343785659,"percentageMemoryUsage":46.3654,"totalSwapBytes":62999490560,"availableSwapBytes":61644468224},{"timestamp":"2021-03-06T22:20:00Z","physicalMemoryBytes":24879063040,"availableMemoryBytes":13337810629,"percentageMemoryUsage":46.3894,"totalSwapBytes":62999490560,"availableSwapBytes":61644468224},{"timestamp":"2021-03-06T22:15:00Z","physicalMemoryBytes":24879063040,"availableMemoryBytes":13340491023,"percentageMemoryUsage":46.3786,"totalSwapBytes":62999490560,"availableSwapBytes":61644468224},{"timestamp":"2021-03-06T22:10:00Z","physicalMemoryBytes":24879063040,"availableMemoryBytes":13334944956,"percentageMemoryUsage":46.4009,"totalSwapBytes":62999490560,"availableSwapBytes":61644468224},{"timestamp":"2021-03-06T22:05:00Z","physicalMemoryBytes":24879063040,"availableMemoryBytes":13334481104,"percentageMemoryUsage":46.4028,"totalSwapBytes":62999490560,"availableSwapBytes":61644468224},{"timestamp":"2021-03-06T22:00:00Z","physicalMemoryBytes":24879063040,"availableMemoryBytes":13331139018,"percentageMemoryUsage":46.4162,"totalSwapBytes":62999490560,"availableSwapBytes":61644468224},{"timestamp":"2021-03-06T21:55:00Z","physicalMemoryBytes":24879063040,"availableMemoryBytes":13336687936,"percentageMemoryUsage":46.3939,"totalSwapBytes":62999490560,"availableSwapBytes":61644468224},{"timestamp":"2021-03-06T21:50:00Z","physicalMemoryBytes":24879063040,"availableMemoryBytes":13326213204,"percentageMemoryUsage":46.436,"totalSwapBytes":62999490560,"availableSwapBytes":61644468224},{"timestamp":"2021-03-06T21:45:00Z","physicalMemoryBytes":24879063040,"availableMemoryBytes":13330109448,"percentageMemoryUsage":46.4204,"totalSwapBytes":62999490560,"availableSwapBytes":61644468224},{"timestamp":"2021-03-06T21:40:00Z","physicalMemoryBytes":24879063040,"availableMemoryBytes":13338318323,"percentageMemoryUsage":46.3874,"totalSwapBytes":62999490560,"availableSwapBytes":61644468224},{"timestamp":"2021-03-06T21:35:00Z","physicalMemoryBytes":24879063040,"availableMemoryBytes":13334768371,"percentageMemoryUsage":46.4016,"totalSwapBytes":62999490560,"availableSwapBytes":61644468224},{"timestamp":"2021-03-06T21:30:00Z","physicalMemoryBytes":24879063040,"availableMemoryBytes":13338471405,"percentageMemoryUsage":46.3868,"totalSwapBytes":62999490560,"availableSwapBytes":61644468224},{"timestamp":"2021-03-06T21:25:00Z","physicalMemoryBytes":24879063040,"availableMemoryBytes":13334161280,"percentageMemoryUsage":46.4041,"totalSwapBytes":62999490560,"availableSwapBytes":61644468224},{"timestamp":"2021-03-06T21:20:00Z","physicalMemoryBytes":24879063040,"availableMemoryBytes":13339998600,"percentageMemoryUsage":46.3806,"totalSwapBytes":62999490560,"availableSwapBytes":61644468224},{"timestamp":"2021-03-06T21:15:00Z","physicalMemoryBytes":24879063040,"availableMemoryBytes":13333325214,"percentageMemoryUsage":46.4074,"totalSwapBytes":62999490560,"availableSwapBytes":61644468224},{"timestamp":"2021-03-06T21:10:00Z","physicalMemoryBytes":24879063040,"availableMemoryBytes":13340022488,"percentageMemoryUsage":46.3805,"totalSwapBytes":62999490560,"availableSwapBytes":61644468224},{"timestamp":"2021-03-06T21:05:00Z","physicalMemoryBytes":24879063040,"availableMemoryBytes":13313483172,"percentageMemoryUsage":46.4872,"totalSwapBytes":62999490560,"availableSwapBytes":61644468224},{"timestamp":"2021-03-06T21:00:00Z","physicalMemoryBytes":24879063040,"availableMemoryBytes":13346591810,"percentageMemoryUsage":46.3541,"totalSwapBytes":62999490560,"availableSwapBytes":61644468224},{"timestamp":"2021-03-06T20:55:00Z","physicalMemoryBytes":24879063040,"availableMemoryBytes":13343818708,"percentageMemoryUsage":46.3653,"totalSwapBytes":62999490560,"availableSwapBytes":61644468224},{"timestamp":"2021-03-06T20:50:00Z","physicalMemoryBytes":24879063040,"availableMemoryBytes":13351995829,"percentageMemoryUsage":46.3324,"totalSwapBytes":62999490560,"availableSwapBytes":61644468224},{"timestamp":"2021-03-06T20:45:00Z","physicalMemoryBytes":24879063040,"availableMemoryBytes":13344116780,"percentageMemoryUsage":46.3641,"totalSwapBytes":62999490560,"availableSwapBytes":61644468224},{"timestamp":"2021-03-06T20:40:00Z","physicalMemoryBytes":24879063040,"availableMemoryBytes":13352798849,"percentageMemoryUsage":46.3292,"totalSwapBytes":62999490560,"availableSwapBytes":61644468224},{"timestamp":"2021-03-06T20:35:00Z","physicalMemoryBytes":24879063040,"availableMemoryBytes":13355892955,"percentageMemoryUsage":46.3167,"totalSwapBytes":62999490560,"availableSwapBytes":61644468224},{"timestamp":"2021-03-06T20:30:00Z","physicalMemoryBytes":24879063040,"availableMemoryBytes":13345526889,"percentageMemoryUsage":46.3584,"totalSwapBytes":62999490560,"availableSwapBytes":61644468224},{"timestamp":"2021-03-06T20:25:00Z","physicalMemoryBytes":24879063040,"availableMemoryBytes":13357554963,"percentageMemoryUsage":46.3101,"totalSwapBytes":62999490560,"availableSwapBytes":61644468224},{"timestamp":"2021-03-06T20:20:00Z","physicalMemoryBytes":24879063040,"availableMemoryBytes":13356350860,"percentageMemoryUsage":46.3149,"totalSwapBytes":62999490560,"availableSwapBytes":61644468224},{"timestamp":"2021-03-06T20:15:00Z","physicalMemoryBytes":24879063040,"availableMemoryBytes":13351115413,"percentageMemoryUsage":46.3359,"totalSwapBytes":62999490560,"availableSwapBytes":61644468224},{"timestamp":"2021-03-06T20:10:00Z","physicalMemoryBytes":24879063040,"availableMemoryBytes":13343925665,"percentageMemoryUsage":46.3648,"totalSwapBytes":62999490560,"availableSwapBytes":61644468224},{"timestamp":"2021-03-06T20:05:00Z","physicalMemoryBytes":24879063040,"availableMemoryBytes":13345732461,"percentageMemoryUsage":46.3576,"totalSwapBytes":62999490560,"availableSwapBytes":61644468224},{"timestamp":"2021-03-06T20:00:00Z","physicalMemoryBytes":24879063040,"availableMemoryBytes":13350192392,"percentageMemoryUsage":46.3396,"totalSwapBytes":62999490560,"availableSwapBytes":61644468224},{"timestamp":"2021-03-06T19:55:00Z","physicalMemoryBytes":24879063040,"availableMemoryBytes":13356352267,"percentageMemoryUsage":46.3149,"totalSwapBytes":62999490560,"availableSwapBytes":61644468224},{"timestamp":"2021-03-06T19:50:00Z","physicalMemoryBytes":24879063040,"availableMemoryBytes":13354666458,"percentageMemoryUsage":46.3217,"totalSwapBytes":62999490560,"availableSwapBytes":61644468224},{"timestamp":"2021-03-06T19:45:00Z","physicalMemoryBytes":24879063040,"availableMemoryBytes":13348649214,"percentageMemoryUsage":46.3459,"totalSwapBytes":62999490560,"availableSwapBytes":61644468224},{"timestamp":"2021-03-06T19:40:00Z","physicalMemoryBytes":24879063040,"availableMemoryBytes":13348283555,"percentageMemoryUsage":46.3473,"totalSwapBytes":62999490560,"availableSwapBytes":61644468224},{"timestamp":"2021-03-06T19:35:00Z","physicalMemoryBytes":24879063040,"availableMemoryBytes":13334289149,"percentageMemoryUsage":46.4036,"totalSwapBytes":62999490560,"availableSwapBytes":61644468224},{"timestamp":"2021-03-06T19:30:00Z","physicalMemoryBytes":24879063040,"availableMemoryBytes":13351890542,"percentageMemoryUsage":46.3328,"totalSwapBytes":62999490560,"availableSwapBytes":61644468224},{"timestamp":"2021-03-06T19:25:00Z","physicalMemoryBytes":24879063040,"availableMemoryBytes":13349765230,"percentageMemoryUsage":46.3414,"totalSwapBytes":62999490560,"availableSwapBytes":61644468224},{"timestamp":"2021-03-06T19:20:00Z","physicalMemoryBytes":24879063040,"availableMemoryBytes":13353826904,"percentageMemoryUsage":46.325,"totalSwapBytes":62999490560,"availableSwapBytes":61644468224},{"timestamp":"2021-03-06T19:15:00Z","physicalMemoryBytes":24879063040,"availableMemoryBytes":13350561561,"percentageMemoryUsage":46.3382,"totalSwapBytes":62999490560,"availableSwapBytes":61644468224},{"timestamp":"2021-03-06T19:10:00Z","physicalMemoryBytes":24879063040,"availableMemoryBytes":13357191437,"percentageMemoryUsage":46.3115,"totalSwapBytes":62999490560,"availableSwapBytes":61644468224},{"timestamp":"2021-03-06T19:05:00Z","physicalMemoryBytes":24879063040,"availableMemoryBytes":13355860004,"percentageMemoryUsage":46.3169,"totalSwapBytes":62999490560,"availableSwapBytes":61644468224},{"timestamp":"2021-03-06T19:00:00Z","physicalMemoryBytes":24879063040,"availableMemoryBytes":13331789977,"percentageMemoryUsage":46.4136,"totalSwapBytes":62999490560,"availableSwapBytes":61644468224},{"timestamp":"2021-03-06T18:55:00Z","physicalMemoryBytes":24879063040,"availableMemoryBytes":13331328174,"percentageMemoryUsage":46.4155,"totalSwapBytes":62999490560,"availableSwapBytes":61644468224},{"timestamp":"2021-03-06T18:50:00Z","physicalMemoryBytes":24879063040,"availableMemoryBytes":13325096362,"percentageMemoryUsage":46.4405,"totalSwapBytes":62999490560,"availableSwapBytes":61644468224},{"timestamp":"2021-03-06T18:45:00Z","physicalMemoryBytes":24879063040,"availableMemoryBytes":13327727025,"percentageMemoryUsage":46.4299,"totalSwapBytes":62999490560,"availableSwapBytes":61644468224},{"timestamp":"2021-03-06T18:40:00Z","physicalMemoryBytes":24879063040,"availableMemoryBytes":13328547685,"percentageMemoryUsage":46.4266,"totalSwapBytes":62999490560,"availableSwapBytes":61644468224},{"timestamp":"2021-03-06T18:35:00Z","physicalMemoryBytes":24879063040,"availableMemoryBytes":13327559479,"percentageMemoryUsage":46.4306,"totalSwapBytes":62999490560,"availableSwapBytes":61644468224},{"timestamp":"2021-03-06T18:30:00Z","physicalMemoryBytes":24879063040,"availableMemoryBytes":13315550257,"percentageMemoryUsage":46.4789,"totalSwapBytes":62999490560,"availableSwapBytes":61644468224},{"timestamp":"2021-03-06T18:25:00Z","physicalMemoryBytes":24879063040,"availableMemoryBytes":13293443013,"percentageMemoryUsage":46.5678,"totalSwapBytes":62999490560,"availableSwapBytes":61644468224},{"timestamp":"2021-03-06T18:20:00Z","physicalMemoryBytes":24879063040,"availableMemoryBytes":13235075578,"percentageMemoryUsage":46.8024,"totalSwapBytes":62999490560,"availableSwapBytes":61644468225},{"timestamp":"2021-03-06T18:15:00Z","physicalMemoryBytes":24879063040,"availableMemoryBytes":13195214997,"percentageMemoryUsage":46.9626,"totalSwapBytes":62999490560,"availableSwapBytes":61644468331},{"timestamp":"2021-03-06T18:10:00Z","physicalMemoryBytes":24879063040,"availableMemoryBytes":13164848032,"percentageMemoryUsage":47.0846,"totalSwapBytes":62999490560,"availableSwapBytes":61644474775},{"timestamp":"2021-03-06T18:05:00Z","physicalMemoryBytes":24879063040,"availableMemoryBytes":13204196650,"percentageMemoryUsage":46.9265,"totalSwapBytes":62999490560,"availableSwapBytes":61644867886},{"timestamp":"2021-03-06T18:00:00Z","physicalMemoryBytes":24879063040,"availableMemoryBytes":13361500952,"percentageMemoryUsage":46.2942,"totalSwapBytes":62999490560,"availableSwapBytes":61645516800},{"timestamp":"2021-03-06T17:55:00Z","physicalMemoryBytes":24879063040,"availableMemoryBytes":13358775512,"percentageMemoryUsage":46.3052,"totalSwapBytes":62999490560,"availableSwapBytes":61645516800},{"timestamp":"2021-03-06T17:50:00Z","physicalMemoryBytes":24879063040,"availableMemoryBytes":13362831257,"percentageMemoryUsage":46.2888,"totalSwapBytes":62999490560,"availableSwapBytes":61645516800},{"timestamp":"2021-03-06T17:45:00Z","physicalMemoryBytes":24879063040,"availableMemoryBytes":13359044480,"percentageMemoryUsage":46.3041,"totalSwapBytes":62999490560,"availableSwapBytes":61645516800},{"timestamp":"2021-03-06T17:40:00Z","physicalMemoryBytes":24879063040,"availableMemoryBytes":13350525317,"percentageMemoryUsage":46.3383,"totalSwapBytes":62999490560,"availableSwapBytes":61645516800},{"timestamp":"2021-03-06T17:35:00Z","physicalMemoryBytes":24879063040,"availableMemoryBytes":13355537623,"percentageMemoryUsage":46.3182,"totalSwapBytes":62999490560,"availableSwapBytes":61645516800},{"timestamp":"2021-03-06T17:30:00Z","physicalMemoryBytes":24879063040,"availableMemoryBytes":13354391357,"percentageMemoryUsage":46.3228,"totalSwapBytes":62999490560,"availableSwapBytes":61645516800},{"timestamp":"2021-03-06T17:25:00Z","physicalMemoryBytes":24879063040,"availableMemoryBytes":13356853642,"percentageMemoryUsage":46.3129,"totalSwapBytes":62999490560,"availableSwapBytes":61645516800},{"timestamp":"2021-03-06T17:20:00Z","physicalMemoryBytes":24879063040,"availableMemoryBytes":13357504005,"percentageMemoryUsage":46.3103,"totalSwapBytes":62999490560,"availableSwapBytes":61645516800},{"timestamp":"2021-03-06T17:15:00Z","physicalMemoryBytes":24879063040,"availableMemoryBytes":13342170934,"percentageMemoryUsage":46.3719,"totalSwapBytes":62999490560,"availableSwapBytes":61645516800},{"timestamp":"2021-03-06T17:10:00Z","physicalMemoryBytes":24879063040,"availableMemoryBytes":13345468386,"percentageMemoryUsage":46.3586,"totalSwapBytes":62999490560,"availableSwapBytes":61645516800},{"timestamp":"2021-03-06T17:05:00Z","physicalMemoryBytes":24879063040,"availableMemoryBytes":13353023747,"percentageMemoryUsage":46.3283,"totalSwapBytes":62999490560,"availableSwapBytes":61645516800},{"timestamp":"2021-03-06T17:00:00Z","physicalMemoryBytes":24879063040,"availableMemoryBytes":13342037489,"percentageMemoryUsage":46.3724,"totalSwapBytes":62999490560,"availableSwapBytes":61645516812},{"timestamp":"2021-03-06T16:55:00Z","physicalMemoryBytes":24879063040,"availableMemoryBytes":13350398579,"percentageMemoryUsage":46.3388,"totalSwapBytes":62999490560,"availableSwapBytes":61645517574},{"timestamp":"2021-03-06T16:50:00Z","physicalMemoryBytes":24879063040,"availableMemoryBytes":13344652662,"percentageMemoryUsage":46.3619,"totalSwapBytes":62999490560,"availableSwapBytes":61645564071},{"timestamp":"2021-03-06T16:45:00Z","physicalMemoryBytes":24879063040,"availableMemoryBytes":13363680554,"percentageMemoryUsage":46.2854,"totalSwapBytes":62999490560,"availableSwapBytes":61645778944},{"timestamp":"2021-03-06T16:40:00Z","physicalMemoryBytes":24879063040,"availableMemoryBytes":13355076365,"percentageMemoryUsage":46.32,"totalSwapBytes":62999490560,"availableSwapBytes":61645778944},{"timestamp":"2021-03-06T16:35:00Z","physicalMemoryBytes":24879063040,"availableMemoryBytes":13348557383,"percentageMemoryUsage":46.3462,"totalSwapBytes":62999490560,"availableSwapBytes":61645778944},{"timestamp":"2021-03-06T16:30:00Z","physicalMemoryBytes":24879063040,"availableMemoryBytes":13340207868,"percentageMemoryUsage":46.3798,"totalSwapBytes":62999490560,"availableSwapBytes":61645778944},{"timestamp":"2021-03-06T16:25:00Z","physicalMemoryBytes":24879063040,"availableMemoryBytes":13350071831,"percentageMemoryUsage":46.3401,"totalSwapBytes":62999490560,"availableSwapBytes":61645778944},{"timestamp":"2021-03-06T16:20:00Z","physicalMemoryBytes":24879063040,"availableMemoryBytes":13341133707,"percentageMemoryUsage":46.3761,"totalSwapBytes":62999490560,"availableSwapBytes":61645778944},{"timestamp":"2021-03-06T16:15:00Z","physicalMemoryBytes":24879063040,"availableMemoryBytes":13354737733,"percentageMemoryUsage":46.3214,"totalSwapBytes":62999490560,"availableSwapBytes":61645778944},{"timestamp":"2021-03-06T16:10:00Z","physicalMemoryBytes":24879063040,"availableMemoryBytes":13345415302,"percentageMemoryUsage":46.3589,"totalSwapBytes":62999490560,"availableSwapBytes":61645778944},{"timestamp":"2021-03-06T16:05:00Z","physicalMemoryBytes":24879063040,"availableMemoryBytes":13344874490,"percentageMemoryUsage":46.361,"totalSwapBytes":62999490560,"availableSwapBytes":61645778944},{"timestamp":"2021-03-06T16:00:00Z","physicalMemoryBytes":24879063040,"availableMemoryBytes":13358800589,"percentageMemoryUsage":46.305,"totalSwapBytes":62999490560,"availableSwapBytes":61645778944},{"timestamp":"2021-03-06T15:55:00Z","physicalMemoryBytes":24879063040,"availableMemoryBytes":13359412980,"percentageMemoryUsage":46.3026,"totalSwapBytes":62999490560,"availableSwapBytes":61645778944},{"timestamp":"2021-03-06T15:50:00Z","physicalMemoryBytes":24879063040,"availableMemoryBytes":13357693005,"percentageMemoryUsage":46.3095,"totalSwapBytes":62999490560,"availableSwapBytes":61645778944},{"timestamp":"2021-03-06T15:45:00Z","physicalMemoryBytes":24879063040,"availableMemoryBytes":13349841534,"percentageMemoryUsage":46.3411,"totalSwapBytes":62999490560,"availableSwapBytes":61645778944},{"timestamp":"2021-03-06T15:40:00Z","physicalMemoryBytes":24879063040,"availableMemoryBytes":13349167134,"percentageMemoryUsage":46.3438,"totalSwapBytes":62999490560,"availableSwapBytes":61645778944},{"timestamp":"2021-03-06T15:35:00Z","physicalMemoryBytes":24879063040,"availableMemoryBytes":13353125725,"percentageMemoryUsage":46.3279,"totalSwapBytes":62999490560,"availableSwapBytes":61645778944},{"timestamp":"2021-03-06T15:30:00Z","physicalMemoryBytes":24879063040,"availableMemoryBytes":13347070303,"percentageMemoryUsage":46.3522,"totalSwapBytes":62999490560,"availableSwapBytes":61645778944},{"timestamp":"2021-03-06T15:25:00Z","physicalMemoryBytes":24879063040,"availableMemoryBytes":13350228942,"percentageMemoryUsage":46.3395,"totalSwapBytes":62999490560,"availableSwapBytes":61645778944},{"timestamp":"2021-03-06T15:20:00Z","physicalMemoryBytes":24879063040,"availableMemoryBytes":13343426582,"percentageMemoryUsage":46.3668,"totalSwapBytes":62999490560,"availableSwapBytes":61645778944},{"timestamp":"2021-03-06T15:15:00Z","physicalMemoryBytes":24879063040,"availableMemoryBytes":13348965699,"percentageMemoryUsage":46.3446,"totalSwapBytes":62999490560,"availableSwapBytes":61645778944},{"timestamp":"2021-03-06T15:10:00Z","physicalMemoryBytes":24879063040,"availableMemoryBytes":13353920788,"percentageMemoryUsage":46.3247,"totalSwapBytes":62999490560,"availableSwapBytes":61645778944},{"timestamp":"2021-03-06T15:05:00Z","physicalMemoryBytes":24879063040,"availableMemoryBytes":13340862975,"percentageMemoryUsage":46.3771,"totalSwapBytes":62999490560,"availableSwapBytes":61645778944},{"timestamp":"2021-03-06T15:00:00Z","physicalMemoryBytes":24879063040,"availableMemoryBytes":13351887336,"percentageMemoryUsage":46.3328,"totalSwapBytes":62999490560,"availableSwapBytes":61645778944},{"timestamp":"2021-03-06T14:55:00Z","physicalMemoryBytes":24879063040,"availableMemoryBytes":13355230318,"percentageMemoryUsage":46.3194,"totalSwapBytes":62999490560,"availableSwapBytes":61645778944},{"timestamp":"2021-03-06T14:50:00Z","physicalMemoryBytes":24879063040,"availableMemoryBytes":13365698144,"percentageMemoryUsage":46.2773,"totalSwapBytes":62999490560,"availableSwapBytes":61645778944},{"timestamp":"2021-03-06T14:45:00Z","physicalMemoryBytes":24879063040,"availableMemoryBytes":13352037651,"percentageMemoryUsage":46.3322,"totalSwapBytes":62999490560,"availableSwapBytes":61645778944},{"timestamp":"2021-03-06T14:40:00Z","physicalMemoryBytes":24879063040,"availableMemoryBytes":13351124403,"percentageMemoryUsage":46.3359,"totalSwapBytes":62999490560,"availableSwapBytes":61645778944},{"timestamp":"2021-03-06T14:35:00Z","physicalMemoryBytes":24879063040,"availableMemoryBytes":13346542555,"percentageMemoryUsage":46.3543,"totalSwapBytes":62999490560,"availableSwapBytes":61645778944},{"timestamp":"2021-03-06T14:30:00Z","physicalMemoryBytes":24879063040,"availableMemoryBytes":13351672661,"percentageMemoryUsage":46.3337,"totalSwapBytes":62999490560,"availableSwapBytes":61645778944},{"timestamp":"2021-03-06T14:25:00Z","physicalMemoryBytes":24879063040,"availableMemoryBytes":13352477523,"percentageMemoryUsage":46.3305,"totalSwapBytes":62999490560,"availableSwapBytes":61645778944},{"timestamp":"2021-03-06T14:20:00Z","physicalMemoryBytes":24879063040,"availableMemoryBytes":13340408530,"percentageMemoryUsage":46.379,"totalSwapBytes":62999490560,"availableSwapBytes":61645778944},{"timestamp":"2021-03-06T14:15:00Z","physicalMemoryBytes":24879063040,"availableMemoryBytes":13353378829,"percentageMemoryUsage":46.3268,"totalSwapBytes":62999490560,"availableSwapBytes":61645778944},{"timestamp":"2021-03-06T14:10:00Z","physicalMemoryBytes":24879063040,"availableMemoryBytes":13358929717,"percentageMemoryUsage":46.3045,"totalSwapBytes":62999490560,"availableSwapBytes":61645778944},{"timestamp":"2021-03-06T14:05:00Z","physicalMemoryBytes":24879063040,"availableMemoryBytes":13360699328,"percentageMemoryUsage":46.2974,"totalSwapBytes":62999490560,"availableSwapBytes":61645778944},{"timestamp":"2021-03-06T14:00:00Z","physicalMemoryBytes":24879063040,"availableMemoryBytes":13344119013,"percentageMemoryUsage":46.3641,"totalSwapBytes":62999490560,"availableSwapBytes":61645778944},{"timestamp":"2021-03-06T13:55:00Z","physicalMemoryBytes":24879063040,"availableMemoryBytes":13364588195,"percentageMemoryUsage":46.2818,"totalSwapBytes":62999490560,"availableSwapBytes":61645778944},{"timestamp":"2021-03-06T13:50:00Z","physicalMemoryBytes":24879063040,"availableMemoryBytes":13357976814,"percentageMemoryUsage":46.3084,"totalSwapBytes":62999490560,"availableSwapBytes":61645778944},{"timestamp":"2021-03-06T13:45:00Z","physicalMemoryBytes":24879063040,"availableMemoryBytes":13351838933,"percentageMemoryUsage":46.333,"totalSwapBytes":62999490560,"availableSwapBytes":61645778944},{"timestamp":"2021-03-06T13:40:00Z","physicalMemoryBytes":24879063040,"availableMemoryBytes":13358728906,"percentageMemoryUsage":46.3053,"totalSwapBytes":62999490560,"availableSwapBytes":61645778944},{"timestamp":"2021-03-06T13:35:00Z","physicalMemoryBytes":24879063040,"availableMemoryBytes":13361471025,"percentageMemoryUsage":46.2943,"totalSwapBytes":62999490560,"availableSwapBytes":61645778944},{"timestamp":"2021-03-06T13:30:00Z","physicalMemoryBytes":24879063040,"availableMemoryBytes":13352165820,"percentageMemoryUsage":46.3317,"totalSwapBytes":62999490560,"availableSwapBytes":61645778944},{"timestamp":"2021-03-06T13:25:00Z","physicalMemoryBytes":24879063040,"availableMemoryBytes":13359065594,"percentageMemoryUsage":46.304,"totalSwapBytes":62999490560,"availableSwapBytes":61645778944},{"timestamp":"2021-03-06T13:20:00Z","physicalMemoryBytes":24879063040,"availableMemoryBytes":13356085401,"percentageMemoryUsage":46.316,"totalSwapBytes":62999490560,"availableSwapBytes":61645778944},{"timestamp":"2021-03-06T13:15:00Z","physicalMemoryBytes":24879063040,"availableMemoryBytes":13358158989,"percentageMemoryUsage":46.3076,"totalSwapBytes":62999490560,"availableSwapBytes":61645778944},{"timestamp":"2021-03-06T13:10:00Z","physicalMemoryBytes":24879063040,"availableMemoryBytes":13355357623,"percentageMemoryUsage":46.3189,"totalSwapBytes":62999490560,"availableSwapBytes":61645778944},{"timestamp":"2021-03-06T13:05:00Z","physicalMemoryBytes":24879063040,"availableMemoryBytes":13359033553,"percentageMemoryUsage":46.3041,"totalSwapBytes":62999490560,"availableSwapBytes":61645778944},{"timestamp":"2021-03-06T13:00:00Z","physicalMemoryBytes":24879063040,"availableMemoryBytes":13359869449,"percentageMemoryUsage":46.3008,"totalSwapBytes":62999490560,"availableSwapBytes":61645778944},{"timestamp":"2021-03-06T12:55:00Z","physicalMemoryBytes":24879063040,"availableMemoryBytes":13366949955,"percentageMemoryUsage":46.2723,"totalSwapBytes":62999490560,"availableSwapBytes":61645778944},{"timestamp":"2021-03-06T12:50:00Z","physicalMemoryBytes":24879063040,"availableMemoryBytes":13349492745,"percentageMemoryUsage":46.3425,"totalSwapBytes":62999490560,"availableSwapBytes":61645778944},{"timestamp":"2021-03-06T12:45:00Z","physicalMemoryBytes":24879063040,"availableMemoryBytes":13362178641,"percentageMemoryUsage":46.2915,"totalSwapBytes":62999490560,"availableSwapBytes":61645778944},{"timestamp":"2021-03-06T12:40:00Z","physicalMemoryBytes":24879063040,"availableMemoryBytes":13352207731,"percentageMemoryUsage":46.3315,"totalSwapBytes":62999490560,"availableSwapBytes":61645778944},{"timestamp":"2021-03-06T12:35:00Z","physicalMemoryBytes":24879063040,"availableMemoryBytes":13362875534,"percentageMemoryUsage":46.2887,"totalSwapBytes":62999490560,"availableSwapBytes":61645778944},{"timestamp":"2021-03-06T12:30:00Z","physicalMemoryBytes":24879063040,"availableMemoryBytes":13367418359,"percentageMemoryUsage":46.2704,"totalSwapBytes":62999490560,"availableSwapBytes":61645778944},{"timestamp":"2021-03-06T12:25:00Z","physicalMemoryBytes":24879063040,"availableMemoryBytes":13364188128,"percentageMemoryUsage":46.2834,"totalSwapBytes":62999490560,"availableSwapBytes":61645778944},{"timestamp":"2021-03-06T12:20:00Z","physicalMemoryBytes":24879063040,"availableMemoryBytes":13361585278,"percentageMemoryUsage":46.2939,"totalSwapBytes":62999490560,"availableSwapBytes":61645778944},{"timestamp":"2021-03-06T12:15:00Z","physicalMemoryBytes":24879063040,"availableMemoryBytes":13363440184,"percentageMemoryUsage":46.2864,"totalSwapBytes":62999490560,"availableSwapBytes":61645778944},{"timestamp":"2021-03-06T12:10:00Z","physicalMemoryBytes":24879063040,"availableMemoryBytes":13356347258,"percentageMemoryUsage":46.3149,"totalSwapBytes":62999490560,"availableSwapBytes":61645778944},{"timestamp":"2021-03-06T12:05:00Z","physicalMemoryBytes":24879063040,"availableMemoryBytes":13342158921,"percentageMemoryUsage":46.3719,"totalSwapBytes":62999490560,"availableSwapBytes":61645778944},{"timestamp":"2021-03-06T12:00:00Z","physicalMemoryBytes":24879063040,"availableMemoryBytes":13354017150,"percentageMemoryUsage":46.3243,"totalSwapBytes":62999490560,"availableSwapBytes":61645778944},{"timestamp":"2021-03-06T11:55:00Z","physicalMemoryBytes":24879063040,"availableMemoryBytes":13350005548,"percentageMemoryUsage":46.3404,"totalSwapBytes":62999490560,"availableSwapBytes":61645778944},{"timestamp":"2021-03-06T11:50:00Z","physicalMemoryBytes":24879063040,"availableMemoryBytes":13355899303,"percentageMemoryUsage":46.3167,"totalSwapBytes":62999490560,"availableSwapBytes":61645778944},{"timestamp":"2021-03-06T11:45:00Z","physicalMemoryBytes":24879063040,"availableMemoryBytes":13355896040,"percentageMemoryUsage":46.3167,"totalSwapBytes":62999490560,"availableSwapBytes":61645778944},{"timestamp":"2021-03-06T11:40:00Z","physicalMemoryBytes":24879063040,"availableMemoryBytes":13363069795,"percentageMemoryUsage":46.2879,"totalSwapBytes":62999490560,"availableSwapBytes":61645778944},{"timestamp":"2021-03-06T11:35:00Z","physicalMemoryBytes":24879063040,"availableMemoryBytes":13353197249,"percentageMemoryUsage":46.3276,"totalSwapBytes":62999490560,"availableSwapBytes":61645778944},{"timestamp":"2021-03-06T11:30:00Z","physicalMemoryBytes":24879063040,"availableMemoryBytes":13344052252,"percentageMemoryUsage":46.3643,"totalSwapBytes":62999490560,"availableSwapBytes":61645778944},{"timestamp":"2021-03-06T11:25:00Z","physicalMemoryBytes":24879063040,"availableMemoryBytes":13349264059,"percentageMemoryUsage":46.3434,"totalSwapBytes":62999490560,"availableSwapBytes":61645778944},{"timestamp":"2021-03-06T11:20:00Z","physicalMemoryBytes":24879063040,"availableMemoryBytes":13362912959,"percentageMemoryUsage":46.2885,"totalSwapBytes":62999490560,"availableSwapBytes":61645778944},{"timestamp":"2021-03-06T11:15:00Z","physicalMemoryBytes":24879063040,"availableMemoryBytes":13368529795,"percentageMemoryUsage":46.2659,"totalSwapBytes":62999490560,"availableSwapBytes":61645778944},{"timestamp":"2021-03-06T11:10:00Z","physicalMemoryBytes":24879063040,"availableMemoryBytes":13356799598,"percentageMemoryUsage":46.3131,"totalSwapBytes":62999490560,"availableSwapBytes":61645778944},{"timestamp":"2021-03-06T11:05:00Z","physicalMemoryBytes":24879063040,"availableMemoryBytes":13353621596,"percentageMemoryUsage":46.3259,"totalSwapBytes":62999490560,"availableSwapBytes":61645778944},{"timestamp":"2021-03-06T11:00:00Z","physicalMemoryBytes":24879063040,"availableMemoryBytes":13350469158,"percentageMemoryUsage":46.3385,"totalSwapBytes":62999490560,"availableSwapBytes":61645778944},{"timestamp":"2021-03-06T10:55:00Z","physicalMemoryBytes":24879063040,"availableMemoryBytes":13351231302,"percentageMemoryUsage":46.3355,"totalSwapBytes":62999490560,"availableSwapBytes":61645778944},{"timestamp":"2021-03-06T10:50:00Z","physicalMemoryBytes":24879063040,"availableMemoryBytes":13335745468,"percentageMemoryUsage":46.3977,"totalSwapBytes":62999490560,"availableSwapBytes":61645778944},{"timestamp":"2021-03-06T10:45:00Z","physicalMemoryBytes":24879063040,"availableMemoryBytes":13338108927,"percentageMemoryUsage":46.3882,"totalSwapBytes":62999490560,"availableSwapBytes":61645778944},{"timestamp":"2021-03-06T10:40:00Z","physicalMemoryBytes":24879063040,"availableMemoryBytes":13335954392,"percentageMemoryUsage":46.3969,"totalSwapBytes":62999490560,"availableSwapBytes":61645778944},{"timestamp":"2021-03-06T10:35:00Z","physicalMemoryBytes":24879063040,"availableMemoryBytes":13323471489,"percentageMemoryUsage":46.4471,"totalSwapBytes":62999490560,"availableSwapBytes":61645778944},{"timestamp":"2021-03-06T10:30:00Z","physicalMemoryBytes":24879063040,"availableMemoryBytes":13334159566,"percentageMemoryUsage":46.4041,"totalSwapBytes":62999490560,"availableSwapBytes":61645778944},{"timestamp":"2021-03-06T10:25:00Z","physicalMemoryBytes":24879063040,"availableMemoryBytes":13344796953,"percentageMemoryUsage":46.3613,"totalSwapBytes":62999490560,"availableSwapBytes":61645778944},{"timestamp":"2021-03-06T10:20:00Z","physicalMemoryBytes":24879063040,"availableMemoryBytes":13294060289,"percentageMemoryUsage":46.5653,"totalSwapBytes":62999490560,"availableSwapBytes":61645778944},{"timestamp":"2021-03-06T10:15:00Z","physicalMemoryBytes":24879063040,"availableMemoryBytes":13239199576,"percentageMemoryUsage":46.7858,"totalSwapBytes":62999490560,"availableSwapBytes":61645778961},{"timestamp":"2021-03-06T10:10:00Z","physicalMemoryBytes":24879063040,"availableMemoryBytes":13199503367,"percentageMemoryUsage":46.9453,"totalSwapBytes":62999490560,"availableSwapBytes":61645780000},{"timestamp":"2021-03-06T10:05:00Z","physicalMemoryBytes":24879063040,"availableMemoryBytes":13162824111,"percentageMemoryUsage":47.0928,"totalSwapBytes":62999490560,"availableSwapBytes":61645843405},{"timestamp":"2021-03-06T10:00:00Z","physicalMemoryBytes":24879063040,"availableMemoryBytes":13361465035,"percentageMemoryUsage":46.2943,"totalSwapBytes":62999490560,"availableSwapBytes":61646303232},{"timestamp":"2021-03-06T09:55:00Z","physicalMemoryBytes":24879063040,"availableMemoryBytes":13360307837,"percentageMemoryUsage":46.299,"totalSwapBytes":62999490560,"availableSwapBytes":61646303232},{"timestamp":"2021-03-06T09:50:00Z","physicalMemoryBytes":24879063040,"availableMemoryBytes":13362443238,"percentageMemoryUsage":46.2904,"totalSwapBytes":62999490560,"availableSwapBytes":61646303232},{"timestamp":"2021-03-06T09:45:00Z","physicalMemoryBytes":24879063040,"availableMemoryBytes":13368012282,"percentageMemoryUsage":46.268,"totalSwapBytes":62999490560,"availableSwapBytes":61646303232},{"timestamp":"2021-03-06T09:40:00Z","physicalMemoryBytes":24879063040,"availableMemoryBytes":13360624830,"percentageMemoryUsage":46.2977,"totalSwapBytes":62999490560,"availableSwapBytes":61646303232},{"timestamp":"2021-03-06T09:35:00Z","physicalMemoryBytes":24879063040,"availableMemoryBytes":13365293434,"percentageMemoryUsage":46.279,"totalSwapBytes":62999490560,"availableSwapBytes":61646303232},{"timestamp":"2021-03-06T09:30:00Z","physicalMemoryBytes":24879063040,"availableMemoryBytes":13360597566,"percentageMemoryUsage":46.2978,"totalSwapBytes":62999490560,"availableSwapBytes":61646303232},{"timestamp":"2021-03-06T09:25:00Z","physicalMemoryBytes":24879063040,"availableMemoryBytes":13353677049,"percentageMemoryUsage":46.3256,"totalSwapBytes":62999490560,"availableSwapBytes":61646303232},{"timestamp":"2021-03-06T09:20:00Z","physicalMemoryBytes":24879063040,"availableMemoryBytes":13357439854,"percentageMemoryUsage":46.3105,"totalSwapBytes":62999490560,"availableSwapBytes":61646303232},{"timestamp":"2021-03-06T09:15:00Z","physicalMemoryBytes":24879063040,"availableMemoryBytes":13362006376,"percentageMemoryUsage":46.2922,"totalSwapBytes":62999490560,"availableSwapBytes":61646303232},{"timestamp":"2021-03-06T09:10:00Z","physicalMemoryBytes":24879063040,"availableMemoryBytes":13356641781,"percentageMemoryUsage":46.3137,"totalSwapBytes":62999490560,"availableSwapBytes":61646303232},{"timestamp":"2021-03-06T09:05:00Z","physicalMemoryBytes":24879063040,"availableMemoryBytes":13348238219,"percentageMemoryUsage":46.3475,"totalSwapBytes":62999490560,"availableSwapBytes":61646303232},{"timestamp":"2021-03-06T09:00:00Z","physicalMemoryBytes":24879063040,"availableMemoryBytes":13357754432,"percentageMemoryUsage":46.3093,"totalSwapBytes":62999490560,"availableSwapBytes":61646303232},{"timestamp":"2021-03-06T08:55:00Z","physicalMemoryBytes":24879063040,"availableMemoryBytes":13363734377,"percentageMemoryUsage":46.2852,"totalSwapBytes":62999490560,"availableSwapBytes":61646303232},{"timestamp":"2021-03-06T08:50:00Z","physicalMemoryBytes":24879063040,"availableMemoryBytes":13360968764,"percentageMemoryUsage":46.2963,"totalSwapBytes":62999490560,"availableSwapBytes":61646303232},{"timestamp":"2021-03-06T08:45:00Z","physicalMemoryBytes":24879063040,"availableMemoryBytes":13359120999,"percentageMemoryUsage":46.3038,"totalSwapBytes":62999490560,"availableSwapBytes":61646303232},{"timestamp":"2021-03-06T08:40:00Z","physicalMemoryBytes":24879063040,"availableMemoryBytes":13353022142,"percentageMemoryUsage":46.3283,"totalSwapBytes":62999490560,"availableSwapBytes":61646303232},{"timestamp":"2021-03-06T08:35:00Z","physicalMemoryBytes":24879063040,"availableMemoryBytes":13357344630,"percentageMemoryUsage":46.3109,"totalSwapBytes":62999490560,"availableSwapBytes":61646303232},{"timestamp":"2021-03-06T08:30:00Z","physicalMemoryBytes":24879063040,"availableMemoryBytes":13343250223,"percentageMemoryUsage":46.3676,"totalSwapBytes":62999490560,"availableSwapBytes":61646303232},{"timestamp":"2021-03-06T08:25:00Z","physicalMemoryBytes":24879063040,"availableMemoryBytes":13356398173,"percentageMemoryUsage":46.3147,"totalSwapBytes":62999490560,"availableSwapBytes":61646303232},{"timestamp":"2021-03-06T08:20:00Z","physicalMemoryBytes":24879063040,"availableMemoryBytes":13356729436,"percentageMemoryUsage":46.3134,"totalSwapBytes":62999490560,"availableSwapBytes":61646303232},{"timestamp":"2021-03-06T08:15:00Z","physicalMemoryBytes":24879063040,"availableMemoryBytes":13356444166,"percentageMemoryUsage":46.3145,"totalSwapBytes":62999490560,"availableSwapBytes":61646303232},{"timestamp":"2021-03-06T08:10:00Z","physicalMemoryBytes":24879063040,"availableMemoryBytes":13364687746,"percentageMemoryUsage":46.2814,"totalSwapBytes":62999490560,"availableSwapBytes":61646303232},{"timestamp":"2021-03-06T08:05:00Z","physicalMemoryBytes":24879063040,"availableMemoryBytes":13359777333,"percentageMemoryUsage":46.3011,"totalSwapBytes":62999490560,"availableSwapBytes":61646303232},{"timestamp":"2021-03-06T08:00:00Z","physicalMemoryBytes":24879063040,"availableMemoryBytes":13363845830,"percentageMemoryUsage":46.2848,"totalSwapBytes":62999490560,"availableSwapBytes":61646303232},{"timestamp":"2021-03-06T07:55:00Z","physicalMemoryBytes":24879063040,"availableMemoryBytes":13359763796,"percentageMemoryUsage":46.3012,"totalSwapBytes":62999490560,"availableSwapBytes":61646303232},{"timestamp":"2021-03-06T07:50:00Z","physicalMemoryBytes":24879063040,"availableMemoryBytes":13367787835,"percentageMemoryUsage":46.2689,"totalSwapBytes":62999490560,"availableSwapBytes":61646303232},{"timestamp":"2021-03-06T07:45:00Z","physicalMemoryBytes":24879063040,"availableMemoryBytes":13359708975,"percentageMemoryUsage":46.3014,"totalSwapBytes":62999490560,"availableSwapBytes":61646303232},{"timestamp":"2021-03-06T07:40:00Z","physicalMemoryBytes":24879063040,"availableMemoryBytes":13356612170,"percentageMemoryUsage":46.3138,"totalSwapBytes":62999490560,"availableSwapBytes":61646303232},{"timestamp":"2021-03-06T07:35:00Z","physicalMemoryBytes":24879063040,"availableMemoryBytes":13357536180,"percentageMemoryUsage":46.3101,"totalSwapBytes":62999490560,"availableSwapBytes":61646303232},{"timestamp":"2021-03-06T07:30:00Z","physicalMemoryBytes":24879063040,"availableMemoryBytes":13353628182,"percentageMemoryUsage":46.3258,"totalSwapBytes":62999490560,"availableSwapBytes":61646303232},{"timestamp":"2021-03-06T07:25:00Z","physicalMemoryBytes":24879063040,"availableMemoryBytes":13369253737,"percentageMemoryUsage":46.263,"totalSwapBytes":62999490560,"availableSwapBytes":61646303232},{"timestamp":"2021-03-06T07:20:00Z","physicalMemoryBytes":24879063040,"availableMemoryBytes":13360593938,"percentageMemoryUsage":46.2978,"totalSwapBytes":62999490560,"availableSwapBytes":61646303232},{"timestamp":"2021-03-06T07:15:00Z","physicalMemoryBytes":24879063040,"availableMemoryBytes":13367742594,"percentageMemoryUsage":46.2691,"totalSwapBytes":62999490560,"availableSwapBytes":61646303232},{"timestamp":"2021-03-06T07:10:00Z","physicalMemoryBytes":24879063040,"availableMemoryBytes":13361884952,"percentageMemoryUsage":46.2927,"totalSwapBytes":62999490560,"availableSwapBytes":61646303232},{"timestamp":"2021-03-06T07:05:00Z","physicalMemoryBytes":24879063040,"availableMemoryBytes":13362804967,"percentageMemoryUsage":46.289,"totalSwapBytes":62999490560,"availableSwapBytes":61646303232},{"timestamp":"2021-03-06T07:00:00Z","physicalMemoryBytes":24879063040,"availableMemoryBytes":13359554359,"percentageMemoryUsage":46.302,"totalSwapBytes":62999490560,"availableSwapBytes":61646303232},{"timestamp":"2021-03-06T06:55:00Z","physicalMemoryBytes":24879063040,"availableMemoryBytes":13349175352,"percentageMemoryUsage":46.3437,"totalSwapBytes":62999490560,"availableSwapBytes":61646303260},{"timestamp":"2021-03-06T06:50:00Z","physicalMemoryBytes":24879063040,"availableMemoryBytes":13340450179,"percentageMemoryUsage":46.3788,"totalSwapBytes":62999490560,"availableSwapBytes":61646304993},{"timestamp":"2021-03-06T06:45:00Z","physicalMemoryBytes":24879063040,"availableMemoryBytes":13355559008,"percentageMemoryUsage":46.3181,"totalSwapBytes":62999490560,"availableSwapBytes":61646410668},{"timestamp":"2021-03-06T06:40:00Z","physicalMemoryBytes":24879063040,"availableMemoryBytes":13352890131,"percentageMemoryUsage":46.3288,"totalSwapBytes":62999490560,"availableSwapBytes":61646565376},{"timestamp":"2021-03-06T06:35:00Z","physicalMemoryBytes":24879063040,"availableMemoryBytes":13341587367,"percentageMemoryUsage":46.3742,"totalSwapBytes":62999490560,"availableSwapBytes":61646565376},{"timestamp":"2021-03-06T06:30:00Z","physicalMemoryBytes":24879063040,"availableMemoryBytes":13355659994,"percentageMemoryUsage":46.3177,"totalSwapBytes":62999490560,"availableSwapBytes":61646565376},{"timestamp":"2021-03-06T06:25:00Z","physicalMemoryBytes":24879063040,"availableMemoryBytes":13355212278,"percentageMemoryUsage":46.3195,"totalSwapBytes":62999490560,"availableSwapBytes":61646565376},{"timestamp":"2021-03-06T06:20:00Z","physicalMemoryBytes":24879063040,"availableMemoryBytes":13347427285,"percentageMemoryUsage":46.3508,"totalSwapBytes":62999490560,"availableSwapBytes":61646565376},{"timestamp":"2021-03-06T06:15:00Z","physicalMemoryBytes":24879063040,"availableMemoryBytes":13359352267,"percentageMemoryUsage":46.3028,"totalSwapBytes":62999490560,"availableSwapBytes":61646565391},{"timestamp":"2021-03-06T06:10:00Z","physicalMemoryBytes":24879063040,"availableMemoryBytes":13360145768,"percentageMemoryUsage":46.2996,"totalSwapBytes":62999490560,"availableSwapBytes":61646566291},{"timestamp":"2021-03-06T06:05:00Z","physicalMemoryBytes":24879063040,"availableMemoryBytes":13356005839,"percentageMemoryUsage":46.3163,"totalSwapBytes":62999490560,"availableSwapBytes":61646621242},{"timestamp":"2021-03-06T06:00:00Z","physicalMemoryBytes":24879063040,"availableMemoryBytes":13350508126,"percentageMemoryUsage":46.3384,"totalSwapBytes":62999490560,"availableSwapBytes":61646827520},{"timestamp":"2021-03-06T05:55:00Z","physicalMemoryBytes":24879063040,"availableMemoryBytes":13354701943,"percentageMemoryUsage":46.3215,"totalSwapBytes":62999490560,"availableSwapBytes":61646827520},{"timestamp":"2021-03-06T05:50:00Z","physicalMemoryBytes":24879063040,"availableMemoryBytes":13343469662,"percentageMemoryUsage":46.3667,"totalSwapBytes":62999490560,"availableSwapBytes":61646827520},{"timestamp":"2021-03-06T05:45:00Z","physicalMemoryBytes":24879063040,"availableMemoryBytes":13347841698,"percentageMemoryUsage":46.3491,"totalSwapBytes":62999490560,"availableSwapBytes":61646827520},{"timestamp":"2021-03-06T05:40:00Z","physicalMemoryBytes":24879063040,"availableMemoryBytes":13350114498,"percentageMemoryUsage":46.34,"totalSwapBytes":62999490560,"availableSwapBytes":61646827520},{"timestamp":"2021-03-06T05:35:00Z","physicalMemoryBytes":24879063040,"availableMemoryBytes":13345575486,"percentageMemoryUsage":46.3582,"totalSwapBytes":62999490560,"availableSwapBytes":61646827520},{"timestamp":"2021-03-06T05:30:00Z","physicalMemoryBytes":24879063040,"availableMemoryBytes":13353707734,"percentageMemoryUsage":46.3255,"totalSwapBytes":62999490560,"availableSwapBytes":61646827520},{"timestamp":"2021-03-06T05:25:00Z","physicalMemoryBytes":24879063040,"availableMemoryBytes":13353007930,"percentageMemoryUsage":46.3283,"totalSwapBytes":62999490560,"availableSwapBytes":61646827520},{"timestamp":"2021-03-06T05:20:00Z","physicalMemoryBytes":24879063040,"availableMemoryBytes":13341637889,"percentageMemoryUsage":46.374,"totalSwapBytes":62999490560,"availableSwapBytes":61646827520},{"timestamp":"2021-03-06T05:15:00Z","physicalMemoryBytes":24879063040,"availableMemoryBytes":13350992199,"percentageMemoryUsage":46.3364,"totalSwapBytes":62999490560,"availableSwapBytes":61646827535},{"timestamp":"2021-03-06T05:10:00Z","physicalMemoryBytes":24879063040,"availableMemoryBytes":13353027058,"percentageMemoryUsage":46.3283,"totalSwapBytes":62999490560,"availableSwapBytes":61646828435},{"timestamp":"2021-03-06T05:05:00Z","physicalMemoryBytes":24879063040,"availableMemoryBytes":13353183937,"percentageMemoryUsage":46.3276,"totalSwapBytes":62999490560,"availableSwapBytes":61646883386},{"timestamp":"2021-03-06T05:00:00Z","physicalMemoryBytes":24879063040,"availableMemoryBytes":13351231539,"percentageMemoryUsage":46.3355,"totalSwapBytes":62999490560,"availableSwapBytes":61647089664},{"timestamp":"2021-03-06T04:55:00Z","physicalMemoryBytes":24879063040,"availableMemoryBytes":13341031481,"percentageMemoryUsage":46.3765,"totalSwapBytes":62999490560,"availableSwapBytes":61647089664},{"timestamp":"2021-03-06T04:50:00Z","physicalMemoryBytes":24879063040,"availableMemoryBytes":13343353285,"percentageMemoryUsage":46.3671,"totalSwapBytes":62999490560,"availableSwapBytes":61647089664},{"timestamp":"2021-03-06T04:45:00Z","physicalMemoryBytes":24879063040,"availableMemoryBytes":13349909521,"percentageMemoryUsage":46.3408,"totalSwapBytes":62999490560,"availableSwapBytes":61647089664},{"timestamp":"2021-03-06T04:40:00Z","physicalMemoryBytes":24879063040,"availableMemoryBytes":13330778138,"percentageMemoryUsage":46.4177,"totalSwapBytes":62999490560,"availableSwapBytes":61647089664},{"timestamp":"2021-03-06T04:35:00Z","physicalMemoryBytes":24879063040,"availableMemoryBytes":13327650362,"percentageMemoryUsage":46.4303,"totalSwapBytes":62999490560,"availableSwapBytes":61647089664},{"timestamp":"2021-03-06T04:30:00Z","physicalMemoryBytes":24879063040,"availableMemoryBytes":13342348284,"percentageMemoryUsage":46.3712,"totalSwapBytes":62999490560,"availableSwapBytes":61647089664},{"timestamp":"2021-03-06T04:25:00Z","physicalMemoryBytes":24879063040,"availableMemoryBytes":13338964756,"percentageMemoryUsage":46.3848,"totalSwapBytes":62999490560,"availableSwapBytes":61647089664},{"timestamp":"2021-03-06T04:20:00Z","physicalMemoryBytes":24879063040,"availableMemoryBytes":13345872842,"percentageMemoryUsage":46.357,"totalSwapBytes":62999490560,"availableSwapBytes":61647089664},{"timestamp":"2021-03-06T04:15:00Z","physicalMemoryBytes":24879063040,"availableMemoryBytes":13349969737,"percentageMemoryUsage":46.3405,"totalSwapBytes":62999490560,"availableSwapBytes":61647089664},{"timestamp":"2021-03-06T04:10:00Z","physicalMemoryBytes":24879063040,"availableMemoryBytes":13338825860,"percentageMemoryUsage":46.3853,"totalSwapBytes":62999490560,"availableSwapBytes":61647089664},{"timestamp":"2021-03-06T04:05:00Z","physicalMemoryBytes":24879063040,"availableMemoryBytes":13328995228,"percentageMemoryUsage":46.4249,"totalSwapBytes":62999490560,"availableSwapBytes":61647089665},{"timestamp":"2021-03-06T04:00:00Z","physicalMemoryBytes":24879063040,"availableMemoryBytes":13302963264,"percentageMemoryUsage":46.5295,"totalSwapBytes":62999490560,"availableSwapBytes":61647089729},{"timestamp":"2021-03-06T03:55:00Z","physicalMemoryBytes":24879063040,"availableMemoryBytes":13247142766,"percentageMemoryUsage":46.7539,"totalSwapBytes":62999490560,"availableSwapBytes":61647093681},{"timestamp":"2021-03-06T03:50:00Z","physicalMemoryBytes":24879063040,"availableMemoryBytes":13171272003,"percentageMemoryUsage":47.0588,"totalSwapBytes":62999490560,"availableSwapBytes":61647334711},{"timestamp":"2021-03-06T03:45:00Z","physicalMemoryBytes":24879063040,"availableMemoryBytes":13158348027,"percentageMemoryUsage":47.1108,"totalSwapBytes":62999490560,"availableSwapBytes":61647357485},{"timestamp":"2021-03-06T03:40:00Z","physicalMemoryBytes":24879063040,"availableMemoryBytes":13169004510,"percentageMemoryUsage":47.0679,"totalSwapBytes":62999490560,"availableSwapBytes":61647698111},{"timestamp":"2021-03-06T03:35:00Z","physicalMemoryBytes":24879063040,"availableMemoryBytes":13176707077,"percentageMemoryUsage":47.037,"totalSwapBytes":62999490560,"availableSwapBytes":61648291257},{"timestamp":"2021-03-06T03:30:00Z","physicalMemoryBytes":24879063040,"availableMemoryBytes":13235681632,"percentageMemoryUsage":46.7999,"totalSwapBytes":62999490560,"availableSwapBytes":61648559389},{"timestamp":"2021-03-06T03:25:00Z","physicalMemoryBytes":24879063040,"availableMemoryBytes":13297691652,"percentageMemoryUsage":46.5507,"totalSwapBytes":62999490560,"availableSwapBytes":61648662528},{"timestamp":"2021-03-06T03:20:00Z","physicalMemoryBytes":24879063040,"availableMemoryBytes":13311597868,"percentageMemoryUsage":46.4948,"totalSwapBytes":62999490560,"availableSwapBytes":61648662528},{"timestamp":"2021-03-06T03:15:00Z","physicalMemoryBytes":24879063040,"availableMemoryBytes":13317174169,"percentageMemoryUsage":46.4724,"totalSwapBytes":62999490560,"availableSwapBytes":61648662528},{"timestamp":"2021-03-06T03:10:00Z","physicalMemoryBytes":24879063040,"availableMemoryBytes":13326773146,"percentageMemoryUsage":46.4338,"totalSwapBytes":62999490560,"availableSwapBytes":61648662528},{"timestamp":"2021-03-06T03:05:00Z","physicalMemoryBytes":24879063040,"availableMemoryBytes":13319623659,"percentageMemoryUsage":46.4625,"totalSwapBytes":62999490560,"availableSwapBytes":61648662567},{"timestamp":"2021-03-06T03:00:00Z","physicalMemoryBytes":24879063040,"availableMemoryBytes":13286166304,"percentageMemoryUsage":46.597,"totalSwapBytes":62999490560,"availableSwapBytes":61648664965},{"timestamp":"2021-03-06T02:55:00Z","physicalMemoryBytes":24879063040,"availableMemoryBytes":13121333975,"percentageMemoryUsage":47.2595,"totalSwapBytes":62999490560,"availableSwapBytes":61648811234},{"timestamp":"2021-03-06T02:50:00Z","physicalMemoryBytes":24879063040,"availableMemoryBytes":13106050415,"percentageMemoryUsage":47.321,"totalSwapBytes":62999490560,"availableSwapBytes":61649082851},{"timestamp":"2021-03-06T02:45:00Z","physicalMemoryBytes":24879063040,"availableMemoryBytes":13018979222,"percentageMemoryUsage":47.6709,"totalSwapBytes":62999490560,"availableSwapBytes":61649398590},{"timestamp":"2021-03-06T02:40:00Z","physicalMemoryBytes":24879063040,"availableMemoryBytes":13150159608,"percentageMemoryUsage":47.1437,"totalSwapBytes":62999490560,"availableSwapBytes":61649784294},{"timestamp":"2021-03-06T02:35:00Z","physicalMemoryBytes":24879063040,"availableMemoryBytes":13121926475,"percentageMemoryUsage":47.2572,"totalSwapBytes":62999490560,"availableSwapBytes":61649981420},{"timestamp":"2021-03-06T02:30:00Z","physicalMemoryBytes":24879063040,"availableMemoryBytes":13150630661,"percentageMemoryUsage":47.1418,"totalSwapBytes":62999490560,"availableSwapBytes":61650471758},{"timestamp":"2021-03-06T02:25:00Z","physicalMemoryBytes":24879063040,"availableMemoryBytes":13144176705,"percentageMemoryUsage":47.1677,"totalSwapBytes":62999490560,"availableSwapBytes":61650497948},{"timestamp":"2021-03-06T02:20:00Z","physicalMemoryBytes":24879063040,"availableMemoryBytes":13115459513,"percentageMemoryUsage":47.2831,"totalSwapBytes":62999490560,"availableSwapBytes":61650522675},{"timestamp":"2021-03-06T02:15:00Z","physicalMemoryBytes":24879063040,"availableMemoryBytes":13112805189,"percentageMemoryUsage":47.2938,"totalSwapBytes":62999490560,"availableSwapBytes":61651244588},{"timestamp":"2021-03-06T02:10:00Z","physicalMemoryBytes":24879063040,"availableMemoryBytes":13148986255,"percentageMemoryUsage":47.1484,"totalSwapBytes":62999490560,"availableSwapBytes":61651765387},{"timestamp":"2021-03-06T02:05:00Z","physicalMemoryBytes":24879063040,"availableMemoryBytes":13214748991,"percentageMemoryUsage":46.8841,"totalSwapBytes":62999490560,"availableSwapBytes":61652076881},{"timestamp":"2021-03-06T02:00:00Z","physicalMemoryBytes":24879063040,"availableMemoryBytes":13280377891,"percentageMemoryUsage":46.6203,"totalSwapBytes":62999490560,"availableSwapBytes":61652465764},{"timestamp":"2021-03-06T01:55:00Z","physicalMemoryBytes":24879063040,"availableMemoryBytes":13369701502,"percentageMemoryUsage":46.2612,"totalSwapBytes":62999490560,"availableSwapBytes":61652594688},{"timestamp":"2021-03-06T01:50:00Z","physicalMemoryBytes":24879063040,"availableMemoryBytes":13365396002,"percentageMemoryUsage":46.2785,"totalSwapBytes":62999490560,"availableSwapBytes":61652594688},{"timestamp":"2021-03-06T01:45:00Z","physicalMemoryBytes":24879063040,"availableMemoryBytes":13362582099,"percentageMemoryUsage":46.2898,"totalSwapBytes":62999490560,"availableSwapBytes":61652594688},{"timestamp":"2021-03-06T01:40:00Z","physicalMemoryBytes":24879063040,"availableMemoryBytes":13363858901,"percentageMemoryUsage":46.2847,"totalSwapBytes":62999490560,"availableSwapBytes":61652594688},{"timestamp":"2021-03-06T01:35:00Z","physicalMemoryBytes":24879063040,"availableMemoryBytes":13370215399,"percentageMemoryUsage":46.2592,"totalSwapBytes":62999490560,"availableSwapBytes":61652594688},{"timestamp":"2021-03-06T01:30:00Z","physicalMemoryBytes":24879063040,"availableMemoryBytes":13360506435,"percentageMemoryUsage":46.2982,"totalSwapBytes":62999490560,"availableSwapBytes":61652594688},{"timestamp":"2021-03-06T01:25:00Z","physicalMemoryBytes":24879063040,"availableMemoryBytes":13362486780,"percentageMemoryUsage":46.2902,"totalSwapBytes":62999490560,"availableSwapBytes":61652594688},{"timestamp":"2021-03-06T01:20:00Z","physicalMemoryBytes":24879063040,"availableMemoryBytes":13367756047,"percentageMemoryUsage":46.2691,"totalSwapBytes":62999490560,"availableSwapBytes":61652594688},{"timestamp":"2021-03-06T01:15:00Z","physicalMemoryBytes":24879063040,"availableMemoryBytes":13361226901,"percentageMemoryUsage":46.2953,"totalSwapBytes":62999490560,"availableSwapBytes":61652594688},{"timestamp":"2021-03-06T01:10:00Z","physicalMemoryBytes":24879063040,"availableMemoryBytes":13358557073,"percentageMemoryUsage":46.306,"totalSwapBytes":62999490560,"availableSwapBytes":61652594688},{"timestamp":"2021-03-06T01:05:00Z","physicalMemoryBytes":24879063040,"availableMemoryBytes":13368659386,"percentageMemoryUsage":46.2654,"totalSwapBytes":62999490560,"availableSwapBytes":61652594688},{"timestamp":"2021-03-06T01:00:00Z","physicalMemoryBytes":24879063040,"availableMemoryBytes":13364684121,"percentageMemoryUsage":46.2814,"totalSwapBytes":62999490560,"availableSwapBytes":61652594688},{"timestamp":"2021-03-06T00:55:00Z","physicalMemoryBytes":24879063040,"availableMemoryBytes":13358597739,"percentageMemoryUsage":46.3059,"totalSwapBytes":62999490560,"availableSwapBytes":61652594688},{"timestamp":"2021-03-06T00:50:00Z","physicalMemoryBytes":24879063040,"availableMemoryBytes":13371250614,"percentageMemoryUsage":46.255,"totalSwapBytes":62999490560,"availableSwapBytes":61652594688},{"timestamp":"2021-03-06T00:45:00Z","physicalMemoryBytes":24879063040,"availableMemoryBytes":13366584975,"percentageMemoryUsage":46.2738,"totalSwapBytes":62999490560,"availableSwapBytes":61652594688},{"timestamp":"2021-03-06T00:40:00Z","physicalMemoryBytes":24879063040,"availableMemoryBytes":13361250323,"percentageMemoryUsage":46.2952,"totalSwapBytes":62999490560,"availableSwapBytes":61652594688},{"timestamp":"2021-03-06T00:35:00Z","physicalMemoryBytes":24879063040,"availableMemoryBytes":13366863017,"percentageMemoryUsage":46.2726,"totalSwapBytes":62999490560,"availableSwapBytes":61652594688},{"timestamp":"2021-03-06T00:30:00Z","physicalMemoryBytes":24879063040,"availableMemoryBytes":13364141161,"percentageMemoryUsage":46.2836,"totalSwapBytes":62999490560,"availableSwapBytes":61652594688},{"timestamp":"2021-03-06T00:25:00Z","physicalMemoryBytes":24879063040,"availableMemoryBytes":13368104255,"percentageMemoryUsage":46.2677,"totalSwapBytes":62999490560,"availableSwapBytes":61652594688},{"timestamp":"2021-03-06T00:20:00Z","physicalMemoryBytes":24879063040,"availableMemoryBytes":13373104134,"percentageMemoryUsage":46.2476,"totalSwapBytes":62999490560,"availableSwapBytes":61652594688},{"timestamp":"2021-03-06T00:15:00Z","physicalMemoryBytes":24879063040,"availableMemoryBytes":13376536971,"percentageMemoryUsage":46.2338,"totalSwapBytes":62999490560,"availableSwapBytes":61652594688},{"timestamp":"2021-03-06T00:10:00Z","physicalMemoryBytes":24879063040,"availableMemoryBytes":13368925776,"percentageMemoryUsage":46.2644,"totalSwapBytes":62999490560,"availableSwapBytes":61652594688},{"timestamp":"2021-03-06T00:05:00Z","physicalMemoryBytes":24879063040,"availableMemoryBytes":13377100101,"percentageMemoryUsage":46.2315,"totalSwapBytes":62999490560,"availableSwapBytes":61652594688},{"timestamp":"2021-03-06T00:00:00Z","physicalMemoryBytes":24879063040,"availableMemoryBytes":13367887231,"percentageMemoryUsage":46.2685,"totalSwapBytes":62999490560,"availableSwapBytes":61652594688},{"timestamp":"2021-03-05T23:55:00Z","physicalMemoryBytes":24879063040,"availableMemoryBytes":13368876872,"percentageMemoryUsage":46.2645,"totalSwapBytes":62999490560,"availableSwapBytes":61652594688},{"timestamp":"2021-03-05T23:50:00Z","physicalMemoryBytes":24879063040,"availableMemoryBytes":13369996342,"percentageMemoryUsage":46.26,"totalSwapBytes":62999490560,"availableSwapBytes":61652594688},{"timestamp":"2021-03-05T23:45:00Z","physicalMemoryBytes":24879063040,"availableMemoryBytes":13368856850,"percentageMemoryUsage":46.2646,"totalSwapBytes":62999490560,"availableSwapBytes":61652594688},{"timestamp":"2021-03-05T23:40:00Z","physicalMemoryBytes":24879063040,"availableMemoryBytes":13365846369,"percentageMemoryUsage":46.2767,"totalSwapBytes":62999490560,"availableSwapBytes":61652594688},{"timestamp":"2021-03-05T23:35:00Z","physicalMemoryBytes":24879063040,"availableMemoryBytes":13375759403,"percentageMemoryUsage":46.2369,"totalSwapBytes":62999490560,"availableSwapBytes":61652594688},{"timestamp":"2021-03-05T23:30:00Z","physicalMemoryBytes":24879063040,"availableMemoryBytes":13376650855,"percentageMemoryUsage":46.2333,"totalSwapBytes":62999490560,"availableSwapBytes":61652594688},{"timestamp":"2021-03-05T23:25:00Z","physicalMemoryBytes":24879063040,"availableMemoryBytes":13370703500,"percentageMemoryUsage":46.2572,"totalSwapBytes":62999490560,"availableSwapBytes":61652594688},{"timestamp":"2021-03-05T23:20:00Z","physicalMemoryBytes":24879063040,"availableMemoryBytes":13370677139,"percentageMemoryUsage":46.2573,"totalSwapBytes":62999490560,"availableSwapBytes":61652594688},{"timestamp":"2021-03-05T23:15:00Z","physicalMemoryBytes":24879063040,"availableMemoryBytes":13377506872,"percentageMemoryUsage":46.2299,"totalSwapBytes":62999490560,"availableSwapBytes":61652594688},{"timestamp":"2021-03-05T23:10:00Z","physicalMemoryBytes":24879063040,"availableMemoryBytes":13377827700,"percentageMemoryUsage":46.2286,"totalSwapBytes":62999490560,"availableSwapBytes":61652594688},{"timestamp":"2021-03-05T23:05:00Z","physicalMemoryBytes":24879063040,"availableMemoryBytes":13369189054,"percentageMemoryUsage":46.2633,"totalSwapBytes":62999490560,"availableSwapBytes":61652594688}],"numMembers":324}
