{"members":[{"timestamp":"2021-03-03T06:55:00Z","physicalMemoryBytes":24879898624,"availableMemoryBytes":15405567611,"percentageMemoryUsage":38.0803,"totalSwapBytes":63998783488,"availableSwapBytes":63981768704},{"timestamp":"2021-03-03T05:02:30Z","physicalMemoryBytes":24879898624,"availableMemoryBytes":15406557389,"percentageMemoryUsage":38.0763,"totalSwapBytes":63998783488,"availableSwapBytes":63981768704},{"timestamp":"2021-03-03T03:12:30Z","physicalMemoryBytes":24879898624,"availableMemoryBytes":15405097756,"percentageMemoryUsage":38.0822,"totalSwapBytes":63998783488,"availableSwapBytes":63981955779},{"timestamp":"2021-03-03T01:20:00Z","physicalMemoryBytes":24879898624,"availableMemoryBytes":15400757383,"percentageMemoryUsage":38.0996,"totalSwapBytes":63998783488,"availableSwapBytes":63982030848},{"timestamp":"2021-03-02T23:27:30Z","physicalMemoryBytes":24879898624,"availableMemoryBytes":15392332317,"percentageMemoryUsage":38.1335,"totalSwapBytes":63998783488,"availableSwapBytes":63982030848},{"timestamp":"2021-03-02T21:37:30Z","physicalMemoryBytes":24879898624,"availableMemoryBytes":15404845694,"percentageMemoryUsage":38.0832,"totalSwapBytes":63998783488,"availableSwapBytes":63982127975},{"timestamp":"2021-03-02T19:45:00Z","physicalMemoryBytes":24879898624,"availableMemoryBytes":15406170791,"percentageMemoryUsage":38.0778,"totalSwapBytes":63998783488,"availableSwapBytes":63982297088},{"timestamp":"2021-03-02T17:52:30Z","physicalMemoryBytes":24879898624,"availableMemoryBytes":15407738688,"percentageMemoryUsage":38.0715,"totalSwapBytes":63998783488,"availableSwapBytes":63982297088},{"timestamp":"2021-03-02T16:02:30Z","physicalMemoryBytes":24879898624,"availableMemoryBytes":15402442811,"percentageMemoryUsage":38.0928,"totalSwapBytes":63998783488,"availableSwapBytes":63982297088},{"timestamp":"2021-03-02T14:12:30Z","physicalMemoryBytes":24879898624,"availableMemoryBytes":15413084924,"percentageMemoryUsage":38.05,"totalSwapBytes":63998783488,"availableSwapBytes":63982297088},{"timestamp":"2021-03-02T12:20:00Z","physicalMemoryBytes":24879898624,"availableMemoryBytes":15413130682,"percentageMemoryUsage":38.0499,"totalSwapBytes":63998783488,"availableSwapBytes":63982297088},{"timestamp":"2021-03-02T10:27:30Z","physicalMemoryBytes":24879898624,"availableMemoryBytes":15415733736,"percentageMemoryUsage":38.0394,"totalSwapBytes":63998783488,"availableSwapBytes":63982297088},{"timestamp":"2021-03-02T08:37:30Z","physicalMemoryBytes":24879898624,"availableMemoryBytes":15401686825,"percentageMemoryUsage":38.0959,"totalSwapBytes":63998783488,"availableSwapBytes":63982297088},{"timestamp":"2021-03-02T06:45:00Z","physicalMemoryBytes":24879898624,"availableMemoryBytes":15430907325,"percentageMemoryUsage":37.9784,"totalSwapBytes":63998783488,"availableSwapBytes":63982297088},{"timestamp":"2021-03-02T04:52:30Z","physicalMemoryBytes":24879898624,"availableMemoryBytes":15433071991,"percentageMemoryUsage":37.9697,"totalSwapBytes":63998783488,"availableSwapBytes":63982297088},{"timestamp":"2021-03-02T03:02:30Z","physicalMemoryBytes":24879898624,"availableMemoryBytes":15436861451,"percentageMemoryUsage":37.9545,"totalSwapBytes":63998783488,"availableSwapBytes":63982297088},{"timestamp":"2021-03-02T01:12:30Z","physicalMemoryBytes":24879898624,"availableMemoryBytes":15434080946,"percentageMemoryUsage":37.9657,"totalSwapBytes":63998783488,"availableSwapBytes":63982297088},{"timestamp":"2021-03-01T23:20:00Z","physicalMemoryBytes":24879898624,"availableMemoryBytes":15424443141,"percentageMemoryUsage":38.0044,"totalSwapBytes":63998783488,"availableSwapBytes":63982447725},{"timestamp":"2021-03-01T21:27:30Z","physicalMemoryBytes":24879898624,"availableMemoryBytes":15437292748,"percentageMemoryUsage":37.9528,"totalSwapBytes":63998783488,"availableSwapBytes":63982559232},{"timestamp":"2021-03-01T19:37:30Z","physicalMemoryBytes":24879898624,"availableMemoryBytes":15434144621,"percentageMemoryUsage":37.9654,"totalSwapBytes":63998783488,"availableSwapBytes":63982853150},{"timestamp":"2021-03-01T17:45:00Z","physicalMemoryBytes":24879898624,"availableMemoryBytes":15431657102,"percentageMemoryUsage":37.9754,"totalSwapBytes":63998783488,"availableSwapBytes":63983083520},{"timestamp":"2021-03-01T15:52:30Z","physicalMemoryBytes":24879898624,"availableMemoryBytes":15419558206,"percentageMemoryUsage":38.024,"totalSwapBytes":63998783488,"availableSwapBytes":63983083520},{"timestamp":"2021-03-01T14:02:30Z","physicalMemoryBytes":24879898624,"availableMemoryBytes":15442881498,"percentageMemoryUsage":37.9303,"totalSwapBytes":63998783488,"availableSwapBytes":63983083520},{"timestamp":"2021-03-01T12:12:30Z","physicalMemoryBytes":24879898624,"availableMemoryBytes":15447358168,"percentageMemoryUsage":37.9123,"totalSwapBytes":63998783488,"availableSwapBytes":63983083520},{"timestamp":"2021-03-01T10:20:00Z","physicalMemoryBytes":24879898624,"availableMemoryBytes":15453635968,"percentageMemoryUsage":37.8871,"totalSwapBytes":63998783488,"availableSwapBytes":63983083520},{"timestamp":"2021-03-01T08:27:30Z","physicalMemoryBytes":24879898624,"availableMemoryBytes":15447074212,"percentageMemoryUsage":37.9134,"totalSwapBytes":63998783488,"availableSwapBytes":63983164989},{"timestamp":"2021-03-01T06:37:30Z","physicalMemoryBytes":24879898624,"availableMemoryBytes":15445316013,"percentageMemoryUsage":37.9205,"totalSwapBytes":63998783488,"availableSwapBytes":63984146519},{"timestamp":"2021-03-01T04:45:00Z","physicalMemoryBytes":24879898624,"availableMemoryBytes":15440819214,"percentageMemoryUsage":37.9386,"totalSwapBytes":63998783488,"availableSwapBytes":63984644347},{"timestamp":"2021-03-01T02:52:30Z","physicalMemoryBytes":24879898624,"availableMemoryBytes":15432957169,"percentageMemoryUsage":37.9702,"totalSwapBytes":63998783488,"availableSwapBytes":63984965504},{"timestamp":"2021-03-01T01:02:30Z","physicalMemoryBytes":24879898624,"availableMemoryBytes":15427181392,"percentageMemoryUsage":37.9934,"totalSwapBytes":63998783488,"availableSwapBytes":63985414144},{"timestamp":"2021-02-28T23:10:00Z","physicalMemoryBytes":24879898624,"availableMemoryBytes":15426536186,"percentageMemoryUsage":37.996,"totalSwapBytes":63998783488,"availableSwapBytes":63986459711},{"timestamp":"2021-02-28T21:17:30Z","physicalMemoryBytes":24879898624,"availableMemoryBytes":15436643688,"percentageMemoryUsage":37.9554,"totalSwapBytes":63998783488,"availableSwapBytes":63987615481},{"timestamp":"2021-02-28T19:27:30Z","physicalMemoryBytes":24879898624,"availableMemoryBytes":15442668309,"percentageMemoryUsage":37.9311,"totalSwapBytes":63998783488,"availableSwapBytes":63988035584},{"timestamp":"2021-02-28T17:37:30Z","physicalMemoryBytes":24879898624,"availableMemoryBytes":15447405305,"percentageMemoryUsage":37.9121,"totalSwapBytes":63998783488,"availableSwapBytes":63988035584},{"timestamp":"2021-02-28T15:45:00Z","physicalMemoryBytes":24879898624,"availableMemoryBytes":15438952859,"percentageMemoryUsage":37.9461,"totalSwapBytes":63998783488,"availableSwapBytes":63988035584},{"timestamp":"2021-02-28T13:52:30Z","physicalMemoryBytes":24879898624,"availableMemoryBytes":15454191391,"percentageMemoryUsage":37.8848,"totalSwapBytes":63998783488,"availableSwapBytes":63988035584},{"timestamp":"2021-02-28T12:02:30Z","physicalMemoryBytes":24879898624,"availableMemoryBytes":15460009163,"percentageMemoryUsage":37.8614,"totalSwapBytes":63998783488,"availableSwapBytes":63988035584},{"timestamp":"2021-02-28T10:10:00Z","physicalMemoryBytes":24879898624,"availableMemoryBytes":15461941070,"percentageMemoryUsage":37.8537,"totalSwapBytes":63998783488,"availableSwapBytes":63988035584},{"timestamp":"2021-02-28T08:17:30Z","physicalMemoryBytes":24879898624,"availableMemoryBytes":15455405807,"percentageMemoryUsage":37.8799,"totalSwapBytes":63998783488,"availableSwapBytes":63988035584},{"timestamp":"2021-02-28T06:27:30Z","physicalMemoryBytes":24879898624,"availableMemoryBytes":15466077402,"percentageMemoryUsage":37.8371,"totalSwapBytes":63998783488,"availableSwapBytes":63988035584},{"timestamp":"2021-02-28T04:37:30Z","physicalMemoryBytes":24879898624,"availableMemoryBytes":15461216385,"percentageMemoryUsage":37.8566,"totalSwapBytes":63998783488,"availableSwapBytes":63988035584},{"timestamp":"2021-02-28T02:45:00Z","physicalMemoryBytes":24879898624,"availableMemoryBytes":15457656028,"percentageMemoryUsage":37.8709,"totalSwapBytes":63998783488,"availableSwapBytes":63988307035},{"timestamp":"2021-02-28T00:52:30Z","physicalMemoryBytes":24879898624,"availableMemoryBytes":15444826489,"percentageMemoryUsage":37.9225,"totalSwapBytes":63998783488,"availableSwapBytes":63988559872},{"timestamp":"2021-02-27T23:02:30Z","physicalMemoryBytes":24879898624,"availableMemoryBytes":15424755640,"percentageMemoryUsage":38.0031,"totalSwapBytes":63998783488,"availableSwapBytes":63988559872},{"timestamp":"2021-02-27T21:10:00Z","physicalMemoryBytes":24879898624,"availableMemoryBytes":15430638459,"percentageMemoryUsage":37.9795,"totalSwapBytes":63998783488,"availableSwapBytes":63988559872},{"timestamp":"2021-02-27T19:17:30Z","physicalMemoryBytes":24879898624,"availableMemoryBytes":15426051521,"percentageMemoryUsage":37.9979,"totalSwapBytes":63998783488,"availableSwapBytes":63988559872},{"timestamp":"2021-02-27T17:27:30Z","physicalMemoryBytes":24879898624,"availableMemoryBytes":15415686037,"percentageMemoryUsage":38.0396,"totalSwapBytes":63998783488,"availableSwapBytes":63988559872},{"timestamp":"2021-02-27T15:37:30Z","physicalMemoryBytes":24879898624,"availableMemoryBytes":15394579271,"percentageMemoryUsage":38.1244,"totalSwapBytes":63998783488,"availableSwapBytes":63988559872},{"timestamp":"2021-02-27T13:45:00Z","physicalMemoryBytes":24879898624,"availableMemoryBytes":15392657058,"percentageMemoryUsage":38.1322,"totalSwapBytes":63998783488,"availableSwapBytes":63988559872},{"timestamp":"2021-02-27T11:52:30Z","physicalMemoryBytes":24879898624,"availableMemoryBytes":15373889374,"percentageMemoryUsage":38.2076,"totalSwapBytes":63998783488,"availableSwapBytes":63988559872},{"timestamp":"2021-02-27T10:02:30Z","physicalMemoryBytes":24879898624,"availableMemoryBytes":15353785061,"percentageMemoryUsage":38.2884,"totalSwapBytes":63998783488,"availableSwapBytes":63988559872},{"timestamp":"2021-02-27T08:10:00Z","physicalMemoryBytes":24879898624,"availableMemoryBytes":15323174293,"percentageMemoryUsage":38.4114,"totalSwapBytes":63998783488,"availableSwapBytes":63988559872},{"timestamp":"2021-02-27T06:17:30Z","physicalMemoryBytes":24879898624,"availableMemoryBytes":15326987600,"percentageMemoryUsage":38.3961,"totalSwapBytes":63998783488,"availableSwapBytes":63988559872},{"timestamp":"2021-02-27T04:27:30Z","physicalMemoryBytes":24879898624,"availableMemoryBytes":15324349876,"percentageMemoryUsage":38.4067,"totalSwapBytes":63998783488,"availableSwapBytes":63988559872},{"timestamp":"2021-02-27T02:37:30Z","physicalMemoryBytes":24879898624,"availableMemoryBytes":15312363631,"percentageMemoryUsage":38.4549,"totalSwapBytes":63998783488,"availableSwapBytes":63988559872},{"timestamp":"2021-02-27T00:45:00Z","physicalMemoryBytes":24879898624,"availableMemoryBytes":15309413659,"percentageMemoryUsage":38.4667,"totalSwapBytes":63998783488,"availableSwapBytes":63988559872},{"timestamp":"2021-02-26T22:52:30Z","physicalMemoryBytes":24879898624,"availableMemoryBytes":15304872294,"percentageMemoryUsage":38.485,"totalSwapBytes":63998783488,"availableSwapBytes":63989718866},{"timestamp":"2021-02-26T21:02:30Z","physicalMemoryBytes":24879898624,"availableMemoryBytes":15322509001,"percentageMemoryUsage":38.4141,"totalSwapBytes":63998783488,"availableSwapBytes":63992214995},{"timestamp":"2021-02-26T19:10:00Z","physicalMemoryBytes":24879898624,"availableMemoryBytes":15319871260,"percentageMemoryUsage":38.4247,"totalSwapBytes":63998783488,"availableSwapBytes":63994149097},{"timestamp":"2021-02-26T17:17:30Z","physicalMemoryBytes":24879898624,"availableMemoryBytes":15322254696,"percentageMemoryUsage":38.4151,"totalSwapBytes":63998783488,"availableSwapBytes":63994318847},{"timestamp":"2021-02-26T15:27:30Z","physicalMemoryBytes":24879898624,"availableMemoryBytes":15299184617,"percentageMemoryUsage":38.5078,"totalSwapBytes":63998783488,"availableSwapBytes":63994318847},{"timestamp":"2021-02-26T13:35:00Z","physicalMemoryBytes":24879898624,"availableMemoryBytes":15312417780,"percentageMemoryUsage":38.4547,"totalSwapBytes":63998783488,"availableSwapBytes":63994318847},{"timestamp":"2021-02-26T11:42:30Z","physicalMemoryBytes":24879898624,"availableMemoryBytes":15319276488,"percentageMemoryUsage":38.4271,"totalSwapBytes":63998783488,"availableSwapBytes":63994318847},{"timestamp":"2021-02-26T09:52:30Z","physicalMemoryBytes":24879898624,"availableMemoryBytes":15320281037,"percentageMemoryUsage":38.4231,"totalSwapBytes":63998783488,"availableSwapBytes":63994318847},{"timestamp":"2021-02-26T08:02:30Z","physicalMemoryBytes":24879898624,"availableMemoryBytes":15261267083,"percentageMemoryUsage":38.6603,"totalSwapBytes":63998783488,"availableSwapBytes":63994318847},{"timestamp":"2021-02-26T06:10:00Z","physicalMemoryBytes":24879898624,"availableMemoryBytes":15283291765,"percentageMemoryUsage":38.5717,"totalSwapBytes":63998783488,"availableSwapBytes":63994318847},{"timestamp":"2021-02-26T04:17:30Z","physicalMemoryBytes":24879898624,"availableMemoryBytes":15289415601,"percentageMemoryUsage":38.5471,"totalSwapBytes":63998783488,"availableSwapBytes":63994318847},{"timestamp":"2021-02-26T02:27:30Z","physicalMemoryBytes":24879898624,"availableMemoryBytes":15307566433,"percentageMemoryUsage":38.4742,"totalSwapBytes":63998783488,"availableSwapBytes":63976791542},{"timestamp":"2021-02-26T00:35:00Z","physicalMemoryBytes":24879898624,"availableMemoryBytes":15288444757,"percentageMemoryUsage":38.551,"totalSwapBytes":63998783488,"availableSwapBytes":63969939456},{"timestamp":"2021-02-25T22:42:30Z","physicalMemoryBytes":24879898624,"availableMemoryBytes":15135224141,"percentageMemoryUsage":39.1669,"totalSwapBytes":63998783488,"availableSwapBytes":63970330147},{"timestamp":"2021-02-25T20:52:30Z","physicalMemoryBytes":24879898624,"availableMemoryBytes":15142808224,"percentageMemoryUsage":39.1364,"totalSwapBytes":63998783488,"availableSwapBytes":63972279010},{"timestamp":"2021-02-25T19:02:30Z","physicalMemoryBytes":24879898624,"availableMemoryBytes":15146691700,"percentageMemoryUsage":39.1208,"totalSwapBytes":63998783488,"availableSwapBytes":63974752511},{"timestamp":"2021-02-25T17:10:00Z","physicalMemoryBytes":24879898624,"availableMemoryBytes":15147780008,"percentageMemoryUsage":39.1164,"totalSwapBytes":63998783488,"availableSwapBytes":63976461518},{"timestamp":"2021-02-25T15:17:30Z","physicalMemoryBytes":24879898624,"availableMemoryBytes":15165414464,"percentageMemoryUsage":39.0455,"totalSwapBytes":63998783488,"availableSwapBytes":63978001221},{"timestamp":"2021-02-25T13:27:30Z","physicalMemoryBytes":24879898624,"availableMemoryBytes":15179326106,"percentageMemoryUsage":38.9896,"totalSwapBytes":63998783488,"availableSwapBytes":63980953270},{"timestamp":"2021-02-25T11:35:00Z","physicalMemoryBytes":24879898624,"availableMemoryBytes":15182351045,"percentageMemoryUsage":38.9774,"totalSwapBytes":63998783488,"availableSwapBytes":63981735936},{"timestamp":"2021-02-25T09:42:30Z","physicalMemoryBytes":24879898624,"availableMemoryBytes":15186905911,"percentageMemoryUsage":38.9591,"totalSwapBytes":63998783488,"availableSwapBytes":63981735936},{"timestamp":"2021-02-25T07:52:30Z","physicalMemoryBytes":24879898624,"availableMemoryBytes":15189605073,"percentageMemoryUsage":38.9483,"totalSwapBytes":63998783488,"availableSwapBytes":63982170478},{"timestamp":"2021-02-25T06:02:30Z","physicalMemoryBytes":24879898624,"availableMemoryBytes":15195699390,"percentageMemoryUsage":38.9238,"totalSwapBytes":63998783488,"availableSwapBytes":63983865222},{"timestamp":"2021-02-25T04:10:00Z","physicalMemoryBytes":24879898624,"availableMemoryBytes":15194987910,"percentageMemoryUsage":38.9266,"totalSwapBytes":63998783488,"availableSwapBytes":63985629681},{"timestamp":"2021-02-25T02:17:30Z","physicalMemoryBytes":24879898624,"availableMemoryBytes":15188536971,"percentageMemoryUsage":38.9526,"totalSwapBytes":63998783488,"availableSwapBytes":63987637205},{"timestamp":"2021-02-25T00:27:30Z","physicalMemoryBytes":24879898624,"availableMemoryBytes":15189129815,"percentageMemoryUsage":38.9502,"totalSwapBytes":63998783488,"availableSwapBytes":63988297731},{"timestamp":"2021-02-24T22:35:00Z","physicalMemoryBytes":24879898624,"availableMemoryBytes":15188010758,"percentageMemoryUsage":38.9547,"totalSwapBytes":63998783488,"availableSwapBytes":63990526108},{"timestamp":"2021-02-24T20:42:30Z","physicalMemoryBytes":24879898624,"availableMemoryBytes":15188052649,"percentageMemoryUsage":38.9545,"totalSwapBytes":63998783488,"availableSwapBytes":63992087965},{"timestamp":"2021-02-24T18:52:30Z","physicalMemoryBytes":24879898624,"availableMemoryBytes":15190912136,"percentageMemoryUsage":38.943,"totalSwapBytes":63998783488,"availableSwapBytes":63993757263},{"timestamp":"2021-02-24T17:02:30Z","physicalMemoryBytes":24879898624,"availableMemoryBytes":15195117428,"percentageMemoryUsage":38.9261,"totalSwapBytes":63998783488,"availableSwapBytes":63994318848},{"timestamp":"2021-02-24T15:10:00Z","physicalMemoryBytes":24879898624,"availableMemoryBytes":15202890057,"percentageMemoryUsage":38.8949,"totalSwapBytes":63998783488,"availableSwapBytes":63995117491},{"timestamp":"2021-02-24T13:17:30Z","physicalMemoryBytes":24879898624,"availableMemoryBytes":15210210971,"percentageMemoryUsage":38.8655,"totalSwapBytes":63998783488,"availableSwapBytes":63996580782},{"timestamp":"2021-02-24T11:27:30Z","physicalMemoryBytes":24879898624,"availableMemoryBytes":15213089640,"percentageMemoryUsage":38.8539,"totalSwapBytes":63998783488,"availableSwapBytes":63997643012},{"timestamp":"2021-02-24T09:35:00Z","physicalMemoryBytes":24879898624,"availableMemoryBytes":15208783953,"percentageMemoryUsage":38.8712,"totalSwapBytes":63998783488,"availableSwapBytes":63997988864},{"timestamp":"2021-02-24T07:42:30Z","physicalMemoryBytes":24879898624,"availableMemoryBytes":15221801592,"percentageMemoryUsage":38.8189,"totalSwapBytes":63998783488,"availableSwapBytes":63997988864},{"timestamp":"2021-02-24T05:52:30Z","physicalMemoryBytes":24879898624,"availableMemoryBytes":15251943440,"percentageMemoryUsage":38.6977,"totalSwapBytes":63998783488,"availableSwapBytes":63998134433},{"timestamp":"2021-02-24T04:00:00Z","physicalMemoryBytes":24879898624,"availableMemoryBytes":15256417674,"percentageMemoryUsage":38.6797,"totalSwapBytes":63998783488,"availableSwapBytes":63998274331},{"timestamp":"2021-02-24T02:07:30Z","physicalMemoryBytes":24879898624,"availableMemoryBytes":15257572228,"percentageMemoryUsage":38.6751,"totalSwapBytes":63998783488,"availableSwapBytes":63998783488},{"timestamp":"2021-02-24T00:17:30Z","physicalMemoryBytes":24879898624,"availableMemoryBytes":15258363004,"percentageMemoryUsage":38.6719,"totalSwapBytes":63998783488,"availableSwapBytes":63998783488},{"timestamp":"2021-02-23T22:27:30Z","physicalMemoryBytes":24879898624,"availableMemoryBytes":15268445414,"percentageMemoryUsage":38.6314,"totalSwapBytes":63998783488,"availableSwapBytes":63998783488},{"timestamp":"2021-02-23T20:35:00Z","physicalMemoryBytes":24879898624,"availableMemoryBytes":15272014583,"percentageMemoryUsage":38.6171,"totalSwapBytes":63998783488,"availableSwapBytes":63998783488},{"timestamp":"2021-02-23T18:42:30Z","physicalMemoryBytes":24879898624,"availableMemoryBytes":15275222401,"percentageMemoryUsage":38.6042,"totalSwapBytes":63998783488,"availableSwapBytes":63998783488},{"timestamp":"2021-02-23T16:52:30Z","physicalMemoryBytes":24879898624,"availableMemoryBytes":15277257617,"percentageMemoryUsage":38.596,"totalSwapBytes":63998783488,"availableSwapBytes":63998783488},{"timestamp":"2021-02-23T15:00:00Z","physicalMemoryBytes":24879898624,"availableMemoryBytes":15296697604,"percentageMemoryUsage":38.5178,"totalSwapBytes":63998783488,"availableSwapBytes":63998783488},{"timestamp":"2021-02-23T13:07:30Z","physicalMemoryBytes":24879898624,"availableMemoryBytes":15321159692,"percentageMemoryUsage":38.4195,"totalSwapBytes":63998783488,"availableSwapBytes":63998783488},{"timestamp":"2021-02-23T11:17:30Z","physicalMemoryBytes":24879898624,"availableMemoryBytes":15318856461,"percentageMemoryUsage":38.4288,"totalSwapBytes":63998783488,"availableSwapBytes":63998783488},{"timestamp":"2021-02-23T09:27:30Z","physicalMemoryBytes":24879898624,"availableMemoryBytes":15326667839,"percentageMemoryUsage":38.3974,"totalSwapBytes":63998783488,"availableSwapBytes":63998783488},{"timestamp":"2021-02-23T07:35:00Z","physicalMemoryBytes":24879898624,"availableMemoryBytes":15347464412,"percentageMemoryUsage":38.3138,"totalSwapBytes":63998783488,"availableSwapBytes":63998783488},{"timestamp":"2021-02-23T05:42:30Z","physicalMemoryBytes":24879898624,"availableMemoryBytes":15367249017,"percentageMemoryUsage":38.2343,"totalSwapBytes":63998783488,"availableSwapBytes":63998783488},{"timestamp":"2021-02-23T03:52:30Z","physicalMemoryBytes":24879898624,"availableMemoryBytes":15375629434,"percentageMemoryUsage":38.2006,"totalSwapBytes":63998783488,"availableSwapBytes":63998783488},{"timestamp":"2021-02-23T02:00:00Z","physicalMemoryBytes":24879898624,"availableMemoryBytes":15382828829,"percentageMemoryUsage":38.1717,"totalSwapBytes":63998783488,"availableSwapBytes":63998783488},{"timestamp":"2021-02-23T00:07:30Z","physicalMemoryBytes":24879898624,"availableMemoryBytes":15386077176,"percentageMemoryUsage":38.1586,"totalSwapBytes":63998783488,"availableSwapBytes":63998783488},{"timestamp":"2021-02-22T22:17:30Z","physicalMemoryBytes":24879898624,"availableMemoryBytes":15407302327,"percentageMemoryUsage":38.0733,"totalSwapBytes":63998783488,"availableSwapBytes":63998783488},{"timestamp":"2021-02-22T20:27:30Z","physicalMemoryBytes":24879898624,"availableMemoryBytes":15481889396,"percentageMemoryUsage":37.7735,"totalSwapBytes":63998783488,"availableSwapBytes":63998783488},{"timestamp":"2021-02-22T18:35:00Z","physicalMemoryBytes":24879898624,"availableMemoryBytes":15632786712,"percentageMemoryUsage":37.167,"totalSwapBytes":63998783488,"availableSwapBytes":63998783488},{"timestamp":"2021-02-22T16:42:30Z","physicalMemoryBytes":24879898624,"availableMemoryBytes":15628244115,"percentageMemoryUsage":37.1853,"totalSwapBytes":63998783488,"availableSwapBytes":63998783488},{"timestamp":"2021-02-22T14:52:30Z","physicalMemoryBytes":11309044829,"availableMemoryBytes":7407141854,"percentageMemoryUsage":15.683,"totalSwapBytes":29090356130,"availableSwapBytes":29090356130},{"timestamp":"2021-02-22T13:00:00Z","physicalMemoryBytes":0,"availableMemoryBytes":0,"percentageMemoryUsage":0.0,"totalSwapBytes":0,"availableSwapBytes":0},{"timestamp":"2021-02-22T11:07:30Z","physicalMemoryBytes":0,"availableMemoryBytes":0,"percentageMemoryUsage":0.0,"totalSwapBytes":0,"availableSwapBytes":0},{"timestamp":"2021-02-22T09:17:30Z","physicalMemoryBytes":0,"availableMemoryBytes":0,"percentageMemoryUsage":0.0,"totalSwapBytes":0,"availableSwapBytes":0},{"timestamp":"2021-02-22T07:27:30Z","physicalMemoryBytes":0,"availableMemoryBytes":0,"percentageMemoryUsage":0.0,"totalSwapBytes":0,"availableSwapBytes":0},{"timestamp":"2021-02-22T05:35:00Z","physicalMemoryBytes":0,"availableMemoryBytes":0,"percentageMemoryUsage":0.0,"totalSwapBytes":0,"availableSwapBytes":0},{"timestamp":"2021-02-22T03:42:30Z","physicalMemoryBytes":0,"availableMemoryBytes":0,"percentageMemoryUsage":0.0,"totalSwapBytes":0,"availableSwapBytes":0},{"timestamp":"2021-02-22T01:52:30Z","physicalMemoryBytes":0,"availableMemoryBytes":0,"percentageMemoryUsage":0.0,"totalSwapBytes":0,"availableSwapBytes":0},{"timestamp":"2021-02-22T00:00:00Z","physicalMemoryBytes":0,"availableMemoryBytes":0,"percentageMemoryUsage":0.0,"totalSwapBytes":0,"availableSwapBytes":0},{"timestamp":"2021-02-21T22:07:30Z","physicalMemoryBytes":0,"availableMemoryBytes":0,"percentageMemoryUsage":0.0,"totalSwapBytes":0,"availableSwapBytes":0},{"timestamp":"2021-02-21T20:17:30Z","physicalMemoryBytes":0,"availableMemoryBytes":0,"percentageMemoryUsage":0.0,"totalSwapBytes":0,"availableSwapBytes":0},{"timestamp":"2021-02-21T18:25:00Z","physicalMemoryBytes":0,"availableMemoryBytes":0,"percentageMemoryUsage":0.0,"totalSwapBytes":0,"availableSwapBytes":0},{"timestamp":"2021-02-21T16:32:30Z","physicalMemoryBytes":0,"availableMemoryBytes":0,"percentageMemoryUsage":0.0,"totalSwapBytes":0,"availableSwapBytes":0},{"timestamp":"2021-02-21T14:42:30Z","physicalMemoryBytes":0,"availableMemoryBytes":0,"percentageMemoryUsage":0.0,"totalSwapBytes":0,"availableSwapBytes":0},{"timestamp":"2021-02-21T12:52:30Z","physicalMemoryBytes":0,"availableMemoryBytes":0,"percentageMemoryUsage":0.0,"totalSwapBytes":0,"availableSwapBytes":0},{"timestamp":"2021-02-21T11:00:00Z","physicalMemoryBytes":0,"availableMemoryBytes":0,"percentageMemoryUsage":0.0,"totalSwapBytes":0,"availableSwapBytes":0},{"timestamp":"2021-02-21T09:07:30Z","physicalMemoryBytes":0,"availableMemoryBytes":0,"percentageMemoryUsage":0.0,"totalSwapBytes":0,"availableSwapBytes":0},{"timestamp":"2021-02-21T07:17:30Z","physicalMemoryBytes":0,"availableMemoryBytes":0,"percentageMemoryUsage":0.0,"totalSwapBytes":0,"availableSwapBytes":0},{"timestamp":"2021-02-21T05:25:00Z","physicalMemoryBytes":0,"availableMemoryBytes":0,"percentageMemoryUsage":0.0,"totalSwapBytes":0,"availableSwapBytes":0},{"timestamp":"2021-02-21T03:32:30Z","physicalMemoryBytes":0,"availableMemoryBytes":0,"percentageMemoryUsage":0.0,"totalSwapBytes":0,"availableSwapBytes":0},{"timestamp":"2021-02-21T01:42:30Z","physicalMemoryBytes":0,"availableMemoryBytes":0,"percentageMemoryUsage":0.0,"totalSwapBytes":0,"availableSwapBytes":0},{"timestamp":"2021-02-20T23:52:30Z","physicalMemoryBytes":0,"availableMemoryBytes":0,"percentageMemoryUsage":0.0,"totalSwapBytes":0,"availableSwapBytes":0},{"timestamp":"2021-02-20T22:00:00Z","physicalMemoryBytes":0,"availableMemoryBytes":0,"percentageMemoryUsage":0.0,"totalSwapBytes":0,"availableSwapBytes":0},{"timestamp":"2021-02-20T20:07:30Z","physicalMemoryBytes":0,"availableMemoryBytes":0,"percentageMemoryUsage":0.0,"totalSwapBytes":0,"availableSwapBytes":0},{"timestamp":"2021-02-20T18:17:30Z","physicalMemoryBytes":0,"availableMemoryBytes":0,"percentageMemoryUsage":0.0,"totalSwapBytes":0,"availableSwapBytes":0},{"timestamp":"2021-02-20T16:25:00Z","physicalMemoryBytes":0,"availableMemoryBytes":0,"percentageMemoryUsage":0.0,"totalSwapBytes":0,"availableSwapBytes":0},{"timestamp":"2021-02-20T14:32:30Z","physicalMemoryBytes":0,"availableMemoryBytes":0,"percentageMemoryUsage":0.0,"totalSwapBytes":0,"availableSwapBytes":0},{"timestamp":"2021-02-20T12:42:30Z","physicalMemoryBytes":0,"availableMemoryBytes":0,"percentageMemoryUsage":0.0,"totalSwapBytes":0,"availableSwapBytes":0},{"timestamp":"2021-02-20T10:52:30Z","physicalMemoryBytes":0,"availableMemoryBytes":0,"percentageMemoryUsage":0.0,"totalSwapBytes":0,"availableSwapBytes":0},{"timestamp":"2021-02-20T09:00:00Z","physicalMemoryBytes":0,"availableMemoryBytes":0,"percentageMemoryUsage":0.0,"totalSwapBytes":0,"availableSwapBytes":0},{"timestamp":"2021-02-20T07:07:30Z","physicalMemoryBytes":0,"availableMemoryBytes":0,"percentageMemoryUsage":0.0,"totalSwapBytes":0,"availableSwapBytes":0},{"timestamp":"2021-02-20T05:17:30Z","physicalMemoryBytes":0,"availableMemoryBytes":0,"percentageMemoryUsage":0.0,"totalSwapBytes":0,"availableSwapBytes":0},{"timestamp":"2021-02-20T03:25:00Z","physicalMemoryBytes":0,"availableMemoryBytes":0,"percentageMemoryUsage":0.0,"totalSwapBytes":0,"availableSwapBytes":0},{"timestamp":"2021-02-20T01:32:30Z","physicalMemoryBytes":0,"availableMemoryBytes":0,"percentageMemoryUsage":0.0,"totalSwapBytes":0,"availableSwapBytes":0},{"timestamp":"2021-02-19T23:42:30Z","physicalMemoryBytes":0,"availableMemoryBytes":0,"percentageMemoryUsage":0.0,"totalSwapBytes":0,"availableSwapBytes":0},{"timestamp":"2021-02-19T21:52:30Z","physicalMemoryBytes":0,"availableMemoryBytes":0,"percentageMemoryUsage":0.0,"totalSwapBytes":0,"availableSwapBytes":0},{"timestamp":"2021-02-19T20:00:00Z","physicalMemoryBytes":0,"availableMemoryBytes":0,"percentageMemoryUsage":0.0,"totalSwapBytes":0,"availableSwapBytes":0},{"timestamp":"2021-02-19T18:07:30Z","physicalMemoryBytes":0,"availableMemoryBytes":0,"percentageMemoryUsage":0.0,"totalSwapBytes":0,"availableSwapBytes":0},{"timestamp":"2021-02-19T16:17:30Z","physicalMemoryBytes":0,"availableMemoryBytes":0,"percentageMemoryUsage":0.0,"totalSwapBytes":0,"availableSwapBytes":0},{"timestamp":"2021-02-19T14:25:00Z","physicalMemoryBytes":0,"availableMemoryBytes":0,"percentageMemoryUsage":0.0,"totalSwapBytes":0,"availableSwapBytes":0},{"timestamp":"2021-02-19T12:32:30Z","physicalMemoryBytes":0,"availableMemoryBytes":0,"percentageMemoryUsage":0.0,"totalSwapBytes":0,"availableSwapBytes":0},{"timestamp":"2021-02-19T10:42:30Z","physicalMemoryBytes":0,"availableMemoryBytes":0,"percentageMemoryUsage":0.0,"totalSwapBytes":0,"availableSwapBytes":0},{"timestamp":"2021-02-19T08:50:00Z","physicalMemoryBytes":0,"availableMemoryBytes":0,"percentageMemoryUsage":0.0,"totalSwapBytes":0,"availableSwapBytes":0},{"timestamp":"2021-02-19T06:57:30Z","physicalMemoryBytes":0,"availableMemoryBytes":0,"percentageMemoryUsage":0.0,"totalSwapBytes":0,"availableSwapBytes":0},{"timestamp":"2021-02-19T05:07:30Z","physicalMemoryBytes":0,"availableMemoryBytes":0,"percentageMemoryUsage":0.0,"totalSwapBytes":0,"availableSwapBytes":0},{"timestamp":"2021-02-19T03:17:30Z","physicalMemoryBytes":0,"availableMemoryBytes":0,"percentageMemoryUsage":0.0,"totalSwapBytes":0,"availableSwapBytes":0},{"timestamp":"2021-02-19T01:25:00Z","physicalMemoryBytes":0,"availableMemoryBytes":0,"percentageMemoryUsage":0.0,"totalSwapBytes":0,"availableSwapBytes":0},{"timestamp":"2021-02-18T23:32:30Z","physicalMemoryBytes":0,"availableMemoryBytes":0,"percentageMemoryUsage":0.0,"totalSwapBytes":0,"availableSwapBytes":0},{"timestamp":"2021-02-18T21:42:30Z","physicalMemoryBytes":0,"availableMemoryBytes":0,"percentageMemoryUsage":0.0,"totalSwapBytes":0,"availableSwapBytes":0},{"timestamp":"2021-02-18T19:50:00Z","physicalMemoryBytes":0,"availableMemoryBytes":0,"percentageMemoryUsage":0.0,"totalSwapBytes":0,"availableSwapBytes":0},{"timestamp":"2021-02-18T17:57:30Z","physicalMemoryBytes":0,"availableMemoryBytes":0,"percentageMemoryUsage":0.0,"totalSwapBytes":0,"availableSwapBytes":0},{"timestamp":"2021-02-18T16:07:30Z","physicalMemoryBytes":0,"availableMemoryBytes":0,"percentageMemoryUsage":0.0,"totalSwapBytes":0,"availableSwapBytes":0},{"timestamp":"2021-02-18T14:17:30Z","physicalMemoryBytes":0,"availableMemoryBytes":0,"percentageMemoryUsage":0.0,"totalSwapBytes":0,"availableSwapBytes":0},{"timestamp":"2021-02-18T12:25:00Z","physicalMemoryBytes":0,"availableMemoryBytes":0,"percentageMemoryUsage":0.0,"totalSwapBytes":0,"availableSwapBytes":0},{"timestamp":"2021-02-18T10:32:30Z","physicalMemoryBytes":0,"availableMemoryBytes":0,"percentageMemoryUsage":0.0,"totalSwapBytes":0,"availableSwapBytes":0},{"timestamp":"2021-02-18T08:42:30Z","physicalMemoryBytes":0,"availableMemoryBytes":0,"percentageMemoryUsage":0.0,"totalSwapBytes":0,"availableSwapBytes":0},{"timestamp":"2021-02-18T06:50:00Z","physicalMemoryBytes":0,"availableMemoryBytes":0,"percentageMemoryUsage":0.0,"totalSwapBytes":0,"availableSwapBytes":0},{"timestamp":"2021-02-18T04:57:30Z","physicalMemoryBytes":0,"availableMemoryBytes":0,"percentageMemoryUsage":0.0,"totalSwapBytes":0,"availableSwapBytes":0},{"timestamp":"2021-02-18T03:07:30Z","physicalMemoryBytes":0,"availableMemoryBytes":0,"percentageMemoryUsage":0.0,"totalSwapBytes":0,"availableSwapBytes":0},{"timestamp":"2021-02-18T01:17:30Z","physicalMemoryBytes":0,"availableMemoryBytes":0,"percentageMemoryUsage":0.0,"totalSwapBytes":0,"availableSwapBytes":0},{"timestamp":"2021-02-17T23:25:00Z","physicalMemoryBytes":0,"availableMemoryBytes":0,"percentageMemoryUsage":0.0,"totalSwapBytes":0,"availableSwapBytes":0},{"timestamp":"2021-02-17T21:32:30Z","physicalMemoryBytes":0,"availableMemoryBytes":0,"percentageMemoryUsage":0.0,"totalSwapBytes":0,"availableSwapBytes":0},{"timestamp":"2021-02-17T19:42:30Z","physicalMemoryBytes":0,"availableMemoryBytes":0,"percentageMemoryUsage":0.0,"totalSwapBytes":0,"availableSwapBytes":0},{"timestamp":"2021-02-17T17:50:00Z","physicalMemoryBytes":0,"availableMemoryBytes":0,"percentageMemoryUsage":0.0,"totalSwapBytes":0,"availableSwapBytes":0},{"timestamp":"2021-02-17T15:57:30Z","physicalMemoryBytes":0,"availableMemoryBytes":0,"percentageMemoryUsage":0.0,"totalSwapBytes":0,"availableSwapBytes":0},{"timestamp":"2021-02-17T14:07:30Z","physicalMemoryBytes":0,"availableMemoryBytes":0,"percentageMemoryUsage":0.0,"totalSwapBytes":0,"availableSwapBytes":0},{"timestamp":"2021-02-17T12:17:30Z","physicalMemoryBytes":0,"availableMemoryBytes":0,"percentageMemoryUsage":0.0,"totalSwapBytes":0,"availableSwapBytes":0},{"timestamp":"2021-02-17T10:25:00Z","physicalMemoryBytes":0,"availableMemoryBytes":0,"percentageMemoryUsage":0.0,"totalSwapBytes":0,"availableSwapBytes":0},{"timestamp":"2021-02-17T08:32:30Z","physicalMemoryBytes":0,"availableMemoryBytes":0,"percentageMemoryUsage":0.0,"totalSwapBytes":0,"availableSwapBytes":0},{"timestamp":"2021-02-17T06:42:30Z","physicalMemoryBytes":0,"availableMemoryBytes":0,"percentageMemoryUsage":0.0,"totalSwapBytes":0,"availableSwapBytes":0},{"timestamp":"2021-02-17T04:50:00Z","physicalMemoryBytes":0,"availableMemoryBytes":0,"percentageMemoryUsage":0.0,"totalSwapBytes":0,"availableSwapBytes":0},{"timestamp":"2021-02-17T02:57:30Z","physicalMemoryBytes":0,"availableMemoryBytes":0,"percentageMemoryUsage":0.0,"totalSwapBytes":0,"availableSwapBytes":0},{"timestamp":"2021-02-17T01:07:30Z","physicalMemoryBytes":0,"availableMemoryBytes":0,"percentageMemoryUsage":0.0,"totalSwapBytes":0,"availableSwapBytes":0},{"timestamp":"2021-02-16T23:15:00Z","physicalMemoryBytes":0,"availableMemoryBytes":0,"percentageMemoryUsage":0.0,"totalSwapBytes":0,"availableSwapBytes":0},{"timestamp":"2021-02-16T21:22:30Z","physicalMemoryBytes":0,"availableMemoryBytes":0,"percentageMemoryUsage":0.0,"totalSwapBytes":0,"availableSwapBytes":0},{"timestamp":"2021-02-16T19:32:30Z","physicalMemoryBytes":0,"availableMemoryBytes":0,"percentageMemoryUsage":0.0,"totalSwapBytes":0,"availableSwapBytes":0},{"timestamp":"2021-02-16T17:42:30Z","physicalMemoryBytes":0,"availableMemoryBytes":0,"percentageMemoryUsage":0.0,"totalSwapBytes":0,"availableSwapBytes":0},{"timestamp":"2021-02-16T15:50:00Z","physicalMemoryBytes":0,"availableMemoryBytes":0,"percentageMemoryUsage":0.0,"totalSwapBytes":0,"availableSwapBytes":0},{"timestamp":"2021-02-16T13:57:30Z","physicalMemoryBytes":0,"availableMemoryBytes":0,"percentageMemoryUsage":0.0,"totalSwapBytes":0,"availableSwapBytes":0},{"timestamp":"2021-02-16T12:07:30Z","physicalMemoryBytes":0,"availableMemoryBytes":0,"percentageMemoryUsage":0.0,"totalSwapBytes":0,"availableSwapBytes":0},{"timestamp":"2021-02-16T10:15:00Z","physicalMemoryBytes":0,"availableMemoryBytes":0,"percentageMemoryUsage":0.0,"totalSwapBytes":0,"availableSwapBytes":0},{"timestamp":"2021-02-16T08:22:30Z","physicalMemoryBytes":0,"availableMemoryBytes":0,"percentageMemoryUsage":0.0,"totalSwapBytes":0,"availableSwapBytes":0},{"timestamp":"2021-02-16T06:32:30Z","physicalMemoryBytes":0,"availableMemoryBytes":0,"percentageMemoryUsage":0.0,"totalSwapBytes":0,"availableSwapBytes":0},{"timestamp":"2021-02-16T04:42:30Z","physicalMemoryBytes":0,"availableMemoryBytes":0,"percentageMemoryUsage":0.0,"totalSwapBytes":0,"availableSwapBytes":0},{"timestamp":"2021-02-16T02:50:00Z","physicalMemoryBytes":0,"availableMemoryBytes":0,"percentageMemoryUsage":0.0,"totalSwapBytes":0,"availableSwapBytes":0},{"timestamp":"2021-02-16T00:57:30Z","physicalMemoryBytes":0,"availableMemoryBytes":0,"percentageMemoryUsage":0.0,"totalSwapBytes":0,"availableSwapBytes":0},{"timestamp":"2021-02-15T23:07:30Z","physicalMemoryBytes":0,"availableMemoryBytes":0,"percentageMemoryUsage":0.0,"totalSwapBytes":0,"availableSwapBytes":0},{"timestamp":"2021-02-15T21:15:00Z","physicalMemoryBytes":0,"availableMemoryBytes":0,"percentageMemoryUsage":0.0,"totalSwapBytes":0,"availableSwapBytes":0},{"timestamp":"2021-02-15T19:22:30Z","physicalMemoryBytes":0,"availableMemoryBytes":0,"percentageMemoryUsage":0.0,"totalSwapBytes":0,"availableSwapBytes":0},{"timestamp":"2021-02-15T17:32:30Z","physicalMemoryBytes":0,"availableMemoryBytes":0,"percentageMemoryUsage":0.0,"totalSwapBytes":0,"availableSwapBytes":0},{"timestamp":"2021-02-15T15:42:30Z","physicalMemoryBytes":0,"availableMemoryBytes":0,"percentageMemoryUsage":0.0,"totalSwapBytes":0,"availableSwapBytes":0},{"timestamp":"2021-02-15T13:50:00Z","physicalMemoryBytes":0,"availableMemoryBytes":0,"percentageMemoryUsage":0.0,"totalSwapBytes":0,"availableSwapBytes":0},{"timestamp":"2021-02-15T11:57:30Z","physicalMemoryBytes":0,"availableMemoryBytes":0,"percentageMemoryUsage":0.0,"totalSwapBytes":0,"availableSwapBytes":0},{"timestamp":"2021-02-15T10:07:30Z","physicalMemoryBytes":0,"availableMemoryBytes":0,"percentageMemoryUsage":0.0,"totalSwapBytes":0,"availableSwapBytes":0},{"timestamp":"2021-02-15T08:15:00Z","physicalMemoryBytes":0,"availableMemoryBytes":0,"percentageMemoryUsage":0.0,"totalSwapBytes":0,"availableSwapBytes":0},{"timestamp":"2021-02-15T06:22:30Z","physicalMemoryBytes":0,"availableMemoryBytes":0,"percentageMemoryUsage":0.0,"totalSwapBytes":0,"availableSwapBytes":0},{"timestamp":"2021-02-15T04:32:30Z","physicalMemoryBytes":0,"availableMemoryBytes":0,"percentageMemoryUsage":0.0,"totalSwapBytes":0,"availableSwapBytes":0},{"timestamp":"2021-02-15T02:42:30Z","physicalMemoryBytes":0,"availableMemoryBytes":0,"percentageMemoryUsage":0.0,"totalSwapBytes":0,"availableSwapBytes":0},{"timestamp":"2021-02-15T00:50:00Z","physicalMemoryBytes":0,"availableMemoryBytes":0,"percentageMemoryUsage":0.0,"totalSwapBytes":0,"availableSwapBytes":0},{"timestamp":"2021-02-14T22:57:30Z","physicalMemoryBytes":0,"availableMemoryBytes":0,"percentageMemoryUsage":0.0,"totalSwapBytes":0,"availableSwapBytes":0},{"timestamp":"2021-02-14T21:07:30Z","physicalMemoryBytes":0,"availableMemoryBytes":0,"percentageMemoryUsage":0.0,"totalSwapBytes":0,"availableSwapBytes":0},{"timestamp":"2021-02-14T19:15:00Z","physicalMemoryBytes":0,"availableMemoryBytes":0,"percentageMemoryUsage":0.0,"totalSwapBytes":0,"availableSwapBytes":0},{"timestamp":"2021-02-14T17:22:30Z","physicalMemoryBytes":0,"availableMemoryBytes":0,"percentageMemoryUsage":0.0,"totalSwapBytes":0,"availableSwapBytes":0},{"timestamp":"2021-02-14T15:32:30Z","physicalMemoryBytes":0,"availableMemoryBytes":0,"percentageMemoryUsage":0.0,"totalSwapBytes":0,"availableSwapBytes":0},{"timestamp":"2021-02-14T13:40:00Z","physicalMemoryBytes":0,"availableMemoryBytes":0,"percentageMemoryUsage":0.0,"totalSwapBytes":0,"availableSwapBytes":0},{"timestamp":"2021-02-14T11:47:30Z","physicalMemoryBytes":0,"availableMemoryBytes":0,"percentageMemoryUsage":0.0,"totalSwapBytes":0,"availableSwapBytes":0},{"timestamp":"2021-02-14T09:57:30Z","physicalMemoryBytes":0,"availableMemoryBytes":0,"percentageMemoryUsage":0.0,"totalSwapBytes":0,"availableSwapBytes":0},{"timestamp":"2021-02-14T08:07:30Z","physicalMemoryBytes":0,"availableMemoryBytes":0,"percentageMemoryUsage":0.0,"totalSwapBytes":0,"availableSwapBytes":0},{"timestamp":"2021-02-14T06:15:00Z","physicalMemoryBytes":0,"availableMemoryBytes":0,"percentageMemoryUsage":0.0,"totalSwapBytes":0,"availableSwapBytes":0},{"timestamp":"2021-02-14T04:22:30Z","physicalMemoryBytes":0,"availableMemoryBytes":0,"percentageMemoryUsage":0.0,"totalSwapBytes":0,"availableSwapBytes":0},{"timestamp":"2021-02-14T02:32:30Z","physicalMemoryBytes":0,"availableMemoryBytes":0,"percentageMemoryUsage":0.0,"totalSwapBytes":0,"availableSwapBytes":0},{"timestamp":"2021-02-14T00:40:00Z","physicalMemoryBytes":0,"availableMemoryBytes":0,"percentageMemoryUsage":0.0,"totalSwapBytes":0,"availableSwapBytes":0},{"timestamp":"2021-02-13T22:47:30Z","physicalMemoryBytes":0,"availableMemoryBytes":0,"percentageMemoryUsage":0.0,"totalSwapBytes":0,"availableSwapBytes":0},{"timestamp":"2021-02-13T20:57:30Z","physicalMemoryBytes":0,"availableMemoryBytes":0,"percentageMemoryUsage":0.0,"totalSwapBytes":0,"availableSwapBytes":0},{"timestamp":"2021-02-13T19:07:30Z","physicalMemoryBytes":0,"availableMemoryBytes":0,"percentageMemoryUsage":0.0,"totalSwapBytes":0,"availableSwapBytes":0},{"timestamp":"2021-02-13T17:15:00Z","physicalMemoryBytes":0,"availableMemoryBytes":0,"percentageMemoryUsage":0.0,"totalSwapBytes":0,"availableSwapBytes":0},{"timestamp":"2021-02-13T15:22:30Z","physicalMemoryBytes":0,"availableMemoryBytes":0,"percentageMemoryUsage":0.0,"totalSwapBytes":0,"availableSwapBytes":0},{"timestamp":"2021-02-13T13:32:30Z","physicalMemoryBytes":0,"availableMemoryBytes":0,"percentageMemoryUsage":0.0,"totalSwapBytes":0,"availableSwapBytes":0},{"timestamp":"2021-02-13T11:40:00Z","physicalMemoryBytes":0,"availableMemoryBytes":0,"percentageMemoryUsage":0.0,"totalSwapBytes":0,"availableSwapBytes":0},{"timestamp":"2021-02-13T09:47:30Z","physicalMemoryBytes":0,"availableMemoryBytes":0,"percentageMemoryUsage":0.0,"totalSwapBytes":0,"availableSwapBytes":0},{"timestamp":"2021-02-13T07:57:30Z","physicalMemoryBytes":0,"availableMemoryBytes":0,"percentageMemoryUsage":0.0,"totalSwapBytes":0,"availableSwapBytes":0},{"timestamp":"2021-02-13T06:07:30Z","physicalMemoryBytes":0,"availableMemoryBytes":0,"percentageMemoryUsage":0.0,"totalSwapBytes":0,"availableSwapBytes":0},{"timestamp":"2021-02-13T04:10:39Z","physicalMemoryBytes":21634701579,"availableMemoryBytes":13250326156,"percentageMemoryUsage":33.6994,"totalSwapBytes":55651116076,"availableSwapBytes":55508665125},{"timestamp":"2021-02-13T02:17:30Z","physicalMemoryBytes":24879906816,"availableMemoryBytes":15243749719,"percentageMemoryUsage":38.7307,"totalSwapBytes":63998783488,"availableSwapBytes":63835349612},{"timestamp":"2021-02-13T00:27:30Z","physicalMemoryBytes":24879906816,"availableMemoryBytes":15260891317,"percentageMemoryUsage":38.6618,"totalSwapBytes":63998783488,"availableSwapBytes":63836459951},{"timestamp":"2021-02-12T22:35:00Z","physicalMemoryBytes":24879906816,"availableMemoryBytes":15255365690,"percentageMemoryUsage":38.684,"totalSwapBytes":63998783488,"availableSwapBytes":63837752417},{"timestamp":"2021-02-12T20:42:30Z","physicalMemoryBytes":24879906816,"availableMemoryBytes":15252702709,"percentageMemoryUsage":38.6947,"totalSwapBytes":63998783488,"availableSwapBytes":63838539825},{"timestamp":"2021-02-12T18:52:30Z","physicalMemoryBytes":24879906816,"availableMemoryBytes":15254410206,"percentageMemoryUsage":38.6878,"totalSwapBytes":63998783488,"availableSwapBytes":63839015461},{"timestamp":"2021-02-12T17:02:30Z","physicalMemoryBytes":24879906816,"availableMemoryBytes":15261063272,"percentageMemoryUsage":38.6611,"totalSwapBytes":63998783488,"availableSwapBytes":63840486837},{"timestamp":"2021-02-12T15:10:00Z","physicalMemoryBytes":24879906816,"availableMemoryBytes":15264289022,"percentageMemoryUsage":38.6481,"totalSwapBytes":63998783488,"availableSwapBytes":63841481702},{"timestamp":"2021-02-12T13:17:30Z","physicalMemoryBytes":24879906816,"availableMemoryBytes":15264186695,"percentageMemoryUsage":38.6485,"totalSwapBytes":63998783488,"availableSwapBytes":63842264652},{"timestamp":"2021-02-12T11:27:30Z","physicalMemoryBytes":24879906816,"availableMemoryBytes":15250118762,"percentageMemoryUsage":38.7051,"totalSwapBytes":63998783488,"availableSwapBytes":63842283520},{"timestamp":"2021-02-12T09:35:00Z","physicalMemoryBytes":24879906816,"availableMemoryBytes":15266696520,"percentageMemoryUsage":38.6384,"totalSwapBytes":63998783488,"availableSwapBytes":63842288649},{"timestamp":"2021-02-12T07:42:30Z","physicalMemoryBytes":24879906816,"availableMemoryBytes":15272341349,"percentageMemoryUsage":38.6158,"totalSwapBytes":63998783488,"availableSwapBytes":63843222871},{"timestamp":"2021-02-12T05:52:30Z","physicalMemoryBytes":24879906816,"availableMemoryBytes":15272668328,"percentageMemoryUsage":38.6144,"totalSwapBytes":63998783488,"availableSwapBytes":63846080632},{"timestamp":"2021-02-12T04:00:00Z","physicalMemoryBytes":24879906816,"availableMemoryBytes":15268668477,"percentageMemoryUsage":38.6305,"totalSwapBytes":63998783488,"availableSwapBytes":63848050688},{"timestamp":"2021-02-12T02:07:30Z","physicalMemoryBytes":24879906816,"availableMemoryBytes":15249381449,"percentageMemoryUsage":38.708,"totalSwapBytes":63998783488,"availableSwapBytes":63850955123},{"timestamp":"2021-02-12T00:17:30Z","physicalMemoryBytes":24879906816,"availableMemoryBytes":15257359779,"percentageMemoryUsage":38.676,"totalSwapBytes":63998783488,"availableSwapBytes":63853222357},{"timestamp":"2021-02-11T22:27:30Z","physicalMemoryBytes":24879906816,"availableMemoryBytes":15261966154,"percentageMemoryUsage":38.6575,"totalSwapBytes":63998783488,"availableSwapBytes":63854283870},{"timestamp":"2021-02-11T20:35:00Z","physicalMemoryBytes":24879906816,"availableMemoryBytes":15263037329,"percentageMemoryUsage":38.6532,"totalSwapBytes":63998783488,"availableSwapBytes":63855039864},{"timestamp":"2021-02-11T18:42:30Z","physicalMemoryBytes":24879906816,"availableMemoryBytes":15248497466,"percentageMemoryUsage":38.7116,"totalSwapBytes":63998783488,"availableSwapBytes":63855072373},{"timestamp":"2021-02-11T16:52:30Z","physicalMemoryBytes":24879906816,"availableMemoryBytes":15268130701,"percentageMemoryUsage":38.6327,"totalSwapBytes":63998783488,"availableSwapBytes":63856466503},{"timestamp":"2021-02-11T15:00:00Z","physicalMemoryBytes":24879906816,"availableMemoryBytes":15264658526,"percentageMemoryUsage":38.6466,"totalSwapBytes":63998783488,"availableSwapBytes":63856976500},{"timestamp":"2021-02-11T13:07:30Z","physicalMemoryBytes":24879906816,"availableMemoryBytes":15269913358,"percentageMemoryUsage":38.6255,"totalSwapBytes":63998783488,"availableSwapBytes":63857759548},{"timestamp":"2021-02-11T11:17:30Z","physicalMemoryBytes":24879906816,"availableMemoryBytes":15259729569,"percentageMemoryUsage":38.6665,"totalSwapBytes":63998783488,"availableSwapBytes":63857590345},{"timestamp":"2021-02-11T09:27:30Z","physicalMemoryBytes":24879906816,"availableMemoryBytes":15280537509,"percentageMemoryUsage":38.5828,"totalSwapBytes":63998783488,"availableSwapBytes":63857404064},{"timestamp":"2021-02-11T07:35:00Z","physicalMemoryBytes":24879906816,"availableMemoryBytes":15281542960,"percentageMemoryUsage":38.5788,"totalSwapBytes":63998783488,"availableSwapBytes":63857891535},{"timestamp":"2021-02-11T05:42:30Z","physicalMemoryBytes":24879906816,"availableMemoryBytes":15281000029,"percentageMemoryUsage":38.581,"totalSwapBytes":63998783488,"availableSwapBytes":63858260004},{"timestamp":"2021-02-11T03:52:30Z","physicalMemoryBytes":24879906816,"availableMemoryBytes":15272030507,"percentageMemoryUsage":38.617,"totalSwapBytes":63998783488,"availableSwapBytes":63858390878},{"timestamp":"2021-02-11T02:00:00Z","physicalMemoryBytes":24879906816,"availableMemoryBytes":15269676345,"percentageMemoryUsage":38.6265,"totalSwapBytes":63998783488,"availableSwapBytes":63859476597},{"timestamp":"2021-02-11T00:07:30Z","physicalMemoryBytes":24879906816,"availableMemoryBytes":15274355116,"percentageMemoryUsage":38.6077,"totalSwapBytes":63998783488,"availableSwapBytes":63860527706},{"timestamp":"2021-02-10T22:17:30Z","physicalMemoryBytes":24879906816,"availableMemoryBytes":15274493897,"percentageMemoryUsage":38.6071,"totalSwapBytes":63998783488,"availableSwapBytes":63861969384},{"timestamp":"2021-02-10T20:27:30Z","physicalMemoryBytes":24879906816,"availableMemoryBytes":15279517614,"percentageMemoryUsage":38.5869,"totalSwapBytes":63998783488,"availableSwapBytes":63862862972},{"timestamp":"2021-02-10T18:35:00Z","physicalMemoryBytes":24879906816,"availableMemoryBytes":15270413650,"percentageMemoryUsage":38.6235,"totalSwapBytes":63998783488,"availableSwapBytes":63863399218},{"timestamp":"2021-02-10T16:42:30Z","physicalMemoryBytes":24879906816,"availableMemoryBytes":15277822514,"percentageMemoryUsage":38.5937,"totalSwapBytes":63998783488,"availableSwapBytes":63864907738},{"timestamp":"2021-02-10T14:52:30Z","physicalMemoryBytes":24879906816,"availableMemoryBytes":15279786040,"percentageMemoryUsage":38.5858,"totalSwapBytes":63998783488,"availableSwapBytes":63865771026},{"timestamp":"2021-02-10T13:00:00Z","physicalMemoryBytes":24879906816,"availableMemoryBytes":15287164812,"percentageMemoryUsage":38.5562,"totalSwapBytes":63998783488,"availableSwapBytes":63865876480},{"timestamp":"2021-02-10T11:07:30Z","physicalMemoryBytes":24879906816,"availableMemoryBytes":15271340709,"percentageMemoryUsage":38.6198,"totalSwapBytes":63998783488,"availableSwapBytes":63865889984},{"timestamp":"2021-02-10T09:17:30Z","physicalMemoryBytes":24879906816,"availableMemoryBytes":15287833323,"percentageMemoryUsage":38.5535,"totalSwapBytes":63998783488,"availableSwapBytes":63866327408},{"timestamp":"2021-02-10T07:27:30Z","physicalMemoryBytes":24879906816,"availableMemoryBytes":15279725394,"percentageMemoryUsage":38.5861,"totalSwapBytes":63998783488,"availableSwapBytes":63867475636},{"timestamp":"2021-02-10T05:35:00Z","physicalMemoryBytes":24879906816,"availableMemoryBytes":15286046749,"percentageMemoryUsage":38.5607,"totalSwapBytes":63998783488,"availableSwapBytes":63868278516},{"timestamp":"2021-02-10T03:42:30Z","physicalMemoryBytes":24879906816,"availableMemoryBytes":15283399081,"percentageMemoryUsage":38.5713,"totalSwapBytes":63998783488,"availableSwapBytes":63868760064},{"timestamp":"2021-02-10T01:52:30Z","physicalMemoryBytes":24879906816,"availableMemoryBytes":15268449116,"percentageMemoryUsage":38.6314,"totalSwapBytes":63998783488,"availableSwapBytes":63869624543},{"timestamp":"2021-02-10T00:00:00Z","physicalMemoryBytes":24879906816,"availableMemoryBytes":15274538017,"percentageMemoryUsage":38.6069,"totalSwapBytes":63998783488,"availableSwapBytes":63871183566},{"timestamp":"2021-02-09T22:07:30Z","physicalMemoryBytes":24879906816,"availableMemoryBytes":15275155723,"percentageMemoryUsage":38.6044,"totalSwapBytes":63998783488,"availableSwapBytes":63873349569},{"timestamp":"2021-02-09T20:17:30Z","physicalMemoryBytes":24879906816,"availableMemoryBytes":15275382456,"percentageMemoryUsage":38.6035,"totalSwapBytes":63998783488,"availableSwapBytes":63875523776},{"timestamp":"2021-02-09T18:25:00Z","physicalMemoryBytes":24879906816,"availableMemoryBytes":15272718997,"percentageMemoryUsage":38.6142,"totalSwapBytes":63998783488,"availableSwapBytes":63875790273},{"timestamp":"2021-02-09T16:32:30Z","physicalMemoryBytes":24879906816,"availableMemoryBytes":15284685517,"percentageMemoryUsage":38.5661,"totalSwapBytes":63998783488,"availableSwapBytes":63877391152},{"timestamp":"2021-02-09T14:42:30Z","physicalMemoryBytes":24879906816,"availableMemoryBytes":15290249768,"percentageMemoryUsage":38.5438,"totalSwapBytes":63998783488,"availableSwapBytes":63879226761},{"timestamp":"2021-02-09T12:52:30Z","physicalMemoryBytes":24879906816,"availableMemoryBytes":15291860736,"percentageMemoryUsage":38.5373,"totalSwapBytes":63998783488,"availableSwapBytes":63880020535},{"timestamp":"2021-02-09T11:00:00Z","physicalMemoryBytes":24879906816,"availableMemoryBytes":15281782129,"percentageMemoryUsage":38.5778,"totalSwapBytes":63998783488,"availableSwapBytes":63880032256},{"timestamp":"2021-02-09T09:07:30Z","physicalMemoryBytes":24879906816,"availableMemoryBytes":15298351739,"percentageMemoryUsage":38.5112,"totalSwapBytes":63998783488,"availableSwapBytes":63880271164},{"timestamp":"2021-02-09T07:17:30Z","physicalMemoryBytes":24879906816,"availableMemoryBytes":15297724803,"percentageMemoryUsage":38.5137,"totalSwapBytes":63998783488,"availableSwapBytes":63881353104},{"timestamp":"2021-02-09T05:25:00Z","physicalMemoryBytes":24879906816,"availableMemoryBytes":15303044273,"percentageMemoryUsage":38.4924,"totalSwapBytes":63998783488,"availableSwapBytes":63883047291},{"timestamp":"2021-02-09T03:32:30Z","physicalMemoryBytes":24879906816,"availableMemoryBytes":15299828542,"percentageMemoryUsage":38.5053,"totalSwapBytes":63998783488,"availableSwapBytes":63883440128},{"timestamp":"2021-02-09T01:42:30Z","physicalMemoryBytes":24879906816,"availableMemoryBytes":15282227620,"percentageMemoryUsage":38.576,"totalSwapBytes":63998783488,"availableSwapBytes":63886073284},{"timestamp":"2021-02-08T23:52:30Z","physicalMemoryBytes":24879906816,"availableMemoryBytes":15288942336,"percentageMemoryUsage":38.549,"totalSwapBytes":63998783488,"availableSwapBytes":63888085837},{"timestamp":"2021-02-08T22:00:00Z","physicalMemoryBytes":24879906816,"availableMemoryBytes":15294276902,"percentageMemoryUsage":38.5276,"totalSwapBytes":63998783488,"availableSwapBytes":63889557389},{"timestamp":"2021-02-08T20:07:30Z","physicalMemoryBytes":24879906816,"availableMemoryBytes":15298438647,"percentageMemoryUsage":38.5109,"totalSwapBytes":63998783488,"availableSwapBytes":63890255872},{"timestamp":"2021-02-08T18:17:30Z","physicalMemoryBytes":24879906816,"availableMemoryBytes":15294825504,"percentageMemoryUsage":38.5254,"totalSwapBytes":63998783488,"availableSwapBytes":63891727850},{"timestamp":"2021-02-08T16:25:00Z","physicalMemoryBytes":24879906816,"availableMemoryBytes":15297955462,"percentageMemoryUsage":38.5128,"totalSwapBytes":63998783488,"availableSwapBytes":63895927685},{"timestamp":"2021-02-08T14:32:30Z","physicalMemoryBytes":24879906816,"availableMemoryBytes":15293857113,"percentageMemoryUsage":38.5293,"totalSwapBytes":63998783488,"availableSwapBytes":63899377685},{"timestamp":"2021-02-08T12:42:30Z","physicalMemoryBytes":24879906816,"availableMemoryBytes":15300375486,"percentageMemoryUsage":38.5031,"totalSwapBytes":63998783488,"availableSwapBytes":63900992055},{"timestamp":"2021-02-08T10:52:30Z","physicalMemoryBytes":24879906816,"availableMemoryBytes":15283701793,"percentageMemoryUsage":38.5701,"totalSwapBytes":63998783488,"availableSwapBytes":63901003776},{"timestamp":"2021-02-08T09:00:00Z","physicalMemoryBytes":24879906816,"availableMemoryBytes":15308694352,"percentageMemoryUsage":38.4696,"totalSwapBytes":63998783488,"availableSwapBytes":63901473165},{"timestamp":"2021-02-08T07:07:30Z","physicalMemoryBytes":24879906816,"availableMemoryBytes":15309727614,"percentageMemoryUsage":38.4655,"totalSwapBytes":63998783488,"availableSwapBytes":63903053662},{"timestamp":"2021-02-08T05:17:30Z","physicalMemoryBytes":24879906816,"availableMemoryBytes":15312386858,"percentageMemoryUsage":38.4548,"totalSwapBytes":63998783488,"availableSwapBytes":63905069986},{"timestamp":"2021-02-08T03:25:00Z","physicalMemoryBytes":24879906816,"availableMemoryBytes":15312486626,"percentageMemoryUsage":38.4544,"totalSwapBytes":63998783488,"availableSwapBytes":63906770944},{"timestamp":"2021-02-08T01:32:30Z","physicalMemoryBytes":24879906816,"availableMemoryBytes":15293625200,"percentageMemoryUsage":38.5302,"totalSwapBytes":63998783488,"availableSwapBytes":63910405808},{"timestamp":"2021-02-07T23:42:30Z","physicalMemoryBytes":24879906816,"availableMemoryBytes":15307159880,"percentageMemoryUsage":38.4758,"totalSwapBytes":63998783488,"availableSwapBytes":63914011877},{"timestamp":"2021-02-07T21:52:30Z","physicalMemoryBytes":24879906816,"availableMemoryBytes":15306153868,"percentageMemoryUsage":38.4799,"totalSwapBytes":63998783488,"availableSwapBytes":63917411805},{"timestamp":"2021-02-07T20:00:00Z","physicalMemoryBytes":24879906816,"availableMemoryBytes":15303317934,"percentageMemoryUsage":38.4913,"totalSwapBytes":63998783488,"availableSwapBytes":63919071385},{"timestamp":"2021-02-07T18:07:30Z","physicalMemoryBytes":24879906816,"availableMemoryBytes":15287548801,"percentageMemoryUsage":38.5546,"totalSwapBytes":63998783488,"availableSwapBytes":63919806848},{"timestamp":"2021-02-07T16:17:30Z","physicalMemoryBytes":24879906816,"availableMemoryBytes":15305783016,"percentageMemoryUsage":38.4813,"totalSwapBytes":63998783488,"availableSwapBytes":63922611193},{"timestamp":"2021-02-07T14:25:00Z","physicalMemoryBytes":24879906816,"availableMemoryBytes":15297774459,"percentageMemoryUsage":38.5135,"totalSwapBytes":63998783488,"availableSwapBytes":63924596165},{"timestamp":"2021-02-07T12:32:30Z","physicalMemoryBytes":24879906816,"availableMemoryBytes":15305264855,"percentageMemoryUsage":38.4834,"totalSwapBytes":63998783488,"availableSwapBytes":63925597848},{"timestamp":"2021-02-07T10:42:30Z","physicalMemoryBytes":24879906816,"availableMemoryBytes":15286169658,"percentageMemoryUsage":38.5602,"totalSwapBytes":63998783488,"availableSwapBytes":63925645312},{"timestamp":"2021-02-07T08:50:00Z","physicalMemoryBytes":24879906816,"availableMemoryBytes":15317064975,"percentageMemoryUsage":38.436,"totalSwapBytes":63998783488,"availableSwapBytes":63926440101},{"timestamp":"2021-02-07T06:57:30Z","physicalMemoryBytes":24879906816,"availableMemoryBytes":15317300107,"percentageMemoryUsage":38.4351,"totalSwapBytes":63998783488,"availableSwapBytes":63927946807},{"timestamp":"2021-02-07T05:07:30Z","physicalMemoryBytes":24879906816,"availableMemoryBytes":15314736379,"percentageMemoryUsage":38.4454,"totalSwapBytes":63998783488,"availableSwapBytes":63930220528},{"timestamp":"2021-02-07T03:17:30Z","physicalMemoryBytes":24879906816,"availableMemoryBytes":15307337501,"percentageMemoryUsage":38.4751,"totalSwapBytes":63998783488,"availableSwapBytes":63931936767},{"timestamp":"2021-02-07T01:25:00Z","physicalMemoryBytes":24879906816,"availableMemoryBytes":15294821521,"percentageMemoryUsage":38.5254,"totalSwapBytes":63998783488,"availableSwapBytes":63933585045},{"timestamp":"2021-02-06T23:32:30Z","physicalMemoryBytes":24879906816,"availableMemoryBytes":15302878824,"percentageMemoryUsage":38.493,"totalSwapBytes":63998783488,"availableSwapBytes":63935028396},{"timestamp":"2021-02-06T21:42:30Z","physicalMemoryBytes":24879906816,"availableMemoryBytes":15304564686,"percentageMemoryUsage":38.4862,"totalSwapBytes":63998783488,"availableSwapBytes":63936738260},{"timestamp":"2021-02-06T19:50:00Z","physicalMemoryBytes":24879906816,"availableMemoryBytes":15306034825,"percentageMemoryUsage":38.4803,"totalSwapBytes":63998783488,"availableSwapBytes":63938951013},{"timestamp":"2021-02-06T17:57:30Z","physicalMemoryBytes":24879906816,"availableMemoryBytes":15288714460,"percentageMemoryUsage":38.55,"totalSwapBytes":63998783488,"availableSwapBytes":63940833776},{"timestamp":"2021-02-06T16:07:30Z","physicalMemoryBytes":24879906816,"availableMemoryBytes":15304622219,"percentageMemoryUsage":38.486,"totalSwapBytes":63998783488,"availableSwapBytes":63944720060},{"timestamp":"2021-02-06T14:17:30Z","physicalMemoryBytes":24879906816,"availableMemoryBytes":15311469777,"percentageMemoryUsage":38.4585,"totalSwapBytes":63998783488,"availableSwapBytes":63947641618},{"timestamp":"2021-02-06T12:25:00Z","physicalMemoryBytes":24879906816,"availableMemoryBytes":15310075238,"percentageMemoryUsage":38.4641,"totalSwapBytes":63998783488,"availableSwapBytes":63949629167},{"timestamp":"2021-02-06T10:32:30Z","physicalMemoryBytes":24879906816,"availableMemoryBytes":15291255950,"percentageMemoryUsage":38.5397,"totalSwapBytes":63998783488,"availableSwapBytes":63949722443},{"timestamp":"2021-02-06T08:47:30Z","physicalMemoryBytes":23749001960,"availableMemoryBytes":14619329629,"percentageMemoryUsage":36.695,"totalSwapBytes":61089747874,"availableSwapBytes":61043594672},{"timestamp":"2021-02-06T06:55:00Z","physicalMemoryBytes":24879906816,"availableMemoryBytes":15315314154,"percentageMemoryUsage":38.443,"totalSwapBytes":63998783488,"availableSwapBytes":63953450180},{"timestamp":"2021-02-06T05:02:30Z","physicalMemoryBytes":24879906816,"availableMemoryBytes":15317868084,"percentageMemoryUsage":38.4328,"totalSwapBytes":63998783488,"availableSwapBytes":63956071349},{"timestamp":"2021-02-06T03:12:30Z","physicalMemoryBytes":24879906816,"availableMemoryBytes":15318407530,"percentageMemoryUsage":38.4306,"totalSwapBytes":63998783488,"availableSwapBytes":63957114880},{"timestamp":"2021-02-06T01:22:30Z","physicalMemoryBytes":24879906816,"availableMemoryBytes":15308015097,"percentageMemoryUsage":38.4724,"totalSwapBytes":63998783488,"availableSwapBytes":63958730947},{"timestamp":"2021-02-05T23:30:00Z","physicalMemoryBytes":24879906816,"availableMemoryBytes":15315780703,"percentageMemoryUsage":38.4412,"totalSwapBytes":63998783488,"availableSwapBytes":63961933479},{"timestamp":"2021-02-05T21:37:30Z","physicalMemoryBytes":24879906816,"availableMemoryBytes":15318170234,"percentageMemoryUsage":38.4316,"totalSwapBytes":63998783488,"availableSwapBytes":63965487689},{"timestamp":"2021-02-05T19:47:30Z","physicalMemoryBytes":24879906816,"availableMemoryBytes":15316137234,"percentageMemoryUsage":38.4397,"totalSwapBytes":63998783488,"availableSwapBytes":63966565295},{"timestamp":"2021-02-05T17:55:00Z","physicalMemoryBytes":24879906816,"availableMemoryBytes":15305706969,"percentageMemoryUsage":38.4817,"totalSwapBytes":63998783488,"availableSwapBytes":63966775886},{"timestamp":"2021-02-05T16:02:30Z","physicalMemoryBytes":24879906816,"availableMemoryBytes":15320728389,"percentageMemoryUsage":38.4213,"totalSwapBytes":63998783488,"availableSwapBytes":63967579951},{"timestamp":"2021-02-05T14:12:30Z","physicalMemoryBytes":24879906816,"availableMemoryBytes":15323960173,"percentageMemoryUsage":38.4083,"totalSwapBytes":63998783488,"availableSwapBytes":63968493493},{"timestamp":"2021-02-05T12:22:30Z","physicalMemoryBytes":24879906816,"availableMemoryBytes":15325585118,"percentageMemoryUsage":38.4018,"totalSwapBytes":63998783488,"availableSwapBytes":63968694272},{"timestamp":"2021-02-05T10:30:00Z","physicalMemoryBytes":24879906816,"availableMemoryBytes":15318550354,"percentageMemoryUsage":38.43,"totalSwapBytes":63998783488,"availableSwapBytes":63968694272},{"timestamp":"2021-02-05T08:37:30Z","physicalMemoryBytes":24879906816,"availableMemoryBytes":15325184466,"percentageMemoryUsage":38.4034,"totalSwapBytes":63998783488,"availableSwapBytes":63969076742},{"timestamp":"2021-02-05T06:47:30Z","physicalMemoryBytes":24879906816,"availableMemoryBytes":15328568581,"percentageMemoryUsage":38.3898,"totalSwapBytes":63998783488,"availableSwapBytes":63970016363},{"timestamp":"2021-02-05T04:55:00Z","physicalMemoryBytes":24879906816,"availableMemoryBytes":15330970455,"percentageMemoryUsage":38.3801,"totalSwapBytes":63998783488,"availableSwapBytes":63970823550},{"timestamp":"2021-02-05T03:02:30Z","physicalMemoryBytes":24879906816,"availableMemoryBytes":15328177851,"percentageMemoryUsage":38.3913,"totalSwapBytes":63998783488,"availableSwapBytes":63971258368},{"timestamp":"2021-02-05T01:12:30Z","physicalMemoryBytes":24879906816,"availableMemoryBytes":15314288476,"percentageMemoryUsage":38.4472,"totalSwapBytes":63998783488,"availableSwapBytes":63971865574},{"timestamp":"2021-02-04T23:20:00Z","physicalMemoryBytes":24879906816,"availableMemoryBytes":15325493751,"percentageMemoryUsage":38.4021,"totalSwapBytes":63998783488,"availableSwapBytes":63972830946},{"timestamp":"2021-02-04T21:27:30Z","physicalMemoryBytes":24879906816,"availableMemoryBytes":15330379029,"percentageMemoryUsage":38.3825,"totalSwapBytes":63998783488,"availableSwapBytes":63973776433},{"timestamp":"2021-02-04T19:37:30Z","physicalMemoryBytes":24879906816,"availableMemoryBytes":15330144675,"percentageMemoryUsage":38.3834,"totalSwapBytes":63998783488,"availableSwapBytes":63974277590},{"timestamp":"2021-02-04T17:47:30Z","physicalMemoryBytes":24879906816,"availableMemoryBytes":15325347925,"percentageMemoryUsage":38.4027,"totalSwapBytes":63998783488,"availableSwapBytes":63974261006},{"timestamp":"2021-02-04T15:55:00Z","physicalMemoryBytes":24879906816,"availableMemoryBytes":15339195214,"percentageMemoryUsage":38.3471,"totalSwapBytes":63998783488,"availableSwapBytes":63974352719},{"timestamp":"2021-02-04T14:02:30Z","physicalMemoryBytes":24879906816,"availableMemoryBytes":15345784515,"percentageMemoryUsage":38.3206,"totalSwapBytes":63998783488,"availableSwapBytes":63974738266},{"timestamp":"2021-02-04T12:12:30Z","physicalMemoryBytes":24879906816,"availableMemoryBytes":15345329944,"percentageMemoryUsage":38.3224,"totalSwapBytes":63998783488,"availableSwapBytes":63974666239},{"timestamp":"2021-02-04T10:20:00Z","physicalMemoryBytes":24879906816,"availableMemoryBytes":15330596001,"percentageMemoryUsage":38.3816,"totalSwapBytes":63998783488,"availableSwapBytes":63974527188},{"timestamp":"2021-02-04T08:27:30Z","physicalMemoryBytes":24879906816,"availableMemoryBytes":15346492044,"percentageMemoryUsage":38.3177,"totalSwapBytes":63998783488,"availableSwapBytes":63974537550},{"timestamp":"2021-02-04T06:37:30Z","physicalMemoryBytes":24879906816,"availableMemoryBytes":15346675302,"percentageMemoryUsage":38.317,"totalSwapBytes":63998783488,"availableSwapBytes":63974946455},{"timestamp":"2021-02-04T04:47:30Z","physicalMemoryBytes":24879906816,"availableMemoryBytes":15347896615,"percentageMemoryUsage":38.3121,"totalSwapBytes":63998783488,"availableSwapBytes":63975591090},{"timestamp":"2021-02-04T02:55:00Z","physicalMemoryBytes":24879906816,"availableMemoryBytes":15345954608,"percentageMemoryUsage":38.3199,"totalSwapBytes":63998783488,"availableSwapBytes":63975735332},{"timestamp":"2021-02-04T01:02:30Z","physicalMemoryBytes":24879906816,"availableMemoryBytes":15333379038,"percentageMemoryUsage":38.3704,"totalSwapBytes":63998783488,"availableSwapBytes":63977076199},{"timestamp":"2021-02-03T23:12:30Z","physicalMemoryBytes":24879906816,"availableMemoryBytes":15339100231,"percentageMemoryUsage":38.3474,"totalSwapBytes":63998783488,"availableSwapBytes":63979587251},{"timestamp":"2021-02-03T21:20:00Z","physicalMemoryBytes":24879906816,"availableMemoryBytes":15340637972,"percentageMemoryUsage":38.3413,"totalSwapBytes":63998783488,"availableSwapBytes":63982525929},{"timestamp":"2021-02-03T19:27:30Z","physicalMemoryBytes":24879906816,"availableMemoryBytes":15346273032,"percentageMemoryUsage":38.3186,"totalSwapBytes":63998783488,"availableSwapBytes":63983463552},{"timestamp":"2021-02-03T17:37:30Z","physicalMemoryBytes":24879906816,"availableMemoryBytes":15333304834,"percentageMemoryUsage":38.3707,"totalSwapBytes":63998783488,"availableSwapBytes":63983318506},{"timestamp":"2021-02-03T15:47:30Z","physicalMemoryBytes":24879906816,"availableMemoryBytes":15352591199,"percentageMemoryUsage":38.2932,"totalSwapBytes":63998783488,"availableSwapBytes":63984285304},{"timestamp":"2021-02-03T13:55:00Z","physicalMemoryBytes":24879906816,"availableMemoryBytes":15357510737,"percentageMemoryUsage":38.2734,"totalSwapBytes":63998783488,"availableSwapBytes":63985065805},{"timestamp":"2021-02-03T12:02:30Z","physicalMemoryBytes":24879906816,"availableMemoryBytes":15354898945,"percentageMemoryUsage":38.2839,"totalSwapBytes":63998783488,"availableSwapBytes":63985152000},{"timestamp":"2021-02-03T10:12:30Z","physicalMemoryBytes":24879906816,"availableMemoryBytes":15347155301,"percentageMemoryUsage":38.3151,"totalSwapBytes":63998783488,"availableSwapBytes":63985152000},{"timestamp":"2021-02-03T08:20:00Z","physicalMemoryBytes":24879906816,"availableMemoryBytes":15360123861,"percentageMemoryUsage":38.2629,"totalSwapBytes":63998783488,"availableSwapBytes":63985527021},{"timestamp":"2021-02-03T06:27:30Z","physicalMemoryBytes":24879906816,"availableMemoryBytes":15362866583,"percentageMemoryUsage":38.2519,"totalSwapBytes":63998783488,"availableSwapBytes":63985988682},{"timestamp":"2021-02-03T04:37:30Z","physicalMemoryBytes":24879906816,"availableMemoryBytes":15366545999,"percentageMemoryUsage":38.2371,"totalSwapBytes":63998783488,"availableSwapBytes":63986200576},{"timestamp":"2021-02-03T02:47:30Z","physicalMemoryBytes":23749001960,"availableMemoryBytes":14667413562,"percentageMemoryUsage":36.5017,"totalSwapBytes":61089747874,"availableSwapBytes":61077736913}],"numMembers":365}
