{"members":[{"timestamp":"2021-03-02T19:00:00Z","percentageCpuUsage":7.37266,"percentageUser":4.06252,"percentageNice":0.00103284,"percentageSys":3.0281,"percentageIdle":92.6273,"percentageIoWait":0.197586,"percentageHardIrq":0.0,"percentageSoftIrq":0.083424,"percentageSteal":0.0,"percentageGuest":0.0},{"timestamp":"2021-03-01T18:30:00Z","percentageCpuUsage":7.36222,"percentageUser":4.06104,"percentageNice":0.00110006,"percentageSys":3.02733,"percentageIdle":92.6378,"percentageIoWait":0.188755,"percentageHardIrq":0.0,"percentageSoftIrq":0.0839925,"percentageSteal":0.0,"percentageGuest":0.0},{"timestamp":"2021-02-28T18:30:00Z","percentageCpuUsage":7.31436,"percentageUser":4.043,"percentageNice":0.00114197,"percentageSys":3.00411,"percentageIdle":92.6856,"percentageIoWait":0.183227,"percentageHardIrq":0.0,"percentageSoftIrq":0.0828736,"percentageSteal":0.0,"percentageGuest":0.0},{"timestamp":"2021-02-27T18:30:00Z","percentageCpuUsage":7.28133,"percentageUser":4.03091,"percentageNice":0.00110495,"percentageSys":2.98718,"percentageIdle":92.7187,"percentageIoWait":0.180234,"percentageHardIrq":0.0,"percentageSoftIrq":0.0818971,"percentageSteal":0.0,"percentageGuest":0.0},{"timestamp":"2021-02-26T18:30:00Z","percentageCpuUsage":7.2693,"percentageUser":4.02695,"percentageNice":0.00110608,"percentageSys":2.9797,"percentageIdle":92.7307,"percentageIoWait":0.178157,"percentageHardIrq":0.0,"percentageSoftIrq":0.0833895,"percentageSteal":0.0,"percentageGuest":0.0},{"timestamp":"2021-02-25T18:30:00Z","percentageCpuUsage":7.23027,"percentageUser":3.98161,"percentageNice":0.00115041,"percentageSys":2.9862,"percentageIdle":92.7697,"percentageIoWait":0.177056,"percentageHardIrq":0.0,"percentageSoftIrq":0.0842542,"percentageSteal":0.0,"percentageGuest":0.0},{"timestamp":"2021-02-24T18:30:00Z","percentageCpuUsage":7.20055,"percentageUser":3.99483,"percentageNice":0.00100328,"percentageSys":2.95764,"percentageIdle":92.7995,"percentageIoWait":0.162298,"percentageHardIrq":0.0,"percentageSoftIrq":0.0847774,"percentageSteal":0.0,"percentageGuest":0.0},{"timestamp":"2021-02-23T18:30:00Z","percentageCpuUsage":6.99196,"percentageUser":3.99204,"percentageNice":0.0010448,"percentageSys":2.73981,"percentageIdle":93.008,"percentageIoWait":0.175149,"percentageHardIrq":0.0,"percentageSoftIrq":0.0839112,"percentageSteal":0.0,"percentageGuest":0.0},{"timestamp":"2021-02-22T18:30:00Z","percentageCpuUsage":7.09587,"percentageUser":4.69181,"percentageNice":0.00112082,"percentageSys":1.92753,"percentageIdle":59.5708,"percentageIoWait":0.166923,"percentageHardIrq":0.0,"percentageSoftIrq":0.0630545,"percentageSteal":0.0,"percentageGuest":0.0},{"timestamp":"2021-02-21T18:30:00Z","percentageCpuUsage":0.0,"percentageUser":0.0,"percentageNice":0.0,"percentageSys":0.0,"percentageIdle":0.0,"percentageIoWait":0.0,"percentageHardIrq":0.0,"percentageSoftIrq":0.0,"percentageSteal":0.0,"percentageGuest":0.0},{"timestamp":"2021-02-20T18:30:00Z","percentageCpuUsage":0.0,"percentageUser":0.0,"percentageNice":0.0,"percentageSys":0.0,"percentageIdle":0.0,"percentageIoWait":0.0,"percentageHardIrq":0.0,"percentageSoftIrq":0.0,"percentageSteal":0.0,"percentageGuest":0.0},{"timestamp":"2021-02-19T18:30:00Z","percentageCpuUsage":0.0,"percentageUser":0.0,"percentageNice":0.0,"percentageSys":0.0,"percentageIdle":0.0,"percentageIoWait":0.0,"percentageHardIrq":0.0,"percentageSoftIrq":0.0,"percentageSteal":0.0,"percentageGuest":0.0},{"timestamp":"2021-02-18T18:30:00Z","percentageCpuUsage":0.0,"percentageUser":0.0,"percentageNice":0.0,"percentageSys":0.0,"percentageIdle":0.0,"percentageIoWait":0.0,"percentageHardIrq":0.0,"percentageSoftIrq":0.0,"percentageSteal":0.0,"percentageGuest":0.0},{"timestamp":"2021-02-17T18:30:00Z","percentageCpuUsage":0.0,"percentageUser":0.0,"percentageNice":0.0,"percentageSys":0.0,"percentageIdle":0.0,"percentageIoWait":0.0,"percentageHardIrq":0.0,"percentageSoftIrq":0.0,"percentageSteal":0.0,"percentageGuest":0.0},{"timestamp":"2021-02-16T18:30:00Z","percentageCpuUsage":0.0,"percentageUser":0.0,"percentageNice":0.0,"percentageSys":0.0,"percentageIdle":0.0,"percentageIoWait":0.0,"percentageHardIrq":0.0,"percentageSoftIrq":0.0,"percentageSteal":0.0,"percentageGuest":0.0},{"timestamp":"2021-02-15T18:30:00Z","percentageCpuUsage":0.0,"percentageUser":0.0,"percentageNice":0.0,"percentageSys":0.0,"percentageIdle":0.0,"percentageIoWait":0.0,"percentageHardIrq":0.0,"percentageSoftIrq":0.0,"percentageSteal":0.0,"percentageGuest":0.0},{"timestamp":"2021-02-14T18:30:00Z","percentageCpuUsage":0.0,"percentageUser":0.0,"percentageNice":0.0,"percentageSys":0.0,"percentageIdle":0.0,"percentageIoWait":0.0,"percentageHardIrq":0.0,"percentageSoftIrq":0.0,"percentageSteal":0.0,"percentageGuest":0.0},{"timestamp":"2021-02-13T18:30:00Z","percentageCpuUsage":0.0,"percentageUser":0.0,"percentageNice":0.0,"percentageSys":0.0,"percentageIdle":0.0,"percentageIoWait":0.0,"percentageHardIrq":0.0,"percentageSoftIrq":0.0,"percentageSteal":0.0,"percentageGuest":0.0},{"timestamp":"2021-02-12T18:30:00Z","percentageCpuUsage":6.84575,"percentageUser":3.79918,"percentageNice":0.0010934,"percentageSys":2.80663,"percentageIdle":84.8209,"percentageIoWait":0.162363,"percentageHardIrq":0.0,"percentageSoftIrq":0.0764897,"percentageSteal":0.0,"percentageGuest":0.0},{"timestamp":"2021-02-11T18:30:00Z","percentageCpuUsage":7.43921,"percentageUser":4.12645,"percentageNice":0.00113194,"percentageSys":3.06094,"percentageIdle":92.5608,"percentageIoWait":0.167298,"percentageHardIrq":0.0,"percentageSoftIrq":0.083397,"percentageSteal":0.0,"percentageGuest":0.0},{"timestamp":"2021-02-10T18:30:00Z","percentageCpuUsage":7.4709,"percentageUser":4.15121,"percentageNice":0.00130222,"percentageSys":3.07215,"percentageIdle":92.5291,"percentageIoWait":0.162394,"percentageHardIrq":0.0,"percentageSoftIrq":0.0838455,"percentageSteal":0.0,"percentageGuest":0.0},{"timestamp":"2021-02-09T18:30:00Z","percentageCpuUsage":7.47456,"percentageUser":4.15417,"percentageNice":0.00111869,"percentageSys":3.06963,"percentageIdle":92.5254,"percentageIoWait":0.170332,"percentageHardIrq":0.0,"percentageSoftIrq":0.0793133,"percentageSteal":0.0,"percentageGuest":0.0},{"timestamp":"2021-02-08T18:30:00Z","percentageCpuUsage":7.42318,"percentageUser":4.13011,"percentageNice":0.00109977,"percentageSys":3.04297,"percentageIdle":92.5768,"percentageIoWait":0.166565,"percentageHardIrq":0.0,"percentageSoftIrq":0.082435,"percentageSteal":0.0,"percentageGuest":0.0},{"timestamp":"2021-02-07T18:30:00Z","percentageCpuUsage":7.40118,"percentageUser":4.1238,"percentageNice":0.00127172,"percentageSys":3.02906,"percentageIdle":92.5988,"percentageIoWait":0.164686,"percentageHardIrq":0.0,"percentageSoftIrq":0.0823621,"percentageSteal":0.0,"percentageGuest":0.0},{"timestamp":"2021-02-06T18:30:00Z","percentageCpuUsage":7.36109,"percentageUser":4.10708,"percentageNice":0.00109096,"percentageSys":3.00621,"percentageIdle":92.6389,"percentageIoWait":0.165966,"percentageHardIrq":0.0,"percentageSoftIrq":0.0807435,"percentageSteal":0.0,"percentageGuest":0.0},{"timestamp":"2021-02-05T18:30:00Z","percentageCpuUsage":7.36647,"percentageUser":4.11691,"percentageNice":0.00106426,"percentageSys":3.00527,"percentageIdle":92.6335,"percentageIoWait":0.161796,"percentageHardIrq":0.0,"percentageSoftIrq":0.0814356,"percentageSteal":0.0,"percentageGuest":0.0},{"timestamp":"2021-02-04T18:30:00Z","percentageCpuUsage":7.3242,"percentageUser":4.11061,"percentageNice":0.00116648,"percentageSys":2.97276,"percentageIdle":92.6758,"percentageIoWait":0.159198,"percentageHardIrq":0.0,"percentageSoftIrq":0.0804771,"percentageSteal":0.0,"percentageGuest":0.0},{"timestamp":"2021-02-03T18:30:00Z","percentageCpuUsage":7.33816,"percentageUser":4.11873,"percentageNice":0.00111661,"percentageSys":2.97939,"percentageIdle":92.6618,"percentageIoWait":0.157312,"percentageHardIrq":0.0,"percentageSoftIrq":0.081605,"percentageSteal":0.0,"percentageGuest":0.0},{"timestamp":"2021-02-02T18:30:00Z","percentageCpuUsage":7.3414,"percentageUser":4.11215,"percentageNice":0.00107853,"percentageSys":2.9863,"percentageIdle":92.6586,"percentageIoWait":0.159777,"percentageHardIrq":0.0,"percentageSoftIrq":0.0820946,"percentageSteal":0.0,"percentageGuest":0.0},{"timestamp":"2021-02-01T18:30:00Z","percentageCpuUsage":7.34916,"percentageUser":4.12149,"percentageNice":0.00116749,"percentageSys":2.99083,"percentageIdle":92.6508,"percentageIoWait":0.155512,"percentageHardIrq":0.0,"percentageSoftIrq":0.0801566,"percentageSteal":0.0,"percentageGuest":0.0},{"timestamp":"2021-01-31T18:30:00Z","percentageCpuUsage":7.29793,"percentageUser":4.09095,"percentageNice":0.001069,"percentageSys":2.97111,"percentageIdle":92.7021,"percentageIoWait":0.155199,"percentageHardIrq":0.0,"percentageSoftIrq":0.0795895,"percentageSteal":0.0,"percentageGuest":0.0},{"timestamp":"2021-01-30T18:30:00Z","percentageCpuUsage":7.16356,"percentageUser":4.02446,"percentageNice":0.0010806,"percentageSys":2.91095,"percentageIdle":92.8364,"percentageIoWait":0.151384,"percentageHardIrq":0.0,"percentageSoftIrq":0.0756777,"percentageSteal":0.0,"percentageGuest":0.0},{"timestamp":"2021-01-29T18:30:00Z","percentageCpuUsage":7.16274,"percentageUser":4.01556,"percentageNice":0.00114342,"percentageSys":2.91554,"percentageIdle":92.8373,"percentageIoWait":0.151659,"percentageHardIrq":0.0,"percentageSoftIrq":0.0788344,"percentageSteal":0.0,"percentageGuest":0.0},{"timestamp":"2021-01-28T18:30:00Z","percentageCpuUsage":7.07934,"percentageUser":3.97078,"percentageNice":0.00107108,"percentageSys":2.8829,"percentageIdle":92.9207,"percentageIoWait":0.146644,"percentageHardIrq":0.0,"percentageSoftIrq":0.0779367,"percentageSteal":0.0,"percentageGuest":0.0},{"timestamp":"2021-01-27T18:30:00Z","percentageCpuUsage":7.04484,"percentageUser":3.9714,"percentageNice":0.00100509,"percentageSys":2.86549,"percentageIdle":92.9552,"percentageIoWait":0.127166,"percentageHardIrq":0.0,"percentageSoftIrq":0.0797802,"percentageSteal":0.0,"percentageGuest":0.0},{"timestamp":"2021-01-26T18:30:00Z","percentageCpuUsage":6.8602,"percentageUser":3.97086,"percentageNice":0.00121891,"percentageSys":2.67723,"percentageIdle":93.1398,"percentageIoWait":0.132383,"percentageHardIrq":0.0,"percentageSoftIrq":0.0785141,"percentageSteal":0.0,"percentageGuest":0.0},{"timestamp":"2021-01-25T18:30:00Z","percentageCpuUsage":4.14564,"percentageUser":2.63339,"percentageNice":0.00107125,"percentageSys":1.36557,"percentageIdle":54.1877,"percentageIoWait":0.0912979,"percentageHardIrq":0.0,"percentageSoftIrq":0.0434486,"percentageSteal":0.0,"percentageGuest":0.0},{"timestamp":"2021-01-24T18:30:00Z","percentageCpuUsage":0.0,"percentageUser":0.0,"percentageNice":0.0,"percentageSys":0.0,"percentageIdle":0.0,"percentageIoWait":0.0,"percentageHardIrq":0.0,"percentageSoftIrq":0.0,"percentageSteal":0.0,"percentageGuest":0.0},{"timestamp":"2021-01-23T18:30:00Z","percentageCpuUsage":0.0,"percentageUser":0.0,"percentageNice":0.0,"percentageSys":0.0,"percentageIdle":0.0,"percentageIoWait":0.0,"percentageHardIrq":0.0,"percentageSoftIrq":0.0,"percentageSteal":0.0,"percentageGuest":0.0},{"timestamp":"2021-01-22T18:30:00Z","percentageCpuUsage":0.0,"percentageUser":0.0,"percentageNice":0.0,"percentageSys":0.0,"percentageIdle":0.0,"percentageIoWait":0.0,"percentageHardIrq":0.0,"percentageSoftIrq":0.0,"percentageSteal":0.0,"percentageGuest":0.0},{"timestamp":"2021-01-21T18:30:00Z","percentageCpuUsage":0.0,"percentageUser":0.0,"percentageNice":0.0,"percentageSys":0.0,"percentageIdle":0.0,"percentageIoWait":0.0,"percentageHardIrq":0.0,"percentageSoftIrq":0.0,"percentageSteal":0.0,"percentageGuest":0.0},{"timestamp":"2021-01-20T18:30:00Z","percentageCpuUsage":0.0,"percentageUser":0.0,"percentageNice":0.0,"percentageSys":0.0,"percentageIdle":0.0,"percentageIoWait":0.0,"percentageHardIrq":0.0,"percentageSoftIrq":0.0,"percentageSteal":0.0,"percentageGuest":0.0},{"timestamp":"2021-01-19T18:30:00Z","percentageCpuUsage":0.0,"percentageUser":0.0,"percentageNice":0.0,"percentageSys":0.0,"percentageIdle":0.0,"percentageIoWait":0.0,"percentageHardIrq":0.0,"percentageSoftIrq":0.0,"percentageSteal":0.0,"percentageGuest":0.0},{"timestamp":"2021-01-18T18:30:00Z","percentageCpuUsage":0.0,"percentageUser":0.0,"percentageNice":0.0,"percentageSys":0.0,"percentageIdle":0.0,"percentageIoWait":0.0,"percentageHardIrq":0.0,"percentageSoftIrq":0.0,"percentageSteal":0.0,"percentageGuest":0.0},{"timestamp":"2021-01-17T18:30:00Z","percentageCpuUsage":0.0,"percentageUser":0.0,"percentageNice":0.0,"percentageSys":0.0,"percentageIdle":0.0,"percentageIoWait":0.0,"percentageHardIrq":0.0,"percentageSoftIrq":0.0,"percentageSteal":0.0,"percentageGuest":0.0},{"timestamp":"2021-01-16T18:30:00Z","percentageCpuUsage":0.0,"percentageUser":0.0,"percentageNice":0.0,"percentageSys":0.0,"percentageIdle":0.0,"percentageIoWait":0.0,"percentageHardIrq":0.0,"percentageSoftIrq":0.0,"percentageSteal":0.0,"percentageGuest":0.0},{"timestamp":"2021-01-15T18:30:00Z","percentageCpuUsage":0.0,"percentageUser":0.0,"percentageNice":0.0,"percentageSys":0.0,"percentageIdle":0.0,"percentageIoWait":0.0,"percentageHardIrq":0.0,"percentageSoftIrq":0.0,"percentageSteal":0.0,"percentageGuest":0.0},{"timestamp":"2021-01-14T18:30:00Z","percentageCpuUsage":0.0,"percentageUser":0.0,"percentageNice":0.0,"percentageSys":0.0,"percentageIdle":0.0,"percentageIoWait":0.0,"percentageHardIrq":0.0,"percentageSoftIrq":0.0,"percentageSteal":0.0,"percentageGuest":0.0},{"timestamp":"2021-01-13T18:30:00Z","percentageCpuUsage":0.0,"percentageUser":0.0,"percentageNice":0.0,"percentageSys":0.0,"percentageIdle":0.0,"percentageIoWait":0.0,"percentageHardIrq":0.0,"percentageSoftIrq":0.0,"percentageSteal":0.0,"percentageGuest":0.0},{"timestamp":"2021-01-12T18:30:00Z","percentageCpuUsage":0.0,"percentageUser":0.0,"percentageNice":0.0,"percentageSys":0.0,"percentageIdle":0.0,"percentageIoWait":0.0,"percentageHardIrq":0.0,"percentageSoftIrq":0.0,"percentageSteal":0.0,"percentageGuest":0.0},{"timestamp":"2021-01-11T18:30:00Z","percentageCpuUsage":0.0,"percentageUser":0.0,"percentageNice":0.0,"percentageSys":0.0,"percentageIdle":0.0,"percentageIoWait":0.0,"percentageHardIrq":0.0,"percentageSoftIrq":0.0,"percentageSteal":0.0,"percentageGuest":0.0},{"timestamp":"2021-01-10T18:30:00Z","percentageCpuUsage":0.0,"percentageUser":0.0,"percentageNice":0.0,"percentageSys":0.0,"percentageIdle":0.0,"percentageIoWait":0.0,"percentageHardIrq":0.0,"percentageSoftIrq":0.0,"percentageSteal":0.0,"percentageGuest":0.0},{"timestamp":"2021-01-09T18:30:00Z","percentageCpuUsage":0.0,"percentageUser":0.0,"percentageNice":0.0,"percentageSys":0.0,"percentageIdle":0.0,"percentageIoWait":0.0,"percentageHardIrq":0.0,"percentageSoftIrq":0.0,"percentageSteal":0.0,"percentageGuest":0.0},{"timestamp":"2021-01-08T18:30:00Z","percentageCpuUsage":0.0,"percentageUser":0.0,"percentageNice":0.0,"percentageSys":0.0,"percentageIdle":0.0,"percentageIoWait":0.0,"percentageHardIrq":0.0,"percentageSoftIrq":0.0,"percentageSteal":0.0,"percentageGuest":0.0},{"timestamp":"2021-01-07T18:30:00Z","percentageCpuUsage":0.0,"percentageUser":0.0,"percentageNice":0.0,"percentageSys":0.0,"percentageIdle":0.0,"percentageIoWait":0.0,"percentageHardIrq":0.0,"percentageSoftIrq":0.0,"percentageSteal":0.0,"percentageGuest":0.0},{"timestamp":"2021-01-06T18:30:00Z","percentageCpuUsage":0.0,"percentageUser":0.0,"percentageNice":0.0,"percentageSys":0.0,"percentageIdle":0.0,"percentageIoWait":0.0,"percentageHardIrq":0.0,"percentageSoftIrq":0.0,"percentageSteal":0.0,"percentageGuest":0.0},{"timestamp":"2021-01-05T18:30:00Z","percentageCpuUsage":0.0,"percentageUser":0.0,"percentageNice":0.0,"percentageSys":0.0,"percentageIdle":0.0,"percentageIoWait":0.0,"percentageHardIrq":0.0,"percentageSoftIrq":0.0,"percentageSteal":0.0,"percentageGuest":0.0},{"timestamp":"2021-01-04T18:30:00Z","percentageCpuUsage":0.0,"percentageUser":0.0,"percentageNice":0.0,"percentageSys":0.0,"percentageIdle":0.0,"percentageIoWait":0.0,"percentageHardIrq":0.0,"percentageSoftIrq":0.0,"percentageSteal":0.0,"percentageGuest":0.0},{"timestamp":"2021-01-03T18:30:00Z","percentageCpuUsage":0.0,"percentageUser":0.0,"percentageNice":0.0,"percentageSys":0.0,"percentageIdle":0.0,"percentageIoWait":0.0,"percentageHardIrq":0.0,"percentageSoftIrq":0.0,"percentageSteal":0.0,"percentageGuest":0.0},{"timestamp":"2021-01-02T18:30:00Z","percentageCpuUsage":0.0,"percentageUser":0.0,"percentageNice":0.0,"percentageSys":0.0,"percentageIdle":0.0,"percentageIoWait":0.0,"percentageHardIrq":0.0,"percentageSoftIrq":0.0,"percentageSteal":0.0,"percentageGuest":0.0},{"timestamp":"2021-01-01T18:00:00Z","percentageCpuUsage":0.0,"percentageUser":0.0,"percentageNice":0.0,"percentageSys":0.0,"percentageIdle":0.0,"percentageIoWait":0.0,"percentageHardIrq":0.0,"percentageSoftIrq":0.0,"percentageSteal":0.0,"percentageGuest":0.0},{"timestamp":"2020-12-31T17:30:00Z","percentageCpuUsage":0.0,"percentageUser":0.0,"percentageNice":0.0,"percentageSys":0.0,"percentageIdle":0.0,"percentageIoWait":0.0,"percentageHardIrq":0.0,"percentageSoftIrq":0.0,"percentageSteal":0.0,"percentageGuest":0.0},{"timestamp":"2020-12-30T17:30:00Z","percentageCpuUsage":0.0,"percentageUser":0.0,"percentageNice":0.0,"percentageSys":0.0,"percentageIdle":0.0,"percentageIoWait":0.0,"percentageHardIrq":0.0,"percentageSoftIrq":0.0,"percentageSteal":0.0,"percentageGuest":0.0},{"timestamp":"2020-12-29T17:30:00Z","percentageCpuUsage":0.0,"percentageUser":0.0,"percentageNice":0.0,"percentageSys":0.0,"percentageIdle":0.0,"percentageIoWait":0.0,"percentageHardIrq":0.0,"percentageSoftIrq":0.0,"percentageSteal":0.0,"percentageGuest":0.0},{"timestamp":"2020-12-28T17:30:00Z","percentageCpuUsage":0.0,"percentageUser":0.0,"percentageNice":0.0,"percentageSys":0.0,"percentageIdle":0.0,"percentageIoWait":0.0,"percentageHardIrq":0.0,"percentageSoftIrq":0.0,"percentageSteal":0.0,"percentageGuest":0.0},{"timestamp":"2020-12-27T17:30:00Z","percentageCpuUsage":0.0,"percentageUser":0.0,"percentageNice":0.0,"percentageSys":0.0,"percentageIdle":0.0,"percentageIoWait":0.0,"percentageHardIrq":0.0,"percentageSoftIrq":0.0,"percentageSteal":0.0,"percentageGuest":0.0},{"timestamp":"2020-12-26T17:30:00Z","percentageCpuUsage":0.0,"percentageUser":0.0,"percentageNice":0.0,"percentageSys":0.0,"percentageIdle":0.0,"percentageIoWait":0.0,"percentageHardIrq":0.0,"percentageSoftIrq":0.0,"percentageSteal":0.0,"percentageGuest":0.0},{"timestamp":"2020-12-25T17:30:00Z","percentageCpuUsage":0.0,"percentageUser":0.0,"percentageNice":0.0,"percentageSys":0.0,"percentageIdle":0.0,"percentageIoWait":0.0,"percentageHardIrq":0.0,"percentageSoftIrq":0.0,"percentageSteal":0.0,"percentageGuest":0.0},{"timestamp":"2020-12-24T17:30:00Z","percentageCpuUsage":0.0,"percentageUser":0.0,"percentageNice":0.0,"percentageSys":0.0,"percentageIdle":0.0,"percentageIoWait":0.0,"percentageHardIrq":0.0,"percentageSoftIrq":0.0,"percentageSteal":0.0,"percentageGuest":0.0},{"timestamp":"2020-12-23T17:30:00Z","percentageCpuUsage":0.0,"percentageUser":0.0,"percentageNice":0.0,"percentageSys":0.0,"percentageIdle":0.0,"percentageIoWait":0.0,"percentageHardIrq":0.0,"percentageSoftIrq":0.0,"percentageSteal":0.0,"percentageGuest":0.0},{"timestamp":"2020-12-22T17:30:00Z","percentageCpuUsage":0.0,"percentageUser":0.0,"percentageNice":0.0,"percentageSys":0.0,"percentageIdle":0.0,"percentageIoWait":0.0,"percentageHardIrq":0.0,"percentageSoftIrq":0.0,"percentageSteal":0.0,"percentageGuest":0.0},{"timestamp":"2020-12-21T17:30:00Z","percentageCpuUsage":0.0,"percentageUser":0.0,"percentageNice":0.0,"percentageSys":0.0,"percentageIdle":0.0,"percentageIoWait":0.0,"percentageHardIrq":0.0,"percentageSoftIrq":0.0,"percentageSteal":0.0,"percentageGuest":0.0},{"timestamp":"2020-12-20T17:30:00Z","percentageCpuUsage":0.0,"percentageUser":0.0,"percentageNice":0.0,"percentageSys":0.0,"percentageIdle":0.0,"percentageIoWait":0.0,"percentageHardIrq":0.0,"percentageSoftIrq":0.0,"percentageSteal":0.0,"percentageGuest":0.0},{"timestamp":"2020-12-19T17:30:00Z","percentageCpuUsage":0.0,"percentageUser":0.0,"percentageNice":0.0,"percentageSys":0.0,"percentageIdle":0.0,"percentageIoWait":0.0,"percentageHardIrq":0.0,"percentageSoftIrq":0.0,"percentageSteal":0.0,"percentageGuest":0.0},{"timestamp":"2020-12-18T17:30:00Z","percentageCpuUsage":0.0,"percentageUser":0.0,"percentageNice":0.0,"percentageSys":0.0,"percentageIdle":0.0,"percentageIoWait":0.0,"percentageHardIrq":0.0,"percentageSoftIrq":0.0,"percentageSteal":0.0,"percentageGuest":0.0},{"timestamp":"2020-12-17T17:30:00Z","percentageCpuUsage":0.0,"percentageUser":0.0,"percentageNice":0.0,"percentageSys":0.0,"percentageIdle":0.0,"percentageIoWait":0.0,"percentageHardIrq":0.0,"percentageSoftIrq":0.0,"percentageSteal":0.0,"percentageGuest":0.0},{"timestamp":"2020-12-16T17:30:00Z","percentageCpuUsage":0.0,"percentageUser":0.0,"percentageNice":0.0,"percentageSys":0.0,"percentageIdle":0.0,"percentageIoWait":0.0,"percentageHardIrq":0.0,"percentageSoftIrq":0.0,"percentageSteal":0.0,"percentageGuest":0.0},{"timestamp":"2020-12-15T17:30:00Z","percentageCpuUsage":0.0,"percentageUser":0.0,"percentageNice":0.0,"percentageSys":0.0,"percentageIdle":0.0,"percentageIoWait":0.0,"percentageHardIrq":0.0,"percentageSoftIrq":0.0,"percentageSteal":0.0,"percentageGuest":0.0},{"timestamp":"2020-12-14T17:30:00Z","percentageCpuUsage":0.0,"percentageUser":0.0,"percentageNice":0.0,"percentageSys":0.0,"percentageIdle":0.0,"percentageIoWait":0.0,"percentageHardIrq":0.0,"percentageSoftIrq":0.0,"percentageSteal":0.0,"percentageGuest":0.0},{"timestamp":"2020-12-13T17:30:00Z","percentageCpuUsage":0.0,"percentageUser":0.0,"percentageNice":0.0,"percentageSys":0.0,"percentageIdle":0.0,"percentageIoWait":0.0,"percentageHardIrq":0.0,"percentageSoftIrq":0.0,"percentageSteal":0.0,"percentageGuest":0.0},{"timestamp":"2020-12-12T17:30:00Z","percentageCpuUsage":0.0,"percentageUser":0.0,"percentageNice":0.0,"percentageSys":0.0,"percentageIdle":0.0,"percentageIoWait":0.0,"percentageHardIrq":0.0,"percentageSoftIrq":0.0,"percentageSteal":0.0,"percentageGuest":0.0},{"timestamp":"2020-12-11T17:30:00Z","percentageCpuUsage":0.0,"percentageUser":0.0,"percentageNice":0.0,"percentageSys":0.0,"percentageIdle":0.0,"percentageIoWait":0.0,"percentageHardIrq":0.0,"percentageSoftIrq":0.0,"percentageSteal":0.0,"percentageGuest":0.0},{"timestamp":"2020-12-10T17:30:00Z","percentageCpuUsage":0.0,"percentageUser":0.0,"percentageNice":0.0,"percentageSys":0.0,"percentageIdle":0.0,"percentageIoWait":0.0,"percentageHardIrq":0.0,"percentageSoftIrq":0.0,"percentageSteal":0.0,"percentageGuest":0.0},{"timestamp":"2020-12-09T17:30:00Z","percentageCpuUsage":0.0,"percentageUser":0.0,"percentageNice":0.0,"percentageSys":0.0,"percentageIdle":0.0,"percentageIoWait":0.0,"percentageHardIrq":0.0,"percentageSoftIrq":0.0,"percentageSteal":0.0,"percentageGuest":0.0},{"timestamp":"2020-12-08T17:30:00Z","percentageCpuUsage":0.0,"percentageUser":0.0,"percentageNice":0.0,"percentageSys":0.0,"percentageIdle":0.0,"percentageIoWait":0.0,"percentageHardIrq":0.0,"percentageSoftIrq":0.0,"percentageSteal":0.0,"percentageGuest":0.0},{"timestamp":"2020-12-07T17:30:00Z","percentageCpuUsage":0.0,"percentageUser":0.0,"percentageNice":0.0,"percentageSys":0.0,"percentageIdle":0.0,"percentageIoWait":0.0,"percentageHardIrq":0.0,"percentageSoftIrq":0.0,"percentageSteal":0.0,"percentageGuest":0.0},{"timestamp":"2020-12-06T17:30:00Z","percentageCpuUsage":0.0,"percentageUser":0.0,"percentageNice":0.0,"percentageSys":0.0,"percentageIdle":0.0,"percentageIoWait":0.0,"percentageHardIrq":0.0,"percentageSoftIrq":0.0,"percentageSteal":0.0,"percentageGuest":0.0},{"timestamp":"2020-12-05T17:30:00Z","percentageCpuUsage":0.0,"percentageUser":0.0,"percentageNice":0.0,"percentageSys":0.0,"percentageIdle":0.0,"percentageIoWait":0.0,"percentageHardIrq":0.0,"percentageSoftIrq":0.0,"percentageSteal":0.0,"percentageGuest":0.0},{"timestamp":"2020-12-04T17:30:00Z","percentageCpuUsage":0.0,"percentageUser":0.0,"percentageNice":0.0,"percentageSys":0.0,"percentageIdle":0.0,"percentageIoWait":0.0,"percentageHardIrq":0.0,"percentageSoftIrq":0.0,"percentageSteal":0.0,"percentageGuest":0.0},{"timestamp":"2020-12-03T17:30:00Z","percentageCpuUsage":0.0,"percentageUser":0.0,"percentageNice":0.0,"percentageSys":0.0,"percentageIdle":0.0,"percentageIoWait":0.0,"percentageHardIrq":0.0,"percentageSoftIrq":0.0,"percentageSteal":0.0,"percentageGuest":0.0},{"timestamp":"2020-12-02T17:30:00Z","percentageCpuUsage":0.0,"percentageUser":0.0,"percentageNice":0.0,"percentageSys":0.0,"percentageIdle":0.0,"percentageIoWait":0.0,"percentageHardIrq":0.0,"percentageSoftIrq":0.0,"percentageSteal":0.0,"percentageGuest":0.0},{"timestamp":"2020-12-01T17:30:00Z","percentageCpuUsage":0.0,"percentageUser":0.0,"percentageNice":0.0,"percentageSys":0.0,"percentageIdle":0.0,"percentageIoWait":0.0,"percentageHardIrq":0.0,"percentageSoftIrq":0.0,"percentageSteal":0.0,"percentageGuest":0.0},{"timestamp":"2020-11-30T17:30:00Z","percentageCpuUsage":0.0,"percentageUser":0.0,"percentageNice":0.0,"percentageSys":0.0,"percentageIdle":0.0,"percentageIoWait":0.0,"percentageHardIrq":0.0,"percentageSoftIrq":0.0,"percentageSteal":0.0,"percentageGuest":0.0},{"timestamp":"2020-11-29T17:30:00Z","percentageCpuUsage":0.0,"percentageUser":0.0,"percentageNice":0.0,"percentageSys":0.0,"percentageIdle":0.0,"percentageIoWait":0.0,"percentageHardIrq":0.0,"percentageSoftIrq":0.0,"percentageSteal":0.0,"percentageGuest":0.0},{"timestamp":"2020-11-28T17:30:00Z","percentageCpuUsage":0.0,"percentageUser":0.0,"percentageNice":0.0,"percentageSys":0.0,"percentageIdle":0.0,"percentageIoWait":0.0,"percentageHardIrq":0.0,"percentageSoftIrq":0.0,"percentageSteal":0.0,"percentageGuest":0.0},{"timestamp":"2020-11-27T17:30:00Z","percentageCpuUsage":0.0,"percentageUser":0.0,"percentageNice":0.0,"percentageSys":0.0,"percentageIdle":0.0,"percentageIoWait":0.0,"percentageHardIrq":0.0,"percentageSoftIrq":0.0,"percentageSteal":0.0,"percentageGuest":0.0},{"timestamp":"2020-11-26T17:30:00Z","percentageCpuUsage":0.0,"percentageUser":0.0,"percentageNice":0.0,"percentageSys":0.0,"percentageIdle":0.0,"percentageIoWait":0.0,"percentageHardIrq":0.0,"percentageSoftIrq":0.0,"percentageSteal":0.0,"percentageGuest":0.0},{"timestamp":"2020-11-25T17:30:00Z","percentageCpuUsage":0.0,"percentageUser":0.0,"percentageNice":0.0,"percentageSys":0.0,"percentageIdle":0.0,"percentageIoWait":0.0,"percentageHardIrq":0.0,"percentageSoftIrq":0.0,"percentageSteal":0.0,"percentageGuest":0.0},{"timestamp":"2020-11-24T17:30:00Z","percentageCpuUsage":0.0,"percentageUser":0.0,"percentageNice":0.0,"percentageSys":0.0,"percentageIdle":0.0,"percentageIoWait":0.0,"percentageHardIrq":0.0,"percentageSoftIrq":0.0,"percentageSteal":0.0,"percentageGuest":0.0},{"timestamp":"2020-11-23T17:30:00Z","percentageCpuUsage":0.0,"percentageUser":0.0,"percentageNice":0.0,"percentageSys":0.0,"percentageIdle":0.0,"percentageIoWait":0.0,"percentageHardIrq":0.0,"percentageSoftIrq":0.0,"percentageSteal":0.0,"percentageGuest":0.0},{"timestamp":"2020-11-22T17:30:00Z","percentageCpuUsage":0.0,"percentageUser":0.0,"percentageNice":0.0,"percentageSys":0.0,"percentageIdle":0.0,"percentageIoWait":0.0,"percentageHardIrq":0.0,"percentageSoftIrq":0.0,"percentageSteal":0.0,"percentageGuest":0.0},{"timestamp":"2020-11-21T17:30:00Z","percentageCpuUsage":0.0,"percentageUser":0.0,"percentageNice":0.0,"percentageSys":0.0,"percentageIdle":0.0,"percentageIoWait":0.0,"percentageHardIrq":0.0,"percentageSoftIrq":0.0,"percentageSteal":0.0,"percentageGuest":0.0},{"timestamp":"2020-11-20T17:30:00Z","percentageCpuUsage":0.0,"percentageUser":0.0,"percentageNice":0.0,"percentageSys":0.0,"percentageIdle":0.0,"percentageIoWait":0.0,"percentageHardIrq":0.0,"percentageSoftIrq":0.0,"percentageSteal":0.0,"percentageGuest":0.0},{"timestamp":"2020-11-19T17:30:00Z","percentageCpuUsage":0.0,"percentageUser":0.0,"percentageNice":0.0,"percentageSys":0.0,"percentageIdle":0.0,"percentageIoWait":0.0,"percentageHardIrq":0.0,"percentageSoftIrq":0.0,"percentageSteal":0.0,"percentageGuest":0.0},{"timestamp":"2020-11-18T17:30:00Z","percentageCpuUsage":0.0,"percentageUser":0.0,"percentageNice":0.0,"percentageSys":0.0,"percentageIdle":0.0,"percentageIoWait":0.0,"percentageHardIrq":0.0,"percentageSoftIrq":0.0,"percentageSteal":0.0,"percentageGuest":0.0},{"timestamp":"2020-11-17T17:30:00Z","percentageCpuUsage":0.0,"percentageUser":0.0,"percentageNice":0.0,"percentageSys":0.0,"percentageIdle":0.0,"percentageIoWait":0.0,"percentageHardIrq":0.0,"percentageSoftIrq":0.0,"percentageSteal":0.0,"percentageGuest":0.0},{"timestamp":"2020-11-16T17:30:00Z","percentageCpuUsage":0.0,"percentageUser":0.0,"percentageNice":0.0,"percentageSys":0.0,"percentageIdle":0.0,"percentageIoWait":0.0,"percentageHardIrq":0.0,"percentageSoftIrq":0.0,"percentageSteal":0.0,"percentageGuest":0.0},{"timestamp":"2020-11-15T17:30:00Z","percentageCpuUsage":0.0,"percentageUser":0.0,"percentageNice":0.0,"percentageSys":0.0,"percentageIdle":0.0,"percentageIoWait":0.0,"percentageHardIrq":0.0,"percentageSoftIrq":0.0,"percentageSteal":0.0,"percentageGuest":0.0},{"timestamp":"2020-11-14T17:30:00Z","percentageCpuUsage":0.0,"percentageUser":0.0,"percentageNice":0.0,"percentageSys":0.0,"percentageIdle":0.0,"percentageIoWait":0.0,"percentageHardIrq":0.0,"percentageSoftIrq":0.0,"percentageSteal":0.0,"percentageGuest":0.0},{"timestamp":"2020-11-13T17:30:00Z","percentageCpuUsage":0.0,"percentageUser":0.0,"percentageNice":0.0,"percentageSys":0.0,"percentageIdle":0.0,"percentageIoWait":0.0,"percentageHardIrq":0.0,"percentageSoftIrq":0.0,"percentageSteal":0.0,"percentageGuest":0.0},{"timestamp":"2020-11-12T17:30:00Z","percentageCpuUsage":0.0,"percentageUser":0.0,"percentageNice":0.0,"percentageSys":0.0,"percentageIdle":0.0,"percentageIoWait":0.0,"percentageHardIrq":0.0,"percentageSoftIrq":0.0,"percentageSteal":0.0,"percentageGuest":0.0},{"timestamp":"2020-11-11T17:30:00Z","percentageCpuUsage":0.0,"percentageUser":0.0,"percentageNice":0.0,"percentageSys":0.0,"percentageIdle":0.0,"percentageIoWait":0.0,"percentageHardIrq":0.0,"percentageSoftIrq":0.0,"percentageSteal":0.0,"percentageGuest":0.0},{"timestamp":"2020-11-10T17:30:00Z","percentageCpuUsage":0.0,"percentageUser":0.0,"percentageNice":0.0,"percentageSys":0.0,"percentageIdle":0.0,"percentageIoWait":0.0,"percentageHardIrq":0.0,"percentageSoftIrq":0.0,"percentageSteal":0.0,"percentageGuest":0.0},{"timestamp":"2020-11-09T17:30:00Z","percentageCpuUsage":0.0,"percentageUser":0.0,"percentageNice":0.0,"percentageSys":0.0,"percentageIdle":0.0,"percentageIoWait":0.0,"percentageHardIrq":0.0,"percentageSoftIrq":0.0,"percentageSteal":0.0,"percentageGuest":0.0},{"timestamp":"2020-11-08T17:30:00Z","percentageCpuUsage":0.0,"percentageUser":0.0,"percentageNice":0.0,"percentageSys":0.0,"percentageIdle":0.0,"percentageIoWait":0.0,"percentageHardIrq":0.0,"percentageSoftIrq":0.0,"percentageSteal":0.0,"percentageGuest":0.0},{"timestamp":"2020-11-07T17:30:00Z","percentageCpuUsage":0.0,"percentageUser":0.0,"percentageNice":0.0,"percentageSys":0.0,"percentageIdle":0.0,"percentageIoWait":0.0,"percentageHardIrq":0.0,"percentageSoftIrq":0.0,"percentageSteal":0.0,"percentageGuest":0.0},{"timestamp":"2020-11-06T17:30:00Z","percentageCpuUsage":0.0,"percentageUser":0.0,"percentageNice":0.0,"percentageSys":0.0,"percentageIdle":0.0,"percentageIoWait":0.0,"percentageHardIrq":0.0,"percentageSoftIrq":0.0,"percentageSteal":0.0,"percentageGuest":0.0},{"timestamp":"2020-11-05T17:30:00Z","percentageCpuUsage":0.0,"percentageUser":0.0,"percentageNice":0.0,"percentageSys":0.0,"percentageIdle":0.0,"percentageIoWait":0.0,"percentageHardIrq":0.0,"percentageSoftIrq":0.0,"percentageSteal":0.0,"percentageGuest":0.0},{"timestamp":"2020-11-04T17:30:00Z","percentageCpuUsage":0.0,"percentageUser":0.0,"percentageNice":0.0,"percentageSys":0.0,"percentageIdle":0.0,"percentageIoWait":0.0,"percentageHardIrq":0.0,"percentageSoftIrq":0.0,"percentageSteal":0.0,"percentageGuest":0.0},{"timestamp":"2020-11-03T17:30:00Z","percentageCpuUsage":0.0,"percentageUser":0.0,"percentageNice":0.0,"percentageSys":0.0,"percentageIdle":0.0,"percentageIoWait":0.0,"percentageHardIrq":0.0,"percentageSoftIrq":0.0,"percentageSteal":0.0,"percentageGuest":0.0},{"timestamp":"2020-11-02T17:30:00Z","percentageCpuUsage":0.73268,"percentageUser":0.350153,"percentageNice":0.0,"percentageSys":0.180484,"percentageIdle":3.43399,"percentageIoWait":0.186943,"percentageHardIrq":0.0,"percentageSoftIrq":0.00719298,"percentageSteal":0.0,"percentageGuest":0.0},{"timestamp":"2020-11-01T17:00:00Z","percentageCpuUsage":0.0,"percentageUser":0.0,"percentageNice":0.0,"percentageSys":0.0,"percentageIdle":0.0,"percentageIoWait":0.0,"percentageHardIrq":0.0,"percentageSoftIrq":0.0,"percentageSteal":0.0,"percentageGuest":0.0},{"timestamp":"2020-10-31T16:30:00Z","percentageCpuUsage":0.0,"percentageUser":0.0,"percentageNice":0.0,"percentageSys":0.0,"percentageIdle":0.0,"percentageIoWait":0.0,"percentageHardIrq":0.0,"percentageSoftIrq":0.0,"percentageSteal":0.0,"percentageGuest":0.0},{"timestamp":"2020-10-30T16:30:00Z","percentageCpuUsage":0.0,"percentageUser":0.0,"percentageNice":0.0,"percentageSys":0.0,"percentageIdle":0.0,"percentageIoWait":0.0,"percentageHardIrq":0.0,"percentageSoftIrq":0.0,"percentageSteal":0.0,"percentageGuest":0.0},{"timestamp":"2020-10-29T16:30:00Z","percentageCpuUsage":0.0,"percentageUser":0.0,"percentageNice":0.0,"percentageSys":0.0,"percentageIdle":0.0,"percentageIoWait":0.0,"percentageHardIrq":0.0,"percentageSoftIrq":0.0,"percentageSteal":0.0,"percentageGuest":0.0},{"timestamp":"2020-10-28T16:30:00Z","percentageCpuUsage":0.0,"percentageUser":0.0,"percentageNice":0.0,"percentageSys":0.0,"percentageIdle":0.0,"percentageIoWait":0.0,"percentageHardIrq":0.0,"percentageSoftIrq":0.0,"percentageSteal":0.0,"percentageGuest":0.0},{"timestamp":"2020-10-27T16:30:00Z","percentageCpuUsage":0.0,"percentageUser":0.0,"percentageNice":0.0,"percentageSys":0.0,"percentageIdle":0.0,"percentageIoWait":0.0,"percentageHardIrq":0.0,"percentageSoftIrq":0.0,"percentageSteal":0.0,"percentageGuest":0.0},{"timestamp":"2020-10-26T16:30:00Z","percentageCpuUsage":0.0,"percentageUser":0.0,"percentageNice":0.0,"percentageSys":0.0,"percentageIdle":0.0,"percentageIoWait":0.0,"percentageHardIrq":0.0,"percentageSoftIrq":0.0,"percentageSteal":0.0,"percentageGuest":0.0},{"timestamp":"2020-10-25T16:30:00Z","percentageCpuUsage":0.0,"percentageUser":0.0,"percentageNice":0.0,"percentageSys":0.0,"percentageIdle":0.0,"percentageIoWait":0.0,"percentageHardIrq":0.0,"percentageSoftIrq":0.0,"percentageSteal":0.0,"percentageGuest":0.0},{"timestamp":"2020-10-24T16:30:00Z","percentageCpuUsage":0.0,"percentageUser":0.0,"percentageNice":0.0,"percentageSys":0.0,"percentageIdle":0.0,"percentageIoWait":0.0,"percentageHardIrq":0.0,"percentageSoftIrq":0.0,"percentageSteal":0.0,"percentageGuest":0.0},{"timestamp":"2020-10-23T16:30:00Z","percentageCpuUsage":0.0,"percentageUser":0.0,"percentageNice":0.0,"percentageSys":0.0,"percentageIdle":0.0,"percentageIoWait":0.0,"percentageHardIrq":0.0,"percentageSoftIrq":0.0,"percentageSteal":0.0,"percentageGuest":0.0},{"timestamp":"2020-10-22T16:30:00Z","percentageCpuUsage":0.0,"percentageUser":0.0,"percentageNice":0.0,"percentageSys":0.0,"percentageIdle":0.0,"percentageIoWait":0.0,"percentageHardIrq":0.0,"percentageSoftIrq":0.0,"percentageSteal":0.0,"percentageGuest":0.0},{"timestamp":"2020-10-21T16:30:00Z","percentageCpuUsage":0.857353,"percentageUser":0.507067,"percentageNice":8.1216E-9,"percentageSys":0.291688,"percentageIdle":11.6426,"percentageIoWait":0.0484812,"percentageHardIrq":0.0,"percentageSoftIrq":0.0101174,"percentageSteal":0.0,"percentageGuest":0.0},{"timestamp":"2020-10-20T16:30:00Z","percentageCpuUsage":0.849147,"percentageUser":0.522228,"percentageNice":3.01128E-5,"percentageSys":0.222026,"percentageIdle":7.48419,"percentageIoWait":0.0908471,"percentageHardIrq":0.0,"percentageSoftIrq":0.0079775,"percentageSteal":0.0,"percentageGuest":0.0},{"timestamp":"2020-10-19T16:30:00Z","percentageCpuUsage":0.0,"percentageUser":0.0,"percentageNice":0.0,"percentageSys":0.0,"percentageIdle":0.0,"percentageIoWait":0.0,"percentageHardIrq":0.0,"percentageSoftIrq":0.0,"percentageSteal":0.0,"percentageGuest":0.0},{"timestamp":"2020-10-18T16:30:00Z","percentageCpuUsage":0.0,"percentageUser":0.0,"percentageNice":0.0,"percentageSys":0.0,"percentageIdle":0.0,"percentageIoWait":0.0,"percentageHardIrq":0.0,"percentageSoftIrq":0.0,"percentageSteal":0.0,"percentageGuest":0.0},{"timestamp":"2020-10-17T16:30:00Z","percentageCpuUsage":0.0,"percentageUser":0.0,"percentageNice":0.0,"percentageSys":0.0,"percentageIdle":0.0,"percentageIoWait":0.0,"percentageHardIrq":0.0,"percentageSoftIrq":0.0,"percentageSteal":0.0,"percentageGuest":0.0},{"timestamp":"2020-10-16T16:30:00Z","percentageCpuUsage":0.0,"percentageUser":0.0,"percentageNice":0.0,"percentageSys":0.0,"percentageIdle":0.0,"percentageIoWait":0.0,"percentageHardIrq":0.0,"percentageSoftIrq":0.0,"percentageSteal":0.0,"percentageGuest":0.0},{"timestamp":"2020-10-15T16:30:00Z","percentageCpuUsage":0.0,"percentageUser":0.0,"percentageNice":0.0,"percentageSys":0.0,"percentageIdle":0.0,"percentageIoWait":0.0,"percentageHardIrq":0.0,"percentageSoftIrq":0.0,"percentageSteal":0.0,"percentageGuest":0.0},{"timestamp":"2020-10-14T16:30:00Z","percentageCpuUsage":0.0,"percentageUser":0.0,"percentageNice":0.0,"percentageSys":0.0,"percentageIdle":0.0,"percentageIoWait":0.0,"percentageHardIrq":0.0,"percentageSoftIrq":0.0,"percentageSteal":0.0,"percentageGuest":0.0},{"timestamp":"2020-10-13T16:30:00Z","percentageCpuUsage":0.0,"percentageUser":0.0,"percentageNice":0.0,"percentageSys":0.0,"percentageIdle":0.0,"percentageIoWait":0.0,"percentageHardIrq":0.0,"percentageSoftIrq":0.0,"percentageSteal":0.0,"percentageGuest":0.0},{"timestamp":"2020-10-12T16:30:00Z","percentageCpuUsage":0.0,"percentageUser":0.0,"percentageNice":0.0,"percentageSys":0.0,"percentageIdle":0.0,"percentageIoWait":0.0,"percentageHardIrq":0.0,"percentageSoftIrq":0.0,"percentageSteal":0.0,"percentageGuest":0.0},{"timestamp":"2020-10-11T16:30:00Z","percentageCpuUsage":0.0,"percentageUser":0.0,"percentageNice":0.0,"percentageSys":0.0,"percentageIdle":0.0,"percentageIoWait":0.0,"percentageHardIrq":0.0,"percentageSoftIrq":0.0,"percentageSteal":0.0,"percentageGuest":0.0},{"timestamp":"2020-10-10T16:30:00Z","percentageCpuUsage":0.0,"percentageUser":0.0,"percentageNice":0.0,"percentageSys":0.0,"percentageIdle":0.0,"percentageIoWait":0.0,"percentageHardIrq":0.0,"percentageSoftIrq":0.0,"percentageSteal":0.0,"percentageGuest":0.0},{"timestamp":"2020-10-09T16:30:00Z","percentageCpuUsage":0.633175,"percentageUser":0.481737,"percentageNice":5.04024E-5,"percentageSys":0.124236,"percentageIdle":3.53349,"percentageIoWait":0.0109133,"percentageHardIrq":0.0,"percentageSoftIrq":0.00368797,"percentageSteal":0.0,"percentageGuest":0.0},{"timestamp":"2020-10-08T16:30:00Z","percentageCpuUsage":0.630286,"percentageUser":0.351632,"percentageNice":5.84029E-6,"percentageSys":0.202146,"percentageIdle":7.70305,"percentageIoWait":0.0689461,"percentageHardIrq":0.0,"percentageSoftIrq":0.00755619,"percentageSteal":0.0,"percentageGuest":0.0},{"timestamp":"2020-10-07T16:30:00Z","percentageCpuUsage":1.70179,"percentageUser":1.19922,"percentageNice":2.32089E-5,"percentageSys":0.356677,"percentageIdle":6.63155,"percentageIoWait":0.0591335,"percentageHardIrq":0.0,"percentageSoftIrq":0.00946772,"percentageSteal":0.0,"percentageGuest":0.0},{"timestamp":"2020-10-06T16:30:00Z","percentageCpuUsage":0.0,"percentageUser":0.0,"percentageNice":0.0,"percentageSys":0.0,"percentageIdle":0.0,"percentageIoWait":0.0,"percentageHardIrq":0.0,"percentageSoftIrq":0.0,"percentageSteal":0.0,"percentageGuest":0.0},{"timestamp":"2020-10-05T16:30:00Z","percentageCpuUsage":0.0,"percentageUser":0.0,"percentageNice":0.0,"percentageSys":0.0,"percentageIdle":0.0,"percentageIoWait":0.0,"percentageHardIrq":0.0,"percentageSoftIrq":0.0,"percentageSteal":0.0,"percentageGuest":0.0},{"timestamp":"2020-10-04T16:30:00Z","percentageCpuUsage":0.0,"percentageUser":0.0,"percentageNice":0.0,"percentageSys":0.0,"percentageIdle":0.0,"percentageIoWait":0.0,"percentageHardIrq":0.0,"percentageSoftIrq":0.0,"percentageSteal":0.0,"percentageGuest":0.0},{"timestamp":"2020-10-03T16:30:00Z","percentageCpuUsage":0.0,"percentageUser":0.0,"percentageNice":0.0,"percentageSys":0.0,"percentageIdle":0.0,"percentageIoWait":0.0,"percentageHardIrq":0.0,"percentageSoftIrq":0.0,"percentageSteal":0.0,"percentageGuest":0.0},{"timestamp":"2020-10-02T16:30:00Z","percentageCpuUsage":0.0,"percentageUser":0.0,"percentageNice":0.0,"percentageSys":0.0,"percentageIdle":0.0,"percentageIoWait":0.0,"percentageHardIrq":0.0,"percentageSoftIrq":0.0,"percentageSteal":0.0,"percentageGuest":0.0},{"timestamp":"2020-10-01T16:30:00Z","percentageCpuUsage":0.0,"percentageUser":0.0,"percentageNice":0.0,"percentageSys":0.0,"percentageIdle":0.0,"percentageIoWait":0.0,"percentageHardIrq":0.0,"percentageSoftIrq":0.0,"percentageSteal":0.0,"percentageGuest":0.0},{"timestamp":"2020-09-30T16:30:00Z","percentageCpuUsage":0.0,"percentageUser":0.0,"percentageNice":0.0,"percentageSys":0.0,"percentageIdle":0.0,"percentageIoWait":0.0,"percentageHardIrq":0.0,"percentageSoftIrq":0.0,"percentageSteal":0.0,"percentageGuest":0.0},{"timestamp":"2020-09-29T16:30:00Z","percentageCpuUsage":0.0,"percentageUser":0.0,"percentageNice":0.0,"percentageSys":0.0,"percentageIdle":0.0,"percentageIoWait":0.0,"percentageHardIrq":0.0,"percentageSoftIrq":0.0,"percentageSteal":0.0,"percentageGuest":0.0},{"timestamp":"2020-09-28T16:30:00Z","percentageCpuUsage":0.0,"percentageUser":0.0,"percentageNice":0.0,"percentageSys":0.0,"percentageIdle":0.0,"percentageIoWait":0.0,"percentageHardIrq":0.0,"percentageSoftIrq":0.0,"percentageSteal":0.0,"percentageGuest":0.0},{"timestamp":"2020-09-27T16:30:00Z","percentageCpuUsage":0.0,"percentageUser":0.0,"percentageNice":0.0,"percentageSys":0.0,"percentageIdle":0.0,"percentageIoWait":0.0,"percentageHardIrq":0.0,"percentageSoftIrq":0.0,"percentageSteal":0.0,"percentageGuest":0.0},{"timestamp":"2020-09-26T16:30:00Z","percentageCpuUsage":0.0,"percentageUser":0.0,"percentageNice":0.0,"percentageSys":0.0,"percentageIdle":0.0,"percentageIoWait":0.0,"percentageHardIrq":0.0,"percentageSoftIrq":0.0,"percentageSteal":0.0,"percentageGuest":0.0},{"timestamp":"2020-09-25T16:30:00Z","percentageCpuUsage":0.0,"percentageUser":0.0,"percentageNice":0.0,"percentageSys":0.0,"percentageIdle":0.0,"percentageIoWait":0.0,"percentageHardIrq":0.0,"percentageSoftIrq":0.0,"percentageSteal":0.0,"percentageGuest":0.0},{"timestamp":"2020-09-24T16:30:00Z","percentageCpuUsage":0.0,"percentageUser":0.0,"percentageNice":0.0,"percentageSys":0.0,"percentageIdle":0.0,"percentageIoWait":0.0,"percentageHardIrq":0.0,"percentageSoftIrq":0.0,"percentageSteal":0.0,"percentageGuest":0.0},{"timestamp":"2020-09-23T16:30:00Z","percentageCpuUsage":0.0,"percentageUser":0.0,"percentageNice":0.0,"percentageSys":0.0,"percentageIdle":0.0,"percentageIoWait":0.0,"percentageHardIrq":0.0,"percentageSoftIrq":0.0,"percentageSteal":0.0,"percentageGuest":0.0},{"timestamp":"2020-09-22T16:30:00Z","percentageCpuUsage":0.0,"percentageUser":0.0,"percentageNice":0.0,"percentageSys":0.0,"percentageIdle":0.0,"percentageIoWait":0.0,"percentageHardIrq":0.0,"percentageSoftIrq":0.0,"percentageSteal":0.0,"percentageGuest":0.0},{"timestamp":"2020-09-21T16:30:00Z","percentageCpuUsage":0.0,"percentageUser":0.0,"percentageNice":0.0,"percentageSys":0.0,"percentageIdle":0.0,"percentageIoWait":0.0,"percentageHardIrq":0.0,"percentageSoftIrq":0.0,"percentageSteal":0.0,"percentageGuest":0.0},{"timestamp":"2020-09-20T16:30:00Z","percentageCpuUsage":0.0,"percentageUser":0.0,"percentageNice":0.0,"percentageSys":0.0,"percentageIdle":0.0,"percentageIoWait":0.0,"percentageHardIrq":0.0,"percentageSoftIrq":0.0,"percentageSteal":0.0,"percentageGuest":0.0},{"timestamp":"2020-09-19T16:30:00Z","percentageCpuUsage":0.0,"percentageUser":0.0,"percentageNice":0.0,"percentageSys":0.0,"percentageIdle":0.0,"percentageIoWait":0.0,"percentageHardIrq":0.0,"percentageSoftIrq":0.0,"percentageSteal":0.0,"percentageGuest":0.0},{"timestamp":"2020-09-18T16:30:00Z","percentageCpuUsage":0.0,"percentageUser":0.0,"percentageNice":0.0,"percentageSys":0.0,"percentageIdle":0.0,"percentageIoWait":0.0,"percentageHardIrq":0.0,"percentageSoftIrq":0.0,"percentageSteal":0.0,"percentageGuest":0.0},{"timestamp":"2020-09-17T16:30:00Z","percentageCpuUsage":0.0,"percentageUser":0.0,"percentageNice":0.0,"percentageSys":0.0,"percentageIdle":0.0,"percentageIoWait":0.0,"percentageHardIrq":0.0,"percentageSoftIrq":0.0,"percentageSteal":0.0,"percentageGuest":0.0},{"timestamp":"2020-09-16T16:30:00Z","percentageCpuUsage":0.0,"percentageUser":0.0,"percentageNice":0.0,"percentageSys":0.0,"percentageIdle":0.0,"percentageIoWait":0.0,"percentageHardIrq":0.0,"percentageSoftIrq":0.0,"percentageSteal":0.0,"percentageGuest":0.0},{"timestamp":"2020-09-15T16:30:00Z","percentageCpuUsage":0.0,"percentageUser":0.0,"percentageNice":0.0,"percentageSys":0.0,"percentageIdle":0.0,"percentageIoWait":0.0,"percentageHardIrq":0.0,"percentageSoftIrq":0.0,"percentageSteal":0.0,"percentageGuest":0.0},{"timestamp":"2020-09-14T16:30:00Z","percentageCpuUsage":0.0,"percentageUser":0.0,"percentageNice":0.0,"percentageSys":0.0,"percentageIdle":0.0,"percentageIoWait":0.0,"percentageHardIrq":0.0,"percentageSoftIrq":0.0,"percentageSteal":0.0,"percentageGuest":0.0},{"timestamp":"2020-09-13T16:30:00Z","percentageCpuUsage":0.0,"percentageUser":0.0,"percentageNice":0.0,"percentageSys":0.0,"percentageIdle":0.0,"percentageIoWait":0.0,"percentageHardIrq":0.0,"percentageSoftIrq":0.0,"percentageSteal":0.0,"percentageGuest":0.0},{"timestamp":"2020-09-12T16:30:00Z","percentageCpuUsage":0.0,"percentageUser":0.0,"percentageNice":0.0,"percentageSys":0.0,"percentageIdle":0.0,"percentageIoWait":0.0,"percentageHardIrq":0.0,"percentageSoftIrq":0.0,"percentageSteal":0.0,"percentageGuest":0.0},{"timestamp":"2020-09-11T16:30:00Z","percentageCpuUsage":0.0,"percentageUser":0.0,"percentageNice":0.0,"percentageSys":0.0,"percentageIdle":0.0,"percentageIoWait":0.0,"percentageHardIrq":0.0,"percentageSoftIrq":0.0,"percentageSteal":0.0,"percentageGuest":0.0},{"timestamp":"2020-09-10T16:30:00Z","percentageCpuUsage":0.0,"percentageUser":0.0,"percentageNice":0.0,"percentageSys":0.0,"percentageIdle":0.0,"percentageIoWait":0.0,"percentageHardIrq":0.0,"percentageSoftIrq":0.0,"percentageSteal":0.0,"percentageGuest":0.0},{"timestamp":"2020-09-09T16:30:00Z","percentageCpuUsage":0.0,"percentageUser":0.0,"percentageNice":0.0,"percentageSys":0.0,"percentageIdle":0.0,"percentageIoWait":0.0,"percentageHardIrq":0.0,"percentageSoftIrq":0.0,"percentageSteal":0.0,"percentageGuest":0.0},{"timestamp":"2020-09-08T16:30:00Z","percentageCpuUsage":0.0,"percentageUser":0.0,"percentageNice":0.0,"percentageSys":0.0,"percentageIdle":0.0,"percentageIoWait":0.0,"percentageHardIrq":0.0,"percentageSoftIrq":0.0,"percentageSteal":0.0,"percentageGuest":0.0},{"timestamp":"2020-09-07T16:30:00Z","percentageCpuUsage":0.0,"percentageUser":0.0,"percentageNice":0.0,"percentageSys":0.0,"percentageIdle":0.0,"percentageIoWait":0.0,"percentageHardIrq":0.0,"percentageSoftIrq":0.0,"percentageSteal":0.0,"percentageGuest":0.0},{"timestamp":"2020-09-06T16:30:00Z","percentageCpuUsage":0.0,"percentageUser":0.0,"percentageNice":0.0,"percentageSys":0.0,"percentageIdle":0.0,"percentageIoWait":0.0,"percentageHardIrq":0.0,"percentageSoftIrq":0.0,"percentageSteal":0.0,"percentageGuest":0.0},{"timestamp":"2020-09-05T16:30:00Z","percentageCpuUsage":0.0,"percentageUser":0.0,"percentageNice":0.0,"percentageSys":0.0,"percentageIdle":0.0,"percentageIoWait":0.0,"percentageHardIrq":0.0,"percentageSoftIrq":0.0,"percentageSteal":0.0,"percentageGuest":0.0},{"timestamp":"2020-09-04T16:30:00Z","percentageCpuUsage":0.0,"percentageUser":0.0,"percentageNice":0.0,"percentageSys":0.0,"percentageIdle":0.0,"percentageIoWait":0.0,"percentageHardIrq":0.0,"percentageSoftIrq":0.0,"percentageSteal":0.0,"percentageGuest":0.0},{"timestamp":"2020-09-03T16:30:00Z","percentageCpuUsage":0.0,"percentageUser":0.0,"percentageNice":0.0,"percentageSys":0.0,"percentageIdle":0.0,"percentageIoWait":0.0,"percentageHardIrq":0.0,"percentageSoftIrq":0.0,"percentageSteal":0.0,"percentageGuest":0.0},{"timestamp":"2020-09-02T16:30:00Z","percentageCpuUsage":0.0,"percentageUser":0.0,"percentageNice":0.0,"percentageSys":0.0,"percentageIdle":0.0,"percentageIoWait":0.0,"percentageHardIrq":0.0,"percentageSoftIrq":0.0,"percentageSteal":0.0,"percentageGuest":0.0},{"timestamp":"2020-09-01T16:00:00Z","percentageCpuUsage":0.0,"percentageUser":0.0,"percentageNice":0.0,"percentageSys":0.0,"percentageIdle":0.0,"percentageIoWait":0.0,"percentageHardIrq":0.0,"percentageSoftIrq":0.0,"percentageSteal":0.0,"percentageGuest":0.0},{"timestamp":"2020-08-31T15:30:00Z","percentageCpuUsage":0.0,"percentageUser":0.0,"percentageNice":0.0,"percentageSys":0.0,"percentageIdle":0.0,"percentageIoWait":0.0,"percentageHardIrq":0.0,"percentageSoftIrq":0.0,"percentageSteal":0.0,"percentageGuest":0.0},{"timestamp":"2020-08-30T15:30:00Z","percentageCpuUsage":0.0,"percentageUser":0.0,"percentageNice":0.0,"percentageSys":0.0,"percentageIdle":0.0,"percentageIoWait":0.0,"percentageHardIrq":0.0,"percentageSoftIrq":0.0,"percentageSteal":0.0,"percentageGuest":0.0},{"timestamp":"2020-08-29T15:30:00Z","percentageCpuUsage":0.0,"percentageUser":0.0,"percentageNice":0.0,"percentageSys":0.0,"percentageIdle":0.0,"percentageIoWait":0.0,"percentageHardIrq":0.0,"percentageSoftIrq":0.0,"percentageSteal":0.0,"percentageGuest":0.0},{"timestamp":"2020-08-28T15:30:00Z","percentageCpuUsage":0.0,"percentageUser":0.0,"percentageNice":0.0,"percentageSys":0.0,"percentageIdle":0.0,"percentageIoWait":0.0,"percentageHardIrq":0.0,"percentageSoftIrq":0.0,"percentageSteal":0.0,"percentageGuest":0.0},{"timestamp":"2020-08-27T15:30:00Z","percentageCpuUsage":0.0,"percentageUser":0.0,"percentageNice":0.0,"percentageSys":0.0,"percentageIdle":0.0,"percentageIoWait":0.0,"percentageHardIrq":0.0,"percentageSoftIrq":0.0,"percentageSteal":0.0,"percentageGuest":0.0},{"timestamp":"2020-08-26T15:30:00Z","percentageCpuUsage":0.0,"percentageUser":0.0,"percentageNice":0.0,"percentageSys":0.0,"percentageIdle":0.0,"percentageIoWait":0.0,"percentageHardIrq":0.0,"percentageSoftIrq":0.0,"percentageSteal":0.0,"percentageGuest":0.0},{"timestamp":"2020-08-25T15:30:00Z","percentageCpuUsage":0.0,"percentageUser":0.0,"percentageNice":0.0,"percentageSys":0.0,"percentageIdle":0.0,"percentageIoWait":0.0,"percentageHardIrq":0.0,"percentageSoftIrq":0.0,"percentageSteal":0.0,"percentageGuest":0.0},{"timestamp":"2020-08-24T15:30:00Z","percentageCpuUsage":0.0,"percentageUser":0.0,"percentageNice":0.0,"percentageSys":0.0,"percentageIdle":0.0,"percentageIoWait":0.0,"percentageHardIrq":0.0,"percentageSoftIrq":0.0,"percentageSteal":0.0,"percentageGuest":0.0},{"timestamp":"2020-08-23T15:30:00Z","percentageCpuUsage":0.0,"percentageUser":0.0,"percentageNice":0.0,"percentageSys":0.0,"percentageIdle":0.0,"percentageIoWait":0.0,"percentageHardIrq":0.0,"percentageSoftIrq":0.0,"percentageSteal":0.0,"percentageGuest":0.0},{"timestamp":"2020-08-22T15:30:00Z","percentageCpuUsage":0.0,"percentageUser":0.0,"percentageNice":0.0,"percentageSys":0.0,"percentageIdle":0.0,"percentageIoWait":0.0,"percentageHardIrq":0.0,"percentageSoftIrq":0.0,"percentageSteal":0.0,"percentageGuest":0.0},{"timestamp":"2020-08-21T15:30:00Z","percentageCpuUsage":0.0,"percentageUser":0.0,"percentageNice":0.0,"percentageSys":0.0,"percentageIdle":0.0,"percentageIoWait":0.0,"percentageHardIrq":0.0,"percentageSoftIrq":0.0,"percentageSteal":0.0,"percentageGuest":0.0},{"timestamp":"2020-08-20T15:30:00Z","percentageCpuUsage":0.0,"percentageUser":0.0,"percentageNice":0.0,"percentageSys":0.0,"percentageIdle":0.0,"percentageIoWait":0.0,"percentageHardIrq":0.0,"percentageSoftIrq":0.0,"percentageSteal":0.0,"percentageGuest":0.0},{"timestamp":"2020-08-19T15:30:00Z","percentageCpuUsage":0.0,"percentageUser":0.0,"percentageNice":0.0,"percentageSys":0.0,"percentageIdle":0.0,"percentageIoWait":0.0,"percentageHardIrq":0.0,"percentageSoftIrq":0.0,"percentageSteal":0.0,"percentageGuest":0.0},{"timestamp":"2020-08-18T15:30:00Z","percentageCpuUsage":0.0,"percentageUser":0.0,"percentageNice":0.0,"percentageSys":0.0,"percentageIdle":0.0,"percentageIoWait":0.0,"percentageHardIrq":0.0,"percentageSoftIrq":0.0,"percentageSteal":0.0,"percentageGuest":0.0},{"timestamp":"2020-08-17T15:30:00Z","percentageCpuUsage":0.0,"percentageUser":0.0,"percentageNice":0.0,"percentageSys":0.0,"percentageIdle":0.0,"percentageIoWait":0.0,"percentageHardIrq":0.0,"percentageSoftIrq":0.0,"percentageSteal":0.0,"percentageGuest":0.0},{"timestamp":"2020-08-16T15:30:00Z","percentageCpuUsage":0.0,"percentageUser":0.0,"percentageNice":0.0,"percentageSys":0.0,"percentageIdle":0.0,"percentageIoWait":0.0,"percentageHardIrq":0.0,"percentageSoftIrq":0.0,"percentageSteal":0.0,"percentageGuest":0.0},{"timestamp":"2020-08-15T15:30:00Z","percentageCpuUsage":0.0,"percentageUser":0.0,"percentageNice":0.0,"percentageSys":0.0,"percentageIdle":0.0,"percentageIoWait":0.0,"percentageHardIrq":0.0,"percentageSoftIrq":0.0,"percentageSteal":0.0,"percentageGuest":0.0},{"timestamp":"2020-08-14T15:30:00Z","percentageCpuUsage":0.0,"percentageUser":0.0,"percentageNice":0.0,"percentageSys":0.0,"percentageIdle":0.0,"percentageIoWait":0.0,"percentageHardIrq":0.0,"percentageSoftIrq":0.0,"percentageSteal":0.0,"percentageGuest":0.0},{"timestamp":"2020-08-13T15:30:00Z","percentageCpuUsage":0.0,"percentageUser":0.0,"percentageNice":0.0,"percentageSys":0.0,"percentageIdle":0.0,"percentageIoWait":0.0,"percentageHardIrq":0.0,"percentageSoftIrq":0.0,"percentageSteal":0.0,"percentageGuest":0.0},{"timestamp":"2020-08-12T15:30:00Z","percentageCpuUsage":0.0,"percentageUser":0.0,"percentageNice":0.0,"percentageSys":0.0,"percentageIdle":0.0,"percentageIoWait":0.0,"percentageHardIrq":0.0,"percentageSoftIrq":0.0,"percentageSteal":0.0,"percentageGuest":0.0},{"timestamp":"2020-08-11T15:30:00Z","percentageCpuUsage":0.0,"percentageUser":0.0,"percentageNice":0.0,"percentageSys":0.0,"percentageIdle":0.0,"percentageIoWait":0.0,"percentageHardIrq":0.0,"percentageSoftIrq":0.0,"percentageSteal":0.0,"percentageGuest":0.0},{"timestamp":"2020-08-10T15:30:00Z","percentageCpuUsage":0.0,"percentageUser":0.0,"percentageNice":0.0,"percentageSys":0.0,"percentageIdle":0.0,"percentageIoWait":0.0,"percentageHardIrq":0.0,"percentageSoftIrq":0.0,"percentageSteal":0.0,"percentageGuest":0.0},{"timestamp":"2020-08-09T15:30:00Z","percentageCpuUsage":0.0,"percentageUser":0.0,"percentageNice":0.0,"percentageSys":0.0,"percentageIdle":0.0,"percentageIoWait":0.0,"percentageHardIrq":0.0,"percentageSoftIrq":0.0,"percentageSteal":0.0,"percentageGuest":0.0},{"timestamp":"2020-08-08T15:30:00Z","percentageCpuUsage":0.0,"percentageUser":0.0,"percentageNice":0.0,"percentageSys":0.0,"percentageIdle":0.0,"percentageIoWait":0.0,"percentageHardIrq":0.0,"percentageSoftIrq":0.0,"percentageSteal":0.0,"percentageGuest":0.0},{"timestamp":"2020-08-07T15:30:00Z","percentageCpuUsage":0.0,"percentageUser":0.0,"percentageNice":0.0,"percentageSys":0.0,"percentageIdle":0.0,"percentageIoWait":0.0,"percentageHardIrq":0.0,"percentageSoftIrq":0.0,"percentageSteal":0.0,"percentageGuest":0.0},{"timestamp":"2020-08-06T15:30:00Z","percentageCpuUsage":0.0,"percentageUser":0.0,"percentageNice":0.0,"percentageSys":0.0,"percentageIdle":0.0,"percentageIoWait":0.0,"percentageHardIrq":0.0,"percentageSoftIrq":0.0,"percentageSteal":0.0,"percentageGuest":0.0},{"timestamp":"2020-08-05T15:30:00Z","percentageCpuUsage":0.0,"percentageUser":0.0,"percentageNice":0.0,"percentageSys":0.0,"percentageIdle":0.0,"percentageIoWait":0.0,"percentageHardIrq":0.0,"percentageSoftIrq":0.0,"percentageSteal":0.0,"percentageGuest":0.0},{"timestamp":"2020-08-04T15:30:00Z","percentageCpuUsage":0.0,"percentageUser":0.0,"percentageNice":0.0,"percentageSys":0.0,"percentageIdle":0.0,"percentageIoWait":0.0,"percentageHardIrq":0.0,"percentageSoftIrq":0.0,"percentageSteal":0.0,"percentageGuest":0.0},{"timestamp":"2020-08-03T15:30:00Z","percentageCpuUsage":0.0,"percentageUser":0.0,"percentageNice":0.0,"percentageSys":0.0,"percentageIdle":0.0,"percentageIoWait":0.0,"percentageHardIrq":0.0,"percentageSoftIrq":0.0,"percentageSteal":0.0,"percentageGuest":0.0},{"timestamp":"2020-08-02T15:30:00Z","percentageCpuUsage":0.0,"percentageUser":0.0,"percentageNice":0.0,"percentageSys":0.0,"percentageIdle":0.0,"percentageIoWait":0.0,"percentageHardIrq":0.0,"percentageSoftIrq":0.0,"percentageSteal":0.0,"percentageGuest":0.0},{"timestamp":"2020-08-01T15:30:00Z","percentageCpuUsage":0.0,"percentageUser":0.0,"percentageNice":0.0,"percentageSys":0.0,"percentageIdle":0.0,"percentageIoWait":0.0,"percentageHardIrq":0.0,"percentageSoftIrq":0.0,"percentageSteal":0.0,"percentageGuest":0.0},{"timestamp":"2020-07-31T15:30:00Z","percentageCpuUsage":0.0,"percentageUser":0.0,"percentageNice":0.0,"percentageSys":0.0,"percentageIdle":0.0,"percentageIoWait":0.0,"percentageHardIrq":0.0,"percentageSoftIrq":0.0,"percentageSteal":0.0,"percentageGuest":0.0},{"timestamp":"2020-07-30T15:30:00Z","percentageCpuUsage":0.0,"percentageUser":0.0,"percentageNice":0.0,"percentageSys":0.0,"percentageIdle":0.0,"percentageIoWait":0.0,"percentageHardIrq":0.0,"percentageSoftIrq":0.0,"percentageSteal":0.0,"percentageGuest":0.0},{"timestamp":"2020-07-29T15:30:00Z","percentageCpuUsage":0.0,"percentageUser":0.0,"percentageNice":0.0,"percentageSys":0.0,"percentageIdle":0.0,"percentageIoWait":0.0,"percentageHardIrq":0.0,"percentageSoftIrq":0.0,"percentageSteal":0.0,"percentageGuest":0.0},{"timestamp":"2020-07-28T15:30:00Z","percentageCpuUsage":0.0,"percentageUser":0.0,"percentageNice":0.0,"percentageSys":0.0,"percentageIdle":0.0,"percentageIoWait":0.0,"percentageHardIrq":0.0,"percentageSoftIrq":0.0,"percentageSteal":0.0,"percentageGuest":0.0},{"timestamp":"2020-07-27T15:30:00Z","percentageCpuUsage":0.0,"percentageUser":0.0,"percentageNice":0.0,"percentageSys":0.0,"percentageIdle":0.0,"percentageIoWait":0.0,"percentageHardIrq":0.0,"percentageSoftIrq":0.0,"percentageSteal":0.0,"percentageGuest":0.0},{"timestamp":"2020-07-26T15:30:00Z","percentageCpuUsage":0.0,"percentageUser":0.0,"percentageNice":0.0,"percentageSys":0.0,"percentageIdle":0.0,"percentageIoWait":0.0,"percentageHardIrq":0.0,"percentageSoftIrq":0.0,"percentageSteal":0.0,"percentageGuest":0.0},{"timestamp":"2020-07-25T15:30:00Z","percentageCpuUsage":0.0,"percentageUser":0.0,"percentageNice":0.0,"percentageSys":0.0,"percentageIdle":0.0,"percentageIoWait":0.0,"percentageHardIrq":0.0,"percentageSoftIrq":0.0,"percentageSteal":0.0,"percentageGuest":0.0},{"timestamp":"2020-07-24T15:30:00Z","percentageCpuUsage":0.0,"percentageUser":0.0,"percentageNice":0.0,"percentageSys":0.0,"percentageIdle":0.0,"percentageIoWait":0.0,"percentageHardIrq":0.0,"percentageSoftIrq":0.0,"percentageSteal":0.0,"percentageGuest":0.0},{"timestamp":"2020-07-23T15:30:00Z","percentageCpuUsage":0.0,"percentageUser":0.0,"percentageNice":0.0,"percentageSys":0.0,"percentageIdle":0.0,"percentageIoWait":0.0,"percentageHardIrq":0.0,"percentageSoftIrq":0.0,"percentageSteal":0.0,"percentageGuest":0.0},{"timestamp":"2020-07-22T15:30:00Z","percentageCpuUsage":0.0,"percentageUser":0.0,"percentageNice":0.0,"percentageSys":0.0,"percentageIdle":0.0,"percentageIoWait":0.0,"percentageHardIrq":0.0,"percentageSoftIrq":0.0,"percentageSteal":0.0,"percentageGuest":0.0},{"timestamp":"2020-07-21T15:30:00Z","percentageCpuUsage":0.0,"percentageUser":0.0,"percentageNice":0.0,"percentageSys":0.0,"percentageIdle":0.0,"percentageIoWait":0.0,"percentageHardIrq":0.0,"percentageSoftIrq":0.0,"percentageSteal":0.0,"percentageGuest":0.0},{"timestamp":"2020-07-20T15:30:00Z","percentageCpuUsage":0.0,"percentageUser":0.0,"percentageNice":0.0,"percentageSys":0.0,"percentageIdle":0.0,"percentageIoWait":0.0,"percentageHardIrq":0.0,"percentageSoftIrq":0.0,"percentageSteal":0.0,"percentageGuest":0.0},{"timestamp":"2020-07-19T15:30:00Z","percentageCpuUsage":0.0,"percentageUser":0.0,"percentageNice":0.0,"percentageSys":0.0,"percentageIdle":0.0,"percentageIoWait":0.0,"percentageHardIrq":0.0,"percentageSoftIrq":0.0,"percentageSteal":0.0,"percentageGuest":0.0},{"timestamp":"2020-07-18T15:30:00Z","percentageCpuUsage":0.0,"percentageUser":0.0,"percentageNice":0.0,"percentageSys":0.0,"percentageIdle":0.0,"percentageIoWait":0.0,"percentageHardIrq":0.0,"percentageSoftIrq":0.0,"percentageSteal":0.0,"percentageGuest":0.0},{"timestamp":"2020-07-17T15:30:00Z","percentageCpuUsage":0.0,"percentageUser":0.0,"percentageNice":0.0,"percentageSys":0.0,"percentageIdle":0.0,"percentageIoWait":0.0,"percentageHardIrq":0.0,"percentageSoftIrq":0.0,"percentageSteal":0.0,"percentageGuest":0.0},{"timestamp":"2020-07-16T15:30:00Z","percentageCpuUsage":0.0,"percentageUser":0.0,"percentageNice":0.0,"percentageSys":0.0,"percentageIdle":0.0,"percentageIoWait":0.0,"percentageHardIrq":0.0,"percentageSoftIrq":0.0,"percentageSteal":0.0,"percentageGuest":0.0},{"timestamp":"2020-07-15T15:30:00Z","percentageCpuUsage":0.0,"percentageUser":0.0,"percentageNice":0.0,"percentageSys":0.0,"percentageIdle":0.0,"percentageIoWait":0.0,"percentageHardIrq":0.0,"percentageSoftIrq":0.0,"percentageSteal":0.0,"percentageGuest":0.0},{"timestamp":"2020-07-14T15:30:00Z","percentageCpuUsage":0.0,"percentageUser":0.0,"percentageNice":0.0,"percentageSys":0.0,"percentageIdle":0.0,"percentageIoWait":0.0,"percentageHardIrq":0.0,"percentageSoftIrq":0.0,"percentageSteal":0.0,"percentageGuest":0.0},{"timestamp":"2020-07-13T15:30:00Z","percentageCpuUsage":0.0,"percentageUser":0.0,"percentageNice":0.0,"percentageSys":0.0,"percentageIdle":0.0,"percentageIoWait":0.0,"percentageHardIrq":0.0,"percentageSoftIrq":0.0,"percentageSteal":0.0,"percentageGuest":0.0},{"timestamp":"2020-07-12T15:30:00Z","percentageCpuUsage":0.0,"percentageUser":0.0,"percentageNice":0.0,"percentageSys":0.0,"percentageIdle":0.0,"percentageIoWait":0.0,"percentageHardIrq":0.0,"percentageSoftIrq":0.0,"percentageSteal":0.0,"percentageGuest":0.0},{"timestamp":"2020-07-11T15:30:00Z","percentageCpuUsage":0.0,"percentageUser":0.0,"percentageNice":0.0,"percentageSys":0.0,"percentageIdle":0.0,"percentageIoWait":0.0,"percentageHardIrq":0.0,"percentageSoftIrq":0.0,"percentageSteal":0.0,"percentageGuest":0.0},{"timestamp":"2020-07-10T15:30:00Z","percentageCpuUsage":0.0,"percentageUser":0.0,"percentageNice":0.0,"percentageSys":0.0,"percentageIdle":0.0,"percentageIoWait":0.0,"percentageHardIrq":0.0,"percentageSoftIrq":0.0,"percentageSteal":0.0,"percentageGuest":0.0},{"timestamp":"2020-07-09T15:30:00Z","percentageCpuUsage":0.0,"percentageUser":0.0,"percentageNice":0.0,"percentageSys":0.0,"percentageIdle":0.0,"percentageIoWait":0.0,"percentageHardIrq":0.0,"percentageSoftIrq":0.0,"percentageSteal":0.0,"percentageGuest":0.0},{"timestamp":"2020-07-08T15:30:00Z","percentageCpuUsage":0.0,"percentageUser":0.0,"percentageNice":0.0,"percentageSys":0.0,"percentageIdle":0.0,"percentageIoWait":0.0,"percentageHardIrq":0.0,"percentageSoftIrq":0.0,"percentageSteal":0.0,"percentageGuest":0.0},{"timestamp":"2020-07-07T15:30:00Z","percentageCpuUsage":0.0,"percentageUser":0.0,"percentageNice":0.0,"percentageSys":0.0,"percentageIdle":0.0,"percentageIoWait":0.0,"percentageHardIrq":0.0,"percentageSoftIrq":0.0,"percentageSteal":0.0,"percentageGuest":0.0},{"timestamp":"2020-07-06T15:30:00Z","percentageCpuUsage":0.0,"percentageUser":0.0,"percentageNice":0.0,"percentageSys":0.0,"percentageIdle":0.0,"percentageIoWait":0.0,"percentageHardIrq":0.0,"percentageSoftIrq":0.0,"percentageSteal":0.0,"percentageGuest":0.0},{"timestamp":"2020-07-05T15:30:00Z","percentageCpuUsage":0.0,"percentageUser":0.0,"percentageNice":0.0,"percentageSys":0.0,"percentageIdle":0.0,"percentageIoWait":0.0,"percentageHardIrq":0.0,"percentageSoftIrq":0.0,"percentageSteal":0.0,"percentageGuest":0.0},{"timestamp":"2020-07-04T15:30:00Z","percentageCpuUsage":0.0,"percentageUser":0.0,"percentageNice":0.0,"percentageSys":0.0,"percentageIdle":0.0,"percentageIoWait":0.0,"percentageHardIrq":0.0,"percentageSoftIrq":0.0,"percentageSteal":0.0,"percentageGuest":0.0},{"timestamp":"2020-07-03T15:30:00Z","percentageCpuUsage":0.0,"percentageUser":0.0,"percentageNice":0.0,"percentageSys":0.0,"percentageIdle":0.0,"percentageIoWait":0.0,"percentageHardIrq":0.0,"percentageSoftIrq":0.0,"percentageSteal":0.0,"percentageGuest":0.0},{"timestamp":"2020-07-02T15:00:00Z","percentageCpuUsage":0.0,"percentageUser":0.0,"percentageNice":0.0,"percentageSys":0.0,"percentageIdle":0.0,"percentageIoWait":0.0,"percentageHardIrq":0.0,"percentageSoftIrq":0.0,"percentageSteal":0.0,"percentageGuest":0.0},{"timestamp":"2020-07-01T14:30:00Z","percentageCpuUsage":0.0,"percentageUser":0.0,"percentageNice":0.0,"percentageSys":0.0,"percentageIdle":0.0,"percentageIoWait":0.0,"percentageHardIrq":0.0,"percentageSoftIrq":0.0,"percentageSteal":0.0,"percentageGuest":0.0},{"timestamp":"2020-06-30T14:30:00Z","percentageCpuUsage":0.0,"percentageUser":0.0,"percentageNice":0.0,"percentageSys":0.0,"percentageIdle":0.0,"percentageIoWait":0.0,"percentageHardIrq":0.0,"percentageSoftIrq":0.0,"percentageSteal":0.0,"percentageGuest":0.0},{"timestamp":"2020-06-29T14:30:00Z","percentageCpuUsage":0.0,"percentageUser":0.0,"percentageNice":0.0,"percentageSys":0.0,"percentageIdle":0.0,"percentageIoWait":0.0,"percentageHardIrq":0.0,"percentageSoftIrq":0.0,"percentageSteal":0.0,"percentageGuest":0.0},{"timestamp":"2020-06-28T14:30:00Z","percentageCpuUsage":0.0,"percentageUser":0.0,"percentageNice":0.0,"percentageSys":0.0,"percentageIdle":0.0,"percentageIoWait":0.0,"percentageHardIrq":0.0,"percentageSoftIrq":0.0,"percentageSteal":0.0,"percentageGuest":0.0},{"timestamp":"2020-06-27T14:30:00Z","percentageCpuUsage":0.0,"percentageUser":0.0,"percentageNice":0.0,"percentageSys":0.0,"percentageIdle":0.0,"percentageIoWait":0.0,"percentageHardIrq":0.0,"percentageSoftIrq":0.0,"percentageSteal":0.0,"percentageGuest":0.0},{"timestamp":"2020-06-26T14:30:00Z","percentageCpuUsage":0.0,"percentageUser":0.0,"percentageNice":0.0,"percentageSys":0.0,"percentageIdle":0.0,"percentageIoWait":0.0,"percentageHardIrq":0.0,"percentageSoftIrq":0.0,"percentageSteal":0.0,"percentageGuest":0.0},{"timestamp":"2020-06-25T14:30:00Z","percentageCpuUsage":0.0,"percentageUser":0.0,"percentageNice":0.0,"percentageSys":0.0,"percentageIdle":0.0,"percentageIoWait":0.0,"percentageHardIrq":0.0,"percentageSoftIrq":0.0,"percentageSteal":0.0,"percentageGuest":0.0},{"timestamp":"2020-06-24T14:30:00Z","percentageCpuUsage":0.0,"percentageUser":0.0,"percentageNice":0.0,"percentageSys":0.0,"percentageIdle":0.0,"percentageIoWait":0.0,"percentageHardIrq":0.0,"percentageSoftIrq":0.0,"percentageSteal":0.0,"percentageGuest":0.0},{"timestamp":"2020-06-23T14:30:00Z","percentageCpuUsage":0.0,"percentageUser":0.0,"percentageNice":0.0,"percentageSys":0.0,"percentageIdle":0.0,"percentageIoWait":0.0,"percentageHardIrq":0.0,"percentageSoftIrq":0.0,"percentageSteal":0.0,"percentageGuest":0.0},{"timestamp":"2020-06-22T14:30:00Z","percentageCpuUsage":0.0,"percentageUser":0.0,"percentageNice":0.0,"percentageSys":0.0,"percentageIdle":0.0,"percentageIoWait":0.0,"percentageHardIrq":0.0,"percentageSoftIrq":0.0,"percentageSteal":0.0,"percentageGuest":0.0},{"timestamp":"2020-06-21T14:30:00Z","percentageCpuUsage":0.0,"percentageUser":0.0,"percentageNice":0.0,"percentageSys":0.0,"percentageIdle":0.0,"percentageIoWait":0.0,"percentageHardIrq":0.0,"percentageSoftIrq":0.0,"percentageSteal":0.0,"percentageGuest":0.0},{"timestamp":"2020-06-20T14:30:00Z","percentageCpuUsage":0.0,"percentageUser":0.0,"percentageNice":0.0,"percentageSys":0.0,"percentageIdle":0.0,"percentageIoWait":0.0,"percentageHardIrq":0.0,"percentageSoftIrq":0.0,"percentageSteal":0.0,"percentageGuest":0.0},{"timestamp":"2020-06-19T14:30:00Z","percentageCpuUsage":0.0,"percentageUser":0.0,"percentageNice":0.0,"percentageSys":0.0,"percentageIdle":0.0,"percentageIoWait":0.0,"percentageHardIrq":0.0,"percentageSoftIrq":0.0,"percentageSteal":0.0,"percentageGuest":0.0},{"timestamp":"2020-06-18T14:30:00Z","percentageCpuUsage":0.0,"percentageUser":0.0,"percentageNice":0.0,"percentageSys":0.0,"percentageIdle":0.0,"percentageIoWait":0.0,"percentageHardIrq":0.0,"percentageSoftIrq":0.0,"percentageSteal":0.0,"percentageGuest":0.0},{"timestamp":"2020-06-17T14:30:00Z","percentageCpuUsage":0.0,"percentageUser":0.0,"percentageNice":0.0,"percentageSys":0.0,"percentageIdle":0.0,"percentageIoWait":0.0,"percentageHardIrq":0.0,"percentageSoftIrq":0.0,"percentageSteal":0.0,"percentageGuest":0.0},{"timestamp":"2020-06-16T14:30:00Z","percentageCpuUsage":0.0,"percentageUser":0.0,"percentageNice":0.0,"percentageSys":0.0,"percentageIdle":0.0,"percentageIoWait":0.0,"percentageHardIrq":0.0,"percentageSoftIrq":0.0,"percentageSteal":0.0,"percentageGuest":0.0},{"timestamp":"2020-06-15T14:30:00Z","percentageCpuUsage":0.0,"percentageUser":0.0,"percentageNice":0.0,"percentageSys":0.0,"percentageIdle":0.0,"percentageIoWait":0.0,"percentageHardIrq":0.0,"percentageSoftIrq":0.0,"percentageSteal":0.0,"percentageGuest":0.0},{"timestamp":"2020-06-14T14:30:00Z","percentageCpuUsage":0.0,"percentageUser":0.0,"percentageNice":0.0,"percentageSys":0.0,"percentageIdle":0.0,"percentageIoWait":0.0,"percentageHardIrq":0.0,"percentageSoftIrq":0.0,"percentageSteal":0.0,"percentageGuest":0.0},{"timestamp":"2020-06-13T14:30:00Z","percentageCpuUsage":0.0,"percentageUser":0.0,"percentageNice":0.0,"percentageSys":0.0,"percentageIdle":0.0,"percentageIoWait":0.0,"percentageHardIrq":0.0,"percentageSoftIrq":0.0,"percentageSteal":0.0,"percentageGuest":0.0},{"timestamp":"2020-06-12T14:30:00Z","percentageCpuUsage":0.0,"percentageUser":0.0,"percentageNice":0.0,"percentageSys":0.0,"percentageIdle":0.0,"percentageIoWait":0.0,"percentageHardIrq":0.0,"percentageSoftIrq":0.0,"percentageSteal":0.0,"percentageGuest":0.0},{"timestamp":"2020-06-11T14:30:00Z","percentageCpuUsage":0.0,"percentageUser":0.0,"percentageNice":0.0,"percentageSys":0.0,"percentageIdle":0.0,"percentageIoWait":0.0,"percentageHardIrq":0.0,"percentageSoftIrq":0.0,"percentageSteal":0.0,"percentageGuest":0.0},{"timestamp":"2020-06-10T14:30:00Z","percentageCpuUsage":0.0,"percentageUser":0.0,"percentageNice":0.0,"percentageSys":0.0,"percentageIdle":0.0,"percentageIoWait":0.0,"percentageHardIrq":0.0,"percentageSoftIrq":0.0,"percentageSteal":0.0,"percentageGuest":0.0},{"timestamp":"2020-06-09T14:30:00Z","percentageCpuUsage":0.0,"percentageUser":0.0,"percentageNice":0.0,"percentageSys":0.0,"percentageIdle":0.0,"percentageIoWait":0.0,"percentageHardIrq":0.0,"percentageSoftIrq":0.0,"percentageSteal":0.0,"percentageGuest":0.0},{"timestamp":"2020-06-08T14:30:00Z","percentageCpuUsage":0.0,"percentageUser":0.0,"percentageNice":0.0,"percentageSys":0.0,"percentageIdle":0.0,"percentageIoWait":0.0,"percentageHardIrq":0.0,"percentageSoftIrq":0.0,"percentageSteal":0.0,"percentageGuest":0.0},{"timestamp":"2020-06-07T14:30:00Z","percentageCpuUsage":0.0,"percentageUser":0.0,"percentageNice":0.0,"percentageSys":0.0,"percentageIdle":0.0,"percentageIoWait":0.0,"percentageHardIrq":0.0,"percentageSoftIrq":0.0,"percentageSteal":0.0,"percentageGuest":0.0},{"timestamp":"2020-06-06T14:30:00Z","percentageCpuUsage":0.0,"percentageUser":0.0,"percentageNice":0.0,"percentageSys":0.0,"percentageIdle":0.0,"percentageIoWait":0.0,"percentageHardIrq":0.0,"percentageSoftIrq":0.0,"percentageSteal":0.0,"percentageGuest":0.0},{"timestamp":"2020-06-05T14:30:00Z","percentageCpuUsage":0.0,"percentageUser":0.0,"percentageNice":0.0,"percentageSys":0.0,"percentageIdle":0.0,"percentageIoWait":0.0,"percentageHardIrq":0.0,"percentageSoftIrq":0.0,"percentageSteal":0.0,"percentageGuest":0.0},{"timestamp":"2020-06-04T14:30:00Z","percentageCpuUsage":0.0,"percentageUser":0.0,"percentageNice":0.0,"percentageSys":0.0,"percentageIdle":0.0,"percentageIoWait":0.0,"percentageHardIrq":0.0,"percentageSoftIrq":0.0,"percentageSteal":0.0,"percentageGuest":0.0},{"timestamp":"2020-06-03T14:30:00Z","percentageCpuUsage":0.0,"percentageUser":0.0,"percentageNice":0.0,"percentageSys":0.0,"percentageIdle":0.0,"percentageIoWait":0.0,"percentageHardIrq":0.0,"percentageSoftIrq":0.0,"percentageSteal":0.0,"percentageGuest":0.0},{"timestamp":"2020-06-02T14:30:00Z","percentageCpuUsage":0.0,"percentageUser":0.0,"percentageNice":0.0,"percentageSys":0.0,"percentageIdle":0.0,"percentageIoWait":0.0,"percentageHardIrq":0.0,"percentageSoftIrq":0.0,"percentageSteal":0.0,"percentageGuest":0.0},{"timestamp":"2020-06-01T14:30:00Z","percentageCpuUsage":0.0,"percentageUser":0.0,"percentageNice":0.0,"percentageSys":0.0,"percentageIdle":0.0,"percentageIoWait":0.0,"percentageHardIrq":0.0,"percentageSoftIrq":0.0,"percentageSteal":0.0,"percentageGuest":0.0},{"timestamp":"2020-05-31T14:30:00Z","percentageCpuUsage":0.0,"percentageUser":0.0,"percentageNice":0.0,"percentageSys":0.0,"percentageIdle":0.0,"percentageIoWait":0.0,"percentageHardIrq":0.0,"percentageSoftIrq":0.0,"percentageSteal":0.0,"percentageGuest":0.0},{"timestamp":"2020-05-30T14:30:00Z","percentageCpuUsage":0.0,"percentageUser":0.0,"percentageNice":0.0,"percentageSys":0.0,"percentageIdle":0.0,"percentageIoWait":0.0,"percentageHardIrq":0.0,"percentageSoftIrq":0.0,"percentageSteal":0.0,"percentageGuest":0.0},{"timestamp":"2020-05-29T14:30:00Z","percentageCpuUsage":0.0,"percentageUser":0.0,"percentageNice":0.0,"percentageSys":0.0,"percentageIdle":0.0,"percentageIoWait":0.0,"percentageHardIrq":0.0,"percentageSoftIrq":0.0,"percentageSteal":0.0,"percentageGuest":0.0},{"timestamp":"2020-05-28T14:30:00Z","percentageCpuUsage":0.0,"percentageUser":0.0,"percentageNice":0.0,"percentageSys":0.0,"percentageIdle":0.0,"percentageIoWait":0.0,"percentageHardIrq":0.0,"percentageSoftIrq":0.0,"percentageSteal":0.0,"percentageGuest":0.0},{"timestamp":"2020-05-27T14:30:00Z","percentageCpuUsage":0.0,"percentageUser":0.0,"percentageNice":0.0,"percentageSys":0.0,"percentageIdle":0.0,"percentageIoWait":0.0,"percentageHardIrq":0.0,"percentageSoftIrq":0.0,"percentageSteal":0.0,"percentageGuest":0.0},{"timestamp":"2020-05-26T14:30:00Z","percentageCpuUsage":0.0,"percentageUser":0.0,"percentageNice":0.0,"percentageSys":0.0,"percentageIdle":0.0,"percentageIoWait":0.0,"percentageHardIrq":0.0,"percentageSoftIrq":0.0,"percentageSteal":0.0,"percentageGuest":0.0},{"timestamp":"2020-05-25T14:30:00Z","percentageCpuUsage":0.0,"percentageUser":0.0,"percentageNice":0.0,"percentageSys":0.0,"percentageIdle":0.0,"percentageIoWait":0.0,"percentageHardIrq":0.0,"percentageSoftIrq":0.0,"percentageSteal":0.0,"percentageGuest":0.0},{"timestamp":"2020-05-24T14:30:00Z","percentageCpuUsage":0.0,"percentageUser":0.0,"percentageNice":0.0,"percentageSys":0.0,"percentageIdle":0.0,"percentageIoWait":0.0,"percentageHardIrq":0.0,"percentageSoftIrq":0.0,"percentageSteal":0.0,"percentageGuest":0.0},{"timestamp":"2020-05-23T14:30:00Z","percentageCpuUsage":0.0,"percentageUser":0.0,"percentageNice":0.0,"percentageSys":0.0,"percentageIdle":0.0,"percentageIoWait":0.0,"percentageHardIrq":0.0,"percentageSoftIrq":0.0,"percentageSteal":0.0,"percentageGuest":0.0},{"timestamp":"2020-05-22T14:30:00Z","percentageCpuUsage":0.0,"percentageUser":0.0,"percentageNice":0.0,"percentageSys":0.0,"percentageIdle":0.0,"percentageIoWait":0.0,"percentageHardIrq":0.0,"percentageSoftIrq":0.0,"percentageSteal":0.0,"percentageGuest":0.0},{"timestamp":"2020-05-21T14:30:00Z","percentageCpuUsage":0.0,"percentageUser":0.0,"percentageNice":0.0,"percentageSys":0.0,"percentageIdle":0.0,"percentageIoWait":0.0,"percentageHardIrq":0.0,"percentageSoftIrq":0.0,"percentageSteal":0.0,"percentageGuest":0.0},{"timestamp":"2020-05-20T14:30:00Z","percentageCpuUsage":0.0,"percentageUser":0.0,"percentageNice":0.0,"percentageSys":0.0,"percentageIdle":0.0,"percentageIoWait":0.0,"percentageHardIrq":0.0,"percentageSoftIrq":0.0,"percentageSteal":0.0,"percentageGuest":0.0},{"timestamp":"2020-05-19T14:30:00Z","percentageCpuUsage":0.0,"percentageUser":0.0,"percentageNice":0.0,"percentageSys":0.0,"percentageIdle":0.0,"percentageIoWait":0.0,"percentageHardIrq":0.0,"percentageSoftIrq":0.0,"percentageSteal":0.0,"percentageGuest":0.0},{"timestamp":"2020-05-18T14:30:00Z","percentageCpuUsage":1.07461,"percentageUser":0.637582,"percentageNice":6.20708E-14,"percentageSys":0.391206,"percentageIdle":11.4254,"percentageIoWait":0.0315997,"percentageHardIrq":0.0,"percentageSoftIrq":0.0142247,"percentageSteal":0.0,"percentageGuest":0.0},{"timestamp":"2020-05-17T14:30:00Z","percentageCpuUsage":6.88516,"percentageUser":4.00742,"percentageNice":0.00108648,"percentageSys":2.63944,"percentageIdle":93.1148,"percentageIoWait":0.145181,"percentageHardIrq":0.0,"percentageSoftIrq":0.0920357,"percentageSteal":0.0,"percentageGuest":0.0},{"timestamp":"2020-05-16T14:30:00Z","percentageCpuUsage":7.79952,"percentageUser":4.39763,"percentageNice":9.71734E-4,"percentageSys":2.62257,"percentageIdle":92.2005,"percentageIoWait":0.676956,"percentageHardIrq":0.0,"percentageSoftIrq":0.10139,"percentageSteal":0.0,"percentageGuest":0.0},{"timestamp":"2020-05-15T14:30:00Z","percentageCpuUsage":6.92434,"percentageUser":4.09985,"percentageNice":0.00530547,"percentageSys":2.60199,"percentageIdle":93.0757,"percentageIoWait":0.13097,"percentageHardIrq":0.0,"percentageSoftIrq":0.0711632,"percentageSteal":0.0,"percentageGuest":0.0},{"timestamp":"2020-05-14T14:30:00Z","percentageCpuUsage":6.23451,"percentageUser":3.53804,"percentageNice":0.00102453,"percentageSys":2.50228,"percentageIdle":93.7655,"percentageIoWait":0.129297,"percentageHardIrq":0.0,"percentageSoftIrq":0.0638707,"percentageSteal":0.0,"percentageGuest":0.0},{"timestamp":"2020-05-13T14:30:00Z","percentageCpuUsage":6.33401,"percentageUser":3.61282,"percentageNice":0.00120373,"percentageSys":2.44973,"percentageIdle":93.666,"percentageIoWait":0.201384,"percentageHardIrq":0.0,"percentageSoftIrq":0.0688804,"percentageSteal":0.0,"percentageGuest":0.0},{"timestamp":"2020-05-12T14:30:00Z","percentageCpuUsage":5.8708,"percentageUser":3.63868,"percentageNice":9.77732E-4,"percentageSys":2.01542,"percentageIdle":94.1292,"percentageIoWait":0.140055,"percentageHardIrq":0.0,"percentageSoftIrq":0.0690024,"percentageSteal":0.0,"percentageGuest":0.0},{"timestamp":"2020-05-11T14:30:00Z","percentageCpuUsage":3.64986,"percentageUser":2.09282,"percentageNice":9.89688E-4,"percentageSys":1.39873,"percentageIdle":96.3501,"percentageIoWait":0.119224,"percentageHardIrq":0.0,"percentageSoftIrq":0.0380996,"percentageSteal":0.0,"percentageGuest":0.0},{"timestamp":"2020-05-10T14:30:00Z","percentageCpuUsage":3.57644,"percentageUser":2.07543,"percentageNice":0.00118046,"percentageSys":1.34381,"percentageIdle":96.4236,"percentageIoWait":0.118627,"percentageHardIrq":0.0,"percentageSoftIrq":0.0373879,"percentageSteal":0.0,"percentageGuest":0.0},{"timestamp":"2020-05-09T14:30:00Z","percentageCpuUsage":5.67517,"percentageUser":3.23384,"percentageNice":0.00107572,"percentageSys":2.08263,"percentageIdle":94.3248,"percentageIoWait":0.289209,"percentageHardIrq":0.0,"percentageSoftIrq":0.068415,"percentageSteal":0.0,"percentageGuest":0.0},{"timestamp":"2020-05-08T14:30:00Z","percentageCpuUsage":6.35577,"percentageUser":3.54475,"percentageNice":0.00100214,"percentageSys":2.49926,"percentageIdle":93.6442,"percentageIoWait":0.251096,"percentageHardIrq":0.0,"percentageSoftIrq":0.0596648,"percentageSteal":0.0,"percentageGuest":0.0},{"timestamp":"2020-05-07T14:30:00Z","percentageCpuUsage":6.35848,"percentageUser":3.52935,"percentageNice":0.00124621,"percentageSys":2.51401,"percentageIdle":93.6415,"percentageIoWait":0.253746,"percentageHardIrq":0.0,"percentageSoftIrq":0.0601236,"percentageSteal":0.0,"percentageGuest":0.0},{"timestamp":"2020-05-06T14:30:00Z","percentageCpuUsage":6.51709,"percentageUser":3.51692,"percentageNice":0.00102067,"percentageSys":2.51538,"percentageIdle":93.4829,"percentageIoWait":0.424885,"percentageHardIrq":0.0,"percentageSoftIrq":0.0588874,"percentageSteal":0.0,"percentageGuest":0.0},{"timestamp":"2020-05-05T14:30:00Z","percentageCpuUsage":6.32577,"percentageUser":3.51556,"percentageNice":0.0010148,"percentageSys":2.51093,"percentageIdle":93.6742,"percentageIoWait":0.238052,"percentageHardIrq":0.0,"percentageSoftIrq":0.060216,"percentageSteal":0.0,"percentageGuest":0.0},{"timestamp":"2020-05-04T14:30:00Z","percentageCpuUsage":6.32715,"percentageUser":3.51487,"percentageNice":0.0010954,"percentageSys":2.51389,"percentageIdle":93.6728,"percentageIoWait":0.234031,"percentageHardIrq":0.0,"percentageSoftIrq":0.063266,"percentageSteal":0.0,"percentageGuest":0.0},{"timestamp":"2020-05-03T14:30:00Z","percentageCpuUsage":6.21563,"percentageUser":3.5112,"percentageNice":0.00103615,"percentageSys":2.43451,"percentageIdle":93.7844,"percentageIoWait":0.207108,"percentageHardIrq":0.0,"percentageSoftIrq":0.0617707,"percentageSteal":0.0,"percentageGuest":0.0},{"timestamp":"2020-05-02T14:00:00Z","percentageCpuUsage":5.97765,"percentageUser":3.49847,"percentageNice":9.63099E-4,"percentageSys":2.24743,"percentageIdle":94.0224,"percentageIoWait":0.168513,"percentageHardIrq":0.0,"percentageSoftIrq":0.0622716,"percentageSteal":0.0,"percentageGuest":0.0},{"timestamp":"2020-05-01T13:30:00Z","percentageCpuUsage":4.99452,"percentageUser":3.09607,"percentageNice":8.5676E-4,"percentageSys":1.56956,"percentageIdle":74.1721,"percentageIoWait":0.266478,"percentageHardIrq":0.0,"percentageSoftIrq":0.0489897,"percentageSteal":0.0,"percentageGuest":0.0},{"timestamp":"2020-04-30T13:30:00Z","percentageCpuUsage":1.87061,"percentageUser":1.05077,"percentageNice":4.06079E-5,"percentageSys":0.675599,"percentageIdle":27.2961,"percentageIoWait":0.123236,"percentageHardIrq":0.0,"percentageSoftIrq":0.0209661,"percentageSteal":0.0,"percentageGuest":0.0},{"timestamp":"2020-04-29T13:30:00Z","percentageCpuUsage":6.3033,"percentageUser":3.61786,"percentageNice":0.00101588,"percentageSys":2.32553,"percentageIdle":93.6967,"percentageIoWait":0.289785,"percentageHardIrq":0.0,"percentageSoftIrq":0.069107,"percentageSteal":0.0,"percentageGuest":0.0},{"timestamp":"2020-04-28T13:30:00Z","percentageCpuUsage":6.28039,"percentageUser":3.62766,"percentageNice":0.00100047,"percentageSys":2.32705,"percentageIdle":93.7196,"percentageIoWait":0.253681,"percentageHardIrq":0.0,"percentageSoftIrq":0.0709965,"percentageSteal":0.0,"percentageGuest":0.0},{"timestamp":"2020-04-27T13:30:00Z","percentageCpuUsage":6.31548,"percentageUser":3.63319,"percentageNice":0.00114279,"percentageSys":2.3374,"percentageIdle":93.6845,"percentageIoWait":0.273309,"percentageHardIrq":0.0,"percentageSoftIrq":0.070441,"percentageSteal":0.0,"percentageGuest":0.0},{"timestamp":"2020-04-26T13:30:00Z","percentageCpuUsage":6.3212,"percentageUser":3.6322,"percentageNice":0.00102964,"percentageSys":2.35116,"percentageIdle":93.6788,"percentageIoWait":0.264324,"percentageHardIrq":0.0,"percentageSoftIrq":0.0724845,"percentageSteal":0.0,"percentageGuest":0.0},{"timestamp":"2020-04-25T13:30:00Z","percentageCpuUsage":6.32165,"percentageUser":3.63213,"percentageNice":0.00101671,"percentageSys":2.35016,"percentageIdle":93.6783,"percentageIoWait":0.26609,"percentageHardIrq":0.0,"percentageSoftIrq":0.0722589,"percentageSteal":0.0,"percentageGuest":0.0},{"timestamp":"2020-04-24T13:30:00Z","percentageCpuUsage":6.28913,"percentageUser":3.63684,"percentageNice":0.00107107,"percentageSys":2.30416,"percentageIdle":93.7109,"percentageIoWait":0.273168,"percentageHardIrq":0.0,"percentageSoftIrq":0.0738915,"percentageSteal":0.0,"percentageGuest":0.0},{"timestamp":"2020-04-23T13:30:00Z","percentageCpuUsage":6.31339,"percentageUser":3.60259,"percentageNice":0.00101516,"percentageSys":2.34507,"percentageIdle":93.6866,"percentageIoWait":0.29296,"percentageHardIrq":0.0,"percentageSoftIrq":0.0717485,"percentageSteal":0.0,"percentageGuest":0.0},{"timestamp":"2020-04-22T13:30:00Z","percentageCpuUsage":6.3883,"percentageUser":3.62992,"percentageNice":0.0010109,"percentageSys":2.35072,"percentageIdle":93.6117,"percentageIoWait":0.33305,"percentageHardIrq":0.0,"percentageSoftIrq":0.0736076,"percentageSteal":0.0,"percentageGuest":0.0},{"timestamp":"2020-04-21T13:30:00Z","percentageCpuUsage":6.287,"percentageUser":3.60864,"percentageNice":0.00107152,"percentageSys":2.33151,"percentageIdle":93.713,"percentageIoWait":0.275415,"percentageHardIrq":0.0,"percentageSoftIrq":0.0703686,"percentageSteal":0.0,"percentageGuest":0.0},{"timestamp":"2020-04-20T13:30:00Z","percentageCpuUsage":6.26746,"percentageUser":3.61028,"percentageNice":9.95988E-4,"percentageSys":2.32968,"percentageIdle":93.7325,"percentageIoWait":0.2552,"percentageHardIrq":0.0,"percentageSoftIrq":0.0713081,"percentageSteal":0.0,"percentageGuest":0.0},{"timestamp":"2020-04-19T13:30:00Z","percentageCpuUsage":6.26459,"percentageUser":3.60679,"percentageNice":0.00100212,"percentageSys":2.33103,"percentageIdle":93.7354,"percentageIoWait":0.255822,"percentageHardIrq":0.0,"percentageSoftIrq":0.0699412,"percentageSteal":0.0,"percentageGuest":0.0},{"timestamp":"2020-04-18T13:30:00Z","percentageCpuUsage":6.25824,"percentageUser":3.60421,"percentageNice":0.00108061,"percentageSys":2.31852,"percentageIdle":93.7418,"percentageIoWait":0.262342,"percentageHardIrq":0.0,"percentageSoftIrq":0.0720827,"percentageSteal":0.0,"percentageGuest":0.0},{"timestamp":"2020-04-17T13:30:00Z","percentageCpuUsage":6.25795,"percentageUser":3.60945,"percentageNice":9.9922E-4,"percentageSys":2.33613,"percentageIdle":93.742,"percentageIoWait":0.24034,"percentageHardIrq":0.0,"percentageSoftIrq":0.0710344,"percentageSteal":0.0,"percentageGuest":0.0},{"timestamp":"2020-04-16T13:30:00Z","percentageCpuUsage":6.27652,"percentageUser":3.60221,"percentageNice":0.00102823,"percentageSys":2.35005,"percentageIdle":93.7235,"percentageIoWait":0.251112,"percentageHardIrq":0.0,"percentageSoftIrq":0.0721159,"percentageSteal":0.0,"percentageGuest":0.0},{"timestamp":"2020-04-15T13:30:00Z","percentageCpuUsage":6.26764,"percentageUser":3.59966,"percentageNice":0.00105562,"percentageSys":2.33618,"percentageIdle":93.7324,"percentageIoWait":0.25922,"percentageHardIrq":0.0,"percentageSoftIrq":0.0715253,"percentageSteal":0.0,"percentageGuest":0.0},{"timestamp":"2020-04-14T13:30:00Z","percentageCpuUsage":6.29145,"percentageUser":3.60098,"percentageNice":0.00107642,"percentageSys":2.35698,"percentageIdle":93.7085,"percentageIoWait":0.261387,"percentageHardIrq":0.0,"percentageSoftIrq":0.0710231,"percentageSteal":0.0,"percentageGuest":0.0},{"timestamp":"2020-04-13T13:30:00Z","percentageCpuUsage":6.29671,"percentageUser":3.59927,"percentageNice":0.00101287,"percentageSys":2.35747,"percentageIdle":93.7033,"percentageIoWait":0.268559,"percentageHardIrq":0.0,"percentageSoftIrq":0.0704046,"percentageSteal":0.0,"percentageGuest":0.0},{"timestamp":"2020-04-12T13:30:00Z","percentageCpuUsage":6.27878,"percentageUser":3.59445,"percentageNice":0.001184,"percentageSys":2.34925,"percentageIdle":93.7212,"percentageIoWait":0.261939,"percentageHardIrq":0.0,"percentageSoftIrq":0.0719541,"percentageSteal":0.0,"percentageGuest":0.0},{"timestamp":"2020-04-11T13:30:00Z","percentageCpuUsage":6.2632,"percentageUser":3.59712,"percentageNice":0.00100503,"percentageSys":2.35377,"percentageIdle":93.7368,"percentageIoWait":0.239982,"percentageHardIrq":0.0,"percentageSoftIrq":0.0713212,"percentageSteal":0.0,"percentageGuest":0.0},{"timestamp":"2020-04-10T13:30:00Z","percentageCpuUsage":6.31064,"percentageUser":3.59396,"percentageNice":9.9631E-4,"percentageSys":2.35682,"percentageIdle":93.6894,"percentageIoWait":0.287022,"percentageHardIrq":0.0,"percentageSoftIrq":0.0718476,"percentageSteal":0.0,"percentageGuest":0.0},{"timestamp":"2020-04-09T13:30:00Z","percentageCpuUsage":6.27019,"percentageUser":3.59749,"percentageNice":0.00107812,"percentageSys":2.34987,"percentageIdle":93.7298,"percentageIoWait":0.252404,"percentageHardIrq":0.0,"percentageSoftIrq":0.0693545,"percentageSteal":0.0,"percentageGuest":0.0},{"timestamp":"2020-04-08T13:30:00Z","percentageCpuUsage":6.31079,"percentageUser":3.59578,"percentageNice":9.90048E-4,"percentageSys":2.37036,"percentageIdle":93.6892,"percentageIoWait":0.269961,"percentageHardIrq":0.0,"percentageSoftIrq":0.0736962,"percentageSteal":0.0,"percentageGuest":0.0},{"timestamp":"2020-04-07T13:30:00Z","percentageCpuUsage":6.27813,"percentageUser":3.59564,"percentageNice":0.00107421,"percentageSys":2.36081,"percentageIdle":93.7219,"percentageIoWait":0.250286,"percentageHardIrq":0.0,"percentageSoftIrq":0.070322,"percentageSteal":0.0,"percentageGuest":0.0},{"timestamp":"2020-04-06T13:30:00Z","percentageCpuUsage":6.25467,"percentageUser":3.59367,"percentageNice":0.00110281,"percentageSys":2.3457,"percentageIdle":93.7453,"percentageIoWait":0.242642,"percentageHardIrq":0.0,"percentageSoftIrq":0.0715566,"percentageSteal":0.0,"percentageGuest":0.0},{"timestamp":"2020-04-05T13:30:00Z","percentageCpuUsage":6.29354,"percentageUser":3.59392,"percentageNice":0.00100698,"percentageSys":2.3567,"percentageIdle":93.7065,"percentageIoWait":0.271543,"percentageHardIrq":0.0,"percentageSoftIrq":0.0703803,"percentageSteal":0.0,"percentageGuest":0.0},{"timestamp":"2020-04-04T13:30:00Z","percentageCpuUsage":6.25165,"percentageUser":3.59813,"percentageNice":0.00101583,"percentageSys":2.32507,"percentageIdle":93.7484,"percentageIoWait":0.254671,"percentageHardIrq":0.0,"percentageSoftIrq":0.0727599,"percentageSteal":0.0,"percentageGuest":0.0},{"timestamp":"2020-04-03T13:30:00Z","percentageCpuUsage":6.11873,"percentageUser":3.5921,"percentageNice":0.00107202,"percentageSys":2.23365,"percentageIdle":93.8813,"percentageIoWait":0.216527,"percentageHardIrq":0.0,"percentageSoftIrq":0.0753804,"percentageSteal":0.0,"percentageGuest":0.0},{"timestamp":"2020-04-02T13:30:00Z","percentageCpuUsage":6.13107,"percentageUser":3.59081,"percentageNice":0.00100026,"percentageSys":2.22969,"percentageIdle":93.8689,"percentageIoWait":0.233871,"percentageHardIrq":0.0,"percentageSoftIrq":0.0756965,"percentageSteal":0.0,"percentageGuest":0.0},{"timestamp":"2020-04-01T13:30:00Z","percentageCpuUsage":6.15198,"percentageUser":3.59215,"percentageNice":0.00102829,"percentageSys":2.25125,"percentageIdle":93.848,"percentageIoWait":0.232081,"percentageHardIrq":0.0,"percentageSoftIrq":0.0754808,"percentageSteal":0.0,"percentageGuest":0.0},{"timestamp":"2020-03-31T13:30:00Z","percentageCpuUsage":6.1374,"percentageUser":3.58509,"percentageNice":0.00110917,"percentageSys":2.23812,"percentageIdle":93.8626,"percentageIoWait":0.239274,"percentageHardIrq":0.0,"percentageSoftIrq":0.0738051,"percentageSteal":0.0,"percentageGuest":0.0},{"timestamp":"2020-03-30T13:30:00Z","percentageCpuUsage":6.1584,"percentageUser":3.58871,"percentageNice":0.00110919,"percentageSys":2.26028,"percentageIdle":93.8416,"percentageIoWait":0.234301,"percentageHardIrq":0.0,"percentageSoftIrq":0.074005,"percentageSteal":0.0,"percentageGuest":0.0},{"timestamp":"2020-03-29T13:30:00Z","percentageCpuUsage":6.16492,"percentageUser":3.58954,"percentageNice":0.00101491,"percentageSys":2.26442,"percentageIdle":93.8351,"percentageIoWait":0.23491,"percentageHardIrq":0.0,"percentageSoftIrq":0.0750261,"percentageSteal":0.0,"percentageGuest":0.0},{"timestamp":"2020-03-28T13:30:00Z","percentageCpuUsage":6.1625,"percentageUser":3.58806,"percentageNice":0.00105642,"percentageSys":2.26312,"percentageIdle":93.8375,"percentageIoWait":0.235536,"percentageHardIrq":0.0,"percentageSoftIrq":0.0747258,"percentageSteal":0.0,"percentageGuest":0.0},{"timestamp":"2020-03-27T13:30:00Z","percentageCpuUsage":6.18632,"percentageUser":3.58552,"percentageNice":9.98391E-4,"percentageSys":2.28153,"percentageIdle":93.8137,"percentageIoWait":0.244172,"percentageHardIrq":0.0,"percentageSoftIrq":0.0740996,"percentageSteal":0.0,"percentageGuest":0.0},{"timestamp":"2020-03-26T13:30:00Z","percentageCpuUsage":6.15757,"percentageUser":3.58503,"percentageNice":0.00100611,"percentageSys":2.25697,"percentageIdle":93.8424,"percentageIoWait":0.240898,"percentageHardIrq":0.0,"percentageSoftIrq":0.0736606,"percentageSteal":0.0,"percentageGuest":0.0},{"timestamp":"2020-03-25T13:30:00Z","percentageCpuUsage":6.16834,"percentageUser":3.5812,"percentageNice":0.00105003,"percentageSys":2.27822,"percentageIdle":93.8317,"percentageIoWait":0.23371,"percentageHardIrq":0.0,"percentageSoftIrq":0.0741574,"percentageSteal":0.0,"percentageGuest":0.0},{"timestamp":"2020-03-24T13:30:00Z","percentageCpuUsage":6.17396,"percentageUser":3.58105,"percentageNice":0.00103028,"percentageSys":2.26778,"percentageIdle":93.826,"percentageIoWait":0.251112,"percentageHardIrq":0.0,"percentageSoftIrq":0.072987,"percentageSteal":0.0,"percentageGuest":0.0},{"timestamp":"2020-03-23T13:30:00Z","percentageCpuUsage":6.16689,"percentageUser":3.58759,"percentageNice":0.00100032,"percentageSys":2.26981,"percentageIdle":93.8331,"percentageIoWait":0.233907,"percentageHardIrq":0.0,"percentageSoftIrq":0.0745898,"percentageSteal":0.0,"percentageGuest":0.0},{"timestamp":"2020-03-22T13:30:00Z","percentageCpuUsage":6.19398,"percentageUser":3.58392,"percentageNice":0.00104486,"percentageSys":2.2932,"percentageIdle":93.806,"percentageIoWait":0.240873,"percentageHardIrq":0.0,"percentageSoftIrq":0.0749406,"percentageSteal":0.0,"percentageGuest":0.0},{"timestamp":"2020-03-21T13:30:00Z","percentageCpuUsage":6.17214,"percentageUser":3.58185,"percentageNice":9.84676E-4,"percentageSys":2.27822,"percentageIdle":93.8279,"percentageIoWait":0.236678,"percentageHardIrq":0.0,"percentageSoftIrq":0.0744166,"percentageSteal":0.0,"percentageGuest":0.0},{"timestamp":"2020-03-20T13:30:00Z","percentageCpuUsage":6.19576,"percentageUser":3.57858,"percentageNice":0.00106718,"percentageSys":2.30635,"percentageIdle":93.8042,"percentageIoWait":0.23579,"percentageHardIrq":0.0,"percentageSoftIrq":0.0739737,"percentageSteal":0.0,"percentageGuest":0.0},{"timestamp":"2020-03-19T13:30:00Z","percentageCpuUsage":6.20585,"percentageUser":3.57725,"percentageNice":0.00117702,"percentageSys":2.32659,"percentageIdle":93.7941,"percentageIoWait":0.226355,"percentageHardIrq":0.0,"percentageSoftIrq":0.0744851,"percentageSteal":0.0,"percentageGuest":0.0},{"timestamp":"2020-03-18T13:30:00Z","percentageCpuUsage":6.1898,"percentageUser":3.56879,"percentageNice":0.00104018,"percentageSys":2.32622,"percentageIdle":93.8102,"percentageIoWait":0.220255,"percentageHardIrq":0.0,"percentageSoftIrq":0.0734977,"percentageSteal":0.0,"percentageGuest":0.0},{"timestamp":"2020-03-17T13:30:00Z","percentageCpuUsage":6.19257,"percentageUser":3.56629,"percentageNice":0.00102936,"percentageSys":2.3317,"percentageIdle":93.8074,"percentageIoWait":0.221441,"percentageHardIrq":0.0,"percentageSoftIrq":0.0721092,"percentageSteal":0.0,"percentageGuest":0.0},{"timestamp":"2020-03-16T13:30:00Z","percentageCpuUsage":6.2082,"percentageUser":3.56442,"percentageNice":0.001069,"percentageSys":2.33451,"percentageIdle":93.7918,"percentageIoWait":0.236437,"percentageHardIrq":0.0,"percentageSoftIrq":0.0717615,"percentageSteal":0.0,"percentageGuest":0.0},{"timestamp":"2020-03-15T13:30:00Z","percentageCpuUsage":6.25315,"percentageUser":3.57313,"percentageNice":0.00103989,"percentageSys":2.36254,"percentageIdle":93.7469,"percentageIoWait":0.246542,"percentageHardIrq":0.0,"percentageSoftIrq":0.0699034,"percentageSteal":0.0,"percentageGuest":0.0},{"timestamp":"2020-03-14T13:30:00Z","percentageCpuUsage":6.30442,"percentageUser":3.57037,"percentageNice":0.00100902,"percentageSys":2.42145,"percentageIdle":93.6956,"percentageIoWait":0.243707,"percentageHardIrq":0.0,"percentageSoftIrq":0.067885,"percentageSteal":0.0,"percentageGuest":0.0},{"timestamp":"2020-03-13T13:30:00Z","percentageCpuUsage":6.29623,"percentageUser":3.56543,"percentageNice":0.00108232,"percentageSys":2.41761,"percentageIdle":93.7038,"percentageIoWait":0.245754,"percentageHardIrq":0.0,"percentageSoftIrq":0.0663592,"percentageSteal":0.0,"percentageGuest":0.0},{"timestamp":"2020-03-12T13:30:00Z","percentageCpuUsage":6.30111,"percentageUser":3.56496,"percentageNice":0.00101864,"percentageSys":2.42167,"percentageIdle":93.6989,"percentageIoWait":0.247105,"percentageHardIrq":0.0,"percentageSoftIrq":0.066361,"percentageSteal":0.0,"percentageGuest":0.0},{"timestamp":"2020-03-11T13:30:00Z","percentageCpuUsage":6.25799,"percentageUser":3.5631,"percentageNice":0.00101965,"percentageSys":2.38906,"percentageIdle":93.742,"percentageIoWait":0.23692,"percentageHardIrq":0.0,"percentageSoftIrq":0.0678929,"percentageSteal":0.0,"percentageGuest":0.0},{"timestamp":"2020-03-10T13:30:00Z","percentageCpuUsage":6.19542,"percentageUser":3.56602,"percentageNice":0.00107825,"percentageSys":2.32962,"percentageIdle":93.8046,"percentageIoWait":0.229609,"percentageHardIrq":0.0,"percentageSoftIrq":0.0690937,"percentageSteal":0.0,"percentageGuest":0.0},{"timestamp":"2020-03-09T13:30:00Z","percentageCpuUsage":6.29482,"percentageUser":3.5644,"percentageNice":0.0010215,"percentageSys":2.41556,"percentageIdle":93.7052,"percentageIoWait":0.246217,"percentageHardIrq":0.0,"percentageSoftIrq":0.0676162,"percentageSteal":0.0,"percentageGuest":0.0},{"timestamp":"2020-03-08T13:30:00Z","percentageCpuUsage":6.25901,"percentageUser":3.56302,"percentageNice":0.00103275,"percentageSys":2.41531,"percentageIdle":93.741,"percentageIoWait":0.212714,"percentageHardIrq":0.0,"percentageSoftIrq":0.0669405,"percentageSteal":0.0,"percentageGuest":0.0},{"timestamp":"2020-03-07T13:30:00Z","percentageCpuUsage":6.29448,"percentageUser":3.56161,"percentageNice":0.00109479,"percentageSys":2.42016,"percentageIdle":93.7055,"percentageIoWait":0.243853,"percentageHardIrq":0.0,"percentageSoftIrq":0.0677562,"percentageSteal":0.0,"percentageGuest":0.0},{"timestamp":"2020-03-06T13:30:00Z","percentageCpuUsage":6.29966,"percentageUser":3.55883,"percentageNice":0.0010836,"percentageSys":2.42908,"percentageIdle":93.7003,"percentageIoWait":0.243321,"percentageHardIrq":0.0,"percentageSoftIrq":0.0673421,"percentageSteal":0.0,"percentageGuest":0.0},{"timestamp":"2020-03-05T13:30:00Z","percentageCpuUsage":6.28718,"percentageUser":3.55959,"percentageNice":0.00100121,"percentageSys":2.42384,"percentageIdle":93.7128,"percentageIoWait":0.235488,"percentageHardIrq":0.0,"percentageSoftIrq":0.0672669,"percentageSteal":0.0,"percentageGuest":0.0},{"timestamp":"2020-03-04T13:30:00Z","percentageCpuUsage":6.27298,"percentageUser":3.5564,"percentageNice":0.00110021,"percentageSys":2.42312,"percentageIdle":93.727,"percentageIoWait":0.225794,"percentageHardIrq":0.0,"percentageSoftIrq":0.0665679,"percentageSteal":0.0,"percentageGuest":0.0},{"timestamp":"2020-03-03T13:30:00Z","percentageCpuUsage":6.04016,"percentageUser":3.4092,"percentageNice":0.00100107,"percentageSys":2.3255,"percentageIdle":89.7932,"percentageIoWait":0.241227,"percentageHardIrq":0.0,"percentageSoftIrq":0.0632354,"percentageSteal":0.0,"percentageGuest":0.0}],"numMembers":365}
