{"members":[{"timestamp":"2021-03-02T19:00:00Z","physicalMemoryBytes":24879906816,"availableMemoryBytes":15406505607,"percentageMemoryUsage":38.0765,"totalSwapBytes":63998783488,"availableSwapBytes":63975284976},{"timestamp":"2021-03-01T18:30:00Z","physicalMemoryBytes":24879906816,"availableMemoryBytes":15392405408,"percentageMemoryUsage":38.1332,"totalSwapBytes":63998783488,"availableSwapBytes":63983350834},{"timestamp":"2021-02-28T18:30:00Z","physicalMemoryBytes":24879906816,"availableMemoryBytes":15252002499,"percentageMemoryUsage":38.6975,"totalSwapBytes":63998783488,"availableSwapBytes":63985199062},{"timestamp":"2021-02-27T18:30:00Z","physicalMemoryBytes":24879906816,"availableMemoryBytes":15228358595,"percentageMemoryUsage":38.7925,"totalSwapBytes":63998783488,"availableSwapBytes":63992038843},{"timestamp":"2021-02-26T18:30:00Z","physicalMemoryBytes":24879906816,"availableMemoryBytes":15138644646,"percentageMemoryUsage":39.1531,"totalSwapBytes":63998783488,"availableSwapBytes":63993270272},{"timestamp":"2021-02-25T18:30:00Z","physicalMemoryBytes":24879906816,"availableMemoryBytes":15134399944,"percentageMemoryUsage":39.1702,"totalSwapBytes":63998783488,"availableSwapBytes":63995445264},{"timestamp":"2021-02-24T18:30:00Z","physicalMemoryBytes":24879906816,"availableMemoryBytes":15194620541,"percentageMemoryUsage":38.9281,"totalSwapBytes":63998783488,"availableSwapBytes":63997196792},{"timestamp":"2021-02-23T18:30:00Z","physicalMemoryBytes":24879906816,"availableMemoryBytes":15288603763,"percentageMemoryUsage":38.5504,"totalSwapBytes":63998783488,"availableSwapBytes":63998695458},{"timestamp":"2021-02-22T18:30:00Z","physicalMemoryBytes":16586604544,"availableMemoryBytes":10579562316,"percentageMemoryUsage":24.1442,"totalSwapBytes":42665855658,"availableSwapBytes":42665855658},{"timestamp":"2021-02-21T18:30:00Z","physicalMemoryBytes":0,"availableMemoryBytes":0,"percentageMemoryUsage":0.0,"totalSwapBytes":0,"availableSwapBytes":0},{"timestamp":"2021-02-20T18:30:00Z","physicalMemoryBytes":0,"availableMemoryBytes":0,"percentageMemoryUsage":0.0,"totalSwapBytes":0,"availableSwapBytes":0},{"timestamp":"2021-02-19T18:30:00Z","physicalMemoryBytes":0,"availableMemoryBytes":0,"percentageMemoryUsage":0.0,"totalSwapBytes":0,"availableSwapBytes":0},{"timestamp":"2021-02-18T18:30:00Z","physicalMemoryBytes":0,"availableMemoryBytes":0,"percentageMemoryUsage":0.0,"totalSwapBytes":0,"availableSwapBytes":0},{"timestamp":"2021-02-17T18:30:00Z","physicalMemoryBytes":0,"availableMemoryBytes":0,"percentageMemoryUsage":0.0,"totalSwapBytes":0,"availableSwapBytes":0},{"timestamp":"2021-02-16T18:30:00Z","physicalMemoryBytes":0,"availableMemoryBytes":0,"percentageMemoryUsage":0.0,"totalSwapBytes":0,"availableSwapBytes":0},{"timestamp":"2021-02-15T18:30:00Z","physicalMemoryBytes":0,"availableMemoryBytes":0,"percentageMemoryUsage":0.0,"totalSwapBytes":0,"availableSwapBytes":0},{"timestamp":"2021-02-14T18:30:00Z","physicalMemoryBytes":0,"availableMemoryBytes":0,"percentageMemoryUsage":0.0,"totalSwapBytes":0,"availableSwapBytes":0},{"timestamp":"2021-02-13T18:30:00Z","physicalMemoryBytes":0,"availableMemoryBytes":0,"percentageMemoryUsage":0.0,"totalSwapBytes":0,"availableSwapBytes":0},{"timestamp":"2021-02-12T18:30:00Z","physicalMemoryBytes":22806581248,"availableMemoryBytes":14026985765,"percentageMemoryUsage":35.2879,"totalSwapBytes":58665551530,"availableSwapBytes":58492219782},{"timestamp":"2021-02-11T18:30:00Z","physicalMemoryBytes":24879906816,"availableMemoryBytes":15319050474,"percentageMemoryUsage":38.428,"totalSwapBytes":63998783488,"availableSwapBytes":63821054025},{"timestamp":"2021-02-10T18:30:00Z","physicalMemoryBytes":24879906816,"availableMemoryBytes":15328603208,"percentageMemoryUsage":38.3896,"totalSwapBytes":63998783488,"availableSwapBytes":63833292620},{"timestamp":"2021-02-09T18:30:00Z","physicalMemoryBytes":24879906816,"availableMemoryBytes":15352793301,"percentageMemoryUsage":38.2924,"totalSwapBytes":63998783488,"availableSwapBytes":63845105848},{"timestamp":"2021-02-08T18:30:00Z","physicalMemoryBytes":24879906816,"availableMemoryBytes":15364373276,"percentageMemoryUsage":38.2459,"totalSwapBytes":63998783488,"availableSwapBytes":63856256925},{"timestamp":"2021-02-07T18:30:00Z","physicalMemoryBytes":24879906816,"availableMemoryBytes":15358783522,"percentageMemoryUsage":38.2683,"totalSwapBytes":63998783488,"availableSwapBytes":63869253388},{"timestamp":"2021-02-06T18:30:00Z","physicalMemoryBytes":24879906816,"availableMemoryBytes":15147411274,"percentageMemoryUsage":39.1179,"totalSwapBytes":63998783488,"availableSwapBytes":63889026128},{"timestamp":"2021-02-05T18:30:00Z","physicalMemoryBytes":24879906816,"availableMemoryBytes":15092295119,"percentageMemoryUsage":39.3394,"totalSwapBytes":63998783488,"availableSwapBytes":63917184592},{"timestamp":"2021-02-04T18:30:00Z","physicalMemoryBytes":24879906816,"availableMemoryBytes":15065179717,"percentageMemoryUsage":39.4484,"totalSwapBytes":63998783488,"availableSwapBytes":63945900733},{"timestamp":"2021-02-03T18:30:00Z","physicalMemoryBytes":24879906816,"availableMemoryBytes":15057107921,"percentageMemoryUsage":39.4809,"totalSwapBytes":63998783488,"availableSwapBytes":63963106421},{"timestamp":"2021-02-02T18:30:00Z","physicalMemoryBytes":24879906816,"availableMemoryBytes":14940097145,"percentageMemoryUsage":39.9512,"totalSwapBytes":63998783488,"availableSwapBytes":63976632308},{"timestamp":"2021-02-01T18:30:00Z","physicalMemoryBytes":24879906816,"availableMemoryBytes":14938107368,"percentageMemoryUsage":39.9592,"totalSwapBytes":63998783488,"availableSwapBytes":63989094322},{"timestamp":"2021-01-31T18:30:00Z","physicalMemoryBytes":24879906816,"availableMemoryBytes":14960081052,"percentageMemoryUsage":39.8708,"totalSwapBytes":63998783488,"availableSwapBytes":63991599534},{"timestamp":"2021-01-30T18:30:00Z","physicalMemoryBytes":24879906816,"availableMemoryBytes":15010682395,"percentageMemoryUsage":39.6674,"totalSwapBytes":63998783488,"availableSwapBytes":63994549400},{"timestamp":"2021-01-29T18:30:00Z","physicalMemoryBytes":24879906816,"availableMemoryBytes":15080622048,"percentageMemoryUsage":39.3863,"totalSwapBytes":63998783488,"availableSwapBytes":63995891712},{"timestamp":"2021-01-28T18:30:00Z","physicalMemoryBytes":24879906816,"availableMemoryBytes":15139950014,"percentageMemoryUsage":39.1479,"totalSwapBytes":63998783488,"availableSwapBytes":63996537529},{"timestamp":"2021-01-27T18:30:00Z","physicalMemoryBytes":24879906816,"availableMemoryBytes":15218383647,"percentageMemoryUsage":38.8326,"totalSwapBytes":63998783488,"availableSwapBytes":63997402073},{"timestamp":"2021-01-26T18:30:00Z","physicalMemoryBytes":24879906816,"availableMemoryBytes":15293957942,"percentageMemoryUsage":38.5289,"totalSwapBytes":63998783488,"availableSwapBytes":63998783488},{"timestamp":"2021-01-25T18:30:00Z","physicalMemoryBytes":14513278976,"availableMemoryBytes":9078102398,"percentageMemoryUsage":21.8456,"totalSwapBytes":37332623701,"availableSwapBytes":37332623701},{"timestamp":"2021-01-24T18:30:00Z","physicalMemoryBytes":0,"availableMemoryBytes":0,"percentageMemoryUsage":0.0,"totalSwapBytes":0,"availableSwapBytes":0},{"timestamp":"2021-01-23T18:30:00Z","physicalMemoryBytes":0,"availableMemoryBytes":0,"percentageMemoryUsage":0.0,"totalSwapBytes":0,"availableSwapBytes":0},{"timestamp":"2021-01-22T18:30:00Z","physicalMemoryBytes":0,"availableMemoryBytes":0,"percentageMemoryUsage":0.0,"totalSwapBytes":0,"availableSwapBytes":0},{"timestamp":"2021-01-21T18:30:00Z","physicalMemoryBytes":0,"availableMemoryBytes":0,"percentageMemoryUsage":0.0,"totalSwapBytes":0,"availableSwapBytes":0},{"timestamp":"2021-01-20T18:30:00Z","physicalMemoryBytes":0,"availableMemoryBytes":0,"percentageMemoryUsage":0.0,"totalSwapBytes":0,"availableSwapBytes":0},{"timestamp":"2021-01-19T18:30:00Z","physicalMemoryBytes":0,"availableMemoryBytes":0,"percentageMemoryUsage":0.0,"totalSwapBytes":0,"availableSwapBytes":0},{"timestamp":"2021-01-18T18:30:00Z","physicalMemoryBytes":0,"availableMemoryBytes":0,"percentageMemoryUsage":0.0,"totalSwapBytes":0,"availableSwapBytes":0},{"timestamp":"2021-01-17T18:30:00Z","physicalMemoryBytes":0,"availableMemoryBytes":0,"percentageMemoryUsage":0.0,"totalSwapBytes":0,"availableSwapBytes":0},{"timestamp":"2021-01-16T18:30:00Z","physicalMemoryBytes":0,"availableMemoryBytes":0,"percentageMemoryUsage":0.0,"totalSwapBytes":0,"availableSwapBytes":0},{"timestamp":"2021-01-15T18:30:00Z","physicalMemoryBytes":0,"availableMemoryBytes":0,"percentageMemoryUsage":0.0,"totalSwapBytes":0,"availableSwapBytes":0},{"timestamp":"2021-01-14T18:30:00Z","physicalMemoryBytes":0,"availableMemoryBytes":0,"percentageMemoryUsage":0.0,"totalSwapBytes":0,"availableSwapBytes":0},{"timestamp":"2021-01-13T18:30:00Z","physicalMemoryBytes":0,"availableMemoryBytes":0,"percentageMemoryUsage":0.0,"totalSwapBytes":0,"availableSwapBytes":0},{"timestamp":"2021-01-12T18:30:00Z","physicalMemoryBytes":0,"availableMemoryBytes":0,"percentageMemoryUsage":0.0,"totalSwapBytes":0,"availableSwapBytes":0},{"timestamp":"2021-01-11T18:30:00Z","physicalMemoryBytes":0,"availableMemoryBytes":0,"percentageMemoryUsage":0.0,"totalSwapBytes":0,"availableSwapBytes":0},{"timestamp":"2021-01-10T18:30:00Z","physicalMemoryBytes":0,"availableMemoryBytes":0,"percentageMemoryUsage":0.0,"totalSwapBytes":0,"availableSwapBytes":0},{"timestamp":"2021-01-09T18:30:00Z","physicalMemoryBytes":0,"availableMemoryBytes":0,"percentageMemoryUsage":0.0,"totalSwapBytes":0,"availableSwapBytes":0},{"timestamp":"2021-01-08T18:30:00Z","physicalMemoryBytes":0,"availableMemoryBytes":0,"percentageMemoryUsage":0.0,"totalSwapBytes":0,"availableSwapBytes":0},{"timestamp":"2021-01-07T18:30:00Z","physicalMemoryBytes":0,"availableMemoryBytes":0,"percentageMemoryUsage":0.0,"totalSwapBytes":0,"availableSwapBytes":0},{"timestamp":"2021-01-06T18:30:00Z","physicalMemoryBytes":0,"availableMemoryBytes":0,"percentageMemoryUsage":0.0,"totalSwapBytes":0,"availableSwapBytes":0},{"timestamp":"2021-01-05T18:30:00Z","physicalMemoryBytes":0,"availableMemoryBytes":0,"percentageMemoryUsage":0.0,"totalSwapBytes":0,"availableSwapBytes":0},{"timestamp":"2021-01-04T18:30:00Z","physicalMemoryBytes":0,"availableMemoryBytes":0,"percentageMemoryUsage":0.0,"totalSwapBytes":0,"availableSwapBytes":0},{"timestamp":"2021-01-03T18:30:00Z","physicalMemoryBytes":0,"availableMemoryBytes":0,"percentageMemoryUsage":0.0,"totalSwapBytes":0,"availableSwapBytes":0},{"timestamp":"2021-01-02T18:30:00Z","physicalMemoryBytes":0,"availableMemoryBytes":0,"percentageMemoryUsage":0.0,"totalSwapBytes":0,"availableSwapBytes":0},{"timestamp":"2021-01-01T18:00:00Z","physicalMemoryBytes":0,"availableMemoryBytes":0,"percentageMemoryUsage":0.0,"totalSwapBytes":0,"availableSwapBytes":0},{"timestamp":"2020-12-31T17:30:00Z","physicalMemoryBytes":0,"availableMemoryBytes":0,"percentageMemoryUsage":0.0,"totalSwapBytes":0,"availableSwapBytes":0},{"timestamp":"2020-12-30T17:30:00Z","physicalMemoryBytes":0,"availableMemoryBytes":0,"percentageMemoryUsage":0.0,"totalSwapBytes":0,"availableSwapBytes":0},{"timestamp":"2020-12-29T17:30:00Z","physicalMemoryBytes":0,"availableMemoryBytes":0,"percentageMemoryUsage":0.0,"totalSwapBytes":0,"availableSwapBytes":0},{"timestamp":"2020-12-28T17:30:00Z","physicalMemoryBytes":0,"availableMemoryBytes":0,"percentageMemoryUsage":0.0,"totalSwapBytes":0,"availableSwapBytes":0},{"timestamp":"2020-12-27T17:30:00Z","physicalMemoryBytes":0,"availableMemoryBytes":0,"percentageMemoryUsage":0.0,"totalSwapBytes":0,"availableSwapBytes":0},{"timestamp":"2020-12-26T17:30:00Z","physicalMemoryBytes":0,"availableMemoryBytes":0,"percentageMemoryUsage":0.0,"totalSwapBytes":0,"availableSwapBytes":0},{"timestamp":"2020-12-25T17:30:00Z","physicalMemoryBytes":0,"availableMemoryBytes":0,"percentageMemoryUsage":0.0,"totalSwapBytes":0,"availableSwapBytes":0},{"timestamp":"2020-12-24T17:30:00Z","physicalMemoryBytes":0,"availableMemoryBytes":0,"percentageMemoryUsage":0.0,"totalSwapBytes":0,"availableSwapBytes":0},{"timestamp":"2020-12-23T17:30:00Z","physicalMemoryBytes":0,"availableMemoryBytes":0,"percentageMemoryUsage":0.0,"totalSwapBytes":0,"availableSwapBytes":0},{"timestamp":"2020-12-22T17:30:00Z","physicalMemoryBytes":0,"availableMemoryBytes":0,"percentageMemoryUsage":0.0,"totalSwapBytes":0,"availableSwapBytes":0},{"timestamp":"2020-12-21T17:30:00Z","physicalMemoryBytes":0,"availableMemoryBytes":0,"percentageMemoryUsage":0.0,"totalSwapBytes":0,"availableSwapBytes":0},{"timestamp":"2020-12-20T17:30:00Z","physicalMemoryBytes":0,"availableMemoryBytes":0,"percentageMemoryUsage":0.0,"totalSwapBytes":0,"availableSwapBytes":0},{"timestamp":"2020-12-19T17:30:00Z","physicalMemoryBytes":0,"availableMemoryBytes":0,"percentageMemoryUsage":0.0,"totalSwapBytes":0,"availableSwapBytes":0},{"timestamp":"2020-12-18T17:30:00Z","physicalMemoryBytes":0,"availableMemoryBytes":0,"percentageMemoryUsage":0.0,"totalSwapBytes":0,"availableSwapBytes":0},{"timestamp":"2020-12-17T17:30:00Z","physicalMemoryBytes":0,"availableMemoryBytes":0,"percentageMemoryUsage":0.0,"totalSwapBytes":0,"availableSwapBytes":0},{"timestamp":"2020-12-16T17:30:00Z","physicalMemoryBytes":0,"availableMemoryBytes":0,"percentageMemoryUsage":0.0,"totalSwapBytes":0,"availableSwapBytes":0},{"timestamp":"2020-12-15T17:30:00Z","physicalMemoryBytes":0,"availableMemoryBytes":0,"percentageMemoryUsage":0.0,"totalSwapBytes":0,"availableSwapBytes":0},{"timestamp":"2020-12-14T17:30:00Z","physicalMemoryBytes":0,"availableMemoryBytes":0,"percentageMemoryUsage":0.0,"totalSwapBytes":0,"availableSwapBytes":0},{"timestamp":"2020-12-13T17:30:00Z","physicalMemoryBytes":0,"availableMemoryBytes":0,"percentageMemoryUsage":0.0,"totalSwapBytes":0,"availableSwapBytes":0},{"timestamp":"2020-12-12T17:30:00Z","physicalMemoryBytes":0,"availableMemoryBytes":0,"percentageMemoryUsage":0.0,"totalSwapBytes":0,"availableSwapBytes":0},{"timestamp":"2020-12-11T17:30:00Z","physicalMemoryBytes":0,"availableMemoryBytes":0,"percentageMemoryUsage":0.0,"totalSwapBytes":0,"availableSwapBytes":0},{"timestamp":"2020-12-10T17:30:00Z","physicalMemoryBytes":0,"availableMemoryBytes":0,"percentageMemoryUsage":0.0,"totalSwapBytes":0,"availableSwapBytes":0},{"timestamp":"2020-12-09T17:30:00Z","physicalMemoryBytes":0,"availableMemoryBytes":0,"percentageMemoryUsage":0.0,"totalSwapBytes":0,"availableSwapBytes":0},{"timestamp":"2020-12-08T17:30:00Z","physicalMemoryBytes":0,"availableMemoryBytes":0,"percentageMemoryUsage":0.0,"totalSwapBytes":0,"availableSwapBytes":0},{"timestamp":"2020-12-07T17:30:00Z","physicalMemoryBytes":0,"availableMemoryBytes":0,"percentageMemoryUsage":0.0,"totalSwapBytes":0,"availableSwapBytes":0},{"timestamp":"2020-12-06T17:30:00Z","physicalMemoryBytes":0,"availableMemoryBytes":0,"percentageMemoryUsage":0.0,"totalSwapBytes":0,"availableSwapBytes":0},{"timestamp":"2020-12-05T17:30:00Z","physicalMemoryBytes":0,"availableMemoryBytes":0,"percentageMemoryUsage":0.0,"totalSwapBytes":0,"availableSwapBytes":0},{"timestamp":"2020-12-04T17:30:00Z","physicalMemoryBytes":0,"availableMemoryBytes":0,"percentageMemoryUsage":0.0,"totalSwapBytes":0,"availableSwapBytes":0},{"timestamp":"2020-12-03T17:30:00Z","physicalMemoryBytes":0,"availableMemoryBytes":0,"percentageMemoryUsage":0.0,"totalSwapBytes":0,"availableSwapBytes":0},{"timestamp":"2020-12-02T17:30:00Z","physicalMemoryBytes":0,"availableMemoryBytes":0,"percentageMemoryUsage":0.0,"totalSwapBytes":0,"availableSwapBytes":0},{"timestamp":"2020-12-01T17:30:00Z","physicalMemoryBytes":0,"availableMemoryBytes":0,"percentageMemoryUsage":0.0,"totalSwapBytes":0,"availableSwapBytes":0},{"timestamp":"2020-11-30T17:30:00Z","physicalMemoryBytes":0,"availableMemoryBytes":0,"percentageMemoryUsage":0.0,"totalSwapBytes":0,"availableSwapBytes":0},{"timestamp":"2020-11-29T17:30:00Z","physicalMemoryBytes":0,"availableMemoryBytes":0,"percentageMemoryUsage":0.0,"totalSwapBytes":0,"availableSwapBytes":0},{"timestamp":"2020-11-28T17:30:00Z","physicalMemoryBytes":0,"availableMemoryBytes":0,"percentageMemoryUsage":0.0,"totalSwapBytes":0,"availableSwapBytes":0},{"timestamp":"2020-11-27T17:30:00Z","physicalMemoryBytes":0,"availableMemoryBytes":0,"percentageMemoryUsage":0.0,"totalSwapBytes":0,"availableSwapBytes":0},{"timestamp":"2020-11-26T17:30:00Z","physicalMemoryBytes":0,"availableMemoryBytes":0,"percentageMemoryUsage":0.0,"totalSwapBytes":0,"availableSwapBytes":0},{"timestamp":"2020-11-25T17:30:00Z","physicalMemoryBytes":0,"availableMemoryBytes":0,"percentageMemoryUsage":0.0,"totalSwapBytes":0,"availableSwapBytes":0},{"timestamp":"2020-11-24T17:30:00Z","physicalMemoryBytes":0,"availableMemoryBytes":0,"percentageMemoryUsage":0.0,"totalSwapBytes":0,"availableSwapBytes":0},{"timestamp":"2020-11-23T17:30:00Z","physicalMemoryBytes":0,"availableMemoryBytes":0,"percentageMemoryUsage":0.0,"totalSwapBytes":0,"availableSwapBytes":0},{"timestamp":"2020-11-22T17:30:00Z","physicalMemoryBytes":0,"availableMemoryBytes":0,"percentageMemoryUsage":0.0,"totalSwapBytes":0,"availableSwapBytes":0},{"timestamp":"2020-11-21T17:30:00Z","physicalMemoryBytes":0,"availableMemoryBytes":0,"percentageMemoryUsage":0.0,"totalSwapBytes":0,"availableSwapBytes":0},{"timestamp":"2020-11-20T17:30:00Z","physicalMemoryBytes":0,"availableMemoryBytes":0,"percentageMemoryUsage":0.0,"totalSwapBytes":0,"availableSwapBytes":0},{"timestamp":"2020-11-19T17:30:00Z","physicalMemoryBytes":0,"availableMemoryBytes":0,"percentageMemoryUsage":0.0,"totalSwapBytes":0,"availableSwapBytes":0},{"timestamp":"2020-11-18T17:30:00Z","physicalMemoryBytes":0,"availableMemoryBytes":0,"percentageMemoryUsage":0.0,"totalSwapBytes":0,"availableSwapBytes":0},{"timestamp":"2020-11-17T17:30:00Z","physicalMemoryBytes":0,"availableMemoryBytes":0,"percentageMemoryUsage":0.0,"totalSwapBytes":0,"availableSwapBytes":0},{"timestamp":"2020-11-16T17:30:00Z","physicalMemoryBytes":0,"availableMemoryBytes":0,"percentageMemoryUsage":0.0,"totalSwapBytes":0,"availableSwapBytes":0},{"timestamp":"2020-11-15T17:30:00Z","physicalMemoryBytes":0,"availableMemoryBytes":0,"percentageMemoryUsage":0.0,"totalSwapBytes":0,"availableSwapBytes":0},{"timestamp":"2020-11-14T17:30:00Z","physicalMemoryBytes":0,"availableMemoryBytes":0,"percentageMemoryUsage":0.0,"totalSwapBytes":0,"availableSwapBytes":0},{"timestamp":"2020-11-13T17:30:00Z","physicalMemoryBytes":0,"availableMemoryBytes":0,"percentageMemoryUsage":0.0,"totalSwapBytes":0,"availableSwapBytes":0},{"timestamp":"2020-11-12T17:30:00Z","physicalMemoryBytes":0,"availableMemoryBytes":0,"percentageMemoryUsage":0.0,"totalSwapBytes":0,"availableSwapBytes":0},{"timestamp":"2020-11-11T17:30:00Z","physicalMemoryBytes":0,"availableMemoryBytes":0,"percentageMemoryUsage":0.0,"totalSwapBytes":0,"availableSwapBytes":0},{"timestamp":"2020-11-10T17:30:00Z","physicalMemoryBytes":0,"availableMemoryBytes":0,"percentageMemoryUsage":0.0,"totalSwapBytes":0,"availableSwapBytes":0},{"timestamp":"2020-11-09T17:30:00Z","physicalMemoryBytes":0,"availableMemoryBytes":0,"percentageMemoryUsage":0.0,"totalSwapBytes":0,"availableSwapBytes":0},{"timestamp":"2020-11-08T17:30:00Z","physicalMemoryBytes":0,"availableMemoryBytes":0,"percentageMemoryUsage":0.0,"totalSwapBytes":0,"availableSwapBytes":0},{"timestamp":"2020-11-07T17:30:00Z","physicalMemoryBytes":0,"availableMemoryBytes":0,"percentageMemoryUsage":0.0,"totalSwapBytes":0,"availableSwapBytes":0},{"timestamp":"2020-11-06T17:30:00Z","physicalMemoryBytes":0,"availableMemoryBytes":0,"percentageMemoryUsage":0.0,"totalSwapBytes":0,"availableSwapBytes":0},{"timestamp":"2020-11-05T17:30:00Z","physicalMemoryBytes":0,"availableMemoryBytes":0,"percentageMemoryUsage":0.0,"totalSwapBytes":0,"availableSwapBytes":0},{"timestamp":"2020-11-04T17:30:00Z","physicalMemoryBytes":0,"availableMemoryBytes":0,"percentageMemoryUsage":0.0,"totalSwapBytes":0,"availableSwapBytes":0},{"timestamp":"2020-11-03T17:30:00Z","physicalMemoryBytes":0,"availableMemoryBytes":0,"percentageMemoryUsage":0.0,"totalSwapBytes":0,"availableSwapBytes":0},{"timestamp":"2020-11-02T17:30:00Z","physicalMemoryBytes":2073325568,"availableMemoryBytes":1337139197,"percentageMemoryUsage":2.95896,"totalSwapBytes":5333231957,"availableSwapBytes":5333231957},{"timestamp":"2020-11-01T17:00:00Z","physicalMemoryBytes":0,"availableMemoryBytes":0,"percentageMemoryUsage":0.0,"totalSwapBytes":0,"availableSwapBytes":0},{"timestamp":"2020-10-31T16:30:00Z","physicalMemoryBytes":0,"availableMemoryBytes":0,"percentageMemoryUsage":0.0,"totalSwapBytes":0,"availableSwapBytes":0},{"timestamp":"2020-10-30T16:30:00Z","physicalMemoryBytes":0,"availableMemoryBytes":0,"percentageMemoryUsage":0.0,"totalSwapBytes":0,"availableSwapBytes":0},{"timestamp":"2020-10-29T16:30:00Z","physicalMemoryBytes":0,"availableMemoryBytes":0,"percentageMemoryUsage":0.0,"totalSwapBytes":0,"availableSwapBytes":0},{"timestamp":"2020-10-28T16:30:00Z","physicalMemoryBytes":0,"availableMemoryBytes":0,"percentageMemoryUsage":0.0,"totalSwapBytes":0,"availableSwapBytes":0},{"timestamp":"2020-10-27T16:30:00Z","physicalMemoryBytes":0,"availableMemoryBytes":0,"percentageMemoryUsage":0.0,"totalSwapBytes":0,"availableSwapBytes":0},{"timestamp":"2020-10-26T16:30:00Z","physicalMemoryBytes":0,"availableMemoryBytes":0,"percentageMemoryUsage":0.0,"totalSwapBytes":0,"availableSwapBytes":0},{"timestamp":"2020-10-25T16:30:00Z","physicalMemoryBytes":0,"availableMemoryBytes":0,"percentageMemoryUsage":0.0,"totalSwapBytes":0,"availableSwapBytes":0},{"timestamp":"2020-10-24T16:30:00Z","physicalMemoryBytes":0,"availableMemoryBytes":0,"percentageMemoryUsage":0.0,"totalSwapBytes":0,"availableSwapBytes":0},{"timestamp":"2020-10-23T16:30:00Z","physicalMemoryBytes":0,"availableMemoryBytes":0,"percentageMemoryUsage":0.0,"totalSwapBytes":0,"availableSwapBytes":0},{"timestamp":"2020-10-22T16:30:00Z","physicalMemoryBytes":0,"availableMemoryBytes":0,"percentageMemoryUsage":0.0,"totalSwapBytes":0,"availableSwapBytes":0},{"timestamp":"2020-10-21T16:30:00Z","physicalMemoryBytes":3109988352,"availableMemoryBytes":1958790521,"percentageMemoryUsage":4.62702,"totalSwapBytes":7999847936,"availableSwapBytes":7999847936},{"timestamp":"2020-10-20T16:30:00Z","physicalMemoryBytes":2073325568,"availableMemoryBytes":1310868560,"percentageMemoryUsage":3.06455,"totalSwapBytes":5333231957,"availableSwapBytes":5333231957},{"timestamp":"2020-10-19T16:30:00Z","physicalMemoryBytes":0,"availableMemoryBytes":0,"percentageMemoryUsage":0.0,"totalSwapBytes":0,"availableSwapBytes":0},{"timestamp":"2020-10-18T16:30:00Z","physicalMemoryBytes":0,"availableMemoryBytes":0,"percentageMemoryUsage":0.0,"totalSwapBytes":0,"availableSwapBytes":0},{"timestamp":"2020-10-17T16:30:00Z","physicalMemoryBytes":0,"availableMemoryBytes":0,"percentageMemoryUsage":0.0,"totalSwapBytes":0,"availableSwapBytes":0},{"timestamp":"2020-10-16T16:30:00Z","physicalMemoryBytes":0,"availableMemoryBytes":0,"percentageMemoryUsage":0.0,"totalSwapBytes":0,"availableSwapBytes":0},{"timestamp":"2020-10-15T16:30:00Z","physicalMemoryBytes":0,"availableMemoryBytes":0,"percentageMemoryUsage":0.0,"totalSwapBytes":0,"availableSwapBytes":0},{"timestamp":"2020-10-14T16:30:00Z","physicalMemoryBytes":0,"availableMemoryBytes":0,"percentageMemoryUsage":0.0,"totalSwapBytes":0,"availableSwapBytes":0},{"timestamp":"2020-10-13T16:30:00Z","physicalMemoryBytes":0,"availableMemoryBytes":0,"percentageMemoryUsage":0.0,"totalSwapBytes":0,"availableSwapBytes":0},{"timestamp":"2020-10-12T16:30:00Z","physicalMemoryBytes":0,"availableMemoryBytes":0,"percentageMemoryUsage":0.0,"totalSwapBytes":0,"availableSwapBytes":0},{"timestamp":"2020-10-11T16:30:00Z","physicalMemoryBytes":0,"availableMemoryBytes":0,"percentageMemoryUsage":0.0,"totalSwapBytes":0,"availableSwapBytes":0},{"timestamp":"2020-10-10T16:30:00Z","physicalMemoryBytes":0,"availableMemoryBytes":0,"percentageMemoryUsage":0.0,"totalSwapBytes":0,"availableSwapBytes":0},{"timestamp":"2020-10-09T16:30:00Z","physicalMemoryBytes":0,"availableMemoryBytes":0,"percentageMemoryUsage":0.0,"totalSwapBytes":0,"availableSwapBytes":0},{"timestamp":"2020-10-08T16:30:00Z","physicalMemoryBytes":0,"availableMemoryBytes":0,"percentageMemoryUsage":0.0,"totalSwapBytes":0,"availableSwapBytes":0},{"timestamp":"2020-10-07T16:30:00Z","physicalMemoryBytes":0,"availableMemoryBytes":0,"percentageMemoryUsage":0.0,"totalSwapBytes":0,"availableSwapBytes":0},{"timestamp":"2020-10-06T16:30:00Z","physicalMemoryBytes":0,"availableMemoryBytes":0,"percentageMemoryUsage":0.0,"totalSwapBytes":0,"availableSwapBytes":0},{"timestamp":"2020-10-05T16:30:00Z","physicalMemoryBytes":0,"availableMemoryBytes":0,"percentageMemoryUsage":0.0,"totalSwapBytes":0,"availableSwapBytes":0},{"timestamp":"2020-10-04T16:30:00Z","physicalMemoryBytes":0,"availableMemoryBytes":0,"percentageMemoryUsage":0.0,"totalSwapBytes":0,"availableSwapBytes":0},{"timestamp":"2020-10-03T16:30:00Z","physicalMemoryBytes":0,"availableMemoryBytes":0,"percentageMemoryUsage":0.0,"totalSwapBytes":0,"availableSwapBytes":0},{"timestamp":"2020-10-02T16:30:00Z","physicalMemoryBytes":0,"availableMemoryBytes":0,"percentageMemoryUsage":0.0,"totalSwapBytes":0,"availableSwapBytes":0},{"timestamp":"2020-10-01T16:30:00Z","physicalMemoryBytes":0,"availableMemoryBytes":0,"percentageMemoryUsage":0.0,"totalSwapBytes":0,"availableSwapBytes":0},{"timestamp":"2020-09-30T16:30:00Z","physicalMemoryBytes":0,"availableMemoryBytes":0,"percentageMemoryUsage":0.0,"totalSwapBytes":0,"availableSwapBytes":0},{"timestamp":"2020-09-29T16:30:00Z","physicalMemoryBytes":0,"availableMemoryBytes":0,"percentageMemoryUsage":0.0,"totalSwapBytes":0,"availableSwapBytes":0},{"timestamp":"2020-09-28T16:30:00Z","physicalMemoryBytes":0,"availableMemoryBytes":0,"percentageMemoryUsage":0.0,"totalSwapBytes":0,"availableSwapBytes":0},{"timestamp":"2020-09-27T16:30:00Z","physicalMemoryBytes":0,"availableMemoryBytes":0,"percentageMemoryUsage":0.0,"totalSwapBytes":0,"availableSwapBytes":0},{"timestamp":"2020-09-26T16:30:00Z","physicalMemoryBytes":0,"availableMemoryBytes":0,"percentageMemoryUsage":0.0,"totalSwapBytes":0,"availableSwapBytes":0},{"timestamp":"2020-09-25T16:30:00Z","physicalMemoryBytes":0,"availableMemoryBytes":0,"percentageMemoryUsage":0.0,"totalSwapBytes":0,"availableSwapBytes":0},{"timestamp":"2020-09-24T16:30:00Z","physicalMemoryBytes":0,"availableMemoryBytes":0,"percentageMemoryUsage":0.0,"totalSwapBytes":0,"availableSwapBytes":0},{"timestamp":"2020-09-23T16:30:00Z","physicalMemoryBytes":0,"availableMemoryBytes":0,"percentageMemoryUsage":0.0,"totalSwapBytes":0,"availableSwapBytes":0},{"timestamp":"2020-09-22T16:30:00Z","physicalMemoryBytes":0,"availableMemoryBytes":0,"percentageMemoryUsage":0.0,"totalSwapBytes":0,"availableSwapBytes":0},{"timestamp":"2020-09-21T16:30:00Z","physicalMemoryBytes":0,"availableMemoryBytes":0,"percentageMemoryUsage":0.0,"totalSwapBytes":0,"availableSwapBytes":0},{"timestamp":"2020-09-20T16:30:00Z","physicalMemoryBytes":0,"availableMemoryBytes":0,"percentageMemoryUsage":0.0,"totalSwapBytes":0,"availableSwapBytes":0},{"timestamp":"2020-09-19T16:30:00Z","physicalMemoryBytes":0,"availableMemoryBytes":0,"percentageMemoryUsage":0.0,"totalSwapBytes":0,"availableSwapBytes":0},{"timestamp":"2020-09-18T16:30:00Z","physicalMemoryBytes":0,"availableMemoryBytes":0,"percentageMemoryUsage":0.0,"totalSwapBytes":0,"availableSwapBytes":0},{"timestamp":"2020-09-17T16:30:00Z","physicalMemoryBytes":0,"availableMemoryBytes":0,"percentageMemoryUsage":0.0,"totalSwapBytes":0,"availableSwapBytes":0},{"timestamp":"2020-09-16T16:30:00Z","physicalMemoryBytes":0,"availableMemoryBytes":0,"percentageMemoryUsage":0.0,"totalSwapBytes":0,"availableSwapBytes":0},{"timestamp":"2020-09-15T16:30:00Z","physicalMemoryBytes":0,"availableMemoryBytes":0,"percentageMemoryUsage":0.0,"totalSwapBytes":0,"availableSwapBytes":0},{"timestamp":"2020-09-14T16:30:00Z","physicalMemoryBytes":0,"availableMemoryBytes":0,"percentageMemoryUsage":0.0,"totalSwapBytes":0,"availableSwapBytes":0},{"timestamp":"2020-09-13T16:30:00Z","physicalMemoryBytes":0,"availableMemoryBytes":0,"percentageMemoryUsage":0.0,"totalSwapBytes":0,"availableSwapBytes":0},{"timestamp":"2020-09-12T16:30:00Z","physicalMemoryBytes":0,"availableMemoryBytes":0,"percentageMemoryUsage":0.0,"totalSwapBytes":0,"availableSwapBytes":0},{"timestamp":"2020-09-11T16:30:00Z","physicalMemoryBytes":0,"availableMemoryBytes":0,"percentageMemoryUsage":0.0,"totalSwapBytes":0,"availableSwapBytes":0},{"timestamp":"2020-09-10T16:30:00Z","physicalMemoryBytes":0,"availableMemoryBytes":0,"percentageMemoryUsage":0.0,"totalSwapBytes":0,"availableSwapBytes":0},{"timestamp":"2020-09-09T16:30:00Z","physicalMemoryBytes":0,"availableMemoryBytes":0,"percentageMemoryUsage":0.0,"totalSwapBytes":0,"availableSwapBytes":0},{"timestamp":"2020-09-08T16:30:00Z","physicalMemoryBytes":0,"availableMemoryBytes":0,"percentageMemoryUsage":0.0,"totalSwapBytes":0,"availableSwapBytes":0},{"timestamp":"2020-09-07T16:30:00Z","physicalMemoryBytes":0,"availableMemoryBytes":0,"percentageMemoryUsage":0.0,"totalSwapBytes":0,"availableSwapBytes":0},{"timestamp":"2020-09-06T16:30:00Z","physicalMemoryBytes":0,"availableMemoryBytes":0,"percentageMemoryUsage":0.0,"totalSwapBytes":0,"availableSwapBytes":0},{"timestamp":"2020-09-05T16:30:00Z","physicalMemoryBytes":0,"availableMemoryBytes":0,"percentageMemoryUsage":0.0,"totalSwapBytes":0,"availableSwapBytes":0},{"timestamp":"2020-09-04T16:30:00Z","physicalMemoryBytes":0,"availableMemoryBytes":0,"percentageMemoryUsage":0.0,"totalSwapBytes":0,"availableSwapBytes":0},{"timestamp":"2020-09-03T16:30:00Z","physicalMemoryBytes":0,"availableMemoryBytes":0,"percentageMemoryUsage":0.0,"totalSwapBytes":0,"availableSwapBytes":0},{"timestamp":"2020-09-02T16:30:00Z","physicalMemoryBytes":0,"availableMemoryBytes":0,"percentageMemoryUsage":0.0,"totalSwapBytes":0,"availableSwapBytes":0},{"timestamp":"2020-09-01T16:00:00Z","physicalMemoryBytes":0,"availableMemoryBytes":0,"percentageMemoryUsage":0.0,"totalSwapBytes":0,"availableSwapBytes":0},{"timestamp":"2020-08-31T15:30:00Z","physicalMemoryBytes":0,"availableMemoryBytes":0,"percentageMemoryUsage":0.0,"totalSwapBytes":0,"availableSwapBytes":0},{"timestamp":"2020-08-30T15:30:00Z","physicalMemoryBytes":0,"availableMemoryBytes":0,"percentageMemoryUsage":0.0,"totalSwapBytes":0,"availableSwapBytes":0},{"timestamp":"2020-08-29T15:30:00Z","physicalMemoryBytes":0,"availableMemoryBytes":0,"percentageMemoryUsage":0.0,"totalSwapBytes":0,"availableSwapBytes":0},{"timestamp":"2020-08-28T15:30:00Z","physicalMemoryBytes":0,"availableMemoryBytes":0,"percentageMemoryUsage":0.0,"totalSwapBytes":0,"availableSwapBytes":0},{"timestamp":"2020-08-27T15:30:00Z","physicalMemoryBytes":0,"availableMemoryBytes":0,"percentageMemoryUsage":0.0,"totalSwapBytes":0,"availableSwapBytes":0},{"timestamp":"2020-08-26T15:30:00Z","physicalMemoryBytes":0,"availableMemoryBytes":0,"percentageMemoryUsage":0.0,"totalSwapBytes":0,"availableSwapBytes":0},{"timestamp":"2020-08-25T15:30:00Z","physicalMemoryBytes":0,"availableMemoryBytes":0,"percentageMemoryUsage":0.0,"totalSwapBytes":0,"availableSwapBytes":0},{"timestamp":"2020-08-24T15:30:00Z","physicalMemoryBytes":0,"availableMemoryBytes":0,"percentageMemoryUsage":0.0,"totalSwapBytes":0,"availableSwapBytes":0},{"timestamp":"2020-08-23T15:30:00Z","physicalMemoryBytes":0,"availableMemoryBytes":0,"percentageMemoryUsage":0.0,"totalSwapBytes":0,"availableSwapBytes":0},{"timestamp":"2020-08-22T15:30:00Z","physicalMemoryBytes":0,"availableMemoryBytes":0,"percentageMemoryUsage":0.0,"totalSwapBytes":0,"availableSwapBytes":0},{"timestamp":"2020-08-21T15:30:00Z","physicalMemoryBytes":0,"availableMemoryBytes":0,"percentageMemoryUsage":0.0,"totalSwapBytes":0,"availableSwapBytes":0},{"timestamp":"2020-08-20T15:30:00Z","physicalMemoryBytes":0,"availableMemoryBytes":0,"percentageMemoryUsage":0.0,"totalSwapBytes":0,"availableSwapBytes":0},{"timestamp":"2020-08-19T15:30:00Z","physicalMemoryBytes":0,"availableMemoryBytes":0,"percentageMemoryUsage":0.0,"totalSwapBytes":0,"availableSwapBytes":0},{"timestamp":"2020-08-18T15:30:00Z","physicalMemoryBytes":0,"availableMemoryBytes":0,"percentageMemoryUsage":0.0,"totalSwapBytes":0,"availableSwapBytes":0},{"timestamp":"2020-08-17T15:30:00Z","physicalMemoryBytes":0,"availableMemoryBytes":0,"percentageMemoryUsage":0.0,"totalSwapBytes":0,"availableSwapBytes":0},{"timestamp":"2020-08-16T15:30:00Z","physicalMemoryBytes":0,"availableMemoryBytes":0,"percentageMemoryUsage":0.0,"totalSwapBytes":0,"availableSwapBytes":0},{"timestamp":"2020-08-15T15:30:00Z","physicalMemoryBytes":0,"availableMemoryBytes":0,"percentageMemoryUsage":0.0,"totalSwapBytes":0,"availableSwapBytes":0},{"timestamp":"2020-08-14T15:30:00Z","physicalMemoryBytes":0,"availableMemoryBytes":0,"percentageMemoryUsage":0.0,"totalSwapBytes":0,"availableSwapBytes":0},{"timestamp":"2020-08-13T15:30:00Z","physicalMemoryBytes":0,"availableMemoryBytes":0,"percentageMemoryUsage":0.0,"totalSwapBytes":0,"availableSwapBytes":0},{"timestamp":"2020-08-12T15:30:00Z","physicalMemoryBytes":0,"availableMemoryBytes":0,"percentageMemoryUsage":0.0,"totalSwapBytes":0,"availableSwapBytes":0},{"timestamp":"2020-08-11T15:30:00Z","physicalMemoryBytes":0,"availableMemoryBytes":0,"percentageMemoryUsage":0.0,"totalSwapBytes":0,"availableSwapBytes":0},{"timestamp":"2020-08-10T15:30:00Z","physicalMemoryBytes":0,"availableMemoryBytes":0,"percentageMemoryUsage":0.0,"totalSwapBytes":0,"availableSwapBytes":0},{"timestamp":"2020-08-09T15:30:00Z","physicalMemoryBytes":0,"availableMemoryBytes":0,"percentageMemoryUsage":0.0,"totalSwapBytes":0,"availableSwapBytes":0},{"timestamp":"2020-08-08T15:30:00Z","physicalMemoryBytes":0,"availableMemoryBytes":0,"percentageMemoryUsage":0.0,"totalSwapBytes":0,"availableSwapBytes":0},{"timestamp":"2020-08-07T15:30:00Z","physicalMemoryBytes":0,"availableMemoryBytes":0,"percentageMemoryUsage":0.0,"totalSwapBytes":0,"availableSwapBytes":0},{"timestamp":"2020-08-06T15:30:00Z","physicalMemoryBytes":0,"availableMemoryBytes":0,"percentageMemoryUsage":0.0,"totalSwapBytes":0,"availableSwapBytes":0},{"timestamp":"2020-08-05T15:30:00Z","physicalMemoryBytes":0,"availableMemoryBytes":0,"percentageMemoryUsage":0.0,"totalSwapBytes":0,"availableSwapBytes":0},{"timestamp":"2020-08-04T15:30:00Z","physicalMemoryBytes":0,"availableMemoryBytes":0,"percentageMemoryUsage":0.0,"totalSwapBytes":0,"availableSwapBytes":0},{"timestamp":"2020-08-03T15:30:00Z","physicalMemoryBytes":0,"availableMemoryBytes":0,"percentageMemoryUsage":0.0,"totalSwapBytes":0,"availableSwapBytes":0},{"timestamp":"2020-08-02T15:30:00Z","physicalMemoryBytes":0,"availableMemoryBytes":0,"percentageMemoryUsage":0.0,"totalSwapBytes":0,"availableSwapBytes":0},{"timestamp":"2020-08-01T15:30:00Z","physicalMemoryBytes":0,"availableMemoryBytes":0,"percentageMemoryUsage":0.0,"totalSwapBytes":0,"availableSwapBytes":0},{"timestamp":"2020-07-31T15:30:00Z","physicalMemoryBytes":0,"availableMemoryBytes":0,"percentageMemoryUsage":0.0,"totalSwapBytes":0,"availableSwapBytes":0},{"timestamp":"2020-07-30T15:30:00Z","physicalMemoryBytes":0,"availableMemoryBytes":0,"percentageMemoryUsage":0.0,"totalSwapBytes":0,"availableSwapBytes":0},{"timestamp":"2020-07-29T15:30:00Z","physicalMemoryBytes":0,"availableMemoryBytes":0,"percentageMemoryUsage":0.0,"totalSwapBytes":0,"availableSwapBytes":0},{"timestamp":"2020-07-28T15:30:00Z","physicalMemoryBytes":0,"availableMemoryBytes":0,"percentageMemoryUsage":0.0,"totalSwapBytes":0,"availableSwapBytes":0},{"timestamp":"2020-07-27T15:30:00Z","physicalMemoryBytes":0,"availableMemoryBytes":0,"percentageMemoryUsage":0.0,"totalSwapBytes":0,"availableSwapBytes":0},{"timestamp":"2020-07-26T15:30:00Z","physicalMemoryBytes":0,"availableMemoryBytes":0,"percentageMemoryUsage":0.0,"totalSwapBytes":0,"availableSwapBytes":0},{"timestamp":"2020-07-25T15:30:00Z","physicalMemoryBytes":0,"availableMemoryBytes":0,"percentageMemoryUsage":0.0,"totalSwapBytes":0,"availableSwapBytes":0},{"timestamp":"2020-07-24T15:30:00Z","physicalMemoryBytes":0,"availableMemoryBytes":0,"percentageMemoryUsage":0.0,"totalSwapBytes":0,"availableSwapBytes":0},{"timestamp":"2020-07-23T15:30:00Z","physicalMemoryBytes":0,"availableMemoryBytes":0,"percentageMemoryUsage":0.0,"totalSwapBytes":0,"availableSwapBytes":0},{"timestamp":"2020-07-22T15:30:00Z","physicalMemoryBytes":0,"availableMemoryBytes":0,"percentageMemoryUsage":0.0,"totalSwapBytes":0,"availableSwapBytes":0},{"timestamp":"2020-07-21T15:30:00Z","physicalMemoryBytes":0,"availableMemoryBytes":0,"percentageMemoryUsage":0.0,"totalSwapBytes":0,"availableSwapBytes":0},{"timestamp":"2020-07-20T15:30:00Z","physicalMemoryBytes":0,"availableMemoryBytes":0,"percentageMemoryUsage":0.0,"totalSwapBytes":0,"availableSwapBytes":0},{"timestamp":"2020-07-19T15:30:00Z","physicalMemoryBytes":0,"availableMemoryBytes":0,"percentageMemoryUsage":0.0,"totalSwapBytes":0,"availableSwapBytes":0},{"timestamp":"2020-07-18T15:30:00Z","physicalMemoryBytes":0,"availableMemoryBytes":0,"percentageMemoryUsage":0.0,"totalSwapBytes":0,"availableSwapBytes":0},{"timestamp":"2020-07-17T15:30:00Z","physicalMemoryBytes":0,"availableMemoryBytes":0,"percentageMemoryUsage":0.0,"totalSwapBytes":0,"availableSwapBytes":0},{"timestamp":"2020-07-16T15:30:00Z","physicalMemoryBytes":0,"availableMemoryBytes":0,"percentageMemoryUsage":0.0,"totalSwapBytes":0,"availableSwapBytes":0},{"timestamp":"2020-07-15T15:30:00Z","physicalMemoryBytes":0,"availableMemoryBytes":0,"percentageMemoryUsage":0.0,"totalSwapBytes":0,"availableSwapBytes":0},{"timestamp":"2020-07-14T15:30:00Z","physicalMemoryBytes":0,"availableMemoryBytes":0,"percentageMemoryUsage":0.0,"totalSwapBytes":0,"availableSwapBytes":0},{"timestamp":"2020-07-13T15:30:00Z","physicalMemoryBytes":0,"availableMemoryBytes":0,"percentageMemoryUsage":0.0,"totalSwapBytes":0,"availableSwapBytes":0},{"timestamp":"2020-07-12T15:30:00Z","physicalMemoryBytes":0,"availableMemoryBytes":0,"percentageMemoryUsage":0.0,"totalSwapBytes":0,"availableSwapBytes":0},{"timestamp":"2020-07-11T15:30:00Z","physicalMemoryBytes":0,"availableMemoryBytes":0,"percentageMemoryUsage":0.0,"totalSwapBytes":0,"availableSwapBytes":0},{"timestamp":"2020-07-10T15:30:00Z","physicalMemoryBytes":0,"availableMemoryBytes":0,"percentageMemoryUsage":0.0,"totalSwapBytes":0,"availableSwapBytes":0},{"timestamp":"2020-07-09T15:30:00Z","physicalMemoryBytes":0,"availableMemoryBytes":0,"percentageMemoryUsage":0.0,"totalSwapBytes":0,"availableSwapBytes":0},{"timestamp":"2020-07-08T15:30:00Z","physicalMemoryBytes":0,"availableMemoryBytes":0,"percentageMemoryUsage":0.0,"totalSwapBytes":0,"availableSwapBytes":0},{"timestamp":"2020-07-07T15:30:00Z","physicalMemoryBytes":0,"availableMemoryBytes":0,"percentageMemoryUsage":0.0,"totalSwapBytes":0,"availableSwapBytes":0},{"timestamp":"2020-07-06T15:30:00Z","physicalMemoryBytes":0,"availableMemoryBytes":0,"percentageMemoryUsage":0.0,"totalSwapBytes":0,"availableSwapBytes":0},{"timestamp":"2020-07-05T15:30:00Z","physicalMemoryBytes":0,"availableMemoryBytes":0,"percentageMemoryUsage":0.0,"totalSwapBytes":0,"availableSwapBytes":0},{"timestamp":"2020-07-04T15:30:00Z","physicalMemoryBytes":0,"availableMemoryBytes":0,"percentageMemoryUsage":0.0,"totalSwapBytes":0,"availableSwapBytes":0},{"timestamp":"2020-07-03T15:30:00Z","physicalMemoryBytes":0,"availableMemoryBytes":0,"percentageMemoryUsage":0.0,"totalSwapBytes":0,"availableSwapBytes":0},{"timestamp":"2020-07-02T15:00:00Z","physicalMemoryBytes":0,"availableMemoryBytes":0,"percentageMemoryUsage":0.0,"totalSwapBytes":0,"availableSwapBytes":0},{"timestamp":"2020-07-01T14:30:00Z","physicalMemoryBytes":0,"availableMemoryBytes":0,"percentageMemoryUsage":0.0,"totalSwapBytes":0,"availableSwapBytes":0},{"timestamp":"2020-06-30T14:30:00Z","physicalMemoryBytes":0,"availableMemoryBytes":0,"percentageMemoryUsage":0.0,"totalSwapBytes":0,"availableSwapBytes":0},{"timestamp":"2020-06-29T14:30:00Z","physicalMemoryBytes":0,"availableMemoryBytes":0,"percentageMemoryUsage":0.0,"totalSwapBytes":0,"availableSwapBytes":0},{"timestamp":"2020-06-28T14:30:00Z","physicalMemoryBytes":0,"availableMemoryBytes":0,"percentageMemoryUsage":0.0,"totalSwapBytes":0,"availableSwapBytes":0},{"timestamp":"2020-06-27T14:30:00Z","physicalMemoryBytes":0,"availableMemoryBytes":0,"percentageMemoryUsage":0.0,"totalSwapBytes":0,"availableSwapBytes":0},{"timestamp":"2020-06-26T14:30:00Z","physicalMemoryBytes":0,"availableMemoryBytes":0,"percentageMemoryUsage":0.0,"totalSwapBytes":0,"availableSwapBytes":0},{"timestamp":"2020-06-25T14:30:00Z","physicalMemoryBytes":0,"availableMemoryBytes":0,"percentageMemoryUsage":0.0,"totalSwapBytes":0,"availableSwapBytes":0},{"timestamp":"2020-06-24T14:30:00Z","physicalMemoryBytes":0,"availableMemoryBytes":0,"percentageMemoryUsage":0.0,"totalSwapBytes":0,"availableSwapBytes":0},{"timestamp":"2020-06-23T14:30:00Z","physicalMemoryBytes":0,"availableMemoryBytes":0,"percentageMemoryUsage":0.0,"totalSwapBytes":0,"availableSwapBytes":0},{"timestamp":"2020-06-22T14:30:00Z","physicalMemoryBytes":0,"availableMemoryBytes":0,"percentageMemoryUsage":0.0,"totalSwapBytes":0,"availableSwapBytes":0},{"timestamp":"2020-06-21T14:30:00Z","physicalMemoryBytes":0,"availableMemoryBytes":0,"percentageMemoryUsage":0.0,"totalSwapBytes":0,"availableSwapBytes":0},{"timestamp":"2020-06-20T14:30:00Z","physicalMemoryBytes":0,"availableMemoryBytes":0,"percentageMemoryUsage":0.0,"totalSwapBytes":0,"availableSwapBytes":0},{"timestamp":"2020-06-19T14:30:00Z","physicalMemoryBytes":0,"availableMemoryBytes":0,"percentageMemoryUsage":0.0,"totalSwapBytes":0,"availableSwapBytes":0},{"timestamp":"2020-06-18T14:30:00Z","physicalMemoryBytes":0,"availableMemoryBytes":0,"percentageMemoryUsage":0.0,"totalSwapBytes":0,"availableSwapBytes":0},{"timestamp":"2020-06-17T14:30:00Z","physicalMemoryBytes":0,"availableMemoryBytes":0,"percentageMemoryUsage":0.0,"totalSwapBytes":0,"availableSwapBytes":0},{"timestamp":"2020-06-16T14:30:00Z","physicalMemoryBytes":0,"availableMemoryBytes":0,"percentageMemoryUsage":0.0,"totalSwapBytes":0,"availableSwapBytes":0},{"timestamp":"2020-06-15T14:30:00Z","physicalMemoryBytes":0,"availableMemoryBytes":0,"percentageMemoryUsage":0.0,"totalSwapBytes":0,"availableSwapBytes":0},{"timestamp":"2020-06-14T14:30:00Z","physicalMemoryBytes":0,"availableMemoryBytes":0,"percentageMemoryUsage":0.0,"totalSwapBytes":0,"availableSwapBytes":0},{"timestamp":"2020-06-13T14:30:00Z","physicalMemoryBytes":0,"availableMemoryBytes":0,"percentageMemoryUsage":0.0,"totalSwapBytes":0,"availableSwapBytes":0},{"timestamp":"2020-06-12T14:30:00Z","physicalMemoryBytes":0,"availableMemoryBytes":0,"percentageMemoryUsage":0.0,"totalSwapBytes":0,"availableSwapBytes":0},{"timestamp":"2020-06-11T14:30:00Z","physicalMemoryBytes":0,"availableMemoryBytes":0,"percentageMemoryUsage":0.0,"totalSwapBytes":0,"availableSwapBytes":0},{"timestamp":"2020-06-10T14:30:00Z","physicalMemoryBytes":0,"availableMemoryBytes":0,"percentageMemoryUsage":0.0,"totalSwapBytes":0,"availableSwapBytes":0},{"timestamp":"2020-06-09T14:30:00Z","physicalMemoryBytes":0,"availableMemoryBytes":0,"percentageMemoryUsage":0.0,"totalSwapBytes":0,"availableSwapBytes":0},{"timestamp":"2020-06-08T14:30:00Z","physicalMemoryBytes":0,"availableMemoryBytes":0,"percentageMemoryUsage":0.0,"totalSwapBytes":0,"availableSwapBytes":0},{"timestamp":"2020-06-07T14:30:00Z","physicalMemoryBytes":0,"availableMemoryBytes":0,"percentageMemoryUsage":0.0,"totalSwapBytes":0,"availableSwapBytes":0},{"timestamp":"2020-06-06T14:30:00Z","physicalMemoryBytes":0,"availableMemoryBytes":0,"percentageMemoryUsage":0.0,"totalSwapBytes":0,"availableSwapBytes":0},{"timestamp":"2020-06-05T14:30:00Z","physicalMemoryBytes":0,"availableMemoryBytes":0,"percentageMemoryUsage":0.0,"totalSwapBytes":0,"availableSwapBytes":0},{"timestamp":"2020-06-04T14:30:00Z","physicalMemoryBytes":0,"availableMemoryBytes":0,"percentageMemoryUsage":0.0,"totalSwapBytes":0,"availableSwapBytes":0},{"timestamp":"2020-06-03T14:30:00Z","physicalMemoryBytes":0,"availableMemoryBytes":0,"percentageMemoryUsage":0.0,"totalSwapBytes":0,"availableSwapBytes":0},{"timestamp":"2020-06-02T14:30:00Z","physicalMemoryBytes":0,"availableMemoryBytes":0,"percentageMemoryUsage":0.0,"totalSwapBytes":0,"availableSwapBytes":0},{"timestamp":"2020-06-01T14:30:00Z","physicalMemoryBytes":0,"availableMemoryBytes":0,"percentageMemoryUsage":0.0,"totalSwapBytes":0,"availableSwapBytes":0},{"timestamp":"2020-05-31T14:30:00Z","physicalMemoryBytes":0,"availableMemoryBytes":0,"percentageMemoryUsage":0.0,"totalSwapBytes":0,"availableSwapBytes":0},{"timestamp":"2020-05-30T14:30:00Z","physicalMemoryBytes":0,"availableMemoryBytes":0,"percentageMemoryUsage":0.0,"totalSwapBytes":0,"availableSwapBytes":0},{"timestamp":"2020-05-29T14:30:00Z","physicalMemoryBytes":0,"availableMemoryBytes":0,"percentageMemoryUsage":0.0,"totalSwapBytes":0,"availableSwapBytes":0},{"timestamp":"2020-05-28T14:30:00Z","physicalMemoryBytes":0,"availableMemoryBytes":0,"percentageMemoryUsage":0.0,"totalSwapBytes":0,"availableSwapBytes":0},{"timestamp":"2020-05-27T14:30:00Z","physicalMemoryBytes":0,"availableMemoryBytes":0,"percentageMemoryUsage":0.0,"totalSwapBytes":0,"availableSwapBytes":0},{"timestamp":"2020-05-26T14:30:00Z","physicalMemoryBytes":0,"availableMemoryBytes":0,"percentageMemoryUsage":0.0,"totalSwapBytes":0,"availableSwapBytes":0},{"timestamp":"2020-05-25T14:30:00Z","physicalMemoryBytes":0,"availableMemoryBytes":0,"percentageMemoryUsage":0.0,"totalSwapBytes":0,"availableSwapBytes":0},{"timestamp":"2020-05-24T14:30:00Z","physicalMemoryBytes":0,"availableMemoryBytes":0,"percentageMemoryUsage":0.0,"totalSwapBytes":0,"availableSwapBytes":0},{"timestamp":"2020-05-23T14:30:00Z","physicalMemoryBytes":0,"availableMemoryBytes":0,"percentageMemoryUsage":0.0,"totalSwapBytes":0,"availableSwapBytes":0},{"timestamp":"2020-05-22T14:30:00Z","physicalMemoryBytes":0,"availableMemoryBytes":0,"percentageMemoryUsage":0.0,"totalSwapBytes":0,"availableSwapBytes":0},{"timestamp":"2020-05-21T14:30:00Z","physicalMemoryBytes":0,"availableMemoryBytes":0,"percentageMemoryUsage":0.0,"totalSwapBytes":0,"availableSwapBytes":0},{"timestamp":"2020-05-20T14:30:00Z","physicalMemoryBytes":0,"availableMemoryBytes":0,"percentageMemoryUsage":0.0,"totalSwapBytes":0,"availableSwapBytes":0},{"timestamp":"2020-05-19T14:30:00Z","physicalMemoryBytes":0,"availableMemoryBytes":0,"percentageMemoryUsage":0.0,"totalSwapBytes":0,"availableSwapBytes":0},{"timestamp":"2020-05-18T14:30:00Z","physicalMemoryBytes":3109988352,"availableMemoryBytes":1893248037,"percentageMemoryUsage":4.89045,"totalSwapBytes":7999847936,"availableSwapBytes":7999458304},{"timestamp":"2020-05-17T14:30:00Z","physicalMemoryBytes":24879906816,"availableMemoryBytes":15181760839,"percentageMemoryUsage":38.9798,"totalSwapBytes":63998783488,"availableSwapBytes":63995666432},{"timestamp":"2020-05-16T14:30:00Z","physicalMemoryBytes":24879906816,"availableMemoryBytes":15339450161,"percentageMemoryUsage":38.346,"totalSwapBytes":63998783488,"availableSwapBytes":63996247606},{"timestamp":"2020-05-15T14:30:00Z","physicalMemoryBytes":24880798549,"availableMemoryBytes":15511781173,"percentageMemoryUsage":37.6556,"totalSwapBytes":63998783488,"availableSwapBytes":63993009813},{"timestamp":"2020-05-14T14:30:00Z","physicalMemoryBytes":24881033216,"availableMemoryBytes":15481054639,"percentageMemoryUsage":37.7797,"totalSwapBytes":63998783488,"availableSwapBytes":63997832158},{"timestamp":"2020-05-13T14:30:00Z","physicalMemoryBytes":24881033216,"availableMemoryBytes":15608081254,"percentageMemoryUsage":37.2692,"totalSwapBytes":63998783488,"availableSwapBytes":63998755923},{"timestamp":"2020-05-12T14:30:00Z","physicalMemoryBytes":24881033216,"availableMemoryBytes":16264853777,"percentageMemoryUsage":34.6295,"totalSwapBytes":63998783488,"availableSwapBytes":63991303512},{"timestamp":"2020-05-11T14:30:00Z","physicalMemoryBytes":24881033216,"availableMemoryBytes":19990443474,"percentageMemoryUsage":19.6559,"totalSwapBytes":63998783488,"availableSwapBytes":63909310563},{"timestamp":"2020-05-10T14:30:00Z","physicalMemoryBytes":24881033216,"availableMemoryBytes":20020858608,"percentageMemoryUsage":19.5337,"totalSwapBytes":63998783488,"availableSwapBytes":63910043397},{"timestamp":"2020-05-09T14:30:00Z","physicalMemoryBytes":24881033216,"availableMemoryBytes":17232565761,"percentageMemoryUsage":30.7402,"totalSwapBytes":63998783488,"availableSwapBytes":63903497871},{"timestamp":"2020-05-08T14:30:00Z","physicalMemoryBytes":24881033216,"availableMemoryBytes":15550932082,"percentageMemoryUsage":37.4988,"totalSwapBytes":63998783488,"availableSwapBytes":63921793816},{"timestamp":"2020-05-07T14:30:00Z","physicalMemoryBytes":24881033216,"availableMemoryBytes":15588850808,"percentageMemoryUsage":37.3464,"totalSwapBytes":63998783488,"availableSwapBytes":63957597422},{"timestamp":"2020-05-06T14:30:00Z","physicalMemoryBytes":24881033216,"availableMemoryBytes":15639715960,"percentageMemoryUsage":37.142,"totalSwapBytes":63998783488,"availableSwapBytes":63977888840},{"timestamp":"2020-05-05T14:30:00Z","physicalMemoryBytes":24881033216,"availableMemoryBytes":15598880191,"percentageMemoryUsage":37.3061,"totalSwapBytes":63998783488,"availableSwapBytes":63987520341},{"timestamp":"2020-05-04T14:30:00Z","physicalMemoryBytes":24881033216,"availableMemoryBytes":15596370626,"percentageMemoryUsage":37.3162,"totalSwapBytes":63998783488,"availableSwapBytes":63995526112},{"timestamp":"2020-05-03T14:30:00Z","physicalMemoryBytes":24881033216,"availableMemoryBytes":15517593797,"percentageMemoryUsage":37.6328,"totalSwapBytes":63998783488,"availableSwapBytes":63997866828},{"timestamp":"2020-05-02T14:00:00Z","physicalMemoryBytes":24881033216,"availableMemoryBytes":15649764908,"percentageMemoryUsage":37.1016,"totalSwapBytes":63998783488,"availableSwapBytes":63998764459},{"timestamp":"2020-05-01T13:30:00Z","physicalMemoryBytes":18660774912,"availableMemoryBytes":11912655258,"percentageMemoryUsage":27.1215,"totalSwapBytes":47999087616,"availableSwapBytes":47999087616},{"timestamp":"2020-04-30T13:30:00Z","physicalMemoryBytes":7256968021,"availableMemoryBytes":2139032444,"percentageMemoryUsage":20.5696,"totalSwapBytes":18666311850,"availableSwapBytes":16683226040},{"timestamp":"2020-04-29T13:30:00Z","physicalMemoryBytes":24881033216,"availableMemoryBytes":7373364231,"percentageMemoryUsage":70.3655,"totalSwapBytes":63998783488,"availableSwapBytes":57238766531},{"timestamp":"2020-04-28T13:30:00Z","physicalMemoryBytes":24881033216,"availableMemoryBytes":7408820404,"percentageMemoryUsage":70.223,"totalSwapBytes":63998783488,"availableSwapBytes":57308831180},{"timestamp":"2020-04-27T13:30:00Z","physicalMemoryBytes":24881033216,"availableMemoryBytes":7469397753,"percentageMemoryUsage":69.9796,"totalSwapBytes":63998783488,"availableSwapBytes":57363573101},{"timestamp":"2020-04-26T13:30:00Z","physicalMemoryBytes":24881033216,"availableMemoryBytes":7506728898,"percentageMemoryUsage":69.8295,"totalSwapBytes":63998783488,"availableSwapBytes":57426686351},{"timestamp":"2020-04-25T13:30:00Z","physicalMemoryBytes":24881033216,"availableMemoryBytes":7563881167,"percentageMemoryUsage":69.5998,"totalSwapBytes":63998783488,"availableSwapBytes":57473493834},{"timestamp":"2020-04-24T13:30:00Z","physicalMemoryBytes":24881033216,"availableMemoryBytes":7628442139,"percentageMemoryUsage":69.3403,"totalSwapBytes":63998783488,"availableSwapBytes":57515209744},{"timestamp":"2020-04-23T13:30:00Z","physicalMemoryBytes":24881033216,"availableMemoryBytes":7692447091,"percentageMemoryUsage":69.0831,"totalSwapBytes":63998783488,"availableSwapBytes":57576925613},{"timestamp":"2020-04-22T13:30:00Z","physicalMemoryBytes":24881033216,"availableMemoryBytes":7735341451,"percentageMemoryUsage":68.9107,"totalSwapBytes":63998783488,"availableSwapBytes":57640949211},{"timestamp":"2020-04-21T13:30:00Z","physicalMemoryBytes":24881033216,"availableMemoryBytes":7790114080,"percentageMemoryUsage":68.6906,"totalSwapBytes":63998783488,"availableSwapBytes":57703249812},{"timestamp":"2020-04-20T13:30:00Z","physicalMemoryBytes":24881033216,"availableMemoryBytes":7821189741,"percentageMemoryUsage":68.5657,"totalSwapBytes":63998783488,"availableSwapBytes":57784125968},{"timestamp":"2020-04-19T13:30:00Z","physicalMemoryBytes":24881033216,"availableMemoryBytes":7830158431,"percentageMemoryUsage":68.5296,"totalSwapBytes":63998783488,"availableSwapBytes":57844419814},{"timestamp":"2020-04-18T13:30:00Z","physicalMemoryBytes":24881033216,"availableMemoryBytes":7886239718,"percentageMemoryUsage":68.3042,"totalSwapBytes":63998783488,"availableSwapBytes":57898343796},{"timestamp":"2020-04-17T13:30:00Z","physicalMemoryBytes":24881033216,"availableMemoryBytes":7954244515,"percentageMemoryUsage":68.0309,"totalSwapBytes":63998783488,"availableSwapBytes":57967295371},{"timestamp":"2020-04-16T13:30:00Z","physicalMemoryBytes":24881033216,"availableMemoryBytes":7964342525,"percentageMemoryUsage":67.9903,"totalSwapBytes":63998783488,"availableSwapBytes":58048292558},{"timestamp":"2020-04-15T13:30:00Z","physicalMemoryBytes":24881033216,"availableMemoryBytes":8015143358,"percentageMemoryUsage":67.7861,"totalSwapBytes":63998783488,"availableSwapBytes":58118633300},{"timestamp":"2020-04-14T13:30:00Z","physicalMemoryBytes":24881033216,"availableMemoryBytes":8043624455,"percentageMemoryUsage":67.6717,"totalSwapBytes":63998783488,"availableSwapBytes":58205700083},{"timestamp":"2020-04-13T13:30:00Z","physicalMemoryBytes":24881033216,"availableMemoryBytes":8039782932,"percentageMemoryUsage":67.6871,"totalSwapBytes":63998783488,"availableSwapBytes":58301662326},{"timestamp":"2020-04-12T13:30:00Z","physicalMemoryBytes":24881033216,"availableMemoryBytes":8056326641,"percentageMemoryUsage":67.6206,"totalSwapBytes":63998783488,"availableSwapBytes":58379933499},{"timestamp":"2020-04-11T13:30:00Z","physicalMemoryBytes":24881033216,"availableMemoryBytes":8081207853,"percentageMemoryUsage":67.5206,"totalSwapBytes":63998783488,"availableSwapBytes":58445334549},{"timestamp":"2020-04-10T13:30:00Z","physicalMemoryBytes":24881033216,"availableMemoryBytes":8136484613,"percentageMemoryUsage":67.2984,"totalSwapBytes":63998783488,"availableSwapBytes":58508297455},{"timestamp":"2020-04-09T13:30:00Z","physicalMemoryBytes":24881033216,"availableMemoryBytes":8183100929,"percentageMemoryUsage":67.1111,"totalSwapBytes":63998783488,"availableSwapBytes":58567226289},{"timestamp":"2020-04-08T13:30:00Z","physicalMemoryBytes":24881033216,"availableMemoryBytes":8137382813,"percentageMemoryUsage":67.2948,"totalSwapBytes":63998783488,"availableSwapBytes":58590553928},{"timestamp":"2020-04-07T13:30:00Z","physicalMemoryBytes":24881033216,"availableMemoryBytes":8169642994,"percentageMemoryUsage":67.1652,"totalSwapBytes":63998783488,"availableSwapBytes":58642991398},{"timestamp":"2020-04-06T13:30:00Z","physicalMemoryBytes":24881033216,"availableMemoryBytes":8174111234,"percentageMemoryUsage":67.1472,"totalSwapBytes":63998783488,"availableSwapBytes":58678587881},{"timestamp":"2020-04-05T13:30:00Z","physicalMemoryBytes":24881033216,"availableMemoryBytes":8310890553,"percentageMemoryUsage":66.5975,"totalSwapBytes":63998783488,"availableSwapBytes":58709461596},{"timestamp":"2020-04-04T13:30:00Z","physicalMemoryBytes":24881033216,"availableMemoryBytes":8382513467,"percentageMemoryUsage":66.3096,"totalSwapBytes":63998783488,"availableSwapBytes":58774495596},{"timestamp":"2020-04-03T13:30:00Z","physicalMemoryBytes":24881033216,"availableMemoryBytes":8405946167,"percentageMemoryUsage":66.2154,"totalSwapBytes":63998783488,"availableSwapBytes":58859010335},{"timestamp":"2020-04-02T13:30:00Z","physicalMemoryBytes":24881033216,"availableMemoryBytes":8422094711,"percentageMemoryUsage":66.1505,"totalSwapBytes":63998783488,"availableSwapBytes":58939084114},{"timestamp":"2020-04-01T13:30:00Z","physicalMemoryBytes":24881033216,"availableMemoryBytes":8444959101,"percentageMemoryUsage":66.0586,"totalSwapBytes":63998783488,"availableSwapBytes":59013237572},{"timestamp":"2020-03-31T13:30:00Z","physicalMemoryBytes":24881033216,"availableMemoryBytes":8466285776,"percentageMemoryUsage":65.9729,"totalSwapBytes":63998783488,"availableSwapBytes":59095523303},{"timestamp":"2020-03-30T13:30:00Z","physicalMemoryBytes":24881033216,"availableMemoryBytes":8493962217,"percentageMemoryUsage":65.8617,"totalSwapBytes":63998783488,"availableSwapBytes":59182951969},{"timestamp":"2020-03-29T13:30:00Z","physicalMemoryBytes":24881033216,"availableMemoryBytes":8492450940,"percentageMemoryUsage":65.8678,"totalSwapBytes":63998783488,"availableSwapBytes":59258814715},{"timestamp":"2020-03-28T13:30:00Z","physicalMemoryBytes":24881033216,"availableMemoryBytes":8554634027,"percentageMemoryUsage":65.6179,"totalSwapBytes":63998783488,"availableSwapBytes":59322716774},{"timestamp":"2020-03-27T13:30:00Z","physicalMemoryBytes":24881033216,"availableMemoryBytes":8533102395,"percentageMemoryUsage":65.7044,"totalSwapBytes":63998783488,"availableSwapBytes":59385758321},{"timestamp":"2020-03-26T13:30:00Z","physicalMemoryBytes":24881033216,"availableMemoryBytes":8562411235,"percentageMemoryUsage":65.5866,"totalSwapBytes":63998783488,"availableSwapBytes":59409222063},{"timestamp":"2020-03-25T13:30:00Z","physicalMemoryBytes":24881033216,"availableMemoryBytes":8653818620,"percentageMemoryUsage":65.2192,"totalSwapBytes":63998783488,"availableSwapBytes":59417417559},{"timestamp":"2020-03-24T13:30:00Z","physicalMemoryBytes":24881033216,"availableMemoryBytes":8750654214,"percentageMemoryUsage":64.83,"totalSwapBytes":63998783488,"availableSwapBytes":59423633013},{"timestamp":"2020-03-23T13:30:00Z","physicalMemoryBytes":24881033216,"availableMemoryBytes":8842216857,"percentageMemoryUsage":64.462,"totalSwapBytes":63998783488,"availableSwapBytes":59433796173},{"timestamp":"2020-03-22T13:30:00Z","physicalMemoryBytes":24881033216,"availableMemoryBytes":8934868234,"percentageMemoryUsage":64.0896,"totalSwapBytes":63998783488,"availableSwapBytes":59441753645},{"timestamp":"2020-03-21T13:30:00Z","physicalMemoryBytes":24881033216,"availableMemoryBytes":9027901583,"percentageMemoryUsage":63.7157,"totalSwapBytes":63998783488,"availableSwapBytes":59448164489},{"timestamp":"2020-03-20T13:30:00Z","physicalMemoryBytes":24881033216,"availableMemoryBytes":9114932413,"percentageMemoryUsage":63.3659,"totalSwapBytes":63998783488,"availableSwapBytes":59456967269},{"timestamp":"2020-03-19T13:30:00Z","physicalMemoryBytes":24881033216,"availableMemoryBytes":9206820102,"percentageMemoryUsage":62.9966,"totalSwapBytes":63998783488,"availableSwapBytes":59464833606},{"timestamp":"2020-03-18T13:30:00Z","physicalMemoryBytes":24881033216,"availableMemoryBytes":9297357525,"percentageMemoryUsage":62.6328,"totalSwapBytes":63998783488,"availableSwapBytes":59473315755},{"timestamp":"2020-03-17T13:30:00Z","physicalMemoryBytes":24881033216,"availableMemoryBytes":9392739184,"percentageMemoryUsage":62.2494,"totalSwapBytes":63998783488,"availableSwapBytes":59480922646},{"timestamp":"2020-03-16T13:30:00Z","physicalMemoryBytes":24881033216,"availableMemoryBytes":9483269406,"percentageMemoryUsage":61.8855,"totalSwapBytes":63998783488,"availableSwapBytes":59488359246},{"timestamp":"2020-03-15T13:30:00Z","physicalMemoryBytes":24881033216,"availableMemoryBytes":9576414520,"percentageMemoryUsage":61.5112,"totalSwapBytes":63998783488,"availableSwapBytes":59496109218},{"timestamp":"2020-03-14T13:30:00Z","physicalMemoryBytes":24881033216,"availableMemoryBytes":9676612174,"percentageMemoryUsage":61.1085,"totalSwapBytes":63998783488,"availableSwapBytes":59499728019},{"timestamp":"2020-03-13T13:30:00Z","physicalMemoryBytes":24881033216,"availableMemoryBytes":9762554201,"percentageMemoryUsage":60.7631,"totalSwapBytes":63998783488,"availableSwapBytes":59507224075},{"timestamp":"2020-03-12T13:30:00Z","physicalMemoryBytes":24881033216,"availableMemoryBytes":9856057799,"percentageMemoryUsage":60.3873,"totalSwapBytes":63998783488,"availableSwapBytes":59517551395},{"timestamp":"2020-03-11T13:30:00Z","physicalMemoryBytes":24881033216,"availableMemoryBytes":9933667744,"percentageMemoryUsage":60.0753,"totalSwapBytes":63998783488,"availableSwapBytes":59527433429},{"timestamp":"2020-03-10T13:30:00Z","physicalMemoryBytes":24881033216,"availableMemoryBytes":10030240890,"percentageMemoryUsage":59.6872,"totalSwapBytes":63998783488,"availableSwapBytes":59530814780},{"timestamp":"2020-03-09T13:30:00Z","physicalMemoryBytes":24881033216,"availableMemoryBytes":10124698662,"percentageMemoryUsage":59.3076,"totalSwapBytes":63998783488,"availableSwapBytes":59533621801},{"timestamp":"2020-03-08T13:30:00Z","physicalMemoryBytes":24881033216,"availableMemoryBytes":10217930667,"percentageMemoryUsage":58.9329,"totalSwapBytes":63998783488,"availableSwapBytes":59537588856},{"timestamp":"2020-03-07T13:30:00Z","physicalMemoryBytes":24881033216,"availableMemoryBytes":10312518659,"percentageMemoryUsage":58.5527,"totalSwapBytes":63998783488,"availableSwapBytes":59540750374},{"timestamp":"2020-03-06T13:30:00Z","physicalMemoryBytes":24881033216,"availableMemoryBytes":10424672700,"percentageMemoryUsage":58.1019,"totalSwapBytes":63998783488,"availableSwapBytes":59539066479},{"timestamp":"2020-03-05T13:30:00Z","physicalMemoryBytes":24881033216,"availableMemoryBytes":10526746245,"percentageMemoryUsage":57.6917,"totalSwapBytes":63998783488,"availableSwapBytes":59544246636},{"timestamp":"2020-03-04T13:30:00Z","physicalMemoryBytes":24881033216,"availableMemoryBytes":10636153699,"percentageMemoryUsage":57.252,"totalSwapBytes":63998783488,"availableSwapBytes":59545088650},{"timestamp":"2020-03-03T13:30:00Z","physicalMemoryBytes":24881033216,"availableMemoryBytes":10735884240,"percentageMemoryUsage":56.8511,"totalSwapBytes":63998783488,"availableSwapBytes":59548820235}],"numMembers":365}
