{
    "category": "systems",
    "status": "Warning",
    "type": "IndexResource",
    "categoryVersion": 2,
    "softwareVersion": "4.2.3-2011.40",
    "apiVersion": 1,
    "dedupeRatio": 5.211192069388016,
    "numRemainingStores": 31,
    "numRemainingShares": 31,
    "numRemainingLibraries": 31,
    "localDiskBytes": 12958835462144,
    "localUserBytes": 67530980588829,
    "localFreeBytes": 3505932152832,
    "localCapacityBytes": 16464767614976,
    "cloudDiskBytes": 0,
    "cloudUserBytes": 0,
    "cloudFreeBytes": 0,
    "cloudCapacityBytes": 0,
    "catalystInboundCopyJobSessions": 0,
    "catalystOutboundCopyJobSessions": 0,
    "catalystDataJobSessions": 1,
    "nasOpenFileDescriptors": 0,
    "nasNumDedupeSessions": 0,
    "applianceStatus": "WARNING",
    "applianceStatusString": "Warning",
    "dataServicesStatus": "OK",
    "dataServicesStatusString": "OK",
    "licenseStatus": "OK",
    "licenseStatusString": "OK",
    "userStorageStatus": "WARNING",
    "userStorageStatusString": "Warning",
    "vtlNumActiveSessions": 0,
    "hardwareStatus": "NOT_HARDWARE",
    "hardwareStatusString": "Status Invalid.  Not a hardware appliance.",
    "remoteSupportStatus": "WARNING",
    "remoteSupportStatusString": "Warning",
    "hamaStatus": "NOT_APPLICABLE",
    "hamaStatusString": "Not Applicable",
    "repNumSourceJobs": 0,
    "repNumTargetJobs": 0,
    "repVtlNumMappingsTotal": 0,
    "repVtlNumMappingsStatusPendingSynchronisation": 0,
    "repVtlNumMappingsStatusSynchronising": 0,
    "repVtlNumMappingStatusSynchronised": 0,
    "repVtlNumMappingsHealthLevelOK": 0,
    "repVtlNumMappingsHealthLevelWarning": 0,
    "repVtlNumMappingsHealthLevelCritical": 0,
    "repNasNumMappingsTotal": 0,
    "repNasNumMappingsStatusPendingSynchronisation": 0,
    "repNasNumMappingsStatusSynchronising": 0,
    "repNasNumMappingStatusSynchronised": 0,
    "repNasNumMappingsHealthLevelOK": 0,
    "repNasNumMappingsHealthLevelWarning": 0,
    "repNasNumMappingsHealthLevelCritical": 0,
    "metricsCpuTotal": 72.8527,
    "metricsMemoryTotalPhysical": 50246541312,
    "metricsMemoryUsedPercent": 20.9887,
    "metricsDataDiskUtilisationPercent": 41.92,
    "maxStreamsLimit": 78,
    "isVSA": true,
    "isHama": false,
    "softwareUpdateRecommended": false,
    "recommendedSoftwareVersion": ""
}