{"members":[{"timestamp":"2021-03-03T09:45:00Z","physicalMemoryBytes":24878755840,"availableMemoryBytes":13434797577,"percentageMemoryUsage":45.9989,"totalSwapBytes":62999490560,"availableSwapBytes":62575515000},{"timestamp":"2021-03-03T07:52:30Z","physicalMemoryBytes":24878755840,"availableMemoryBytes":13434979191,"percentageMemoryUsage":45.9982,"totalSwapBytes":62999490560,"availableSwapBytes":62575603712},{"timestamp":"2021-03-03T06:02:30Z","physicalMemoryBytes":24878755840,"availableMemoryBytes":13420429845,"percentageMemoryUsage":46.0567,"totalSwapBytes":62999490560,"availableSwapBytes":62575603712},{"timestamp":"2021-03-03T04:12:30Z","physicalMemoryBytes":24878755840,"availableMemoryBytes":13404121220,"percentageMemoryUsage":46.1222,"totalSwapBytes":62999490560,"availableSwapBytes":62575603712},{"timestamp":"2021-03-03T02:22:30Z","physicalMemoryBytes":24878755840,"availableMemoryBytes":13412526311,"percentageMemoryUsage":46.0884,"totalSwapBytes":62999490560,"availableSwapBytes":62577891911},{"timestamp":"2021-03-03T00:32:30Z","physicalMemoryBytes":24878755840,"availableMemoryBytes":13425388545,"percentageMemoryUsage":46.0367,"totalSwapBytes":62999490560,"availableSwapBytes":62579333703},{"timestamp":"2021-03-02T22:42:30Z","physicalMemoryBytes":24878755840,"availableMemoryBytes":13416064920,"percentageMemoryUsage":46.0742,"totalSwapBytes":62999490560,"availableSwapBytes":62579535872},{"timestamp":"2021-03-02T20:52:30Z","physicalMemoryBytes":24878755840,"availableMemoryBytes":13399109393,"percentageMemoryUsage":46.1424,"totalSwapBytes":62999490560,"availableSwapBytes":62579535872},{"timestamp":"2021-03-02T19:02:30Z","physicalMemoryBytes":24878755840,"availableMemoryBytes":13370444274,"percentageMemoryUsage":46.2576,"totalSwapBytes":62999490560,"availableSwapBytes":62580283786},{"timestamp":"2021-03-02T17:12:30Z","physicalMemoryBytes":24878755840,"availableMemoryBytes":13437440620,"percentageMemoryUsage":45.9883,"totalSwapBytes":62999490560,"availableSwapBytes":62582627771},{"timestamp":"2021-03-02T15:20:00Z","physicalMemoryBytes":24878755840,"availableMemoryBytes":13423266699,"percentageMemoryUsage":46.0453,"totalSwapBytes":62999490560,"availableSwapBytes":62583224693},{"timestamp":"2021-03-02T13:27:30Z","physicalMemoryBytes":24878755840,"availableMemoryBytes":13420656767,"percentageMemoryUsage":46.0558,"totalSwapBytes":62999490560,"availableSwapBytes":62584021314},{"timestamp":"2021-03-02T11:37:30Z","physicalMemoryBytes":24878755840,"availableMemoryBytes":13367502459,"percentageMemoryUsage":46.2694,"totalSwapBytes":62999490560,"availableSwapBytes":62584452064},{"timestamp":"2021-03-02T09:47:30Z","physicalMemoryBytes":24878755840,"availableMemoryBytes":13432057165,"percentageMemoryUsage":46.0099,"totalSwapBytes":62999490560,"availableSwapBytes":62586700744},{"timestamp":"2021-03-02T07:57:30Z","physicalMemoryBytes":24878755840,"availableMemoryBytes":13436574869,"percentageMemoryUsage":45.9918,"totalSwapBytes":62999490560,"availableSwapBytes":62587693912},{"timestamp":"2021-03-02T06:07:30Z","physicalMemoryBytes":24878755840,"availableMemoryBytes":13431307990,"percentageMemoryUsage":46.0129,"totalSwapBytes":62999490560,"availableSwapBytes":62588186624},{"timestamp":"2021-03-02T04:17:30Z","physicalMemoryBytes":24878755840,"availableMemoryBytes":13424073794,"percentageMemoryUsage":46.042,"totalSwapBytes":62999490560,"availableSwapBytes":62588186624},{"timestamp":"2021-03-02T02:27:30Z","physicalMemoryBytes":24878755840,"availableMemoryBytes":13413772120,"percentageMemoryUsage":46.0834,"totalSwapBytes":62999490560,"availableSwapBytes":62589235199},{"timestamp":"2021-03-02T00:37:30Z","physicalMemoryBytes":24878755840,"availableMemoryBytes":13436303385,"percentageMemoryUsage":45.9929,"totalSwapBytes":62999490560,"availableSwapBytes":62590379895},{"timestamp":"2021-03-01T22:47:30Z","physicalMemoryBytes":24878755840,"availableMemoryBytes":13431976588,"percentageMemoryUsage":46.0103,"totalSwapBytes":62999490560,"availableSwapBytes":62590977464},{"timestamp":"2021-03-01T20:55:00Z","physicalMemoryBytes":24878755840,"availableMemoryBytes":13425693323,"percentageMemoryUsage":46.0355,"totalSwapBytes":62999490560,"availableSwapBytes":62591070208},{"timestamp":"2021-03-01T19:02:30Z","physicalMemoryBytes":24878755840,"availableMemoryBytes":13393092062,"percentageMemoryUsage":46.1666,"totalSwapBytes":62999490560,"availableSwapBytes":62591422926},{"timestamp":"2021-03-01T17:12:30Z","physicalMemoryBytes":24878755840,"availableMemoryBytes":13425049206,"percentageMemoryUsage":46.0381,"totalSwapBytes":62999490560,"availableSwapBytes":62592882361},{"timestamp":"2021-03-01T15:22:30Z","physicalMemoryBytes":24878755840,"availableMemoryBytes":13432515889,"percentageMemoryUsage":46.0081,"totalSwapBytes":62999490560,"availableSwapBytes":62593449164},{"timestamp":"2021-03-01T13:32:30Z","physicalMemoryBytes":24878755840,"availableMemoryBytes":13433494474,"percentageMemoryUsage":46.0042,"totalSwapBytes":62999490560,"availableSwapBytes":62593691648},{"timestamp":"2021-03-01T11:42:30Z","physicalMemoryBytes":24878755840,"availableMemoryBytes":13410812155,"percentageMemoryUsage":46.0953,"totalSwapBytes":62999490560,"availableSwapBytes":62593691656},{"timestamp":"2021-03-01T09:52:30Z","physicalMemoryBytes":24878755840,"availableMemoryBytes":13421601655,"percentageMemoryUsage":46.052,"totalSwapBytes":62999490560,"availableSwapBytes":62595168185},{"timestamp":"2021-03-01T08:02:30Z","physicalMemoryBytes":24878755840,"availableMemoryBytes":13438493837,"percentageMemoryUsage":45.9841,"totalSwapBytes":62999490560,"availableSwapBytes":62595526656},{"timestamp":"2021-03-01T06:12:30Z","physicalMemoryBytes":24878755840,"availableMemoryBytes":13442873049,"percentageMemoryUsage":45.9665,"totalSwapBytes":62999490560,"availableSwapBytes":62595526656},{"timestamp":"2021-03-01T04:22:30Z","physicalMemoryBytes":24878755840,"availableMemoryBytes":13442193005,"percentageMemoryUsage":45.9692,"totalSwapBytes":62999490560,"availableSwapBytes":62595526656},{"timestamp":"2021-03-01T02:32:30Z","physicalMemoryBytes":24878755840,"availableMemoryBytes":13421011951,"percentageMemoryUsage":46.0543,"totalSwapBytes":62999490560,"availableSwapBytes":62596172681},{"timestamp":"2021-03-01T00:40:00Z","physicalMemoryBytes":24878755840,"availableMemoryBytes":13445611866,"percentageMemoryUsage":45.9554,"totalSwapBytes":62999490560,"availableSwapBytes":62597067986},{"timestamp":"2021-02-28T22:47:30Z","physicalMemoryBytes":24878755840,"availableMemoryBytes":13444790813,"percentageMemoryUsage":45.9587,"totalSwapBytes":62999490560,"availableSwapBytes":62597531064},{"timestamp":"2021-02-28T20:57:30Z","physicalMemoryBytes":24878755840,"availableMemoryBytes":13436842949,"percentageMemoryUsage":45.9907,"totalSwapBytes":62999490560,"availableSwapBytes":62597623808},{"timestamp":"2021-02-28T19:07:30Z","physicalMemoryBytes":24878755840,"availableMemoryBytes":13404774593,"percentageMemoryUsage":46.1196,"totalSwapBytes":62999490560,"availableSwapBytes":62597792017},{"timestamp":"2021-02-28T17:17:30Z","physicalMemoryBytes":24878755840,"availableMemoryBytes":13453824596,"percentageMemoryUsage":45.9224,"totalSwapBytes":62999490560,"availableSwapBytes":62599149803},{"timestamp":"2021-02-28T15:27:30Z","physicalMemoryBytes":24878755840,"availableMemoryBytes":13456243146,"percentageMemoryUsage":45.9127,"totalSwapBytes":62999490560,"availableSwapBytes":62599196672},{"timestamp":"2021-02-28T13:37:30Z","physicalMemoryBytes":24878755840,"availableMemoryBytes":13457703157,"percentageMemoryUsage":45.9068,"totalSwapBytes":62999490560,"availableSwapBytes":62599389903},{"timestamp":"2021-02-28T11:47:30Z","physicalMemoryBytes":24878755840,"availableMemoryBytes":13440990848,"percentageMemoryUsage":45.974,"totalSwapBytes":62999490560,"availableSwapBytes":62599458816},{"timestamp":"2021-02-28T09:57:30Z","physicalMemoryBytes":24878755840,"availableMemoryBytes":13435261849,"percentageMemoryUsage":45.9971,"totalSwapBytes":62999490560,"availableSwapBytes":62600425571},{"timestamp":"2021-02-28T08:07:30Z","physicalMemoryBytes":24878755840,"availableMemoryBytes":13455574652,"percentageMemoryUsage":45.9154,"totalSwapBytes":62999490560,"availableSwapBytes":62601031680},{"timestamp":"2021-02-28T06:15:00Z","physicalMemoryBytes":24878755840,"availableMemoryBytes":13459348155,"percentageMemoryUsage":45.9002,"totalSwapBytes":62999490560,"availableSwapBytes":62601273497},{"timestamp":"2021-02-28T04:22:30Z","physicalMemoryBytes":24878755840,"availableMemoryBytes":13448892569,"percentageMemoryUsage":45.9423,"totalSwapBytes":62999490560,"availableSwapBytes":62601293824},{"timestamp":"2021-02-28T02:32:30Z","physicalMemoryBytes":24878755840,"availableMemoryBytes":13439393427,"percentageMemoryUsage":45.9804,"totalSwapBytes":62999490560,"availableSwapBytes":62601632823},{"timestamp":"2021-02-28T00:42:30Z","physicalMemoryBytes":24878755840,"availableMemoryBytes":13464655306,"percentageMemoryUsage":45.8789,"totalSwapBytes":62999490560,"availableSwapBytes":62602080256},{"timestamp":"2021-02-27T22:52:30Z","physicalMemoryBytes":24878755840,"availableMemoryBytes":13458956885,"percentageMemoryUsage":45.9018,"totalSwapBytes":62999490560,"availableSwapBytes":62602237740},{"timestamp":"2021-02-27T21:02:30Z","physicalMemoryBytes":24878755840,"availableMemoryBytes":13439588102,"percentageMemoryUsage":45.9797,"totalSwapBytes":62999490560,"availableSwapBytes":62602476053},{"timestamp":"2021-02-27T19:12:30Z","physicalMemoryBytes":24878755840,"availableMemoryBytes":13421111939,"percentageMemoryUsage":46.0539,"totalSwapBytes":62999490560,"availableSwapBytes":62602645056},{"timestamp":"2021-02-27T17:22:30Z","physicalMemoryBytes":24878755840,"availableMemoryBytes":13459603940,"percentageMemoryUsage":45.8992,"totalSwapBytes":62999490560,"availableSwapBytes":62602666505},{"timestamp":"2021-02-27T15:32:30Z","physicalMemoryBytes":24878755840,"availableMemoryBytes":13456527984,"percentageMemoryUsage":45.9116,"totalSwapBytes":62999490560,"availableSwapBytes":62604105914},{"timestamp":"2021-02-27T13:42:30Z","physicalMemoryBytes":24878755840,"availableMemoryBytes":13414132474,"percentageMemoryUsage":46.082,"totalSwapBytes":62999490560,"availableSwapBytes":62607528879},{"timestamp":"2021-02-27T11:52:30Z","physicalMemoryBytes":24878755840,"availableMemoryBytes":13409668139,"percentageMemoryUsage":46.0999,"totalSwapBytes":62999490560,"availableSwapBytes":62608633856},{"timestamp":"2021-02-27T10:00:00Z","physicalMemoryBytes":24878755840,"availableMemoryBytes":13398004394,"percentageMemoryUsage":46.1468,"totalSwapBytes":62999490560,"availableSwapBytes":62608633856},{"timestamp":"2021-02-27T08:07:30Z","physicalMemoryBytes":24878755840,"availableMemoryBytes":13430196739,"percentageMemoryUsage":46.0174,"totalSwapBytes":62999490560,"availableSwapBytes":62609042165},{"timestamp":"2021-02-27T06:17:30Z","physicalMemoryBytes":24878755840,"availableMemoryBytes":13439489970,"percentageMemoryUsage":45.9801,"totalSwapBytes":62999490560,"availableSwapBytes":62611692599},{"timestamp":"2021-02-27T04:27:30Z","physicalMemoryBytes":24878755840,"availableMemoryBytes":13473744884,"percentageMemoryUsage":45.8424,"totalSwapBytes":62999490560,"availableSwapBytes":62612828160},{"timestamp":"2021-02-27T02:37:30Z","physicalMemoryBytes":24878755840,"availableMemoryBytes":13446816153,"percentageMemoryUsage":45.9506,"totalSwapBytes":62999490560,"availableSwapBytes":62613473987},{"timestamp":"2021-02-27T00:47:30Z","physicalMemoryBytes":24878755840,"availableMemoryBytes":13480579819,"percentageMemoryUsage":45.8149,"totalSwapBytes":62999490560,"availableSwapBytes":62614427436},{"timestamp":"2021-02-26T22:57:30Z","physicalMemoryBytes":24878755840,"availableMemoryBytes":13477557068,"percentageMemoryUsage":45.827,"totalSwapBytes":62999490560,"availableSwapBytes":62614808737},{"timestamp":"2021-02-26T21:07:30Z","physicalMemoryBytes":24878755840,"availableMemoryBytes":13478698853,"percentageMemoryUsage":45.8225,"totalSwapBytes":62999490560,"availableSwapBytes":62614925312},{"timestamp":"2021-02-26T19:17:30Z","physicalMemoryBytes":24878755840,"availableMemoryBytes":13451722337,"percentageMemoryUsage":45.9309,"totalSwapBytes":62999490560,"availableSwapBytes":62615010078},{"timestamp":"2021-02-26T17:27:30Z","physicalMemoryBytes":24878755840,"availableMemoryBytes":13482423431,"percentageMemoryUsage":45.8075,"totalSwapBytes":62999490560,"availableSwapBytes":62616878515},{"timestamp":"2021-02-26T15:35:00Z","physicalMemoryBytes":24878755840,"availableMemoryBytes":13479007892,"percentageMemoryUsage":45.8212,"totalSwapBytes":62999490560,"availableSwapBytes":62617474377},{"timestamp":"2021-02-26T13:42:30Z","physicalMemoryBytes":24878755840,"availableMemoryBytes":13473196532,"percentageMemoryUsage":45.8446,"totalSwapBytes":62999490560,"availableSwapBytes":62617808896},{"timestamp":"2021-02-26T11:52:30Z","physicalMemoryBytes":24878755840,"availableMemoryBytes":13441927902,"percentageMemoryUsage":45.9703,"totalSwapBytes":62999490560,"availableSwapBytes":62617808896},{"timestamp":"2021-02-26T10:02:30Z","physicalMemoryBytes":24878755840,"availableMemoryBytes":13452241744,"percentageMemoryUsage":45.9288,"totalSwapBytes":62999490560,"availableSwapBytes":62618795907},{"timestamp":"2021-02-26T08:12:30Z","physicalMemoryBytes":24878755840,"availableMemoryBytes":13483514431,"percentageMemoryUsage":45.8031,"totalSwapBytes":62999490560,"availableSwapBytes":62619119616},{"timestamp":"2021-02-26T06:22:30Z","physicalMemoryBytes":24878755840,"availableMemoryBytes":13487995183,"percentageMemoryUsage":45.7851,"totalSwapBytes":62999490560,"availableSwapBytes":62619119616},{"timestamp":"2021-02-26T04:32:30Z","physicalMemoryBytes":24878755840,"availableMemoryBytes":13483431878,"percentageMemoryUsage":45.8034,"totalSwapBytes":62999490560,"availableSwapBytes":62619119616},{"timestamp":"2021-02-26T02:42:30Z","physicalMemoryBytes":24878755840,"availableMemoryBytes":13463800840,"percentageMemoryUsage":45.8823,"totalSwapBytes":62999490560,"availableSwapBytes":62619619644},{"timestamp":"2021-02-26T00:52:30Z","physicalMemoryBytes":24878755840,"availableMemoryBytes":13491243224,"percentageMemoryUsage":45.772,"totalSwapBytes":62999490560,"availableSwapBytes":62620463653},{"timestamp":"2021-02-25T23:02:30Z","physicalMemoryBytes":24878755840,"availableMemoryBytes":13496536537,"percentageMemoryUsage":45.7508,"totalSwapBytes":62999490560,"availableSwapBytes":62621096469},{"timestamp":"2021-02-25T21:12:30Z","physicalMemoryBytes":24878755840,"availableMemoryBytes":13495615210,"percentageMemoryUsage":45.7545,"totalSwapBytes":62999490560,"availableSwapBytes":62621224960},{"timestamp":"2021-02-25T19:20:00Z","physicalMemoryBytes":24878755840,"availableMemoryBytes":13467205846,"percentageMemoryUsage":45.8687,"totalSwapBytes":62999490560,"availableSwapBytes":62621225286},{"timestamp":"2021-02-25T17:27:30Z","physicalMemoryBytes":24878755840,"availableMemoryBytes":13491492431,"percentageMemoryUsage":45.771,"totalSwapBytes":62999490560,"availableSwapBytes":62622328866},{"timestamp":"2021-02-25T15:37:30Z","physicalMemoryBytes":24878755840,"availableMemoryBytes":13490028827,"percentageMemoryUsage":45.7769,"totalSwapBytes":62999490560,"availableSwapBytes":62622906504},{"timestamp":"2021-02-25T13:47:30Z","physicalMemoryBytes":24878755840,"availableMemoryBytes":13478296374,"percentageMemoryUsage":45.8241,"totalSwapBytes":62999490560,"availableSwapBytes":62623330304},{"timestamp":"2021-02-25T11:57:30Z","physicalMemoryBytes":24878755840,"availableMemoryBytes":13475013945,"percentageMemoryUsage":45.8373,"totalSwapBytes":62999490560,"availableSwapBytes":62623330304},{"timestamp":"2021-02-25T10:07:30Z","physicalMemoryBytes":24878755840,"availableMemoryBytes":13471700106,"percentageMemoryUsage":45.8506,"totalSwapBytes":62999490560,"availableSwapBytes":62623989242},{"timestamp":"2021-02-25T08:17:30Z","physicalMemoryBytes":24878755840,"availableMemoryBytes":13504035603,"percentageMemoryUsage":45.7206,"totalSwapBytes":62999490560,"availableSwapBytes":62624623869},{"timestamp":"2021-02-25T06:27:30Z","physicalMemoryBytes":24878755840,"availableMemoryBytes":13490305404,"percentageMemoryUsage":45.7758,"totalSwapBytes":62999490560,"availableSwapBytes":62624865574},{"timestamp":"2021-02-25T04:37:30Z","physicalMemoryBytes":24878755840,"availableMemoryBytes":13465406741,"percentageMemoryUsage":45.8759,"totalSwapBytes":62999490560,"availableSwapBytes":62624911360},{"timestamp":"2021-02-25T02:47:30Z","physicalMemoryBytes":24878755840,"availableMemoryBytes":13427579481,"percentageMemoryUsage":46.0279,"totalSwapBytes":62999490560,"availableSwapBytes":62625178881},{"timestamp":"2021-02-25T00:55:00Z","physicalMemoryBytes":24878755840,"availableMemoryBytes":13512365037,"percentageMemoryUsage":45.6871,"totalSwapBytes":62999490560,"availableSwapBytes":62626126257},{"timestamp":"2021-02-24T23:02:30Z","physicalMemoryBytes":24878755840,"availableMemoryBytes":13512165025,"percentageMemoryUsage":45.6879,"totalSwapBytes":62999490560,"availableSwapBytes":62626622011},{"timestamp":"2021-02-24T21:12:30Z","physicalMemoryBytes":24878755840,"availableMemoryBytes":13505088959,"percentageMemoryUsage":45.7164,"totalSwapBytes":62999490560,"availableSwapBytes":62626975584},{"timestamp":"2021-02-24T19:22:30Z","physicalMemoryBytes":24878755840,"availableMemoryBytes":13477279798,"percentageMemoryUsage":45.8282,"totalSwapBytes":62999490560,"availableSwapBytes":62626983817},{"timestamp":"2021-02-24T17:32:30Z","physicalMemoryBytes":24878755840,"availableMemoryBytes":13509454488,"percentageMemoryUsage":45.6988,"totalSwapBytes":62999490560,"availableSwapBytes":62627163482},{"timestamp":"2021-02-24T15:42:30Z","physicalMemoryBytes":24878755840,"availableMemoryBytes":13522409082,"percentageMemoryUsage":45.6468,"totalSwapBytes":62999490560,"availableSwapBytes":62627501325},{"timestamp":"2021-02-24T13:52:30Z","physicalMemoryBytes":24878755840,"availableMemoryBytes":13528206071,"percentageMemoryUsage":45.6235,"totalSwapBytes":62999490560,"availableSwapBytes":62627964716},{"timestamp":"2021-02-24T12:02:30Z","physicalMemoryBytes":24878755840,"availableMemoryBytes":13531841859,"percentageMemoryUsage":45.6088,"totalSwapBytes":62999490560,"availableSwapBytes":62634353049},{"timestamp":"2021-02-24T10:12:30Z","physicalMemoryBytes":24878755840,"availableMemoryBytes":13500591475,"percentageMemoryUsage":45.7345,"totalSwapBytes":62999490560,"availableSwapBytes":62653302216},{"timestamp":"2021-02-24T08:22:30Z","physicalMemoryBytes":24878755840,"availableMemoryBytes":13502581972,"percentageMemoryUsage":45.7265,"totalSwapBytes":62999490560,"availableSwapBytes":62654771200},{"timestamp":"2021-02-24T06:30:00Z","physicalMemoryBytes":24878755840,"availableMemoryBytes":13499833435,"percentageMemoryUsage":45.7375,"totalSwapBytes":62999490560,"availableSwapBytes":62654771200},{"timestamp":"2021-02-24T04:37:30Z","physicalMemoryBytes":24878755840,"availableMemoryBytes":13499915450,"percentageMemoryUsage":45.7372,"totalSwapBytes":62999490560,"availableSwapBytes":62654771200},{"timestamp":"2021-02-24T02:47:30Z","physicalMemoryBytes":24878755840,"availableMemoryBytes":13479589850,"percentageMemoryUsage":45.8189,"totalSwapBytes":62999490560,"availableSwapBytes":62655568588},{"timestamp":"2021-02-24T00:57:30Z","physicalMemoryBytes":24878755840,"availableMemoryBytes":13506543719,"percentageMemoryUsage":45.7105,"totalSwapBytes":62999490560,"availableSwapBytes":62657806336},{"timestamp":"2021-02-23T23:07:30Z","physicalMemoryBytes":24878755840,"availableMemoryBytes":13505979443,"percentageMemoryUsage":45.7128,"totalSwapBytes":62999490560,"availableSwapBytes":62657806338},{"timestamp":"2021-02-23T21:17:30Z","physicalMemoryBytes":24878755840,"availableMemoryBytes":13486230811,"percentageMemoryUsage":45.7922,"totalSwapBytes":62999490560,"availableSwapBytes":62658532780},{"timestamp":"2021-02-23T19:27:30Z","physicalMemoryBytes":24878755840,"availableMemoryBytes":13472532358,"percentageMemoryUsage":45.8472,"totalSwapBytes":62999490560,"availableSwapBytes":62658511666},{"timestamp":"2021-02-23T17:37:30Z","physicalMemoryBytes":24878755840,"availableMemoryBytes":13505724225,"percentageMemoryUsage":45.7138,"totalSwapBytes":62999490560,"availableSwapBytes":62659841612},{"timestamp":"2021-02-23T15:47:30Z","physicalMemoryBytes":24878755840,"availableMemoryBytes":13525892907,"percentageMemoryUsage":45.6328,"totalSwapBytes":62999490560,"availableSwapBytes":62660164480},{"timestamp":"2021-02-23T13:57:30Z","physicalMemoryBytes":24878755840,"availableMemoryBytes":13519077405,"percentageMemoryUsage":45.6602,"totalSwapBytes":62999490560,"availableSwapBytes":62661031293},{"timestamp":"2021-02-23T12:07:30Z","physicalMemoryBytes":24878755840,"availableMemoryBytes":13508850114,"percentageMemoryUsage":45.7013,"totalSwapBytes":62999490560,"availableSwapBytes":62661880714},{"timestamp":"2021-02-23T10:15:00Z","physicalMemoryBytes":24878755840,"availableMemoryBytes":13475189560,"percentageMemoryUsage":45.8366,"totalSwapBytes":62999490560,"availableSwapBytes":62662894137},{"timestamp":"2021-02-23T08:22:30Z","physicalMemoryBytes":24878755840,"availableMemoryBytes":13517518023,"percentageMemoryUsage":45.6664,"totalSwapBytes":62999490560,"availableSwapBytes":62664521668},{"timestamp":"2021-02-23T06:32:30Z","physicalMemoryBytes":24878755840,"availableMemoryBytes":13520093993,"percentageMemoryUsage":45.6561,"totalSwapBytes":62999490560,"availableSwapBytes":62664833581},{"timestamp":"2021-02-23T04:42:30Z","physicalMemoryBytes":24878755840,"availableMemoryBytes":13518531747,"percentageMemoryUsage":45.6623,"totalSwapBytes":62999490560,"availableSwapBytes":62664654848},{"timestamp":"2021-02-23T02:52:30Z","physicalMemoryBytes":24878755840,"availableMemoryBytes":13481885226,"percentageMemoryUsage":45.8096,"totalSwapBytes":62999490560,"availableSwapBytes":62664899189},{"timestamp":"2021-02-23T01:02:30Z","physicalMemoryBytes":24878755840,"availableMemoryBytes":13517749025,"percentageMemoryUsage":45.6655,"totalSwapBytes":62999490560,"availableSwapBytes":62666369560},{"timestamp":"2021-02-22T23:12:30Z","physicalMemoryBytes":24878755840,"availableMemoryBytes":13518612440,"percentageMemoryUsage":45.662,"totalSwapBytes":62999490560,"availableSwapBytes":62666858294},{"timestamp":"2021-02-22T21:22:30Z","physicalMemoryBytes":24878755840,"availableMemoryBytes":13516446867,"percentageMemoryUsage":45.6707,"totalSwapBytes":62999490560,"availableSwapBytes":62667147651},{"timestamp":"2021-02-22T19:32:30Z","physicalMemoryBytes":24878755840,"availableMemoryBytes":13507228029,"percentageMemoryUsage":45.7078,"totalSwapBytes":62999490560,"availableSwapBytes":62667698871},{"timestamp":"2021-02-22T17:42:30Z","physicalMemoryBytes":24878755840,"availableMemoryBytes":13480422390,"percentageMemoryUsage":45.8155,"totalSwapBytes":62999490560,"availableSwapBytes":62668657009},{"timestamp":"2021-02-22T15:50:00Z","physicalMemoryBytes":24878755840,"availableMemoryBytes":13496908416,"percentageMemoryUsage":45.7493,"totalSwapBytes":62999490560,"availableSwapBytes":62669340974},{"timestamp":"2021-02-22T13:57:30Z","physicalMemoryBytes":24878755840,"availableMemoryBytes":13502622385,"percentageMemoryUsage":45.7263,"totalSwapBytes":62999490560,"availableSwapBytes":62669801633},{"timestamp":"2021-02-22T12:07:30Z","physicalMemoryBytes":24878755840,"availableMemoryBytes":13511947074,"percentageMemoryUsage":45.6888,"totalSwapBytes":62999490560,"availableSwapBytes":62669918208},{"timestamp":"2021-02-22T10:17:30Z","physicalMemoryBytes":24878755840,"availableMemoryBytes":13488973741,"percentageMemoryUsage":45.7812,"totalSwapBytes":62999490560,"availableSwapBytes":62670545882},{"timestamp":"2021-02-22T08:27:30Z","physicalMemoryBytes":24878755840,"availableMemoryBytes":13518608437,"percentageMemoryUsage":45.662,"totalSwapBytes":62999490560,"availableSwapBytes":62671527554},{"timestamp":"2021-02-22T06:37:30Z","physicalMemoryBytes":24878755840,"availableMemoryBytes":13520804871,"percentageMemoryUsage":45.6532,"totalSwapBytes":62999490560,"availableSwapBytes":62671761408},{"timestamp":"2021-02-22T04:47:30Z","physicalMemoryBytes":24878755840,"availableMemoryBytes":13518632425,"percentageMemoryUsage":45.6619,"totalSwapBytes":62999490560,"availableSwapBytes":62671761408},{"timestamp":"2021-02-22T02:57:30Z","physicalMemoryBytes":24878755840,"availableMemoryBytes":13500071027,"percentageMemoryUsage":45.7366,"totalSwapBytes":62999490560,"availableSwapBytes":62671901354},{"timestamp":"2021-02-22T01:07:30Z","physicalMemoryBytes":24878755840,"availableMemoryBytes":13533407001,"percentageMemoryUsage":45.6026,"totalSwapBytes":62999490560,"availableSwapBytes":62673076224},{"timestamp":"2021-02-21T23:17:30Z","physicalMemoryBytes":24878755840,"availableMemoryBytes":13539915122,"percentageMemoryUsage":45.5764,"totalSwapBytes":62999490560,"availableSwapBytes":62673355962},{"timestamp":"2021-02-21T21:27:30Z","physicalMemoryBytes":24878755840,"availableMemoryBytes":13532197897,"percentageMemoryUsage":45.6074,"totalSwapBytes":62999490560,"availableSwapBytes":62673640646},{"timestamp":"2021-02-21T19:35:00Z","physicalMemoryBytes":24878755840,"availableMemoryBytes":13521343605,"percentageMemoryUsage":45.651,"totalSwapBytes":62999490560,"availableSwapBytes":62674062980},{"timestamp":"2021-02-21T17:42:30Z","physicalMemoryBytes":24878755840,"availableMemoryBytes":13506641821,"percentageMemoryUsage":45.7101,"totalSwapBytes":62999490560,"availableSwapBytes":62674173213},{"timestamp":"2021-02-21T15:52:30Z","physicalMemoryBytes":24878755840,"availableMemoryBytes":13538933165,"percentageMemoryUsage":45.5803,"totalSwapBytes":62999490560,"availableSwapBytes":62674581835},{"timestamp":"2021-02-21T14:02:30Z","physicalMemoryBytes":24878755840,"availableMemoryBytes":13543727344,"percentageMemoryUsage":45.5611,"totalSwapBytes":62999490560,"availableSwapBytes":62675053077},{"timestamp":"2021-02-21T12:12:30Z","physicalMemoryBytes":24878755840,"availableMemoryBytes":13536565626,"percentageMemoryUsage":45.5899,"totalSwapBytes":62999490560,"availableSwapBytes":62675181568},{"timestamp":"2021-02-21T10:22:30Z","physicalMemoryBytes":24878755840,"availableMemoryBytes":13497659398,"percentageMemoryUsage":45.7462,"totalSwapBytes":62999490560,"availableSwapBytes":62675520937},{"timestamp":"2021-02-21T08:32:30Z","physicalMemoryBytes":24878755840,"availableMemoryBytes":13532567978,"percentageMemoryUsage":45.6059,"totalSwapBytes":62999490560,"availableSwapBytes":62675972096},{"timestamp":"2021-02-21T06:42:30Z","physicalMemoryBytes":24878755840,"availableMemoryBytes":13534939291,"percentageMemoryUsage":45.5964,"totalSwapBytes":62999490560,"availableSwapBytes":62676153412},{"timestamp":"2021-02-21T04:52:30Z","physicalMemoryBytes":24878755840,"availableMemoryBytes":13538971948,"percentageMemoryUsage":45.5802,"totalSwapBytes":62999490560,"availableSwapBytes":62676234240},{"timestamp":"2021-02-21T03:02:30Z","physicalMemoryBytes":24878755840,"availableMemoryBytes":13512382382,"percentageMemoryUsage":45.6871,"totalSwapBytes":62999490560,"availableSwapBytes":62676250772},{"timestamp":"2021-02-21T01:10:00Z","physicalMemoryBytes":24878755840,"availableMemoryBytes":13542467065,"percentageMemoryUsage":45.5661,"totalSwapBytes":62999490560,"availableSwapBytes":62676529152},{"timestamp":"2021-02-20T23:17:30Z","physicalMemoryBytes":24878755840,"availableMemoryBytes":13551605279,"percentageMemoryUsage":45.5294,"totalSwapBytes":62999490560,"availableSwapBytes":62676529152},{"timestamp":"2021-02-20T21:27:30Z","physicalMemoryBytes":24878755840,"availableMemoryBytes":13549087801,"percentageMemoryUsage":45.5395,"totalSwapBytes":62999490560,"availableSwapBytes":62676595125},{"timestamp":"2021-02-20T19:37:30Z","physicalMemoryBytes":24878755840,"availableMemoryBytes":13535544633,"percentageMemoryUsage":45.594,"totalSwapBytes":62999490560,"availableSwapBytes":62676762624},{"timestamp":"2021-02-20T17:47:30Z","physicalMemoryBytes":24878755840,"availableMemoryBytes":13520606175,"percentageMemoryUsage":45.654,"totalSwapBytes":62999490560,"availableSwapBytes":62677314426},{"timestamp":"2021-02-20T15:57:30Z","physicalMemoryBytes":24878755840,"availableMemoryBytes":13539736893,"percentageMemoryUsage":45.5771,"totalSwapBytes":62999490560,"availableSwapBytes":62677577728},{"timestamp":"2021-02-20T14:07:30Z","physicalMemoryBytes":24878755840,"availableMemoryBytes":13479229298,"percentageMemoryUsage":45.8203,"totalSwapBytes":62999490560,"availableSwapBytes":62679169656},{"timestamp":"2021-02-20T12:17:30Z","physicalMemoryBytes":24878755840,"availableMemoryBytes":13467468837,"percentageMemoryUsage":45.8676,"totalSwapBytes":62999490560,"availableSwapBytes":62686119253},{"timestamp":"2021-02-20T10:27:30Z","physicalMemoryBytes":24878755840,"availableMemoryBytes":13460761222,"percentageMemoryUsage":45.8946,"totalSwapBytes":62999490560,"availableSwapBytes":62687109442},{"timestamp":"2021-02-20T08:37:30Z","physicalMemoryBytes":24878755840,"availableMemoryBytes":13497621186,"percentageMemoryUsage":45.7464,"totalSwapBytes":62999490560,"availableSwapBytes":62687539200},{"timestamp":"2021-02-20T06:47:30Z","physicalMemoryBytes":24878755840,"availableMemoryBytes":13502524977,"percentageMemoryUsage":45.7267,"totalSwapBytes":62999490560,"availableSwapBytes":62688645963},{"timestamp":"2021-02-20T04:55:00Z","physicalMemoryBytes":24878755840,"availableMemoryBytes":13547566499,"percentageMemoryUsage":45.5456,"totalSwapBytes":62999490560,"availableSwapBytes":62690160640},{"timestamp":"2021-02-20T03:02:30Z","physicalMemoryBytes":24878755840,"availableMemoryBytes":13503837458,"percentageMemoryUsage":45.7214,"totalSwapBytes":62999490560,"availableSwapBytes":62690204330},{"timestamp":"2021-02-20T01:12:30Z","physicalMemoryBytes":24878755840,"availableMemoryBytes":13561015947,"percentageMemoryUsage":45.4916,"totalSwapBytes":62999490560,"availableSwapBytes":62691843326},{"timestamp":"2021-02-19T23:22:30Z","physicalMemoryBytes":24878755840,"availableMemoryBytes":13566731333,"percentageMemoryUsage":45.4686,"totalSwapBytes":62999490560,"availableSwapBytes":62692081639},{"timestamp":"2021-02-19T21:32:30Z","physicalMemoryBytes":24878755840,"availableMemoryBytes":13563023680,"percentageMemoryUsage":45.4835,"totalSwapBytes":62999490560,"availableSwapBytes":62692792406},{"timestamp":"2021-02-19T19:42:30Z","physicalMemoryBytes":24878755840,"availableMemoryBytes":13554914090,"percentageMemoryUsage":45.5161,"totalSwapBytes":62999490560,"availableSwapBytes":62693669000},{"timestamp":"2021-02-19T17:52:30Z","physicalMemoryBytes":24878755840,"availableMemoryBytes":13514448477,"percentageMemoryUsage":45.6788,"totalSwapBytes":62999490560,"availableSwapBytes":62694372817},{"timestamp":"2021-02-19T16:02:30Z","physicalMemoryBytes":24878755840,"availableMemoryBytes":13561918651,"percentageMemoryUsage":45.488,"totalSwapBytes":62999490560,"availableSwapBytes":62695403604},{"timestamp":"2021-02-19T14:12:30Z","physicalMemoryBytes":24878755840,"availableMemoryBytes":13563247601,"percentageMemoryUsage":45.4826,"totalSwapBytes":62999490560,"availableSwapBytes":62695909055},{"timestamp":"2021-02-19T12:22:30Z","physicalMemoryBytes":24878755840,"availableMemoryBytes":13568704532,"percentageMemoryUsage":45.4607,"totalSwapBytes":62999490560,"availableSwapBytes":62696614744},{"timestamp":"2021-02-19T10:30:00Z","physicalMemoryBytes":24878755840,"availableMemoryBytes":13532351252,"percentageMemoryUsage":45.6068,"totalSwapBytes":62999490560,"availableSwapBytes":62697113154},{"timestamp":"2021-02-19T08:37:30Z","physicalMemoryBytes":24878755840,"availableMemoryBytes":13568317011,"percentageMemoryUsage":45.4622,"totalSwapBytes":62999490560,"availableSwapBytes":62698268436},{"timestamp":"2021-02-19T06:47:30Z","physicalMemoryBytes":24878755840,"availableMemoryBytes":13572620067,"percentageMemoryUsage":45.4449,"totalSwapBytes":62999490560,"availableSwapBytes":62698575660},{"timestamp":"2021-02-19T04:57:30Z","physicalMemoryBytes":24878755840,"availableMemoryBytes":13570595581,"percentageMemoryUsage":45.4531,"totalSwapBytes":62999490560,"availableSwapBytes":62698811392},{"timestamp":"2021-02-19T03:07:30Z","physicalMemoryBytes":24878755840,"availableMemoryBytes":13555982728,"percentageMemoryUsage":45.5118,"totalSwapBytes":62999490560,"availableSwapBytes":62698811407},{"timestamp":"2021-02-19T01:17:30Z","physicalMemoryBytes":24878755840,"availableMemoryBytes":13566712048,"percentageMemoryUsage":45.4687,"totalSwapBytes":62999490560,"availableSwapBytes":62700159828},{"timestamp":"2021-02-18T23:27:30Z","physicalMemoryBytes":24878755840,"availableMemoryBytes":13579385955,"percentageMemoryUsage":45.4177,"totalSwapBytes":62999490560,"availableSwapBytes":62700599333},{"timestamp":"2021-02-18T21:37:30Z","physicalMemoryBytes":24878755840,"availableMemoryBytes":13585803806,"percentageMemoryUsage":45.3919,"totalSwapBytes":62999490560,"availableSwapBytes":62700940120},{"timestamp":"2021-02-18T19:47:30Z","physicalMemoryBytes":24878755840,"availableMemoryBytes":13580486284,"percentageMemoryUsage":45.4133,"totalSwapBytes":62999490560,"availableSwapBytes":62701734297},{"timestamp":"2021-02-18T17:57:30Z","physicalMemoryBytes":24878755840,"availableMemoryBytes":13546196893,"percentageMemoryUsage":45.5511,"totalSwapBytes":62999490560,"availableSwapBytes":62703605251},{"timestamp":"2021-02-18T16:05:00Z","physicalMemoryBytes":24878755840,"availableMemoryBytes":13568046494,"percentageMemoryUsage":45.4633,"totalSwapBytes":62999490560,"availableSwapBytes":62704182155},{"timestamp":"2021-02-18T14:12:30Z","physicalMemoryBytes":24878755840,"availableMemoryBytes":13572440756,"percentageMemoryUsage":45.4457,"totalSwapBytes":62999490560,"availableSwapBytes":62704679006},{"timestamp":"2021-02-18T12:22:30Z","physicalMemoryBytes":24878755840,"availableMemoryBytes":13580439482,"percentageMemoryUsage":45.4135,"totalSwapBytes":62999490560,"availableSwapBytes":62704840704},{"timestamp":"2021-02-18T10:32:30Z","physicalMemoryBytes":24878755840,"availableMemoryBytes":13554777261,"percentageMemoryUsage":45.5167,"totalSwapBytes":62999490560,"availableSwapBytes":62705101854},{"timestamp":"2021-02-18T08:42:30Z","physicalMemoryBytes":24878755840,"availableMemoryBytes":13579703683,"percentageMemoryUsage":45.4165,"totalSwapBytes":62999490560,"availableSwapBytes":62705927608},{"timestamp":"2021-02-18T06:52:30Z","physicalMemoryBytes":24878755840,"availableMemoryBytes":13582451681,"percentageMemoryUsage":45.4054,"totalSwapBytes":62999490560,"availableSwapBytes":62706323406},{"timestamp":"2021-02-18T05:02:30Z","physicalMemoryBytes":24878755840,"availableMemoryBytes":13581302615,"percentageMemoryUsage":45.41,"totalSwapBytes":62999490560,"availableSwapBytes":62706675712},{"timestamp":"2021-02-18T03:12:30Z","physicalMemoryBytes":24878755840,"availableMemoryBytes":13569704420,"percentageMemoryUsage":45.4567,"totalSwapBytes":62999490560,"availableSwapBytes":62706675712},{"timestamp":"2021-02-18T01:22:30Z","physicalMemoryBytes":24878755840,"availableMemoryBytes":13561868168,"percentageMemoryUsage":45.4882,"totalSwapBytes":62999490560,"availableSwapBytes":62707682781},{"timestamp":"2021-02-17T23:32:30Z","physicalMemoryBytes":24878755840,"availableMemoryBytes":13592197715,"percentageMemoryUsage":45.3662,"totalSwapBytes":62999490560,"availableSwapBytes":62708191579},{"timestamp":"2021-02-17T21:42:30Z","physicalMemoryBytes":24878755840,"availableMemoryBytes":13593829285,"percentageMemoryUsage":45.3597,"totalSwapBytes":62999490560,"availableSwapBytes":62708468220},{"timestamp":"2021-02-17T19:50:00Z","physicalMemoryBytes":24878755840,"availableMemoryBytes":13595957497,"percentageMemoryUsage":45.3511,"totalSwapBytes":62999490560,"availableSwapBytes":62708772864},{"timestamp":"2021-02-17T17:57:30Z","physicalMemoryBytes":24878755840,"availableMemoryBytes":13562297073,"percentageMemoryUsage":45.4864,"totalSwapBytes":62999490560,"availableSwapBytes":62708918631},{"timestamp":"2021-02-17T16:07:30Z","physicalMemoryBytes":24878755840,"availableMemoryBytes":13592607462,"percentageMemoryUsage":45.3646,"totalSwapBytes":62999490560,"availableSwapBytes":62709297152},{"timestamp":"2021-02-17T14:17:30Z","physicalMemoryBytes":24878755840,"availableMemoryBytes":13592993863,"percentageMemoryUsage":45.363,"totalSwapBytes":62999490560,"availableSwapBytes":62709635952},{"timestamp":"2021-02-17T12:27:30Z","physicalMemoryBytes":24878755840,"availableMemoryBytes":13590374503,"percentageMemoryUsage":45.3736,"totalSwapBytes":62999490560,"availableSwapBytes":62710589998},{"timestamp":"2021-02-17T10:37:30Z","physicalMemoryBytes":24878755840,"availableMemoryBytes":13555945120,"percentageMemoryUsage":45.512,"totalSwapBytes":62999490560,"availableSwapBytes":62729717176},{"timestamp":"2021-02-17T08:47:30Z","physicalMemoryBytes":24878755840,"availableMemoryBytes":13589083380,"percentageMemoryUsage":45.3788,"totalSwapBytes":62999490560,"availableSwapBytes":62730845785},{"timestamp":"2021-02-17T06:57:30Z","physicalMemoryBytes":24878755840,"availableMemoryBytes":13593503618,"percentageMemoryUsage":45.361,"totalSwapBytes":62999490560,"availableSwapBytes":62731462817},{"timestamp":"2021-02-17T05:07:30Z","physicalMemoryBytes":24878755840,"availableMemoryBytes":13592345017,"percentageMemoryUsage":45.3657,"totalSwapBytes":62999490560,"availableSwapBytes":62731579392},{"timestamp":"2021-02-17T03:17:30Z","physicalMemoryBytes":24878755840,"availableMemoryBytes":13580088898,"percentageMemoryUsage":45.4149,"totalSwapBytes":62999490560,"availableSwapBytes":62731579392},{"timestamp":"2021-02-17T01:25:00Z","physicalMemoryBytes":24878755840,"availableMemoryBytes":13564025119,"percentageMemoryUsage":45.4795,"totalSwapBytes":62999490560,"availableSwapBytes":62734174807},{"timestamp":"2021-02-16T23:32:30Z","physicalMemoryBytes":24878755840,"availableMemoryBytes":13593100930,"percentageMemoryUsage":45.3626,"totalSwapBytes":62999490560,"availableSwapBytes":62735498047},{"timestamp":"2021-02-16T21:42:30Z","physicalMemoryBytes":24878755840,"availableMemoryBytes":13596859966,"percentageMemoryUsage":45.3475,"totalSwapBytes":62999490560,"availableSwapBytes":62736479300},{"timestamp":"2021-02-16T19:52:30Z","physicalMemoryBytes":24878755840,"availableMemoryBytes":13591412952,"percentageMemoryUsage":45.3694,"totalSwapBytes":62999490560,"availableSwapBytes":62736560128},{"timestamp":"2021-02-16T18:02:30Z","physicalMemoryBytes":24878755840,"availableMemoryBytes":13553378541,"percentageMemoryUsage":45.5223,"totalSwapBytes":62999490560,"availableSwapBytes":62737938610},{"timestamp":"2021-02-16T16:12:30Z","physicalMemoryBytes":24878755840,"availableMemoryBytes":13580827812,"percentageMemoryUsage":45.4119,"totalSwapBytes":62999490560,"availableSwapBytes":62739696479},{"timestamp":"2021-02-16T14:22:30Z","physicalMemoryBytes":24878755840,"availableMemoryBytes":13585802284,"percentageMemoryUsage":45.392,"totalSwapBytes":62999490560,"availableSwapBytes":62740392792},{"timestamp":"2021-02-16T12:32:30Z","physicalMemoryBytes":24878755840,"availableMemoryBytes":13589535744,"percentageMemoryUsage":45.3769,"totalSwapBytes":62999490560,"availableSwapBytes":62740592776},{"timestamp":"2021-02-16T10:42:30Z","physicalMemoryBytes":24878755840,"availableMemoryBytes":13554475033,"percentageMemoryUsage":45.5179,"totalSwapBytes":62999490560,"availableSwapBytes":62741292621},{"timestamp":"2021-02-16T08:52:30Z","physicalMemoryBytes":24878755840,"availableMemoryBytes":13585052971,"percentageMemoryUsage":45.395,"totalSwapBytes":62999490560,"availableSwapBytes":62743681508},{"timestamp":"2021-02-16T07:02:30Z","physicalMemoryBytes":24878755840,"availableMemoryBytes":13586623662,"percentageMemoryUsage":45.3887,"totalSwapBytes":62999490560,"availableSwapBytes":62744424448},{"timestamp":"2021-02-16T05:10:00Z","physicalMemoryBytes":24878755840,"availableMemoryBytes":13588243771,"percentageMemoryUsage":45.3821,"totalSwapBytes":62999490560,"availableSwapBytes":62744424448},{"timestamp":"2021-02-16T03:17:30Z","physicalMemoryBytes":24878755840,"availableMemoryBytes":13547764343,"percentageMemoryUsage":45.5448,"totalSwapBytes":62999490560,"availableSwapBytes":62744424448},{"timestamp":"2021-02-16T01:27:30Z","physicalMemoryBytes":24878755840,"availableMemoryBytes":13548675277,"percentageMemoryUsage":45.5412,"totalSwapBytes":62999490560,"availableSwapBytes":62745647190},{"timestamp":"2021-02-15T23:37:30Z","physicalMemoryBytes":24878755840,"availableMemoryBytes":13588161725,"percentageMemoryUsage":45.3825,"totalSwapBytes":62999490560,"availableSwapBytes":62746238603},{"timestamp":"2021-02-15T21:47:30Z","physicalMemoryBytes":24878755840,"availableMemoryBytes":13592603825,"percentageMemoryUsage":45.3646,"totalSwapBytes":62999490560,"availableSwapBytes":62746690404},{"timestamp":"2021-02-15T19:57:30Z","physicalMemoryBytes":24878755840,"availableMemoryBytes":13591658620,"percentageMemoryUsage":45.3684,"totalSwapBytes":62999490560,"availableSwapBytes":62746783744},{"timestamp":"2021-02-15T18:07:30Z","physicalMemoryBytes":24878755840,"availableMemoryBytes":13556722563,"percentageMemoryUsage":45.5088,"totalSwapBytes":62999490560,"availableSwapBytes":62747525889},{"timestamp":"2021-02-15T16:17:30Z","physicalMemoryBytes":24878755840,"availableMemoryBytes":13570399982,"percentageMemoryUsage":45.4539,"totalSwapBytes":62999490560,"availableSwapBytes":62748716658},{"timestamp":"2021-02-15T14:27:30Z","physicalMemoryBytes":24878755840,"availableMemoryBytes":13573210131,"percentageMemoryUsage":45.4426,"totalSwapBytes":62999490560,"availableSwapBytes":62748880896},{"timestamp":"2021-02-15T12:37:30Z","physicalMemoryBytes":24878755840,"availableMemoryBytes":13577534593,"percentageMemoryUsage":45.4252,"totalSwapBytes":62999490560,"availableSwapBytes":62748880896},{"timestamp":"2021-02-15T10:45:00Z","physicalMemoryBytes":24878755840,"availableMemoryBytes":13556831131,"percentageMemoryUsage":45.5084,"totalSwapBytes":62999490560,"availableSwapBytes":62748977205},{"timestamp":"2021-02-15T08:52:30Z","physicalMemoryBytes":24878755840,"availableMemoryBytes":13594788004,"percentageMemoryUsage":45.3558,"totalSwapBytes":62999490560,"availableSwapBytes":62750521083},{"timestamp":"2021-02-15T07:02:30Z","physicalMemoryBytes":24878755840,"availableMemoryBytes":13599712620,"percentageMemoryUsage":45.336,"totalSwapBytes":62999490560,"availableSwapBytes":62750978048},{"timestamp":"2021-02-15T05:12:30Z","physicalMemoryBytes":24878755840,"availableMemoryBytes":13595145231,"percentageMemoryUsage":45.3544,"totalSwapBytes":62999490560,"availableSwapBytes":62750978048},{"timestamp":"2021-02-15T03:22:30Z","physicalMemoryBytes":24878755840,"availableMemoryBytes":13586976031,"percentageMemoryUsage":45.3872,"totalSwapBytes":62999490560,"availableSwapBytes":62750978048},{"timestamp":"2021-02-15T01:32:30Z","physicalMemoryBytes":24878755840,"availableMemoryBytes":13569127251,"percentageMemoryUsage":45.459,"totalSwapBytes":62999490560,"availableSwapBytes":62751900516},{"timestamp":"2021-02-14T23:42:30Z","physicalMemoryBytes":24878755840,"availableMemoryBytes":13601014517,"percentageMemoryUsage":45.3308,"totalSwapBytes":62999490560,"availableSwapBytes":62752288768},{"timestamp":"2021-02-14T21:52:30Z","physicalMemoryBytes":24878755840,"availableMemoryBytes":13605654592,"percentageMemoryUsage":45.3122,"totalSwapBytes":62999490560,"availableSwapBytes":62752303265},{"timestamp":"2021-02-14T20:02:30Z","physicalMemoryBytes":24878755840,"availableMemoryBytes":13605113132,"percentageMemoryUsage":45.3143,"totalSwapBytes":62999490560,"availableSwapBytes":62752684607},{"timestamp":"2021-02-14T18:12:30Z","physicalMemoryBytes":24878755840,"availableMemoryBytes":13575204395,"percentageMemoryUsage":45.4346,"totalSwapBytes":62999490560,"availableSwapBytes":62753558733},{"timestamp":"2021-02-14T16:22:30Z","physicalMemoryBytes":24878755840,"availableMemoryBytes":13606361091,"percentageMemoryUsage":45.3093,"totalSwapBytes":62999490560,"availableSwapBytes":62754581733},{"timestamp":"2021-02-14T14:30:00Z","physicalMemoryBytes":24878755840,"availableMemoryBytes":13607719091,"percentageMemoryUsage":45.3039,"totalSwapBytes":62999490560,"availableSwapBytes":62754926544},{"timestamp":"2021-02-14T12:37:30Z","physicalMemoryBytes":24878755840,"availableMemoryBytes":13611797815,"percentageMemoryUsage":45.2875,"totalSwapBytes":62999490560,"availableSwapBytes":62755172352},{"timestamp":"2021-02-14T10:47:30Z","physicalMemoryBytes":24878755840,"availableMemoryBytes":13588622378,"percentageMemoryUsage":45.3806,"totalSwapBytes":62999490560,"availableSwapBytes":62755173940},{"timestamp":"2021-02-14T08:57:30Z","physicalMemoryBytes":24878755840,"availableMemoryBytes":13614759417,"percentageMemoryUsage":45.2756,"totalSwapBytes":62999490560,"availableSwapBytes":62755844790},{"timestamp":"2021-02-14T07:07:30Z","physicalMemoryBytes":24878755840,"availableMemoryBytes":13612935023,"percentageMemoryUsage":45.2829,"totalSwapBytes":62999490560,"availableSwapBytes":62756220928},{"timestamp":"2021-02-14T05:17:30Z","physicalMemoryBytes":24878755840,"availableMemoryBytes":13615478030,"percentageMemoryUsage":45.2727,"totalSwapBytes":62999490560,"availableSwapBytes":62756461821},{"timestamp":"2021-02-14T03:27:30Z","physicalMemoryBytes":24878755840,"availableMemoryBytes":13614486853,"percentageMemoryUsage":45.2767,"totalSwapBytes":62999490560,"availableSwapBytes":62756483072},{"timestamp":"2021-02-14T01:37:30Z","physicalMemoryBytes":24878755840,"availableMemoryBytes":13591567006,"percentageMemoryUsage":45.3688,"totalSwapBytes":62999490560,"availableSwapBytes":62756813135},{"timestamp":"2021-02-13T23:47:30Z","physicalMemoryBytes":24878755840,"availableMemoryBytes":13619038690,"percentageMemoryUsage":45.2584,"totalSwapBytes":62999490560,"availableSwapBytes":62757176760},{"timestamp":"2021-02-13T21:57:30Z","physicalMemoryBytes":24878755840,"availableMemoryBytes":13618671585,"percentageMemoryUsage":45.2598,"totalSwapBytes":62999490560,"availableSwapBytes":62757415073},{"timestamp":"2021-02-13T20:05:00Z","physicalMemoryBytes":24878755840,"availableMemoryBytes":13620630573,"percentageMemoryUsage":45.252,"totalSwapBytes":62999490560,"availableSwapBytes":62757531648},{"timestamp":"2021-02-13T18:12:30Z","physicalMemoryBytes":24878755840,"availableMemoryBytes":13593996489,"percentageMemoryUsage":45.359,"totalSwapBytes":62999490560,"availableSwapBytes":62757531648},{"timestamp":"2021-02-13T16:22:30Z","physicalMemoryBytes":24878755840,"availableMemoryBytes":13631807286,"percentageMemoryUsage":45.207,"totalSwapBytes":62999490560,"availableSwapBytes":62757531648},{"timestamp":"2021-02-13T14:32:30Z","physicalMemoryBytes":24878755840,"availableMemoryBytes":13579796058,"percentageMemoryUsage":45.4161,"totalSwapBytes":62999490560,"availableSwapBytes":62757741363},{"timestamp":"2021-02-13T12:42:30Z","physicalMemoryBytes":24878755840,"availableMemoryBytes":13568339915,"percentageMemoryUsage":45.4621,"totalSwapBytes":62999490560,"availableSwapBytes":62761751371},{"timestamp":"2021-02-13T10:52:30Z","physicalMemoryBytes":24878755840,"availableMemoryBytes":13544934114,"percentageMemoryUsage":45.5562,"totalSwapBytes":62999490560,"availableSwapBytes":62762774527},{"timestamp":"2021-02-13T09:02:30Z","physicalMemoryBytes":24878755840,"availableMemoryBytes":13546612438,"percentageMemoryUsage":45.5495,"totalSwapBytes":62999490560,"availableSwapBytes":62762835453},{"timestamp":"2021-02-13T07:12:30Z","physicalMemoryBytes":24878755840,"availableMemoryBytes":13575920725,"percentageMemoryUsage":45.4317,"totalSwapBytes":62999490560,"availableSwapBytes":62763715309},{"timestamp":"2021-02-13T05:22:30Z","physicalMemoryBytes":24878755840,"availableMemoryBytes":13630798304,"percentageMemoryUsage":45.2111,"totalSwapBytes":62999490560,"availableSwapBytes":62765395968},{"timestamp":"2021-02-13T03:32:30Z","physicalMemoryBytes":24878755840,"availableMemoryBytes":13630964981,"percentageMemoryUsage":45.2104,"totalSwapBytes":62999490560,"availableSwapBytes":62765395968},{"timestamp":"2021-02-13T01:40:00Z","physicalMemoryBytes":24878755840,"availableMemoryBytes":13607597281,"percentageMemoryUsage":45.3043,"totalSwapBytes":62999490560,"availableSwapBytes":62766150296},{"timestamp":"2021-02-12T23:47:30Z","physicalMemoryBytes":24878755840,"availableMemoryBytes":13637194402,"percentageMemoryUsage":45.1854,"totalSwapBytes":62999490560,"availableSwapBytes":62767041120},{"timestamp":"2021-02-12T21:57:30Z","physicalMemoryBytes":24878755840,"availableMemoryBytes":13641896869,"percentageMemoryUsage":45.1665,"totalSwapBytes":62999490560,"availableSwapBytes":62767384290},{"timestamp":"2021-02-12T20:07:30Z","physicalMemoryBytes":24878755840,"availableMemoryBytes":13636374909,"percentageMemoryUsage":45.1887,"totalSwapBytes":62999490560,"availableSwapBytes":62768279552},{"timestamp":"2021-02-12T18:17:30Z","physicalMemoryBytes":24878755840,"availableMemoryBytes":13605185269,"percentageMemoryUsage":45.314,"totalSwapBytes":62999490560,"availableSwapBytes":62769176202},{"timestamp":"2021-02-12T16:27:30Z","physicalMemoryBytes":24878755840,"availableMemoryBytes":13650816232,"percentageMemoryUsage":45.1306,"totalSwapBytes":62999490560,"availableSwapBytes":62770376704},{"timestamp":"2021-02-12T14:37:30Z","physicalMemoryBytes":24878755840,"availableMemoryBytes":13644093968,"percentageMemoryUsage":45.1577,"totalSwapBytes":62999490560,"availableSwapBytes":62770376704},{"timestamp":"2021-02-12T12:47:30Z","physicalMemoryBytes":24878755840,"availableMemoryBytes":13646496545,"percentageMemoryUsage":45.148,"totalSwapBytes":62999490560,"availableSwapBytes":62770376704},{"timestamp":"2021-02-12T10:57:30Z","physicalMemoryBytes":24878755840,"availableMemoryBytes":13624797481,"percentageMemoryUsage":45.2352,"totalSwapBytes":62999490560,"availableSwapBytes":62770376704},{"timestamp":"2021-02-12T09:07:30Z","physicalMemoryBytes":24878755840,"availableMemoryBytes":13619915189,"percentageMemoryUsage":45.2548,"totalSwapBytes":62999490560,"availableSwapBytes":62771048547},{"timestamp":"2021-02-12T07:17:30Z","physicalMemoryBytes":24878755840,"availableMemoryBytes":13644518881,"percentageMemoryUsage":45.1559,"totalSwapBytes":62999490560,"availableSwapBytes":62771163136},{"timestamp":"2021-02-12T05:25:00Z","physicalMemoryBytes":24878755840,"availableMemoryBytes":13638740847,"percentageMemoryUsage":45.1792,"totalSwapBytes":62999490560,"availableSwapBytes":62771163136},{"timestamp":"2021-02-12T03:32:30Z","physicalMemoryBytes":24878755840,"availableMemoryBytes":13646768818,"percentageMemoryUsage":45.1469,"totalSwapBytes":62999490560,"availableSwapBytes":62771163136},{"timestamp":"2021-02-12T01:42:30Z","physicalMemoryBytes":24878755840,"availableMemoryBytes":13625134916,"percentageMemoryUsage":45.2339,"totalSwapBytes":62999490560,"availableSwapBytes":62771754548},{"timestamp":"2021-02-11T23:52:30Z","physicalMemoryBytes":24878755840,"availableMemoryBytes":13651872030,"percentageMemoryUsage":45.1264,"totalSwapBytes":62999490560,"availableSwapBytes":62772660335},{"timestamp":"2021-02-11T22:02:30Z","physicalMemoryBytes":24878755840,"availableMemoryBytes":13649625944,"percentageMemoryUsage":45.1354,"totalSwapBytes":62999490560,"availableSwapBytes":62773260288},{"timestamp":"2021-02-11T20:12:30Z","physicalMemoryBytes":24878755840,"availableMemoryBytes":13641002130,"percentageMemoryUsage":45.1701,"totalSwapBytes":62999490560,"availableSwapBytes":62773260288},{"timestamp":"2021-02-11T18:22:30Z","physicalMemoryBytes":24878755840,"availableMemoryBytes":13607215097,"percentageMemoryUsage":45.3059,"totalSwapBytes":62999490560,"availableSwapBytes":62773422340},{"timestamp":"2021-02-11T16:32:30Z","physicalMemoryBytes":24878755840,"availableMemoryBytes":13652875820,"percentageMemoryUsage":45.1224,"totalSwapBytes":62999490560,"availableSwapBytes":62774514011},{"timestamp":"2021-02-11T14:42:30Z","physicalMemoryBytes":24878755840,"availableMemoryBytes":13647770054,"percentageMemoryUsage":45.1429,"totalSwapBytes":62999490560,"availableSwapBytes":62774933640},{"timestamp":"2021-02-11T12:52:30Z","physicalMemoryBytes":24878755840,"availableMemoryBytes":13646291933,"percentageMemoryUsage":45.1488,"totalSwapBytes":62999490560,"availableSwapBytes":62775252780},{"timestamp":"2021-02-11T11:00:00Z","physicalMemoryBytes":24878755840,"availableMemoryBytes":13590361290,"percentageMemoryUsage":45.3736,"totalSwapBytes":62999490560,"availableSwapBytes":62775357440},{"timestamp":"2021-02-11T09:07:30Z","physicalMemoryBytes":24878755840,"availableMemoryBytes":13619311929,"percentageMemoryUsage":45.2573,"totalSwapBytes":62999490560,"availableSwapBytes":62775912509},{"timestamp":"2021-02-11T07:17:30Z","physicalMemoryBytes":24878755840,"availableMemoryBytes":13658316028,"percentageMemoryUsage":45.1005,"totalSwapBytes":62999490560,"availableSwapBytes":62776241778},{"timestamp":"2021-02-11T05:27:30Z","physicalMemoryBytes":24878755840,"availableMemoryBytes":13661618136,"percentageMemoryUsage":45.0872,"totalSwapBytes":62999490560,"availableSwapBytes":62776623079},{"timestamp":"2021-02-11T03:37:30Z","physicalMemoryBytes":24878755840,"availableMemoryBytes":13666405639,"percentageMemoryUsage":45.068,"totalSwapBytes":62999490560,"availableSwapBytes":62776668160},{"timestamp":"2021-02-11T01:47:30Z","physicalMemoryBytes":24878755840,"availableMemoryBytes":13638177375,"percentageMemoryUsage":45.1814,"totalSwapBytes":62999490560,"availableSwapBytes":62776932488},{"timestamp":"2021-02-10T23:57:30Z","physicalMemoryBytes":24878755840,"availableMemoryBytes":13667541142,"percentageMemoryUsage":45.0634,"totalSwapBytes":62999490560,"availableSwapBytes":62777459755},{"timestamp":"2021-02-10T22:07:30Z","physicalMemoryBytes":24878755840,"availableMemoryBytes":13673308123,"percentageMemoryUsage":45.0402,"totalSwapBytes":62999490560,"availableSwapBytes":62778100618},{"timestamp":"2021-02-10T20:17:30Z","physicalMemoryBytes":24878755840,"availableMemoryBytes":13668796941,"percentageMemoryUsage":45.0584,"totalSwapBytes":62999490560,"availableSwapBytes":62778241024},{"timestamp":"2021-02-10T18:27:30Z","physicalMemoryBytes":24878755840,"availableMemoryBytes":13637094592,"percentageMemoryUsage":45.1858,"totalSwapBytes":62999490560,"availableSwapBytes":62778479336},{"timestamp":"2021-02-10T16:37:30Z","physicalMemoryBytes":24878755840,"availableMemoryBytes":13671940290,"percentageMemoryUsage":45.0457,"totalSwapBytes":62999490560,"availableSwapBytes":62778815556},{"timestamp":"2021-02-10T14:45:00Z","physicalMemoryBytes":24878755840,"availableMemoryBytes":13671558017,"percentageMemoryUsage":45.0473,"totalSwapBytes":62999490560,"availableSwapBytes":62779100780},{"timestamp":"2021-02-10T12:52:30Z","physicalMemoryBytes":24878755840,"availableMemoryBytes":13666450592,"percentageMemoryUsage":45.0678,"totalSwapBytes":62999490560,"availableSwapBytes":62779551744},{"timestamp":"2021-02-10T11:02:30Z","physicalMemoryBytes":24878755840,"availableMemoryBytes":13657920221,"percentageMemoryUsage":45.1021,"totalSwapBytes":62999490560,"availableSwapBytes":62786439180},{"timestamp":"2021-02-10T09:12:30Z","physicalMemoryBytes":24878755840,"availableMemoryBytes":13655323820,"percentageMemoryUsage":45.1125,"totalSwapBytes":62999490560,"availableSwapBytes":62788729961},{"timestamp":"2021-02-10T07:22:30Z","physicalMemoryBytes":24878755840,"availableMemoryBytes":13680629532,"percentageMemoryUsage":45.0108,"totalSwapBytes":62999490560,"availableSwapBytes":62788988928},{"timestamp":"2021-02-10T05:32:30Z","physicalMemoryBytes":24878755840,"availableMemoryBytes":13680125905,"percentageMemoryUsage":45.0128,"totalSwapBytes":62999490560,"availableSwapBytes":62789194075},{"timestamp":"2021-02-10T03:42:30Z","physicalMemoryBytes":24878755840,"availableMemoryBytes":13672251951,"percentageMemoryUsage":45.0445,"totalSwapBytes":62999490560,"availableSwapBytes":62789251072},{"timestamp":"2021-02-10T01:52:30Z","physicalMemoryBytes":24878755840,"availableMemoryBytes":13645658052,"percentageMemoryUsage":45.1514,"totalSwapBytes":62999490560,"availableSwapBytes":62789549955},{"timestamp":"2021-02-10T00:02:30Z","physicalMemoryBytes":24878755840,"availableMemoryBytes":13687468922,"percentageMemoryUsage":44.9833,"totalSwapBytes":62999490560,"availableSwapBytes":62790037546},{"timestamp":"2021-02-09T22:12:30Z","physicalMemoryBytes":24878755840,"availableMemoryBytes":13687434052,"percentageMemoryUsage":44.9834,"totalSwapBytes":62999490560,"availableSwapBytes":62790290271},{"timestamp":"2021-02-09T20:20:00Z","physicalMemoryBytes":24878755840,"availableMemoryBytes":13685435597,"percentageMemoryUsage":44.9915,"totalSwapBytes":62999490560,"availableSwapBytes":62790393297},{"timestamp":"2021-02-09T18:27:30Z","physicalMemoryBytes":24878755840,"availableMemoryBytes":13659120135,"percentageMemoryUsage":45.0973,"totalSwapBytes":62999490560,"availableSwapBytes":62790806260},{"timestamp":"2021-02-09T16:37:30Z","physicalMemoryBytes":24878755840,"availableMemoryBytes":13681984081,"percentageMemoryUsage":45.0054,"totalSwapBytes":62999490560,"availableSwapBytes":62791348224},{"timestamp":"2021-02-09T14:47:30Z","physicalMemoryBytes":24878755840,"availableMemoryBytes":13681459705,"percentageMemoryUsage":45.0075,"totalSwapBytes":62999490560,"availableSwapBytes":62791348224},{"timestamp":"2021-02-09T12:57:30Z","physicalMemoryBytes":24878755840,"availableMemoryBytes":13685576758,"percentageMemoryUsage":44.9909,"totalSwapBytes":62999490560,"availableSwapBytes":62791348224},{"timestamp":"2021-02-09T11:07:30Z","physicalMemoryBytes":24878755840,"availableMemoryBytes":13676300866,"percentageMemoryUsage":45.0282,"totalSwapBytes":62999490560,"availableSwapBytes":62791348224},{"timestamp":"2021-02-09T09:17:30Z","physicalMemoryBytes":24878755840,"availableMemoryBytes":13654283730,"percentageMemoryUsage":45.1167,"totalSwapBytes":62999490560,"availableSwapBytes":62791704302},{"timestamp":"2021-02-09T07:27:30Z","physicalMemoryBytes":24878755840,"availableMemoryBytes":13687899103,"percentageMemoryUsage":44.9816,"totalSwapBytes":62999490560,"availableSwapBytes":62792082425},{"timestamp":"2021-02-09T05:37:30Z","physicalMemoryBytes":24878755840,"availableMemoryBytes":13684259543,"percentageMemoryUsage":44.9962,"totalSwapBytes":62999490560,"availableSwapBytes":62792134656},{"timestamp":"2021-02-09T03:47:30Z","physicalMemoryBytes":24878755840,"availableMemoryBytes":13677077993,"percentageMemoryUsage":45.0251,"totalSwapBytes":62999490560,"availableSwapBytes":62792134656},{"timestamp":"2021-02-09T01:57:30Z","physicalMemoryBytes":24878755840,"availableMemoryBytes":13643079811,"percentageMemoryUsage":45.1617,"totalSwapBytes":62999490560,"availableSwapBytes":62792295119},{"timestamp":"2021-02-09T00:05:00Z","physicalMemoryBytes":24878755840,"availableMemoryBytes":13692522408,"percentageMemoryUsage":44.963,"totalSwapBytes":62999490560,"availableSwapBytes":62792658984},{"timestamp":"2021-02-08T22:12:30Z","physicalMemoryBytes":24878755840,"availableMemoryBytes":13697958971,"percentageMemoryUsage":44.9411,"totalSwapBytes":62999490560,"availableSwapBytes":62792911711},{"timestamp":"2021-02-08T20:22:30Z","physicalMemoryBytes":24878755840,"availableMemoryBytes":13703285621,"percentageMemoryUsage":44.9197,"totalSwapBytes":62999490560,"availableSwapBytes":62792921088},{"timestamp":"2021-02-08T18:32:30Z","physicalMemoryBytes":24878755840,"availableMemoryBytes":13674364829,"percentageMemoryUsage":45.036,"totalSwapBytes":62999490560,"availableSwapBytes":62792921192},{"timestamp":"2021-02-08T16:42:30Z","physicalMemoryBytes":24878755840,"availableMemoryBytes":13697124153,"percentageMemoryUsage":44.9445,"totalSwapBytes":62999490560,"availableSwapBytes":62793177567},{"timestamp":"2021-02-08T14:52:30Z","physicalMemoryBytes":24878755840,"availableMemoryBytes":13701542095,"percentageMemoryUsage":44.9267,"totalSwapBytes":62999490560,"availableSwapBytes":62793183232},{"timestamp":"2021-02-08T13:02:30Z","physicalMemoryBytes":24878755840,"availableMemoryBytes":13703039228,"percentageMemoryUsage":44.9207,"totalSwapBytes":62999490560,"availableSwapBytes":62793183232},{"timestamp":"2021-02-08T11:12:30Z","physicalMemoryBytes":24878755840,"availableMemoryBytes":13698030000,"percentageMemoryUsage":44.9409,"totalSwapBytes":62999490560,"availableSwapBytes":62793183232},{"timestamp":"2021-02-08T09:22:30Z","physicalMemoryBytes":24878755840,"availableMemoryBytes":13671580722,"percentageMemoryUsage":45.0472,"totalSwapBytes":62999490560,"availableSwapBytes":62793500783},{"timestamp":"2021-02-08T07:32:30Z","physicalMemoryBytes":24878755840,"availableMemoryBytes":13714366472,"percentageMemoryUsage":44.8752,"totalSwapBytes":62999490560,"availableSwapBytes":62793707520},{"timestamp":"2021-02-08T05:40:00Z","physicalMemoryBytes":24878755840,"availableMemoryBytes":13717539342,"percentageMemoryUsage":44.8624,"totalSwapBytes":62999490560,"availableSwapBytes":62793707520},{"timestamp":"2021-02-08T03:47:30Z","physicalMemoryBytes":24878755840,"availableMemoryBytes":13711882989,"percentageMemoryUsage":44.8852,"totalSwapBytes":62999490560,"availableSwapBytes":62793707520},{"timestamp":"2021-02-08T01:57:30Z","physicalMemoryBytes":24878755840,"availableMemoryBytes":13681213170,"percentageMemoryUsage":45.0085,"totalSwapBytes":62999490560,"availableSwapBytes":62793780403},{"timestamp":"2021-02-08T00:07:30Z","physicalMemoryBytes":24878755840,"availableMemoryBytes":13719270763,"percentageMemoryUsage":44.8555,"totalSwapBytes":62999490560,"availableSwapBytes":62793969664},{"timestamp":"2021-02-07T22:17:30Z","physicalMemoryBytes":24878755840,"availableMemoryBytes":13720400147,"percentageMemoryUsage":44.8509,"totalSwapBytes":62999490560,"availableSwapBytes":62794308464},{"timestamp":"2021-02-07T20:27:30Z","physicalMemoryBytes":24878755840,"availableMemoryBytes":13715134777,"percentageMemoryUsage":44.8721,"totalSwapBytes":62999490560,"availableSwapBytes":62794493952},{"timestamp":"2021-02-07T18:37:30Z","physicalMemoryBytes":24878755840,"availableMemoryBytes":13682796868,"percentageMemoryUsage":45.0021,"totalSwapBytes":62999490560,"availableSwapBytes":62794585702},{"timestamp":"2021-02-07T16:47:30Z","physicalMemoryBytes":24878755840,"availableMemoryBytes":13709257752,"percentageMemoryUsage":44.8957,"totalSwapBytes":62999490560,"availableSwapBytes":62795230338},{"timestamp":"2021-02-07T14:57:30Z","physicalMemoryBytes":24878755840,"availableMemoryBytes":13726281545,"percentageMemoryUsage":44.8273,"totalSwapBytes":62999490560,"availableSwapBytes":62795280384},{"timestamp":"2021-02-07T13:07:30Z","physicalMemoryBytes":24878755840,"availableMemoryBytes":13723932127,"percentageMemoryUsage":44.8367,"totalSwapBytes":62999490560,"availableSwapBytes":62795280384},{"timestamp":"2021-02-07T11:15:00Z","physicalMemoryBytes":24878755840,"availableMemoryBytes":13718211085,"percentageMemoryUsage":44.8597,"totalSwapBytes":62999490560,"availableSwapBytes":62795280384},{"timestamp":"2021-02-07T09:22:30Z","physicalMemoryBytes":24878755840,"availableMemoryBytes":13684157689,"percentageMemoryUsage":44.9966,"totalSwapBytes":62999490560,"availableSwapBytes":62795583041},{"timestamp":"2021-02-07T07:32:30Z","physicalMemoryBytes":24878755840,"availableMemoryBytes":13723267700,"percentageMemoryUsage":44.8394,"totalSwapBytes":62999490560,"availableSwapBytes":62795804672},{"timestamp":"2021-02-07T05:42:30Z","physicalMemoryBytes":24878755840,"availableMemoryBytes":13727145291,"percentageMemoryUsage":44.8238,"totalSwapBytes":62999490560,"availableSwapBytes":62795804672},{"timestamp":"2021-02-07T03:52:30Z","physicalMemoryBytes":24878755840,"availableMemoryBytes":13726421270,"percentageMemoryUsage":44.8267,"totalSwapBytes":62999490560,"availableSwapBytes":62795804672},{"timestamp":"2021-02-07T02:02:30Z","physicalMemoryBytes":24878755840,"availableMemoryBytes":13701464486,"percentageMemoryUsage":44.9271,"totalSwapBytes":62999490560,"availableSwapBytes":62795911557},{"timestamp":"2021-02-07T00:12:30Z","physicalMemoryBytes":24878755840,"availableMemoryBytes":13729852931,"percentageMemoryUsage":44.8129,"totalSwapBytes":62999490560,"availableSwapBytes":62796691550},{"timestamp":"2021-02-06T22:22:30Z","physicalMemoryBytes":24878755840,"availableMemoryBytes":13730769659,"percentageMemoryUsage":44.8093,"totalSwapBytes":62999490560,"availableSwapBytes":62796939239},{"timestamp":"2021-02-06T20:32:30Z","physicalMemoryBytes":24878755840,"availableMemoryBytes":13731090656,"percentageMemoryUsage":44.808,"totalSwapBytes":62999490560,"availableSwapBytes":62797115392},{"timestamp":"2021-02-06T18:42:30Z","physicalMemoryBytes":24878755840,"availableMemoryBytes":13721555674,"percentageMemoryUsage":44.8463,"totalSwapBytes":62999490560,"availableSwapBytes":62797115392},{"timestamp":"2021-02-06T16:52:30Z","physicalMemoryBytes":24878755840,"availableMemoryBytes":13713118746,"percentageMemoryUsage":44.8802,"totalSwapBytes":62999490560,"availableSwapBytes":62797333447},{"timestamp":"2021-02-06T15:00:00Z","physicalMemoryBytes":24878755840,"availableMemoryBytes":13720761618,"percentageMemoryUsage":44.8495,"totalSwapBytes":62999490560,"availableSwapBytes":62797286164},{"timestamp":"2021-02-06T13:07:30Z","physicalMemoryBytes":24878755840,"availableMemoryBytes":13694953271,"percentageMemoryUsage":44.9532,"totalSwapBytes":62999490560,"availableSwapBytes":62797115392},{"timestamp":"2021-02-06T11:17:30Z","physicalMemoryBytes":24878755840,"availableMemoryBytes":13699703569,"percentageMemoryUsage":44.9341,"totalSwapBytes":62999490560,"availableSwapBytes":62797115392},{"timestamp":"2021-02-06T09:27:30Z","physicalMemoryBytes":24878755840,"availableMemoryBytes":13688114483,"percentageMemoryUsage":44.9807,"totalSwapBytes":62999490560,"availableSwapBytes":62797115392},{"timestamp":"2021-02-06T07:41:08Z","physicalMemoryBytes":23747903301,"availableMemoryBytes":13091949634,"percentageMemoryUsage":42.8315,"totalSwapBytes":60135877352,"availableSwapBytes":59942701058},{"timestamp":"2021-02-06T05:52:30Z","physicalMemoryBytes":24878755840,"availableMemoryBytes":13733518077,"percentageMemoryUsage":44.7982,"totalSwapBytes":62999490560,"availableSwapBytes":62797600753},{"timestamp":"2021-02-06T04:02:30Z","physicalMemoryBytes":24878755840,"availableMemoryBytes":13759573679,"percentageMemoryUsage":44.6935,"totalSwapBytes":62999490560,"availableSwapBytes":62797639680},{"timestamp":"2021-02-06T02:12:30Z","physicalMemoryBytes":24878755840,"availableMemoryBytes":13733712027,"percentageMemoryUsage":44.7974,"totalSwapBytes":62999490560,"availableSwapBytes":62797684164},{"timestamp":"2021-02-06T00:22:30Z","physicalMemoryBytes":24878755840,"availableMemoryBytes":13767549634,"percentageMemoryUsage":44.6614,"totalSwapBytes":62999490560,"availableSwapBytes":62798392946},{"timestamp":"2021-02-05T22:32:30Z","physicalMemoryBytes":24878755840,"availableMemoryBytes":13767066243,"percentageMemoryUsage":44.6634,"totalSwapBytes":62999490560,"availableSwapBytes":62798426112},{"timestamp":"2021-02-05T20:40:00Z","physicalMemoryBytes":24878755840,"availableMemoryBytes":13765786995,"percentageMemoryUsage":44.6685,"totalSwapBytes":62999490560,"availableSwapBytes":62798426112},{"timestamp":"2021-02-05T18:47:30Z","physicalMemoryBytes":24878755840,"availableMemoryBytes":13754454575,"percentageMemoryUsage":44.7141,"totalSwapBytes":62999490560,"availableSwapBytes":62798426112},{"timestamp":"2021-02-05T16:57:30Z","physicalMemoryBytes":24878755840,"availableMemoryBytes":13743479700,"percentageMemoryUsage":44.7582,"totalSwapBytes":62999490560,"availableSwapBytes":62799023879},{"timestamp":"2021-02-05T15:07:30Z","physicalMemoryBytes":24878755840,"availableMemoryBytes":13775983316,"percentageMemoryUsage":44.6275,"totalSwapBytes":62999490560,"availableSwapBytes":62799474688},{"timestamp":"2021-02-05T13:17:30Z","physicalMemoryBytes":24878755840,"availableMemoryBytes":13781587865,"percentageMemoryUsage":44.605,"totalSwapBytes":62999490560,"availableSwapBytes":62799474688},{"timestamp":"2021-02-05T11:27:30Z","physicalMemoryBytes":24878755840,"availableMemoryBytes":13774267081,"percentageMemoryUsage":44.6344,"totalSwapBytes":62999490560,"availableSwapBytes":62799474688},{"timestamp":"2021-02-05T09:37:30Z","physicalMemoryBytes":24878755840,"availableMemoryBytes":13733884242,"percentageMemoryUsage":44.7967,"totalSwapBytes":62999490560,"availableSwapBytes":62799524932},{"timestamp":"2021-02-05T07:47:30Z","physicalMemoryBytes":24878755840,"availableMemoryBytes":13775094855,"percentageMemoryUsage":44.6311,"totalSwapBytes":62999490560,"availableSwapBytes":62799736832},{"timestamp":"2021-02-05T05:57:30Z","physicalMemoryBytes":24878755840,"availableMemoryBytes":13775692211,"percentageMemoryUsage":44.6287,"totalSwapBytes":62999490560,"availableSwapBytes":62799736832},{"timestamp":"2021-02-05T04:07:30Z","physicalMemoryBytes":24878755840,"availableMemoryBytes":13775094958,"percentageMemoryUsage":44.6311,"totalSwapBytes":62999490560,"availableSwapBytes":62799736832},{"timestamp":"2021-02-05T02:17:30Z","physicalMemoryBytes":24878755840,"availableMemoryBytes":13736724244,"percentageMemoryUsage":44.7853,"totalSwapBytes":62999490560,"availableSwapBytes":62799739612},{"timestamp":"2021-02-05T00:25:00Z","physicalMemoryBytes":24878755840,"availableMemoryBytes":13778962819,"percentageMemoryUsage":44.6155,"totalSwapBytes":62999490560,"availableSwapBytes":62799998976},{"timestamp":"2021-02-04T22:32:30Z","physicalMemoryBytes":24878755840,"availableMemoryBytes":13780890731,"percentageMemoryUsage":44.6078,"totalSwapBytes":62999490560,"availableSwapBytes":62800061135},{"timestamp":"2021-02-04T20:42:30Z","physicalMemoryBytes":24878755840,"availableMemoryBytes":13781140281,"percentageMemoryUsage":44.6068,"totalSwapBytes":62999490560,"availableSwapBytes":62800261120},{"timestamp":"2021-02-04T18:52:30Z","physicalMemoryBytes":24878755840,"availableMemoryBytes":13771662580,"percentageMemoryUsage":44.6449,"totalSwapBytes":62999490560,"availableSwapBytes":62800261120},{"timestamp":"2021-02-04T17:02:30Z","physicalMemoryBytes":24878755840,"availableMemoryBytes":13766839964,"percentageMemoryUsage":44.6643,"totalSwapBytes":62999490560,"availableSwapBytes":62800886293},{"timestamp":"2021-02-04T15:12:30Z","physicalMemoryBytes":24878755840,"availableMemoryBytes":13793523698,"percentageMemoryUsage":44.557,"totalSwapBytes":62999490560,"availableSwapBytes":62801309696},{"timestamp":"2021-02-04T13:22:30Z","physicalMemoryBytes":24878755840,"availableMemoryBytes":13792407653,"percentageMemoryUsage":44.5615,"totalSwapBytes":62999490560,"availableSwapBytes":62801309696},{"timestamp":"2021-02-04T11:32:30Z","physicalMemoryBytes":24878755840,"availableMemoryBytes":13787119843,"percentageMemoryUsage":44.5828,"totalSwapBytes":62999490560,"availableSwapBytes":62801309696},{"timestamp":"2021-02-04T09:42:30Z","physicalMemoryBytes":24878755840,"availableMemoryBytes":13754908444,"percentageMemoryUsage":44.7122,"totalSwapBytes":62999490560,"availableSwapBytes":62801390920},{"timestamp":"2021-02-04T07:52:30Z","physicalMemoryBytes":24878755840,"availableMemoryBytes":13787916118,"percentageMemoryUsage":44.5796,"totalSwapBytes":62999490560,"availableSwapBytes":62801571840},{"timestamp":"2021-02-04T06:00:00Z","physicalMemoryBytes":24878755840,"availableMemoryBytes":13790653320,"percentageMemoryUsage":44.5686,"totalSwapBytes":62999490560,"availableSwapBytes":62801571840},{"timestamp":"2021-02-04T04:07:30Z","physicalMemoryBytes":24878755840,"availableMemoryBytes":13785338364,"percentageMemoryUsage":44.5899,"totalSwapBytes":62999490560,"availableSwapBytes":62801571840},{"timestamp":"2021-02-04T02:17:30Z","physicalMemoryBytes":24878755840,"availableMemoryBytes":13757299211,"percentageMemoryUsage":44.7026,"totalSwapBytes":62999490560,"availableSwapBytes":62801571957},{"timestamp":"2021-02-04T00:27:30Z","physicalMemoryBytes":24878755840,"availableMemoryBytes":13783669841,"percentageMemoryUsage":44.5966,"totalSwapBytes":62999490560,"availableSwapBytes":62801829100},{"timestamp":"2021-02-03T22:37:30Z","physicalMemoryBytes":24878755840,"availableMemoryBytes":13794765266,"percentageMemoryUsage":44.552,"totalSwapBytes":62999490560,"availableSwapBytes":62802027215},{"timestamp":"2021-02-03T20:47:30Z","physicalMemoryBytes":24878755840,"availableMemoryBytes":13797135207,"percentageMemoryUsage":44.5425,"totalSwapBytes":62999490560,"availableSwapBytes":62802291941},{"timestamp":"2021-02-03T18:57:30Z","physicalMemoryBytes":24878755840,"availableMemoryBytes":13792098505,"percentageMemoryUsage":44.5627,"totalSwapBytes":62999490560,"availableSwapBytes":62802620416},{"timestamp":"2021-02-03T17:07:30Z","physicalMemoryBytes":24878755840,"availableMemoryBytes":13777601543,"percentageMemoryUsage":44.621,"totalSwapBytes":62999490560,"availableSwapBytes":62802780085},{"timestamp":"2021-02-03T15:17:30Z","physicalMemoryBytes":24878755840,"availableMemoryBytes":13801285633,"percentageMemoryUsage":44.5258,"totalSwapBytes":62999490560,"availableSwapBytes":62802980466},{"timestamp":"2021-02-03T13:27:30Z","physicalMemoryBytes":24878755840,"availableMemoryBytes":13803867416,"percentageMemoryUsage":44.5154,"totalSwapBytes":62999490560,"availableSwapBytes":62803144704},{"timestamp":"2021-02-03T11:37:30Z","physicalMemoryBytes":23747903301,"availableMemoryBytes":13169155620,"percentageMemoryUsage":42.5212,"totalSwapBytes":60135877352,"availableSwapBytes":59952976107}],"numMembers":365}
