{"numReportedSystems":1,"numUnreachableSystems":0,"numSynchronisingSystems":0,"softwareUpdateRecommended":false,"overallLocalDiskBytes":3493345017856,"overallLocalUserBytes":32404737197681,"overallLocalFreeBytes":6385090248704,"overallLocalCapacityBytes":9878435266560,"overallCloudDiskBytes":0,"overallCloudUserBytes":0,"overallCloudFreeBytes":0,"overallCloudCapacityBytes":0,"systemHealthSummary":{"numUnreachable":0,"numSynchronising":0,"numOk":1,"numWarning":0,"numCritical":0,"numUnknown":0,"total":1},"catStoresSummary":{"statusSummary":{"numOk":1,"numWarning":0,"numCritical":0,"numUnknown":0,"total":1}},"cloudBankStoresSummary":{"statusSummary":{"numOk":0,"numWarning":0,"numCritical":0,"numUnknown":0,"total":0}},"nasSharesSummary":{"statusSummary":{"numOk":1,"numWarning":0,"numCritical":0,"numUnknown":0,"total":1}},"vtlLibrariesSummary":{"statusSummary":{"numOk":0,"numWarning":0,"numCritical":0,"numUnknown":0,"total":0}},"nasRepMappingSummary":{"statusSummary":{"numOk":1,"numWarning":0,"numCritical":0,"numUnknown":0,"total":1}},"vtlRepMappingSummary":{"statusSummary":{"numOk":0,"numWarning":0,"numCritical":0,"numUnknown":0,"total":0}},"softwareVersions":{"4.2.3-2011.40":1},"platformTypes":{"HPE StoreOnce VSA":1},"lowestSoftwareVersion":"4.2.3","highestSoftwareVersion":"4.2.3","overallUserBytes":32404737197681,"overallDiskBytes":3493345017856,"overallDedupeRatio":9.27613,"overallCapacitySavedBytes":28911392179825,"overallCapacitySavedPercent":89.21965}
