{
    "Version": "8.1.4-SNAPSHOT",
    "LicensingSummary": {
        "modeName": "Standalone",
        "modeString": "Standalone Mode. Support agreements available.",
        "mode": 2,
        "capacityBytes": 96000000000000,
        "capacityBytesFS": 72000000000000,
        "licenseDefinedCapacity": "96",
        "storageDemoLicenseStatus": null,
        "demoStatus": null,
        "licensingStatusEnum": "GOOD",
        "licensingStatus": 0,
        "statusSummary": "Standalone Mode. Support agreements available.",
        "licenseLockId": "2M272602Q9",
        "serverStatus": null,
        "inGracePeriod": false,
        "daysTillLock": null
    },
    "InstalledServerLicenses": [],
    "CategoryStatus": [
        {
            "licenseCategoryEnum": "STORAGE",
            "licenseCategoryString": "Storage",
            "licenseCategory": 2,
            "featureTypeEnum": "CAPACITY",
            "featureTypeString": "Capacity",
            "featureType": 2,
            "categoryTypeEnum": "LICENSE",
            "categoryTypeString": "This feature requires a license to activate.",
            "categoryType": 3,
            "licenseStateEnum": "SEEOTHER",
            "licenseStateString": "Please see the status tab for this feature.",
            "licenseState": 4,
            "featureActive": true,
            "trialActive": false,
            "detail": null,
            "capacity": 96000000000000,
            "licenseDefinedCapacity": 96,
            "supportQtyRelease": false,
            "supportUnusedRelease": true
        },
        {
            "licenseCategoryEnum": "SOFTWARE",
            "licenseCategoryString": "Software Feature",
            "licenseCategory": 1,
            "featureTypeEnum": "ENCRYPTION",
            "featureTypeString": "Encryption",
            "featureType": 3,
            "categoryTypeEnum": "LICENSE",
            "categoryTypeString": "This feature requires a license to activate.",
            "categoryType": 3,
            "licenseStateEnum": "UNLICENSED",
            "licenseStateString": "No license installed, feature is not active.",
            "licenseState": 3,
            "featureActive": false,
            "trialActive": false,
            "detail": null,
            "capacity": null,
            "licenseDefinedCapacity": 0,
            "supportQtyRelease": true,
            "supportUnusedRelease": false
        },
        {
            "licenseCategoryEnum": "STORAGE",
            "licenseCategoryString": "Storage",
            "licenseCategory": 2,
            "featureTypeEnum": "CLOUD",
            "featureTypeString": "Cloud Bank Storage Read/Write Capacity",
            "featureType": 4,
            "categoryTypeEnum": "LICENSE",
            "categoryTypeString": "This feature requires a license to activate.",
            "categoryType": 3,
            "licenseStateEnum": "LICENSED",
            "licenseStateString": "License installed, feature is active.",
            "licenseState": 2,
            "featureActive": true,
            "trialActive": false,
            "detail": null,
            "capacity": 200000000000000,
            "licenseDefinedCapacity": 200,
            "supportQtyRelease": true,
            "supportUnusedRelease": false
        },
        {
            "licenseCategoryEnum": "STORAGE",
            "licenseCategoryString": "Storage",
            "licenseCategory": 2,
            "featureTypeEnum": "CLOUD_ARCHIVE",
            "featureTypeString": "Cloud Bank Storage Detach Capacity",
            "featureType": 15,
            "categoryTypeEnum": "LICENSE",
            "categoryTypeString": "This feature requires a license to activate.",
            "categoryType": 3,
            "licenseStateEnum": "LICENSED",
            "licenseStateString": "License installed, feature is active.",
            "licenseState": 2,
            "featureActive": true,
            "trialActive": false,
            "detail": null,
            "capacity": 200000000000000,
            "licenseDefinedCapacity": 200,
            "supportQtyRelease": false,
            "supportUnusedRelease": false
        },
        {
            "licenseCategoryEnum": "HARDWARE",
            "licenseCategoryString": "Hardware",
            "licenseCategory": 3,
            "featureTypeEnum": "FLEXIO_FC",
            "featureTypeString": "Fibre Channel Optional Hardware",
            "featureType": 6,
            "categoryTypeEnum": "LICENSE",
            "categoryTypeString": "This feature requires a license to activate.",
            "categoryType": 3,
            "licenseStateEnum": "SEEOTHER",
            "licenseStateString": "Please see the status tab for this feature.",
            "licenseState": 4,
            "featureActive": true,
            "trialActive": false,
            "detail": null,
            "capacity": null,
            "licenseDefinedCapacity": 0,
            "supportQtyRelease": false,
            "supportUnusedRelease": false
        },
        {
            "licenseCategoryEnum": "HARDWARE",
            "licenseCategoryString": "Hardware",
            "licenseCategory": 3,
            "featureTypeEnum": "FLEXIO_NIC",
            "featureTypeString": "Network Interface Optional Hardware",
            "featureType": 7,
            "categoryTypeEnum": "LICENSE",
            "categoryTypeString": "This feature requires a license to activate.",
            "categoryType": 3,
            "licenseStateEnum": "SEEOTHER",
            "licenseStateString": "Please see the status tab for this feature.",
            "licenseState": 4,
            "featureActive": true,
            "trialActive": false,
            "detail": null,
            "capacity": null,
            "licenseDefinedCapacity": 0,
            "supportQtyRelease": false,
            "supportUnusedRelease": false
        }
    ],
    "InstalledLicenses": [
        {
            "uid": "fb5ae5c0-f41a-4904-bb31-30820603e4fe",
            "nameString": "BB987A HPE StoreOnce Gen4 16Gb FC Network Card",
            "descriptionString": "BB987A HPE StoreOnce Gen4 16Gb Fibre Channel Network Card LTU",
            "startDate": "2019-06-05T10:55Z",
            "expiryDate": null,
            "demoRemaining": null,
            "licenseLTU": 1,
            "capacityBytes": null,
            "licenseDefinedCapacity": 0,
            "passwordTypeString": "SEAT_PERM",
            "passwordType": 1,
            "featureString": "Fibre Channel Optional Hardware",
            "featureTypeEnum": "FLEXIO_FC",
            "featureType": 6,
            "categoryString": "Hardware",
            "licenseCategoryEnum": "HARDWARE",
            "category": 3,
            "validationResult": null,
            "valid": true,
            "onGracePeriod": false,
            "triallicense": false,
            "allowRemoval": false,
            "featureId": 9688,
            "featureVersion": "1"
        },
        {
            "uid": "916ffdbb-c13f-47dc-983b-ecdf9b499654",
            "nameString": "BB983A HPE StoreOnce Gen4 10/25Gb-SFP Network Card",
            "descriptionString": "BB983A HPE StoreOnce Gen4 10/25Gb SFP Network Card LTU",
            "startDate": "2019-04-09T13:56Z",
            "expiryDate": null,
            "demoRemaining": null,
            "licenseLTU": 1,
            "capacityBytes": null,
            "licenseDefinedCapacity": 0,
            "passwordTypeString": "SEAT_PERM",
            "passwordType": 1,
            "featureString": "Network Interface Optional Hardware",
            "featureTypeEnum": "FLEXIO_NIC",
            "featureType": 7,
            "categoryString": "Hardware",
            "licenseCategoryEnum": "HARDWARE",
            "category": 3,
            "validationResult": null,
            "valid": true,
            "onGracePeriod": false,
            "triallicense": false,
            "allowRemoval": false,
            "featureId": 9684,
            "featureVersion": "1"
        },
        {
            "uid": "25ccbb38-9f47-44f9-8d94-cce2088b1a27",
            "nameString": "BC013A/AAE 1TB Cloud Bank Storage Detach Licence",
            "descriptionString": "BC013A/AAE HPE StoreOnce Cloud Bank Storage Detach for Gen4 Systems 1TB E-LTU",
            "startDate": "2018-04-13T14:52Z",
            "expiryDate": "3018-04-13T14:52Z",
            "demoRemaining": null,
            "licenseLTU": 100,
            "capacityBytes": 100000000000000,
            "licenseDefinedCapacity": 100,
            "passwordTypeString": "SEAT_TEMP",
            "passwordType": 2,
            "featureString": "Cloud Bank Storage Detach Capacity",
            "featureTypeEnum": "CLOUD_ARCHIVE",
            "featureType": 15,
            "categoryString": "Storage",
            "licenseCategoryEnum": "STORAGE",
            "category": 2,
            "validationResult": null,
            "valid": true,
            "onGracePeriod": false,
            "triallicense": false,
            "allowRemoval": true,
            "featureId": 9712,
            "featureVersion": "1"
        },
        {
            "uid": "252f6abb-cf57-4634-83a8-8536960d7acb",
            "nameString": "BC012A/AAE HPE StoreOnce Cloud Bank Storage Read/Write 1TB Stackable Licence",
            "descriptionString": "BC012A/AAE HPE StoreOnce Cloud Bank Storage Read/Write for Gen4 Systems 1TB E-LTU",
            "startDate": "2018-04-13T14:52Z",
            "expiryDate": "3018-04-13T14:52Z",
            "demoRemaining": null,
            "licenseLTU": 100,
            "capacityBytes": 100000000000000,
            "licenseDefinedCapacity": 100,
            "passwordTypeString": "SEAT_TEMP",
            "passwordType": 2,
            "featureString": "Cloud Bank Storage Read/Write Capacity",
            "featureTypeEnum": "CLOUD",
            "featureType": 4,
            "categoryString": "Storage",
            "licenseCategoryEnum": "STORAGE",
            "category": 2,
            "validationResult": null,
            "valid": true,
            "onGracePeriod": false,
            "triallicense": false,
            "allowRemoval": true,
            "featureId": 9710,
            "featureVersion": "1"
        },
        {
            "uid": "68e69f74-4d67-4692-8ed5-916649e58348",
            "nameString": "BB963A HPE StoreOnce 3640 48TB Cap Upgrade",
            "descriptionString": "BB963A HPE StoreOnce 3640 48TB Capacity Upgrade LTU",
            "startDate": "2018-04-13T15:16Z",
            "expiryDate": "3018-04-13T15:16Z",
            "demoRemaining": null,
            "licenseLTU": 1,
            "capacityBytes": 48000000000000,
            "licenseDefinedCapacity": 48,
            "passwordTypeString": "SEAT_TEMP",
            "passwordType": 2,
            "featureString": "Capacity",
            "featureTypeEnum": "CAPACITY",
            "featureType": 2,
            "categoryString": "Storage",
            "licenseCategoryEnum": "STORAGE",
            "category": 2,
            "validationResult": null,
            "valid": true,
            "onGracePeriod": false,
            "triallicense": false,
            "allowRemoval": true,
            "featureId": 9670,
            "featureVersion": "1"
        },
        {
            "uid": "c14c2a9f-5d5b-48f4-a272-ffdf6b10fe89",
            "nameString": "BC013A/AAE 1TB Cloud Bank Storage Detach Licence",
            "descriptionString": "BC013A/AAE HPE StoreOnce Cloud Bank Storage Detach for Gen4 Systems 1TB E-LTU",
            "startDate": "2018-04-13T15:16Z",
            "expiryDate": "3018-04-13T15:16Z",
            "demoRemaining": null,
            "licenseLTU": 100,
            "capacityBytes": 100000000000000,
            "licenseDefinedCapacity": 100,
            "passwordTypeString": "SEAT_TEMP",
            "passwordType": 2,
            "featureString": "Cloud Bank Storage Detach Capacity",
            "featureTypeEnum": "CLOUD_ARCHIVE",
            "featureType": 15,
            "categoryString": "Storage",
            "licenseCategoryEnum": "STORAGE",
            "category": 2,
            "validationResult": null,
            "valid": true,
            "onGracePeriod": false,
            "triallicense": false,
            "allowRemoval": true,
            "featureId": 9712,
            "featureVersion": "1"
        },
        {
            "uid": "8411cb3f-1b68-4319-ae81-46a6330027fb",
            "nameString": "BC012A/AAE HPE StoreOnce Cloud Bank Storage Read/Write 1TB Stackable Licence",
            "descriptionString": "BC012A/AAE HPE StoreOnce Cloud Bank Storage Read/Write for Gen4 Systems 1TB E-LTU",
            "startDate": "2018-04-13T15:16Z",
            "expiryDate": "3018-04-13T15:16Z",
            "demoRemaining": null,
            "licenseLTU": 100,
            "capacityBytes": 100000000000000,
            "licenseDefinedCapacity": 100,
            "passwordTypeString": "SEAT_TEMP",
            "passwordType": 2,
            "featureString": "Cloud Bank Storage Read/Write Capacity",
            "featureTypeEnum": "CLOUD",
            "featureType": 4,
            "categoryString": "Storage",
            "licenseCategoryEnum": "STORAGE",
            "category": 2,
            "validationResult": null,
            "valid": true,
            "onGracePeriod": false,
            "triallicense": false,
            "allowRemoval": true,
            "featureId": 9710,
            "featureVersion": "1"
        }
    ],
    "CloudArchiveReservationStatus": {
        "cloudArchiveReservedBytes": 0,
        "cloudArchiveConsumedBytes": 0
    },
    "CloudArchiveReservations": []
}