{"members":[{"timestamp":"2021-03-07T06:48:30Z","percentageCpuUsage":0.0,"percentageUser":0.0,"percentageNice":0.0,"percentageSys":0.0,"percentageIdle":0.0,"percentageIoWait":0.0,"percentageHardIrq":0.0,"percentageSoftIrq":0.0,"percentageSteal":0.0,"percentageGuest":0.0},{"timestamp":"2021-03-07T06:44:30Z","percentageCpuUsage":0.0,"percentageUser":0.0,"percentageNice":0.0,"percentageSys":0.0,"percentageIdle":0.0,"percentageIoWait":0.0,"percentageHardIrq":0.0,"percentageSoftIrq":0.0,"percentageSteal":0.0,"percentageGuest":0.0},{"timestamp":"2021-03-07T06:40:30Z","percentageCpuUsage":0.0,"percentageUser":0.0,"percentageNice":0.0,"percentageSys":0.0,"percentageIdle":0.0,"percentageIoWait":0.0,"percentageHardIrq":0.0,"percentageSoftIrq":0.0,"percentageSteal":0.0,"percentageGuest":0.0},{"timestamp":"2021-03-07T06:36:30Z","percentageCpuUsage":0.0,"percentageUser":0.0,"percentageNice":0.0,"percentageSys":0.0,"percentageIdle":0.0,"percentageIoWait":0.0,"percentageHardIrq":0.0,"percentageSoftIrq":0.0,"percentageSteal":0.0,"percentageGuest":0.0},{"timestamp":"2021-03-07T06:32:30Z","percentageCpuUsage":0.0,"percentageUser":0.0,"percentageNice":0.0,"percentageSys":0.0,"percentageIdle":0.0,"percentageIoWait":0.0,"percentageHardIrq":0.0,"percentageSoftIrq":0.0,"percentageSteal":0.0,"percentageGuest":0.0},{"timestamp":"2021-03-07T06:28:30Z","percentageCpuUsage":0.0,"percentageUser":0.0,"percentageNice":0.0,"percentageSys":0.0,"percentageIdle":0.0,"percentageIoWait":0.0,"percentageHardIrq":0.0,"percentageSoftIrq":0.0,"percentageSteal":0.0,"percentageGuest":0.0},{"timestamp":"2021-03-07T06:24:30Z","percentageCpuUsage":0.0,"percentageUser":0.0,"percentageNice":0.0,"percentageSys":0.0,"percentageIdle":0.0,"percentageIoWait":0.0,"percentageHardIrq":0.0,"percentageSoftIrq":0.0,"percentageSteal":0.0,"percentageGuest":0.0},{"timestamp":"2021-03-07T06:20:30Z","percentageCpuUsage":0.0,"percentageUser":0.0,"percentageNice":0.0,"percentageSys":0.0,"percentageIdle":0.0,"percentageIoWait":0.0,"percentageHardIrq":0.0,"percentageSoftIrq":0.0,"percentageSteal":0.0,"percentageGuest":0.0},{"timestamp":"2021-03-07T06:16:30Z","percentageCpuUsage":0.0,"percentageUser":0.0,"percentageNice":0.0,"percentageSys":0.0,"percentageIdle":0.0,"percentageIoWait":0.0,"percentageHardIrq":0.0,"percentageSoftIrq":0.0,"percentageSteal":0.0,"percentageGuest":0.0},{"timestamp":"2021-03-07T06:12:30Z","percentageCpuUsage":0.0,"percentageUser":0.0,"percentageNice":0.0,"percentageSys":0.0,"percentageIdle":0.0,"percentageIoWait":0.0,"percentageHardIrq":0.0,"percentageSoftIrq":0.0,"percentageSteal":0.0,"percentageGuest":0.0},{"timestamp":"2021-03-07T06:08:30Z","percentageCpuUsage":0.0,"percentageUser":0.0,"percentageNice":0.0,"percentageSys":0.0,"percentageIdle":0.0,"percentageIoWait":0.0,"percentageHardIrq":0.0,"percentageSoftIrq":0.0,"percentageSteal":0.0,"percentageGuest":0.0},{"timestamp":"2021-03-07T06:04:30Z","percentageCpuUsage":0.0,"percentageUser":0.0,"percentageNice":0.0,"percentageSys":0.0,"percentageIdle":0.0,"percentageIoWait":0.0,"percentageHardIrq":0.0,"percentageSoftIrq":0.0,"percentageSteal":0.0,"percentageGuest":0.0},{"timestamp":"2021-03-07T06:00:30Z","percentageCpuUsage":0.0,"percentageUser":0.0,"percentageNice":0.0,"percentageSys":0.0,"percentageIdle":0.0,"percentageIoWait":0.0,"percentageHardIrq":0.0,"percentageSoftIrq":0.0,"percentageSteal":0.0,"percentageGuest":0.0},{"timestamp":"2021-03-07T05:56:30Z","percentageCpuUsage":0.0,"percentageUser":0.0,"percentageNice":0.0,"percentageSys":0.0,"percentageIdle":0.0,"percentageIoWait":0.0,"percentageHardIrq":0.0,"percentageSoftIrq":0.0,"percentageSteal":0.0,"percentageGuest":0.0},{"timestamp":"2021-03-07T05:52:30Z","percentageCpuUsage":0.0,"percentageUser":0.0,"percentageNice":0.0,"percentageSys":0.0,"percentageIdle":0.0,"percentageIoWait":0.0,"percentageHardIrq":0.0,"percentageSoftIrq":0.0,"percentageSteal":0.0,"percentageGuest":0.0},{"timestamp":"2021-03-07T05:48:30Z","percentageCpuUsage":0.0,"percentageUser":0.0,"percentageNice":0.0,"percentageSys":0.0,"percentageIdle":0.0,"percentageIoWait":0.0,"percentageHardIrq":0.0,"percentageSoftIrq":0.0,"percentageSteal":0.0,"percentageGuest":0.0},{"timestamp":"2021-03-07T05:44:30Z","percentageCpuUsage":0.0,"percentageUser":0.0,"percentageNice":0.0,"percentageSys":0.0,"percentageIdle":0.0,"percentageIoWait":0.0,"percentageHardIrq":0.0,"percentageSoftIrq":0.0,"percentageSteal":0.0,"percentageGuest":0.0},{"timestamp":"2021-03-07T05:40:30Z","percentageCpuUsage":0.0,"percentageUser":0.0,"percentageNice":0.0,"percentageSys":0.0,"percentageIdle":0.0,"percentageIoWait":0.0,"percentageHardIrq":0.0,"percentageSoftIrq":0.0,"percentageSteal":0.0,"percentageGuest":0.0},{"timestamp":"2021-03-07T05:37:00Z","percentageCpuUsage":0.0,"percentageUser":0.0,"percentageNice":0.0,"percentageSys":0.0,"percentageIdle":0.0,"percentageIoWait":0.0,"percentageHardIrq":0.0,"percentageSoftIrq":0.0,"percentageSteal":0.0,"percentageGuest":0.0},{"timestamp":"2021-03-07T05:33:30Z","percentageCpuUsage":0.0,"percentageUser":0.0,"percentageNice":0.0,"percentageSys":0.0,"percentageIdle":0.0,"percentageIoWait":0.0,"percentageHardIrq":0.0,"percentageSoftIrq":0.0,"percentageSteal":0.0,"percentageGuest":0.0},{"timestamp":"2021-03-07T05:29:30Z","percentageCpuUsage":0.0,"percentageUser":0.0,"percentageNice":0.0,"percentageSys":0.0,"percentageIdle":0.0,"percentageIoWait":0.0,"percentageHardIrq":0.0,"percentageSoftIrq":0.0,"percentageSteal":0.0,"percentageGuest":0.0},{"timestamp":"2021-03-07T05:25:30Z","percentageCpuUsage":0.0,"percentageUser":0.0,"percentageNice":0.0,"percentageSys":0.0,"percentageIdle":0.0,"percentageIoWait":0.0,"percentageHardIrq":0.0,"percentageSoftIrq":0.0,"percentageSteal":0.0,"percentageGuest":0.0},{"timestamp":"2021-03-07T05:21:30Z","percentageCpuUsage":0.0,"percentageUser":0.0,"percentageNice":0.0,"percentageSys":0.0,"percentageIdle":0.0,"percentageIoWait":0.0,"percentageHardIrq":0.0,"percentageSoftIrq":0.0,"percentageSteal":0.0,"percentageGuest":0.0},{"timestamp":"2021-03-07T05:17:30Z","percentageCpuUsage":0.0,"percentageUser":0.0,"percentageNice":0.0,"percentageSys":0.0,"percentageIdle":0.0,"percentageIoWait":0.0,"percentageHardIrq":0.0,"percentageSoftIrq":0.0,"percentageSteal":0.0,"percentageGuest":0.0},{"timestamp":"2021-03-07T05:13:30Z","percentageCpuUsage":0.0,"percentageUser":0.0,"percentageNice":0.0,"percentageSys":0.0,"percentageIdle":0.0,"percentageIoWait":0.0,"percentageHardIrq":0.0,"percentageSoftIrq":0.0,"percentageSteal":0.0,"percentageGuest":0.0},{"timestamp":"2021-03-07T05:09:30Z","percentageCpuUsage":0.0,"percentageUser":0.0,"percentageNice":0.0,"percentageSys":0.0,"percentageIdle":0.0,"percentageIoWait":0.0,"percentageHardIrq":0.0,"percentageSoftIrq":0.0,"percentageSteal":0.0,"percentageGuest":0.0},{"timestamp":"2021-03-07T05:05:30Z","percentageCpuUsage":0.0,"percentageUser":0.0,"percentageNice":0.0,"percentageSys":0.0,"percentageIdle":0.0,"percentageIoWait":0.0,"percentageHardIrq":0.0,"percentageSoftIrq":0.0,"percentageSteal":0.0,"percentageGuest":0.0},{"timestamp":"2021-03-07T05:01:30Z","percentageCpuUsage":0.0,"percentageUser":0.0,"percentageNice":0.0,"percentageSys":0.0,"percentageIdle":0.0,"percentageIoWait":0.0,"percentageHardIrq":0.0,"percentageSoftIrq":0.0,"percentageSteal":0.0,"percentageGuest":0.0},{"timestamp":"2021-03-07T04:57:30Z","percentageCpuUsage":0.0,"percentageUser":0.0,"percentageNice":0.0,"percentageSys":0.0,"percentageIdle":0.0,"percentageIoWait":0.0,"percentageHardIrq":0.0,"percentageSoftIrq":0.0,"percentageSteal":0.0,"percentageGuest":0.0},{"timestamp":"2021-03-07T04:53:30Z","percentageCpuUsage":0.0,"percentageUser":0.0,"percentageNice":0.0,"percentageSys":0.0,"percentageIdle":0.0,"percentageIoWait":0.0,"percentageHardIrq":0.0,"percentageSoftIrq":0.0,"percentageSteal":0.0,"percentageGuest":0.0},{"timestamp":"2021-03-07T04:49:30Z","percentageCpuUsage":0.0,"percentageUser":0.0,"percentageNice":0.0,"percentageSys":0.0,"percentageIdle":0.0,"percentageIoWait":0.0,"percentageHardIrq":0.0,"percentageSoftIrq":0.0,"percentageSteal":0.0,"percentageGuest":0.0},{"timestamp":"2021-03-07T04:45:30Z","percentageCpuUsage":0.0,"percentageUser":0.0,"percentageNice":0.0,"percentageSys":0.0,"percentageIdle":0.0,"percentageIoWait":0.0,"percentageHardIrq":0.0,"percentageSoftIrq":0.0,"percentageSteal":0.0,"percentageGuest":0.0},{"timestamp":"2021-03-07T04:41:30Z","percentageCpuUsage":0.0,"percentageUser":0.0,"percentageNice":0.0,"percentageSys":0.0,"percentageIdle":0.0,"percentageIoWait":0.0,"percentageHardIrq":0.0,"percentageSoftIrq":0.0,"percentageSteal":0.0,"percentageGuest":0.0},{"timestamp":"2021-03-07T04:37:30Z","percentageCpuUsage":0.0,"percentageUser":0.0,"percentageNice":0.0,"percentageSys":0.0,"percentageIdle":0.0,"percentageIoWait":0.0,"percentageHardIrq":0.0,"percentageSoftIrq":0.0,"percentageSteal":0.0,"percentageGuest":0.0},{"timestamp":"2021-03-07T04:33:30Z","percentageCpuUsage":0.0,"percentageUser":0.0,"percentageNice":0.0,"percentageSys":0.0,"percentageIdle":0.0,"percentageIoWait":0.0,"percentageHardIrq":0.0,"percentageSoftIrq":0.0,"percentageSteal":0.0,"percentageGuest":0.0},{"timestamp":"2021-03-07T04:29:30Z","percentageCpuUsage":0.0,"percentageUser":0.0,"percentageNice":0.0,"percentageSys":0.0,"percentageIdle":0.0,"percentageIoWait":0.0,"percentageHardIrq":0.0,"percentageSoftIrq":0.0,"percentageSteal":0.0,"percentageGuest":0.0},{"timestamp":"2021-03-07T04:26:00Z","percentageCpuUsage":0.0,"percentageUser":0.0,"percentageNice":0.0,"percentageSys":0.0,"percentageIdle":0.0,"percentageIoWait":0.0,"percentageHardIrq":0.0,"percentageSoftIrq":0.0,"percentageSteal":0.0,"percentageGuest":0.0},{"timestamp":"2021-03-07T04:22:30Z","percentageCpuUsage":0.0,"percentageUser":0.0,"percentageNice":0.0,"percentageSys":0.0,"percentageIdle":0.0,"percentageIoWait":0.0,"percentageHardIrq":0.0,"percentageSoftIrq":0.0,"percentageSteal":0.0,"percentageGuest":0.0},{"timestamp":"2021-03-07T04:18:30Z","percentageCpuUsage":0.0,"percentageUser":0.0,"percentageNice":0.0,"percentageSys":0.0,"percentageIdle":0.0,"percentageIoWait":0.0,"percentageHardIrq":0.0,"percentageSoftIrq":0.0,"percentageSteal":0.0,"percentageGuest":0.0},{"timestamp":"2021-03-07T04:14:30Z","percentageCpuUsage":0.0,"percentageUser":0.0,"percentageNice":0.0,"percentageSys":0.0,"percentageIdle":0.0,"percentageIoWait":0.0,"percentageHardIrq":0.0,"percentageSoftIrq":0.0,"percentageSteal":0.0,"percentageGuest":0.0},{"timestamp":"2021-03-07T04:10:30Z","percentageCpuUsage":0.0,"percentageUser":0.0,"percentageNice":0.0,"percentageSys":0.0,"percentageIdle":0.0,"percentageIoWait":0.0,"percentageHardIrq":0.0,"percentageSoftIrq":0.0,"percentageSteal":0.0,"percentageGuest":0.0},{"timestamp":"2021-03-07T04:06:30Z","percentageCpuUsage":0.0,"percentageUser":0.0,"percentageNice":0.0,"percentageSys":0.0,"percentageIdle":0.0,"percentageIoWait":0.0,"percentageHardIrq":0.0,"percentageSoftIrq":0.0,"percentageSteal":0.0,"percentageGuest":0.0},{"timestamp":"2021-03-07T04:02:30Z","percentageCpuUsage":0.0,"percentageUser":0.0,"percentageNice":0.0,"percentageSys":0.0,"percentageIdle":0.0,"percentageIoWait":0.0,"percentageHardIrq":0.0,"percentageSoftIrq":0.0,"percentageSteal":0.0,"percentageGuest":0.0},{"timestamp":"2021-03-07T03:58:30Z","percentageCpuUsage":0.0,"percentageUser":0.0,"percentageNice":0.0,"percentageSys":0.0,"percentageIdle":0.0,"percentageIoWait":0.0,"percentageHardIrq":0.0,"percentageSoftIrq":0.0,"percentageSteal":0.0,"percentageGuest":0.0},{"timestamp":"2021-03-07T03:54:30Z","percentageCpuUsage":0.0,"percentageUser":0.0,"percentageNice":0.0,"percentageSys":0.0,"percentageIdle":0.0,"percentageIoWait":0.0,"percentageHardIrq":0.0,"percentageSoftIrq":0.0,"percentageSteal":0.0,"percentageGuest":0.0},{"timestamp":"2021-03-07T03:50:30Z","percentageCpuUsage":0.0,"percentageUser":0.0,"percentageNice":0.0,"percentageSys":0.0,"percentageIdle":0.0,"percentageIoWait":0.0,"percentageHardIrq":0.0,"percentageSoftIrq":0.0,"percentageSteal":0.0,"percentageGuest":0.0},{"timestamp":"2021-03-07T03:46:30Z","percentageCpuUsage":0.0,"percentageUser":0.0,"percentageNice":0.0,"percentageSys":0.0,"percentageIdle":0.0,"percentageIoWait":0.0,"percentageHardIrq":0.0,"percentageSoftIrq":0.0,"percentageSteal":0.0,"percentageGuest":0.0},{"timestamp":"2021-03-07T03:42:30Z","percentageCpuUsage":0.0,"percentageUser":0.0,"percentageNice":0.0,"percentageSys":0.0,"percentageIdle":0.0,"percentageIoWait":0.0,"percentageHardIrq":0.0,"percentageSoftIrq":0.0,"percentageSteal":0.0,"percentageGuest":0.0},{"timestamp":"2021-03-07T03:38:30Z","percentageCpuUsage":0.0,"percentageUser":0.0,"percentageNice":0.0,"percentageSys":0.0,"percentageIdle":0.0,"percentageIoWait":0.0,"percentageHardIrq":0.0,"percentageSoftIrq":0.0,"percentageSteal":0.0,"percentageGuest":0.0},{"timestamp":"2021-03-07T03:34:30Z","percentageCpuUsage":0.0,"percentageUser":0.0,"percentageNice":0.0,"percentageSys":0.0,"percentageIdle":0.0,"percentageIoWait":0.0,"percentageHardIrq":0.0,"percentageSoftIrq":0.0,"percentageSteal":0.0,"percentageGuest":0.0},{"timestamp":"2021-03-07T03:30:30Z","percentageCpuUsage":0.0,"percentageUser":0.0,"percentageNice":0.0,"percentageSys":0.0,"percentageIdle":0.0,"percentageIoWait":0.0,"percentageHardIrq":0.0,"percentageSoftIrq":0.0,"percentageSteal":0.0,"percentageGuest":0.0},{"timestamp":"2021-03-07T03:26:30Z","percentageCpuUsage":0.0,"percentageUser":0.0,"percentageNice":0.0,"percentageSys":0.0,"percentageIdle":0.0,"percentageIoWait":0.0,"percentageHardIrq":0.0,"percentageSoftIrq":0.0,"percentageSteal":0.0,"percentageGuest":0.0},{"timestamp":"2021-03-07T03:22:30Z","percentageCpuUsage":0.0,"percentageUser":0.0,"percentageNice":0.0,"percentageSys":0.0,"percentageIdle":0.0,"percentageIoWait":0.0,"percentageHardIrq":0.0,"percentageSoftIrq":0.0,"percentageSteal":0.0,"percentageGuest":0.0},{"timestamp":"2021-03-07T03:18:30Z","percentageCpuUsage":0.0,"percentageUser":0.0,"percentageNice":0.0,"percentageSys":0.0,"percentageIdle":0.0,"percentageIoWait":0.0,"percentageHardIrq":0.0,"percentageSoftIrq":0.0,"percentageSteal":0.0,"percentageGuest":0.0},{"timestamp":"2021-03-07T03:15:00Z","percentageCpuUsage":0.0,"percentageUser":0.0,"percentageNice":0.0,"percentageSys":0.0,"percentageIdle":0.0,"percentageIoWait":0.0,"percentageHardIrq":0.0,"percentageSoftIrq":0.0,"percentageSteal":0.0,"percentageGuest":0.0},{"timestamp":"2021-03-07T03:11:30Z","percentageCpuUsage":0.0,"percentageUser":0.0,"percentageNice":0.0,"percentageSys":0.0,"percentageIdle":0.0,"percentageIoWait":0.0,"percentageHardIrq":0.0,"percentageSoftIrq":0.0,"percentageSteal":0.0,"percentageGuest":0.0},{"timestamp":"2021-03-07T03:07:30Z","percentageCpuUsage":0.0,"percentageUser":0.0,"percentageNice":0.0,"percentageSys":0.0,"percentageIdle":0.0,"percentageIoWait":0.0,"percentageHardIrq":0.0,"percentageSoftIrq":0.0,"percentageSteal":0.0,"percentageGuest":0.0},{"timestamp":"2021-03-07T03:03:30Z","percentageCpuUsage":0.0,"percentageUser":0.0,"percentageNice":0.0,"percentageSys":0.0,"percentageIdle":0.0,"percentageIoWait":0.0,"percentageHardIrq":0.0,"percentageSoftIrq":0.0,"percentageSteal":0.0,"percentageGuest":0.0},{"timestamp":"2021-03-07T02:59:30Z","percentageCpuUsage":0.0,"percentageUser":0.0,"percentageNice":0.0,"percentageSys":0.0,"percentageIdle":0.0,"percentageIoWait":0.0,"percentageHardIrq":0.0,"percentageSoftIrq":0.0,"percentageSteal":0.0,"percentageGuest":0.0},{"timestamp":"2021-03-07T02:55:30Z","percentageCpuUsage":0.0,"percentageUser":0.0,"percentageNice":0.0,"percentageSys":0.0,"percentageIdle":0.0,"percentageIoWait":0.0,"percentageHardIrq":0.0,"percentageSoftIrq":0.0,"percentageSteal":0.0,"percentageGuest":0.0},{"timestamp":"2021-03-07T02:51:30Z","percentageCpuUsage":0.0,"percentageUser":0.0,"percentageNice":0.0,"percentageSys":0.0,"percentageIdle":0.0,"percentageIoWait":0.0,"percentageHardIrq":0.0,"percentageSoftIrq":0.0,"percentageSteal":0.0,"percentageGuest":0.0},{"timestamp":"2021-03-07T02:47:30Z","percentageCpuUsage":0.0,"percentageUser":0.0,"percentageNice":0.0,"percentageSys":0.0,"percentageIdle":0.0,"percentageIoWait":0.0,"percentageHardIrq":0.0,"percentageSoftIrq":0.0,"percentageSteal":0.0,"percentageGuest":0.0},{"timestamp":"2021-03-07T02:43:30Z","percentageCpuUsage":0.0,"percentageUser":0.0,"percentageNice":0.0,"percentageSys":0.0,"percentageIdle":0.0,"percentageIoWait":0.0,"percentageHardIrq":0.0,"percentageSoftIrq":0.0,"percentageSteal":0.0,"percentageGuest":0.0},{"timestamp":"2021-03-07T02:39:30Z","percentageCpuUsage":0.0,"percentageUser":0.0,"percentageNice":0.0,"percentageSys":0.0,"percentageIdle":0.0,"percentageIoWait":0.0,"percentageHardIrq":0.0,"percentageSoftIrq":0.0,"percentageSteal":0.0,"percentageGuest":0.0},{"timestamp":"2021-03-07T02:35:30Z","percentageCpuUsage":0.0,"percentageUser":0.0,"percentageNice":0.0,"percentageSys":0.0,"percentageIdle":0.0,"percentageIoWait":0.0,"percentageHardIrq":0.0,"percentageSoftIrq":0.0,"percentageSteal":0.0,"percentageGuest":0.0},{"timestamp":"2021-03-07T02:31:30Z","percentageCpuUsage":0.0,"percentageUser":0.0,"percentageNice":0.0,"percentageSys":0.0,"percentageIdle":0.0,"percentageIoWait":0.0,"percentageHardIrq":0.0,"percentageSoftIrq":0.0,"percentageSteal":0.0,"percentageGuest":0.0},{"timestamp":"2021-03-07T02:27:30Z","percentageCpuUsage":0.0,"percentageUser":0.0,"percentageNice":0.0,"percentageSys":0.0,"percentageIdle":0.0,"percentageIoWait":0.0,"percentageHardIrq":0.0,"percentageSoftIrq":0.0,"percentageSteal":0.0,"percentageGuest":0.0},{"timestamp":"2021-03-07T02:23:30Z","percentageCpuUsage":0.0,"percentageUser":0.0,"percentageNice":0.0,"percentageSys":0.0,"percentageIdle":0.0,"percentageIoWait":0.0,"percentageHardIrq":0.0,"percentageSoftIrq":0.0,"percentageSteal":0.0,"percentageGuest":0.0},{"timestamp":"2021-03-07T02:19:30Z","percentageCpuUsage":0.0,"percentageUser":0.0,"percentageNice":0.0,"percentageSys":0.0,"percentageIdle":0.0,"percentageIoWait":0.0,"percentageHardIrq":0.0,"percentageSoftIrq":0.0,"percentageSteal":0.0,"percentageGuest":0.0},{"timestamp":"2021-03-07T02:15:30Z","percentageCpuUsage":0.0,"percentageUser":0.0,"percentageNice":0.0,"percentageSys":0.0,"percentageIdle":0.0,"percentageIoWait":0.0,"percentageHardIrq":0.0,"percentageSoftIrq":0.0,"percentageSteal":0.0,"percentageGuest":0.0},{"timestamp":"2021-03-07T02:11:30Z","percentageCpuUsage":0.0,"percentageUser":0.0,"percentageNice":0.0,"percentageSys":0.0,"percentageIdle":0.0,"percentageIoWait":0.0,"percentageHardIrq":0.0,"percentageSoftIrq":0.0,"percentageSteal":0.0,"percentageGuest":0.0},{"timestamp":"2021-03-07T02:07:30Z","percentageCpuUsage":0.0,"percentageUser":0.0,"percentageNice":0.0,"percentageSys":0.0,"percentageIdle":0.0,"percentageIoWait":0.0,"percentageHardIrq":0.0,"percentageSoftIrq":0.0,"percentageSteal":0.0,"percentageGuest":0.0},{"timestamp":"2021-03-07T02:04:00Z","percentageCpuUsage":0.0,"percentageUser":0.0,"percentageNice":0.0,"percentageSys":0.0,"percentageIdle":0.0,"percentageIoWait":0.0,"percentageHardIrq":0.0,"percentageSoftIrq":0.0,"percentageSteal":0.0,"percentageGuest":0.0},{"timestamp":"2021-03-07T02:00:30Z","percentageCpuUsage":0.0,"percentageUser":0.0,"percentageNice":0.0,"percentageSys":0.0,"percentageIdle":0.0,"percentageIoWait":0.0,"percentageHardIrq":0.0,"percentageSoftIrq":0.0,"percentageSteal":0.0,"percentageGuest":0.0},{"timestamp":"2021-03-07T01:56:30Z","percentageCpuUsage":0.0,"percentageUser":0.0,"percentageNice":0.0,"percentageSys":0.0,"percentageIdle":0.0,"percentageIoWait":0.0,"percentageHardIrq":0.0,"percentageSoftIrq":0.0,"percentageSteal":0.0,"percentageGuest":0.0},{"timestamp":"2021-03-07T01:52:30Z","percentageCpuUsage":0.0,"percentageUser":0.0,"percentageNice":0.0,"percentageSys":0.0,"percentageIdle":0.0,"percentageIoWait":0.0,"percentageHardIrq":0.0,"percentageSoftIrq":0.0,"percentageSteal":0.0,"percentageGuest":0.0},{"timestamp":"2021-03-07T01:48:30Z","percentageCpuUsage":0.0,"percentageUser":0.0,"percentageNice":0.0,"percentageSys":0.0,"percentageIdle":0.0,"percentageIoWait":0.0,"percentageHardIrq":0.0,"percentageSoftIrq":0.0,"percentageSteal":0.0,"percentageGuest":0.0},{"timestamp":"2021-03-07T01:44:30Z","percentageCpuUsage":0.0,"percentageUser":0.0,"percentageNice":0.0,"percentageSys":0.0,"percentageIdle":0.0,"percentageIoWait":0.0,"percentageHardIrq":0.0,"percentageSoftIrq":0.0,"percentageSteal":0.0,"percentageGuest":0.0},{"timestamp":"2021-03-07T01:40:30Z","percentageCpuUsage":0.0,"percentageUser":0.0,"percentageNice":0.0,"percentageSys":0.0,"percentageIdle":0.0,"percentageIoWait":0.0,"percentageHardIrq":0.0,"percentageSoftIrq":0.0,"percentageSteal":0.0,"percentageGuest":0.0},{"timestamp":"2021-03-07T01:36:30Z","percentageCpuUsage":0.0,"percentageUser":0.0,"percentageNice":0.0,"percentageSys":0.0,"percentageIdle":0.0,"percentageIoWait":0.0,"percentageHardIrq":0.0,"percentageSoftIrq":0.0,"percentageSteal":0.0,"percentageGuest":0.0},{"timestamp":"2021-03-07T01:32:30Z","percentageCpuUsage":0.0,"percentageUser":0.0,"percentageNice":0.0,"percentageSys":0.0,"percentageIdle":0.0,"percentageIoWait":0.0,"percentageHardIrq":0.0,"percentageSoftIrq":0.0,"percentageSteal":0.0,"percentageGuest":0.0},{"timestamp":"2021-03-07T01:28:30Z","percentageCpuUsage":0.0,"percentageUser":0.0,"percentageNice":0.0,"percentageSys":0.0,"percentageIdle":0.0,"percentageIoWait":0.0,"percentageHardIrq":0.0,"percentageSoftIrq":0.0,"percentageSteal":0.0,"percentageGuest":0.0},{"timestamp":"2021-03-07T01:24:30Z","percentageCpuUsage":0.0,"percentageUser":0.0,"percentageNice":0.0,"percentageSys":0.0,"percentageIdle":0.0,"percentageIoWait":0.0,"percentageHardIrq":0.0,"percentageSoftIrq":0.0,"percentageSteal":0.0,"percentageGuest":0.0},{"timestamp":"2021-03-07T01:20:30Z","percentageCpuUsage":0.0,"percentageUser":0.0,"percentageNice":0.0,"percentageSys":0.0,"percentageIdle":0.0,"percentageIoWait":0.0,"percentageHardIrq":0.0,"percentageSoftIrq":0.0,"percentageSteal":0.0,"percentageGuest":0.0},{"timestamp":"2021-03-07T01:16:30Z","percentageCpuUsage":0.0,"percentageUser":0.0,"percentageNice":0.0,"percentageSys":0.0,"percentageIdle":0.0,"percentageIoWait":0.0,"percentageHardIrq":0.0,"percentageSoftIrq":0.0,"percentageSteal":0.0,"percentageGuest":0.0},{"timestamp":"2021-03-07T01:12:30Z","percentageCpuUsage":0.0,"percentageUser":0.0,"percentageNice":0.0,"percentageSys":0.0,"percentageIdle":0.0,"percentageIoWait":0.0,"percentageHardIrq":0.0,"percentageSoftIrq":0.0,"percentageSteal":0.0,"percentageGuest":0.0},{"timestamp":"2021-03-07T01:08:30Z","percentageCpuUsage":0.0,"percentageUser":0.0,"percentageNice":0.0,"percentageSys":0.0,"percentageIdle":0.0,"percentageIoWait":0.0,"percentageHardIrq":0.0,"percentageSoftIrq":0.0,"percentageSteal":0.0,"percentageGuest":0.0},{"timestamp":"2021-03-07T01:04:30Z","percentageCpuUsage":0.0,"percentageUser":0.0,"percentageNice":0.0,"percentageSys":0.0,"percentageIdle":0.0,"percentageIoWait":0.0,"percentageHardIrq":0.0,"percentageSoftIrq":0.0,"percentageSteal":0.0,"percentageGuest":0.0},{"timestamp":"2021-03-07T01:00:30Z","percentageCpuUsage":0.0,"percentageUser":0.0,"percentageNice":0.0,"percentageSys":0.0,"percentageIdle":0.0,"percentageIoWait":0.0,"percentageHardIrq":0.0,"percentageSoftIrq":0.0,"percentageSteal":0.0,"percentageGuest":0.0},{"timestamp":"2021-03-07T00:56:30Z","percentageCpuUsage":0.0,"percentageUser":0.0,"percentageNice":0.0,"percentageSys":0.0,"percentageIdle":0.0,"percentageIoWait":0.0,"percentageHardIrq":0.0,"percentageSoftIrq":0.0,"percentageSteal":0.0,"percentageGuest":0.0},{"timestamp":"2021-03-07T00:52:30Z","percentageCpuUsage":0.0,"percentageUser":0.0,"percentageNice":0.0,"percentageSys":0.0,"percentageIdle":0.0,"percentageIoWait":0.0,"percentageHardIrq":0.0,"percentageSoftIrq":0.0,"percentageSteal":0.0,"percentageGuest":0.0},{"timestamp":"2021-03-07T00:49:00Z","percentageCpuUsage":0.0,"percentageUser":0.0,"percentageNice":0.0,"percentageSys":0.0,"percentageIdle":0.0,"percentageIoWait":0.0,"percentageHardIrq":0.0,"percentageSoftIrq":0.0,"percentageSteal":0.0,"percentageGuest":0.0},{"timestamp":"2021-03-07T00:45:30Z","percentageCpuUsage":0.0,"percentageUser":0.0,"percentageNice":0.0,"percentageSys":0.0,"percentageIdle":0.0,"percentageIoWait":0.0,"percentageHardIrq":0.0,"percentageSoftIrq":0.0,"percentageSteal":0.0,"percentageGuest":0.0},{"timestamp":"2021-03-07T00:41:30Z","percentageCpuUsage":0.0,"percentageUser":0.0,"percentageNice":0.0,"percentageSys":0.0,"percentageIdle":0.0,"percentageIoWait":0.0,"percentageHardIrq":0.0,"percentageSoftIrq":0.0,"percentageSteal":0.0,"percentageGuest":0.0},{"timestamp":"2021-03-07T00:37:30Z","percentageCpuUsage":0.0,"percentageUser":0.0,"percentageNice":0.0,"percentageSys":0.0,"percentageIdle":0.0,"percentageIoWait":0.0,"percentageHardIrq":0.0,"percentageSoftIrq":0.0,"percentageSteal":0.0,"percentageGuest":0.0},{"timestamp":"2021-03-07T00:33:30Z","percentageCpuUsage":0.0,"percentageUser":0.0,"percentageNice":0.0,"percentageSys":0.0,"percentageIdle":0.0,"percentageIoWait":0.0,"percentageHardIrq":0.0,"percentageSoftIrq":0.0,"percentageSteal":0.0,"percentageGuest":0.0},{"timestamp":"2021-03-07T00:29:30Z","percentageCpuUsage":0.0,"percentageUser":0.0,"percentageNice":0.0,"percentageSys":0.0,"percentageIdle":0.0,"percentageIoWait":0.0,"percentageHardIrq":0.0,"percentageSoftIrq":0.0,"percentageSteal":0.0,"percentageGuest":0.0},{"timestamp":"2021-03-07T00:25:30Z","percentageCpuUsage":0.0,"percentageUser":0.0,"percentageNice":0.0,"percentageSys":0.0,"percentageIdle":0.0,"percentageIoWait":0.0,"percentageHardIrq":0.0,"percentageSoftIrq":0.0,"percentageSteal":0.0,"percentageGuest":0.0},{"timestamp":"2021-03-07T00:21:30Z","percentageCpuUsage":0.0,"percentageUser":0.0,"percentageNice":0.0,"percentageSys":0.0,"percentageIdle":0.0,"percentageIoWait":0.0,"percentageHardIrq":0.0,"percentageSoftIrq":0.0,"percentageSteal":0.0,"percentageGuest":0.0},{"timestamp":"2021-03-07T00:17:30Z","percentageCpuUsage":0.0,"percentageUser":0.0,"percentageNice":0.0,"percentageSys":0.0,"percentageIdle":0.0,"percentageIoWait":0.0,"percentageHardIrq":0.0,"percentageSoftIrq":0.0,"percentageSteal":0.0,"percentageGuest":0.0},{"timestamp":"2021-03-07T00:13:30Z","percentageCpuUsage":0.0,"percentageUser":0.0,"percentageNice":0.0,"percentageSys":0.0,"percentageIdle":0.0,"percentageIoWait":0.0,"percentageHardIrq":0.0,"percentageSoftIrq":0.0,"percentageSteal":0.0,"percentageGuest":0.0},{"timestamp":"2021-03-07T00:09:30Z","percentageCpuUsage":0.0,"percentageUser":0.0,"percentageNice":0.0,"percentageSys":0.0,"percentageIdle":0.0,"percentageIoWait":0.0,"percentageHardIrq":0.0,"percentageSoftIrq":0.0,"percentageSteal":0.0,"percentageGuest":0.0},{"timestamp":"2021-03-07T00:05:30Z","percentageCpuUsage":0.0,"percentageUser":0.0,"percentageNice":0.0,"percentageSys":0.0,"percentageIdle":0.0,"percentageIoWait":0.0,"percentageHardIrq":0.0,"percentageSoftIrq":0.0,"percentageSteal":0.0,"percentageGuest":0.0},{"timestamp":"2021-03-07T00:01:30Z","percentageCpuUsage":0.0,"percentageUser":0.0,"percentageNice":0.0,"percentageSys":0.0,"percentageIdle":0.0,"percentageIoWait":0.0,"percentageHardIrq":0.0,"percentageSoftIrq":0.0,"percentageSteal":0.0,"percentageGuest":0.0},{"timestamp":"2021-03-06T23:57:30Z","percentageCpuUsage":0.0,"percentageUser":0.0,"percentageNice":0.0,"percentageSys":0.0,"percentageIdle":0.0,"percentageIoWait":0.0,"percentageHardIrq":0.0,"percentageSoftIrq":0.0,"percentageSteal":0.0,"percentageGuest":0.0},{"timestamp":"2021-03-06T23:53:30Z","percentageCpuUsage":0.0,"percentageUser":0.0,"percentageNice":0.0,"percentageSys":0.0,"percentageIdle":0.0,"percentageIoWait":0.0,"percentageHardIrq":0.0,"percentageSoftIrq":0.0,"percentageSteal":0.0,"percentageGuest":0.0},{"timestamp":"2021-03-06T23:49:30Z","percentageCpuUsage":0.0,"percentageUser":0.0,"percentageNice":0.0,"percentageSys":0.0,"percentageIdle":0.0,"percentageIoWait":0.0,"percentageHardIrq":0.0,"percentageSoftIrq":0.0,"percentageSteal":0.0,"percentageGuest":0.0},{"timestamp":"2021-03-06T23:45:30Z","percentageCpuUsage":0.0,"percentageUser":0.0,"percentageNice":0.0,"percentageSys":0.0,"percentageIdle":0.0,"percentageIoWait":0.0,"percentageHardIrq":0.0,"percentageSoftIrq":0.0,"percentageSteal":0.0,"percentageGuest":0.0},{"timestamp":"2021-03-06T23:41:30Z","percentageCpuUsage":0.0,"percentageUser":0.0,"percentageNice":0.0,"percentageSys":0.0,"percentageIdle":0.0,"percentageIoWait":0.0,"percentageHardIrq":0.0,"percentageSoftIrq":0.0,"percentageSteal":0.0,"percentageGuest":0.0},{"timestamp":"2021-03-06T23:38:00Z","percentageCpuUsage":0.0,"percentageUser":0.0,"percentageNice":0.0,"percentageSys":0.0,"percentageIdle":0.0,"percentageIoWait":0.0,"percentageHardIrq":0.0,"percentageSoftIrq":0.0,"percentageSteal":0.0,"percentageGuest":0.0},{"timestamp":"2021-03-06T23:34:30Z","percentageCpuUsage":0.0,"percentageUser":0.0,"percentageNice":0.0,"percentageSys":0.0,"percentageIdle":0.0,"percentageIoWait":0.0,"percentageHardIrq":0.0,"percentageSoftIrq":0.0,"percentageSteal":0.0,"percentageGuest":0.0},{"timestamp":"2021-03-06T23:30:30Z","percentageCpuUsage":0.0,"percentageUser":0.0,"percentageNice":0.0,"percentageSys":0.0,"percentageIdle":0.0,"percentageIoWait":0.0,"percentageHardIrq":0.0,"percentageSoftIrq":0.0,"percentageSteal":0.0,"percentageGuest":0.0},{"timestamp":"2021-03-06T23:26:30Z","percentageCpuUsage":0.0,"percentageUser":0.0,"percentageNice":0.0,"percentageSys":0.0,"percentageIdle":0.0,"percentageIoWait":0.0,"percentageHardIrq":0.0,"percentageSoftIrq":0.0,"percentageSteal":0.0,"percentageGuest":0.0},{"timestamp":"2021-03-06T23:22:30Z","percentageCpuUsage":0.0,"percentageUser":0.0,"percentageNice":0.0,"percentageSys":0.0,"percentageIdle":0.0,"percentageIoWait":0.0,"percentageHardIrq":0.0,"percentageSoftIrq":0.0,"percentageSteal":0.0,"percentageGuest":0.0},{"timestamp":"2021-03-06T23:18:30Z","percentageCpuUsage":0.0,"percentageUser":0.0,"percentageNice":0.0,"percentageSys":0.0,"percentageIdle":0.0,"percentageIoWait":0.0,"percentageHardIrq":0.0,"percentageSoftIrq":0.0,"percentageSteal":0.0,"percentageGuest":0.0},{"timestamp":"2021-03-06T23:14:30Z","percentageCpuUsage":0.0,"percentageUser":0.0,"percentageNice":0.0,"percentageSys":0.0,"percentageIdle":0.0,"percentageIoWait":0.0,"percentageHardIrq":0.0,"percentageSoftIrq":0.0,"percentageSteal":0.0,"percentageGuest":0.0},{"timestamp":"2021-03-06T23:10:30Z","percentageCpuUsage":0.0,"percentageUser":0.0,"percentageNice":0.0,"percentageSys":0.0,"percentageIdle":0.0,"percentageIoWait":0.0,"percentageHardIrq":0.0,"percentageSoftIrq":0.0,"percentageSteal":0.0,"percentageGuest":0.0},{"timestamp":"2021-03-06T23:06:30Z","percentageCpuUsage":0.0,"percentageUser":0.0,"percentageNice":0.0,"percentageSys":0.0,"percentageIdle":0.0,"percentageIoWait":0.0,"percentageHardIrq":0.0,"percentageSoftIrq":0.0,"percentageSteal":0.0,"percentageGuest":0.0},{"timestamp":"2021-03-06T23:02:30Z","percentageCpuUsage":0.0,"percentageUser":0.0,"percentageNice":0.0,"percentageSys":0.0,"percentageIdle":0.0,"percentageIoWait":0.0,"percentageHardIrq":0.0,"percentageSoftIrq":0.0,"percentageSteal":0.0,"percentageGuest":0.0},{"timestamp":"2021-03-06T22:58:30Z","percentageCpuUsage":0.0,"percentageUser":0.0,"percentageNice":0.0,"percentageSys":0.0,"percentageIdle":0.0,"percentageIoWait":0.0,"percentageHardIrq":0.0,"percentageSoftIrq":0.0,"percentageSteal":0.0,"percentageGuest":0.0},{"timestamp":"2021-03-06T22:54:30Z","percentageCpuUsage":0.0,"percentageUser":0.0,"percentageNice":0.0,"percentageSys":0.0,"percentageIdle":0.0,"percentageIoWait":0.0,"percentageHardIrq":0.0,"percentageSoftIrq":0.0,"percentageSteal":0.0,"percentageGuest":0.0},{"timestamp":"2021-03-06T22:50:30Z","percentageCpuUsage":0.0,"percentageUser":0.0,"percentageNice":0.0,"percentageSys":0.0,"percentageIdle":0.0,"percentageIoWait":0.0,"percentageHardIrq":0.0,"percentageSoftIrq":0.0,"percentageSteal":0.0,"percentageGuest":0.0},{"timestamp":"2021-03-06T22:46:30Z","percentageCpuUsage":0.0,"percentageUser":0.0,"percentageNice":0.0,"percentageSys":0.0,"percentageIdle":0.0,"percentageIoWait":0.0,"percentageHardIrq":0.0,"percentageSoftIrq":0.0,"percentageSteal":0.0,"percentageGuest":0.0},{"timestamp":"2021-03-06T22:42:30Z","percentageCpuUsage":0.0,"percentageUser":0.0,"percentageNice":0.0,"percentageSys":0.0,"percentageIdle":0.0,"percentageIoWait":0.0,"percentageHardIrq":0.0,"percentageSoftIrq":0.0,"percentageSteal":0.0,"percentageGuest":0.0},{"timestamp":"2021-03-06T22:38:30Z","percentageCpuUsage":0.0,"percentageUser":0.0,"percentageNice":0.0,"percentageSys":0.0,"percentageIdle":0.0,"percentageIoWait":0.0,"percentageHardIrq":0.0,"percentageSoftIrq":0.0,"percentageSteal":0.0,"percentageGuest":0.0},{"timestamp":"2021-03-06T22:34:30Z","percentageCpuUsage":0.0,"percentageUser":0.0,"percentageNice":0.0,"percentageSys":0.0,"percentageIdle":0.0,"percentageIoWait":0.0,"percentageHardIrq":0.0,"percentageSoftIrq":0.0,"percentageSteal":0.0,"percentageGuest":0.0},{"timestamp":"2021-03-06T22:30:30Z","percentageCpuUsage":0.0,"percentageUser":0.0,"percentageNice":0.0,"percentageSys":0.0,"percentageIdle":0.0,"percentageIoWait":0.0,"percentageHardIrq":0.0,"percentageSoftIrq":0.0,"percentageSteal":0.0,"percentageGuest":0.0},{"timestamp":"2021-03-06T22:27:00Z","percentageCpuUsage":0.0,"percentageUser":0.0,"percentageNice":0.0,"percentageSys":0.0,"percentageIdle":0.0,"percentageIoWait":0.0,"percentageHardIrq":0.0,"percentageSoftIrq":0.0,"percentageSteal":0.0,"percentageGuest":0.0},{"timestamp":"2021-03-06T22:23:30Z","percentageCpuUsage":0.0,"percentageUser":0.0,"percentageNice":0.0,"percentageSys":0.0,"percentageIdle":0.0,"percentageIoWait":0.0,"percentageHardIrq":0.0,"percentageSoftIrq":0.0,"percentageSteal":0.0,"percentageGuest":0.0},{"timestamp":"2021-03-06T22:19:30Z","percentageCpuUsage":0.0,"percentageUser":0.0,"percentageNice":0.0,"percentageSys":0.0,"percentageIdle":0.0,"percentageIoWait":0.0,"percentageHardIrq":0.0,"percentageSoftIrq":0.0,"percentageSteal":0.0,"percentageGuest":0.0},{"timestamp":"2021-03-06T22:15:30Z","percentageCpuUsage":0.0,"percentageUser":0.0,"percentageNice":0.0,"percentageSys":0.0,"percentageIdle":0.0,"percentageIoWait":0.0,"percentageHardIrq":0.0,"percentageSoftIrq":0.0,"percentageSteal":0.0,"percentageGuest":0.0},{"timestamp":"2021-03-06T22:11:30Z","percentageCpuUsage":0.0,"percentageUser":0.0,"percentageNice":0.0,"percentageSys":0.0,"percentageIdle":0.0,"percentageIoWait":0.0,"percentageHardIrq":0.0,"percentageSoftIrq":0.0,"percentageSteal":0.0,"percentageGuest":0.0},{"timestamp":"2021-03-06T22:07:30Z","percentageCpuUsage":0.0,"percentageUser":0.0,"percentageNice":0.0,"percentageSys":0.0,"percentageIdle":0.0,"percentageIoWait":0.0,"percentageHardIrq":0.0,"percentageSoftIrq":0.0,"percentageSteal":0.0,"percentageGuest":0.0},{"timestamp":"2021-03-06T22:03:30Z","percentageCpuUsage":0.0,"percentageUser":0.0,"percentageNice":0.0,"percentageSys":0.0,"percentageIdle":0.0,"percentageIoWait":0.0,"percentageHardIrq":0.0,"percentageSoftIrq":0.0,"percentageSteal":0.0,"percentageGuest":0.0},{"timestamp":"2021-03-06T21:59:30Z","percentageCpuUsage":0.0,"percentageUser":0.0,"percentageNice":0.0,"percentageSys":0.0,"percentageIdle":0.0,"percentageIoWait":0.0,"percentageHardIrq":0.0,"percentageSoftIrq":0.0,"percentageSteal":0.0,"percentageGuest":0.0},{"timestamp":"2021-03-06T21:55:30Z","percentageCpuUsage":0.0,"percentageUser":0.0,"percentageNice":0.0,"percentageSys":0.0,"percentageIdle":0.0,"percentageIoWait":0.0,"percentageHardIrq":0.0,"percentageSoftIrq":0.0,"percentageSteal":0.0,"percentageGuest":0.0},{"timestamp":"2021-03-06T21:51:30Z","percentageCpuUsage":0.0,"percentageUser":0.0,"percentageNice":0.0,"percentageSys":0.0,"percentageIdle":0.0,"percentageIoWait":0.0,"percentageHardIrq":0.0,"percentageSoftIrq":0.0,"percentageSteal":0.0,"percentageGuest":0.0},{"timestamp":"2021-03-06T21:47:30Z","percentageCpuUsage":0.0,"percentageUser":0.0,"percentageNice":0.0,"percentageSys":0.0,"percentageIdle":0.0,"percentageIoWait":0.0,"percentageHardIrq":0.0,"percentageSoftIrq":0.0,"percentageSteal":0.0,"percentageGuest":0.0},{"timestamp":"2021-03-06T21:43:30Z","percentageCpuUsage":0.0,"percentageUser":0.0,"percentageNice":0.0,"percentageSys":0.0,"percentageIdle":0.0,"percentageIoWait":0.0,"percentageHardIrq":0.0,"percentageSoftIrq":0.0,"percentageSteal":0.0,"percentageGuest":0.0},{"timestamp":"2021-03-06T21:39:30Z","percentageCpuUsage":0.0,"percentageUser":0.0,"percentageNice":0.0,"percentageSys":0.0,"percentageIdle":0.0,"percentageIoWait":0.0,"percentageHardIrq":0.0,"percentageSoftIrq":0.0,"percentageSteal":0.0,"percentageGuest":0.0},{"timestamp":"2021-03-06T21:35:30Z","percentageCpuUsage":0.0,"percentageUser":0.0,"percentageNice":0.0,"percentageSys":0.0,"percentageIdle":0.0,"percentageIoWait":0.0,"percentageHardIrq":0.0,"percentageSoftIrq":0.0,"percentageSteal":0.0,"percentageGuest":0.0},{"timestamp":"2021-03-06T21:31:30Z","percentageCpuUsage":0.0,"percentageUser":0.0,"percentageNice":0.0,"percentageSys":0.0,"percentageIdle":0.0,"percentageIoWait":0.0,"percentageHardIrq":0.0,"percentageSoftIrq":0.0,"percentageSteal":0.0,"percentageGuest":0.0},{"timestamp":"2021-03-06T21:27:30Z","percentageCpuUsage":0.0,"percentageUser":0.0,"percentageNice":0.0,"percentageSys":0.0,"percentageIdle":0.0,"percentageIoWait":0.0,"percentageHardIrq":0.0,"percentageSoftIrq":0.0,"percentageSteal":0.0,"percentageGuest":0.0},{"timestamp":"2021-03-06T21:23:30Z","percentageCpuUsage":0.0,"percentageUser":0.0,"percentageNice":0.0,"percentageSys":0.0,"percentageIdle":0.0,"percentageIoWait":0.0,"percentageHardIrq":0.0,"percentageSoftIrq":0.0,"percentageSteal":0.0,"percentageGuest":0.0},{"timestamp":"2021-03-06T21:19:30Z","percentageCpuUsage":0.0,"percentageUser":0.0,"percentageNice":0.0,"percentageSys":0.0,"percentageIdle":0.0,"percentageIoWait":0.0,"percentageHardIrq":0.0,"percentageSoftIrq":0.0,"percentageSteal":0.0,"percentageGuest":0.0},{"timestamp":"2021-03-06T21:16:00Z","percentageCpuUsage":0.0,"percentageUser":0.0,"percentageNice":0.0,"percentageSys":0.0,"percentageIdle":0.0,"percentageIoWait":0.0,"percentageHardIrq":0.0,"percentageSoftIrq":0.0,"percentageSteal":0.0,"percentageGuest":0.0},{"timestamp":"2021-03-06T21:12:30Z","percentageCpuUsage":0.0,"percentageUser":0.0,"percentageNice":0.0,"percentageSys":0.0,"percentageIdle":0.0,"percentageIoWait":0.0,"percentageHardIrq":0.0,"percentageSoftIrq":0.0,"percentageSteal":0.0,"percentageGuest":0.0},{"timestamp":"2021-03-06T21:08:30Z","percentageCpuUsage":0.0,"percentageUser":0.0,"percentageNice":0.0,"percentageSys":0.0,"percentageIdle":0.0,"percentageIoWait":0.0,"percentageHardIrq":0.0,"percentageSoftIrq":0.0,"percentageSteal":0.0,"percentageGuest":0.0},{"timestamp":"2021-03-06T21:04:30Z","percentageCpuUsage":0.0,"percentageUser":0.0,"percentageNice":0.0,"percentageSys":0.0,"percentageIdle":0.0,"percentageIoWait":0.0,"percentageHardIrq":0.0,"percentageSoftIrq":0.0,"percentageSteal":0.0,"percentageGuest":0.0},{"timestamp":"2021-03-06T21:00:30Z","percentageCpuUsage":0.0,"percentageUser":0.0,"percentageNice":0.0,"percentageSys":0.0,"percentageIdle":0.0,"percentageIoWait":0.0,"percentageHardIrq":0.0,"percentageSoftIrq":0.0,"percentageSteal":0.0,"percentageGuest":0.0},{"timestamp":"2021-03-06T20:56:30Z","percentageCpuUsage":0.0,"percentageUser":0.0,"percentageNice":0.0,"percentageSys":0.0,"percentageIdle":0.0,"percentageIoWait":0.0,"percentageHardIrq":0.0,"percentageSoftIrq":0.0,"percentageSteal":0.0,"percentageGuest":0.0},{"timestamp":"2021-03-06T20:52:30Z","percentageCpuUsage":0.0,"percentageUser":0.0,"percentageNice":0.0,"percentageSys":0.0,"percentageIdle":0.0,"percentageIoWait":0.0,"percentageHardIrq":0.0,"percentageSoftIrq":0.0,"percentageSteal":0.0,"percentageGuest":0.0},{"timestamp":"2021-03-06T20:48:30Z","percentageCpuUsage":0.0,"percentageUser":0.0,"percentageNice":0.0,"percentageSys":0.0,"percentageIdle":0.0,"percentageIoWait":0.0,"percentageHardIrq":0.0,"percentageSoftIrq":0.0,"percentageSteal":0.0,"percentageGuest":0.0},{"timestamp":"2021-03-06T20:44:30Z","percentageCpuUsage":0.0,"percentageUser":0.0,"percentageNice":0.0,"percentageSys":0.0,"percentageIdle":0.0,"percentageIoWait":0.0,"percentageHardIrq":0.0,"percentageSoftIrq":0.0,"percentageSteal":0.0,"percentageGuest":0.0},{"timestamp":"2021-03-06T20:40:30Z","percentageCpuUsage":0.0,"percentageUser":0.0,"percentageNice":0.0,"percentageSys":0.0,"percentageIdle":0.0,"percentageIoWait":0.0,"percentageHardIrq":0.0,"percentageSoftIrq":0.0,"percentageSteal":0.0,"percentageGuest":0.0},{"timestamp":"2021-03-06T20:36:30Z","percentageCpuUsage":0.0,"percentageUser":0.0,"percentageNice":0.0,"percentageSys":0.0,"percentageIdle":0.0,"percentageIoWait":0.0,"percentageHardIrq":0.0,"percentageSoftIrq":0.0,"percentageSteal":0.0,"percentageGuest":0.0},{"timestamp":"2021-03-06T20:32:30Z","percentageCpuUsage":0.0,"percentageUser":0.0,"percentageNice":0.0,"percentageSys":0.0,"percentageIdle":0.0,"percentageIoWait":0.0,"percentageHardIrq":0.0,"percentageSoftIrq":0.0,"percentageSteal":0.0,"percentageGuest":0.0},{"timestamp":"2021-03-06T20:28:30Z","percentageCpuUsage":0.0,"percentageUser":0.0,"percentageNice":0.0,"percentageSys":0.0,"percentageIdle":0.0,"percentageIoWait":0.0,"percentageHardIrq":0.0,"percentageSoftIrq":0.0,"percentageSteal":0.0,"percentageGuest":0.0},{"timestamp":"2021-03-06T20:24:30Z","percentageCpuUsage":0.0,"percentageUser":0.0,"percentageNice":0.0,"percentageSys":0.0,"percentageIdle":0.0,"percentageIoWait":0.0,"percentageHardIrq":0.0,"percentageSoftIrq":0.0,"percentageSteal":0.0,"percentageGuest":0.0},{"timestamp":"2021-03-06T20:20:30Z","percentageCpuUsage":0.0,"percentageUser":0.0,"percentageNice":0.0,"percentageSys":0.0,"percentageIdle":0.0,"percentageIoWait":0.0,"percentageHardIrq":0.0,"percentageSoftIrq":0.0,"percentageSteal":0.0,"percentageGuest":0.0},{"timestamp":"2021-03-06T20:16:30Z","percentageCpuUsage":0.0,"percentageUser":0.0,"percentageNice":0.0,"percentageSys":0.0,"percentageIdle":0.0,"percentageIoWait":0.0,"percentageHardIrq":0.0,"percentageSoftIrq":0.0,"percentageSteal":0.0,"percentageGuest":0.0},{"timestamp":"2021-03-06T20:12:30Z","percentageCpuUsage":0.0,"percentageUser":0.0,"percentageNice":0.0,"percentageSys":0.0,"percentageIdle":0.0,"percentageIoWait":0.0,"percentageHardIrq":0.0,"percentageSoftIrq":0.0,"percentageSteal":0.0,"percentageGuest":0.0},{"timestamp":"2021-03-06T20:08:30Z","percentageCpuUsage":0.0,"percentageUser":0.0,"percentageNice":0.0,"percentageSys":0.0,"percentageIdle":0.0,"percentageIoWait":0.0,"percentageHardIrq":0.0,"percentageSoftIrq":0.0,"percentageSteal":0.0,"percentageGuest":0.0},{"timestamp":"2021-03-06T20:04:30Z","percentageCpuUsage":0.0,"percentageUser":0.0,"percentageNice":0.0,"percentageSys":0.0,"percentageIdle":0.0,"percentageIoWait":0.0,"percentageHardIrq":0.0,"percentageSoftIrq":0.0,"percentageSteal":0.0,"percentageGuest":0.0},{"timestamp":"2021-03-06T20:01:00Z","percentageCpuUsage":0.0,"percentageUser":0.0,"percentageNice":0.0,"percentageSys":0.0,"percentageIdle":0.0,"percentageIoWait":0.0,"percentageHardIrq":0.0,"percentageSoftIrq":0.0,"percentageSteal":0.0,"percentageGuest":0.0},{"timestamp":"2021-03-06T19:57:30Z","percentageCpuUsage":0.0,"percentageUser":0.0,"percentageNice":0.0,"percentageSys":0.0,"percentageIdle":0.0,"percentageIoWait":0.0,"percentageHardIrq":0.0,"percentageSoftIrq":0.0,"percentageSteal":0.0,"percentageGuest":0.0},{"timestamp":"2021-03-06T19:53:30Z","percentageCpuUsage":0.0,"percentageUser":0.0,"percentageNice":0.0,"percentageSys":0.0,"percentageIdle":0.0,"percentageIoWait":0.0,"percentageHardIrq":0.0,"percentageSoftIrq":0.0,"percentageSteal":0.0,"percentageGuest":0.0},{"timestamp":"2021-03-06T19:49:30Z","percentageCpuUsage":0.0,"percentageUser":0.0,"percentageNice":0.0,"percentageSys":0.0,"percentageIdle":0.0,"percentageIoWait":0.0,"percentageHardIrq":0.0,"percentageSoftIrq":0.0,"percentageSteal":0.0,"percentageGuest":0.0},{"timestamp":"2021-03-06T19:45:30Z","percentageCpuUsage":0.0,"percentageUser":0.0,"percentageNice":0.0,"percentageSys":0.0,"percentageIdle":0.0,"percentageIoWait":0.0,"percentageHardIrq":0.0,"percentageSoftIrq":0.0,"percentageSteal":0.0,"percentageGuest":0.0},{"timestamp":"2021-03-06T19:41:30Z","percentageCpuUsage":0.0,"percentageUser":0.0,"percentageNice":0.0,"percentageSys":0.0,"percentageIdle":0.0,"percentageIoWait":0.0,"percentageHardIrq":0.0,"percentageSoftIrq":0.0,"percentageSteal":0.0,"percentageGuest":0.0},{"timestamp":"2021-03-06T19:37:30Z","percentageCpuUsage":0.0,"percentageUser":0.0,"percentageNice":0.0,"percentageSys":0.0,"percentageIdle":0.0,"percentageIoWait":0.0,"percentageHardIrq":0.0,"percentageSoftIrq":0.0,"percentageSteal":0.0,"percentageGuest":0.0},{"timestamp":"2021-03-06T19:33:30Z","percentageCpuUsage":0.0,"percentageUser":0.0,"percentageNice":0.0,"percentageSys":0.0,"percentageIdle":0.0,"percentageIoWait":0.0,"percentageHardIrq":0.0,"percentageSoftIrq":0.0,"percentageSteal":0.0,"percentageGuest":0.0},{"timestamp":"2021-03-06T19:29:30Z","percentageCpuUsage":0.0,"percentageUser":0.0,"percentageNice":0.0,"percentageSys":0.0,"percentageIdle":0.0,"percentageIoWait":0.0,"percentageHardIrq":0.0,"percentageSoftIrq":0.0,"percentageSteal":0.0,"percentageGuest":0.0},{"timestamp":"2021-03-06T19:25:30Z","percentageCpuUsage":0.0,"percentageUser":0.0,"percentageNice":0.0,"percentageSys":0.0,"percentageIdle":0.0,"percentageIoWait":0.0,"percentageHardIrq":0.0,"percentageSoftIrq":0.0,"percentageSteal":0.0,"percentageGuest":0.0},{"timestamp":"2021-03-06T19:21:30Z","percentageCpuUsage":0.0,"percentageUser":0.0,"percentageNice":0.0,"percentageSys":0.0,"percentageIdle":0.0,"percentageIoWait":0.0,"percentageHardIrq":0.0,"percentageSoftIrq":0.0,"percentageSteal":0.0,"percentageGuest":0.0},{"timestamp":"2021-03-06T19:17:30Z","percentageCpuUsage":0.0,"percentageUser":0.0,"percentageNice":0.0,"percentageSys":0.0,"percentageIdle":0.0,"percentageIoWait":0.0,"percentageHardIrq":0.0,"percentageSoftIrq":0.0,"percentageSteal":0.0,"percentageGuest":0.0},{"timestamp":"2021-03-06T19:13:30Z","percentageCpuUsage":0.0,"percentageUser":0.0,"percentageNice":0.0,"percentageSys":0.0,"percentageIdle":0.0,"percentageIoWait":0.0,"percentageHardIrq":0.0,"percentageSoftIrq":0.0,"percentageSteal":0.0,"percentageGuest":0.0},{"timestamp":"2021-03-06T19:09:30Z","percentageCpuUsage":0.0,"percentageUser":0.0,"percentageNice":0.0,"percentageSys":0.0,"percentageIdle":0.0,"percentageIoWait":0.0,"percentageHardIrq":0.0,"percentageSoftIrq":0.0,"percentageSteal":0.0,"percentageGuest":0.0},{"timestamp":"2021-03-06T19:05:30Z","percentageCpuUsage":0.0,"percentageUser":0.0,"percentageNice":0.0,"percentageSys":0.0,"percentageIdle":0.0,"percentageIoWait":0.0,"percentageHardIrq":0.0,"percentageSoftIrq":0.0,"percentageSteal":0.0,"percentageGuest":0.0},{"timestamp":"2021-03-06T19:01:30Z","percentageCpuUsage":0.0,"percentageUser":0.0,"percentageNice":0.0,"percentageSys":0.0,"percentageIdle":0.0,"percentageIoWait":0.0,"percentageHardIrq":0.0,"percentageSoftIrq":0.0,"percentageSteal":0.0,"percentageGuest":0.0},{"timestamp":"2021-03-06T18:57:30Z","percentageCpuUsage":0.0,"percentageUser":0.0,"percentageNice":0.0,"percentageSys":0.0,"percentageIdle":0.0,"percentageIoWait":0.0,"percentageHardIrq":0.0,"percentageSoftIrq":0.0,"percentageSteal":0.0,"percentageGuest":0.0},{"timestamp":"2021-03-06T18:53:30Z","percentageCpuUsage":0.0,"percentageUser":0.0,"percentageNice":0.0,"percentageSys":0.0,"percentageIdle":0.0,"percentageIoWait":0.0,"percentageHardIrq":0.0,"percentageSoftIrq":0.0,"percentageSteal":0.0,"percentageGuest":0.0},{"timestamp":"2021-03-06T18:50:00Z","percentageCpuUsage":0.0,"percentageUser":0.0,"percentageNice":0.0,"percentageSys":0.0,"percentageIdle":0.0,"percentageIoWait":0.0,"percentageHardIrq":0.0,"percentageSoftIrq":0.0,"percentageSteal":0.0,"percentageGuest":0.0},{"timestamp":"2021-03-06T18:46:30Z","percentageCpuUsage":0.0,"percentageUser":0.0,"percentageNice":0.0,"percentageSys":0.0,"percentageIdle":0.0,"percentageIoWait":0.0,"percentageHardIrq":0.0,"percentageSoftIrq":0.0,"percentageSteal":0.0,"percentageGuest":0.0},{"timestamp":"2021-03-06T18:42:30Z","percentageCpuUsage":0.0,"percentageUser":0.0,"percentageNice":0.0,"percentageSys":0.0,"percentageIdle":0.0,"percentageIoWait":0.0,"percentageHardIrq":0.0,"percentageSoftIrq":0.0,"percentageSteal":0.0,"percentageGuest":0.0},{"timestamp":"2021-03-06T18:38:30Z","percentageCpuUsage":0.0,"percentageUser":0.0,"percentageNice":0.0,"percentageSys":0.0,"percentageIdle":0.0,"percentageIoWait":0.0,"percentageHardIrq":0.0,"percentageSoftIrq":0.0,"percentageSteal":0.0,"percentageGuest":0.0},{"timestamp":"2021-03-06T18:34:30Z","percentageCpuUsage":0.0,"percentageUser":0.0,"percentageNice":0.0,"percentageSys":0.0,"percentageIdle":0.0,"percentageIoWait":0.0,"percentageHardIrq":0.0,"percentageSoftIrq":0.0,"percentageSteal":0.0,"percentageGuest":0.0},{"timestamp":"2021-03-06T18:30:30Z","percentageCpuUsage":0.0,"percentageUser":0.0,"percentageNice":0.0,"percentageSys":0.0,"percentageIdle":0.0,"percentageIoWait":0.0,"percentageHardIrq":0.0,"percentageSoftIrq":0.0,"percentageSteal":0.0,"percentageGuest":0.0},{"timestamp":"2021-03-06T18:26:30Z","percentageCpuUsage":0.0,"percentageUser":0.0,"percentageNice":0.0,"percentageSys":0.0,"percentageIdle":0.0,"percentageIoWait":0.0,"percentageHardIrq":0.0,"percentageSoftIrq":0.0,"percentageSteal":0.0,"percentageGuest":0.0},{"timestamp":"2021-03-06T18:22:30Z","percentageCpuUsage":0.0,"percentageUser":0.0,"percentageNice":0.0,"percentageSys":0.0,"percentageIdle":0.0,"percentageIoWait":0.0,"percentageHardIrq":0.0,"percentageSoftIrq":0.0,"percentageSteal":0.0,"percentageGuest":0.0},{"timestamp":"2021-03-06T18:18:30Z","percentageCpuUsage":0.0,"percentageUser":0.0,"percentageNice":0.0,"percentageSys":0.0,"percentageIdle":0.0,"percentageIoWait":0.0,"percentageHardIrq":0.0,"percentageSoftIrq":0.0,"percentageSteal":0.0,"percentageGuest":0.0},{"timestamp":"2021-03-06T18:14:30Z","percentageCpuUsage":0.0,"percentageUser":0.0,"percentageNice":0.0,"percentageSys":0.0,"percentageIdle":0.0,"percentageIoWait":0.0,"percentageHardIrq":0.0,"percentageSoftIrq":0.0,"percentageSteal":0.0,"percentageGuest":0.0},{"timestamp":"2021-03-06T18:10:30Z","percentageCpuUsage":0.0,"percentageUser":0.0,"percentageNice":0.0,"percentageSys":0.0,"percentageIdle":0.0,"percentageIoWait":0.0,"percentageHardIrq":0.0,"percentageSoftIrq":0.0,"percentageSteal":0.0,"percentageGuest":0.0},{"timestamp":"2021-03-06T18:06:30Z","percentageCpuUsage":0.0,"percentageUser":0.0,"percentageNice":0.0,"percentageSys":0.0,"percentageIdle":0.0,"percentageIoWait":0.0,"percentageHardIrq":0.0,"percentageSoftIrq":0.0,"percentageSteal":0.0,"percentageGuest":0.0},{"timestamp":"2021-03-06T18:02:30Z","percentageCpuUsage":0.0,"percentageUser":0.0,"percentageNice":0.0,"percentageSys":0.0,"percentageIdle":0.0,"percentageIoWait":0.0,"percentageHardIrq":0.0,"percentageSoftIrq":0.0,"percentageSteal":0.0,"percentageGuest":0.0},{"timestamp":"2021-03-06T17:58:30Z","percentageCpuUsage":0.0,"percentageUser":0.0,"percentageNice":0.0,"percentageSys":0.0,"percentageIdle":0.0,"percentageIoWait":0.0,"percentageHardIrq":0.0,"percentageSoftIrq":0.0,"percentageSteal":0.0,"percentageGuest":0.0},{"timestamp":"2021-03-06T17:54:30Z","percentageCpuUsage":0.0,"percentageUser":0.0,"percentageNice":0.0,"percentageSys":0.0,"percentageIdle":0.0,"percentageIoWait":0.0,"percentageHardIrq":0.0,"percentageSoftIrq":0.0,"percentageSteal":0.0,"percentageGuest":0.0},{"timestamp":"2021-03-06T17:50:30Z","percentageCpuUsage":0.0,"percentageUser":0.0,"percentageNice":0.0,"percentageSys":0.0,"percentageIdle":0.0,"percentageIoWait":0.0,"percentageHardIrq":0.0,"percentageSoftIrq":0.0,"percentageSteal":0.0,"percentageGuest":0.0},{"timestamp":"2021-03-06T17:46:30Z","percentageCpuUsage":0.0,"percentageUser":0.0,"percentageNice":0.0,"percentageSys":0.0,"percentageIdle":0.0,"percentageIoWait":0.0,"percentageHardIrq":0.0,"percentageSoftIrq":0.0,"percentageSteal":0.0,"percentageGuest":0.0},{"timestamp":"2021-03-06T17:42:30Z","percentageCpuUsage":0.0,"percentageUser":0.0,"percentageNice":0.0,"percentageSys":0.0,"percentageIdle":0.0,"percentageIoWait":0.0,"percentageHardIrq":0.0,"percentageSoftIrq":0.0,"percentageSteal":0.0,"percentageGuest":0.0},{"timestamp":"2021-03-06T17:39:00Z","percentageCpuUsage":0.0,"percentageUser":0.0,"percentageNice":0.0,"percentageSys":0.0,"percentageIdle":0.0,"percentageIoWait":0.0,"percentageHardIrq":0.0,"percentageSoftIrq":0.0,"percentageSteal":0.0,"percentageGuest":0.0},{"timestamp":"2021-03-06T17:35:30Z","percentageCpuUsage":0.0,"percentageUser":0.0,"percentageNice":0.0,"percentageSys":0.0,"percentageIdle":0.0,"percentageIoWait":0.0,"percentageHardIrq":0.0,"percentageSoftIrq":0.0,"percentageSteal":0.0,"percentageGuest":0.0},{"timestamp":"2021-03-06T17:31:30Z","percentageCpuUsage":0.0,"percentageUser":0.0,"percentageNice":0.0,"percentageSys":0.0,"percentageIdle":0.0,"percentageIoWait":0.0,"percentageHardIrq":0.0,"percentageSoftIrq":0.0,"percentageSteal":0.0,"percentageGuest":0.0},{"timestamp":"2021-03-06T17:27:30Z","percentageCpuUsage":0.0,"percentageUser":0.0,"percentageNice":0.0,"percentageSys":0.0,"percentageIdle":0.0,"percentageIoWait":0.0,"percentageHardIrq":0.0,"percentageSoftIrq":0.0,"percentageSteal":0.0,"percentageGuest":0.0},{"timestamp":"2021-03-06T17:23:30Z","percentageCpuUsage":0.0,"percentageUser":0.0,"percentageNice":0.0,"percentageSys":0.0,"percentageIdle":0.0,"percentageIoWait":0.0,"percentageHardIrq":0.0,"percentageSoftIrq":0.0,"percentageSteal":0.0,"percentageGuest":0.0},{"timestamp":"2021-03-06T17:19:30Z","percentageCpuUsage":0.0,"percentageUser":0.0,"percentageNice":0.0,"percentageSys":0.0,"percentageIdle":0.0,"percentageIoWait":0.0,"percentageHardIrq":0.0,"percentageSoftIrq":0.0,"percentageSteal":0.0,"percentageGuest":0.0},{"timestamp":"2021-03-06T17:15:30Z","percentageCpuUsage":0.0,"percentageUser":0.0,"percentageNice":0.0,"percentageSys":0.0,"percentageIdle":0.0,"percentageIoWait":0.0,"percentageHardIrq":0.0,"percentageSoftIrq":0.0,"percentageSteal":0.0,"percentageGuest":0.0},{"timestamp":"2021-03-06T17:11:30Z","percentageCpuUsage":0.0,"percentageUser":0.0,"percentageNice":0.0,"percentageSys":0.0,"percentageIdle":0.0,"percentageIoWait":0.0,"percentageHardIrq":0.0,"percentageSoftIrq":0.0,"percentageSteal":0.0,"percentageGuest":0.0},{"timestamp":"2021-03-06T17:07:30Z","percentageCpuUsage":0.0,"percentageUser":0.0,"percentageNice":0.0,"percentageSys":0.0,"percentageIdle":0.0,"percentageIoWait":0.0,"percentageHardIrq":0.0,"percentageSoftIrq":0.0,"percentageSteal":0.0,"percentageGuest":0.0},{"timestamp":"2021-03-06T17:03:30Z","percentageCpuUsage":0.0,"percentageUser":0.0,"percentageNice":0.0,"percentageSys":0.0,"percentageIdle":0.0,"percentageIoWait":0.0,"percentageHardIrq":0.0,"percentageSoftIrq":0.0,"percentageSteal":0.0,"percentageGuest":0.0},{"timestamp":"2021-03-06T16:59:30Z","percentageCpuUsage":0.0,"percentageUser":0.0,"percentageNice":0.0,"percentageSys":0.0,"percentageIdle":0.0,"percentageIoWait":0.0,"percentageHardIrq":0.0,"percentageSoftIrq":0.0,"percentageSteal":0.0,"percentageGuest":0.0},{"timestamp":"2021-03-06T16:55:30Z","percentageCpuUsage":0.0,"percentageUser":0.0,"percentageNice":0.0,"percentageSys":0.0,"percentageIdle":0.0,"percentageIoWait":0.0,"percentageHardIrq":0.0,"percentageSoftIrq":0.0,"percentageSteal":0.0,"percentageGuest":0.0},{"timestamp":"2021-03-06T16:51:30Z","percentageCpuUsage":0.0,"percentageUser":0.0,"percentageNice":0.0,"percentageSys":0.0,"percentageIdle":0.0,"percentageIoWait":0.0,"percentageHardIrq":0.0,"percentageSoftIrq":0.0,"percentageSteal":0.0,"percentageGuest":0.0},{"timestamp":"2021-03-06T16:47:30Z","percentageCpuUsage":0.0,"percentageUser":0.0,"percentageNice":0.0,"percentageSys":0.0,"percentageIdle":0.0,"percentageIoWait":0.0,"percentageHardIrq":0.0,"percentageSoftIrq":0.0,"percentageSteal":0.0,"percentageGuest":0.0},{"timestamp":"2021-03-06T16:43:30Z","percentageCpuUsage":0.0,"percentageUser":0.0,"percentageNice":0.0,"percentageSys":0.0,"percentageIdle":0.0,"percentageIoWait":0.0,"percentageHardIrq":0.0,"percentageSoftIrq":0.0,"percentageSteal":0.0,"percentageGuest":0.0},{"timestamp":"2021-03-06T16:39:30Z","percentageCpuUsage":0.0,"percentageUser":0.0,"percentageNice":0.0,"percentageSys":0.0,"percentageIdle":0.0,"percentageIoWait":0.0,"percentageHardIrq":0.0,"percentageSoftIrq":0.0,"percentageSteal":0.0,"percentageGuest":0.0},{"timestamp":"2021-03-06T16:35:30Z","percentageCpuUsage":0.0,"percentageUser":0.0,"percentageNice":0.0,"percentageSys":0.0,"percentageIdle":0.0,"percentageIoWait":0.0,"percentageHardIrq":0.0,"percentageSoftIrq":0.0,"percentageSteal":0.0,"percentageGuest":0.0},{"timestamp":"2021-03-06T16:31:30Z","percentageCpuUsage":0.0,"percentageUser":0.0,"percentageNice":0.0,"percentageSys":0.0,"percentageIdle":0.0,"percentageIoWait":0.0,"percentageHardIrq":0.0,"percentageSoftIrq":0.0,"percentageSteal":0.0,"percentageGuest":0.0},{"timestamp":"2021-03-06T16:28:00Z","percentageCpuUsage":0.0,"percentageUser":0.0,"percentageNice":0.0,"percentageSys":0.0,"percentageIdle":0.0,"percentageIoWait":0.0,"percentageHardIrq":0.0,"percentageSoftIrq":0.0,"percentageSteal":0.0,"percentageGuest":0.0},{"timestamp":"2021-03-06T16:24:30Z","percentageCpuUsage":0.0,"percentageUser":0.0,"percentageNice":0.0,"percentageSys":0.0,"percentageIdle":0.0,"percentageIoWait":0.0,"percentageHardIrq":0.0,"percentageSoftIrq":0.0,"percentageSteal":0.0,"percentageGuest":0.0},{"timestamp":"2021-03-06T16:20:30Z","percentageCpuUsage":0.0,"percentageUser":0.0,"percentageNice":0.0,"percentageSys":0.0,"percentageIdle":0.0,"percentageIoWait":0.0,"percentageHardIrq":0.0,"percentageSoftIrq":0.0,"percentageSteal":0.0,"percentageGuest":0.0},{"timestamp":"2021-03-06T16:16:30Z","percentageCpuUsage":0.0,"percentageUser":0.0,"percentageNice":0.0,"percentageSys":0.0,"percentageIdle":0.0,"percentageIoWait":0.0,"percentageHardIrq":0.0,"percentageSoftIrq":0.0,"percentageSteal":0.0,"percentageGuest":0.0},{"timestamp":"2021-03-06T16:12:30Z","percentageCpuUsage":0.0,"percentageUser":0.0,"percentageNice":0.0,"percentageSys":0.0,"percentageIdle":0.0,"percentageIoWait":0.0,"percentageHardIrq":0.0,"percentageSoftIrq":0.0,"percentageSteal":0.0,"percentageGuest":0.0},{"timestamp":"2021-03-06T16:08:30Z","percentageCpuUsage":0.0,"percentageUser":0.0,"percentageNice":0.0,"percentageSys":0.0,"percentageIdle":0.0,"percentageIoWait":0.0,"percentageHardIrq":0.0,"percentageSoftIrq":0.0,"percentageSteal":0.0,"percentageGuest":0.0},{"timestamp":"2021-03-06T16:04:30Z","percentageCpuUsage":0.0,"percentageUser":0.0,"percentageNice":0.0,"percentageSys":0.0,"percentageIdle":0.0,"percentageIoWait":0.0,"percentageHardIrq":0.0,"percentageSoftIrq":0.0,"percentageSteal":0.0,"percentageGuest":0.0},{"timestamp":"2021-03-06T16:00:30Z","percentageCpuUsage":0.0,"percentageUser":0.0,"percentageNice":0.0,"percentageSys":0.0,"percentageIdle":0.0,"percentageIoWait":0.0,"percentageHardIrq":0.0,"percentageSoftIrq":0.0,"percentageSteal":0.0,"percentageGuest":0.0},{"timestamp":"2021-03-06T15:56:30Z","percentageCpuUsage":0.0,"percentageUser":0.0,"percentageNice":0.0,"percentageSys":0.0,"percentageIdle":0.0,"percentageIoWait":0.0,"percentageHardIrq":0.0,"percentageSoftIrq":0.0,"percentageSteal":0.0,"percentageGuest":0.0},{"timestamp":"2021-03-06T15:52:30Z","percentageCpuUsage":0.0,"percentageUser":0.0,"percentageNice":0.0,"percentageSys":0.0,"percentageIdle":0.0,"percentageIoWait":0.0,"percentageHardIrq":0.0,"percentageSoftIrq":0.0,"percentageSteal":0.0,"percentageGuest":0.0},{"timestamp":"2021-03-06T15:48:30Z","percentageCpuUsage":0.0,"percentageUser":0.0,"percentageNice":0.0,"percentageSys":0.0,"percentageIdle":0.0,"percentageIoWait":0.0,"percentageHardIrq":0.0,"percentageSoftIrq":0.0,"percentageSteal":0.0,"percentageGuest":0.0},{"timestamp":"2021-03-06T15:44:30Z","percentageCpuUsage":0.0,"percentageUser":0.0,"percentageNice":0.0,"percentageSys":0.0,"percentageIdle":0.0,"percentageIoWait":0.0,"percentageHardIrq":0.0,"percentageSoftIrq":0.0,"percentageSteal":0.0,"percentageGuest":0.0},{"timestamp":"2021-03-06T15:40:30Z","percentageCpuUsage":0.0,"percentageUser":0.0,"percentageNice":0.0,"percentageSys":0.0,"percentageIdle":0.0,"percentageIoWait":0.0,"percentageHardIrq":0.0,"percentageSoftIrq":0.0,"percentageSteal":0.0,"percentageGuest":0.0},{"timestamp":"2021-03-06T15:36:30Z","percentageCpuUsage":0.0,"percentageUser":0.0,"percentageNice":0.0,"percentageSys":0.0,"percentageIdle":0.0,"percentageIoWait":0.0,"percentageHardIrq":0.0,"percentageSoftIrq":0.0,"percentageSteal":0.0,"percentageGuest":0.0},{"timestamp":"2021-03-06T15:32:30Z","percentageCpuUsage":0.0,"percentageUser":0.0,"percentageNice":0.0,"percentageSys":0.0,"percentageIdle":0.0,"percentageIoWait":0.0,"percentageHardIrq":0.0,"percentageSoftIrq":0.0,"percentageSteal":0.0,"percentageGuest":0.0},{"timestamp":"2021-03-06T15:28:30Z","percentageCpuUsage":0.0,"percentageUser":0.0,"percentageNice":0.0,"percentageSys":0.0,"percentageIdle":0.0,"percentageIoWait":0.0,"percentageHardIrq":0.0,"percentageSoftIrq":0.0,"percentageSteal":0.0,"percentageGuest":0.0},{"timestamp":"2021-03-06T15:24:30Z","percentageCpuUsage":0.0,"percentageUser":0.0,"percentageNice":0.0,"percentageSys":0.0,"percentageIdle":0.0,"percentageIoWait":0.0,"percentageHardIrq":0.0,"percentageSoftIrq":0.0,"percentageSteal":0.0,"percentageGuest":0.0},{"timestamp":"2021-03-06T15:20:30Z","percentageCpuUsage":0.0,"percentageUser":0.0,"percentageNice":0.0,"percentageSys":0.0,"percentageIdle":0.0,"percentageIoWait":0.0,"percentageHardIrq":0.0,"percentageSoftIrq":0.0,"percentageSteal":0.0,"percentageGuest":0.0},{"timestamp":"2021-03-06T15:16:30Z","percentageCpuUsage":0.0,"percentageUser":0.0,"percentageNice":0.0,"percentageSys":0.0,"percentageIdle":0.0,"percentageIoWait":0.0,"percentageHardIrq":0.0,"percentageSoftIrq":0.0,"percentageSteal":0.0,"percentageGuest":0.0},{"timestamp":"2021-03-06T15:13:00Z","percentageCpuUsage":0.0,"percentageUser":0.0,"percentageNice":0.0,"percentageSys":0.0,"percentageIdle":0.0,"percentageIoWait":0.0,"percentageHardIrq":0.0,"percentageSoftIrq":0.0,"percentageSteal":0.0,"percentageGuest":0.0},{"timestamp":"2021-03-06T15:09:30Z","percentageCpuUsage":0.0,"percentageUser":0.0,"percentageNice":0.0,"percentageSys":0.0,"percentageIdle":0.0,"percentageIoWait":0.0,"percentageHardIrq":0.0,"percentageSoftIrq":0.0,"percentageSteal":0.0,"percentageGuest":0.0},{"timestamp":"2021-03-06T15:05:30Z","percentageCpuUsage":0.0,"percentageUser":0.0,"percentageNice":0.0,"percentageSys":0.0,"percentageIdle":0.0,"percentageIoWait":0.0,"percentageHardIrq":0.0,"percentageSoftIrq":0.0,"percentageSteal":0.0,"percentageGuest":0.0},{"timestamp":"2021-03-06T15:01:30Z","percentageCpuUsage":0.0,"percentageUser":0.0,"percentageNice":0.0,"percentageSys":0.0,"percentageIdle":0.0,"percentageIoWait":0.0,"percentageHardIrq":0.0,"percentageSoftIrq":0.0,"percentageSteal":0.0,"percentageGuest":0.0},{"timestamp":"2021-03-06T14:57:30Z","percentageCpuUsage":0.0,"percentageUser":0.0,"percentageNice":0.0,"percentageSys":0.0,"percentageIdle":0.0,"percentageIoWait":0.0,"percentageHardIrq":0.0,"percentageSoftIrq":0.0,"percentageSteal":0.0,"percentageGuest":0.0},{"timestamp":"2021-03-06T14:53:30Z","percentageCpuUsage":0.0,"percentageUser":0.0,"percentageNice":0.0,"percentageSys":0.0,"percentageIdle":0.0,"percentageIoWait":0.0,"percentageHardIrq":0.0,"percentageSoftIrq":0.0,"percentageSteal":0.0,"percentageGuest":0.0},{"timestamp":"2021-03-06T14:49:30Z","percentageCpuUsage":0.0,"percentageUser":0.0,"percentageNice":0.0,"percentageSys":0.0,"percentageIdle":0.0,"percentageIoWait":0.0,"percentageHardIrq":0.0,"percentageSoftIrq":0.0,"percentageSteal":0.0,"percentageGuest":0.0},{"timestamp":"2021-03-06T14:45:30Z","percentageCpuUsage":0.0,"percentageUser":0.0,"percentageNice":0.0,"percentageSys":0.0,"percentageIdle":0.0,"percentageIoWait":0.0,"percentageHardIrq":0.0,"percentageSoftIrq":0.0,"percentageSteal":0.0,"percentageGuest":0.0},{"timestamp":"2021-03-06T14:41:30Z","percentageCpuUsage":0.0,"percentageUser":0.0,"percentageNice":0.0,"percentageSys":0.0,"percentageIdle":0.0,"percentageIoWait":0.0,"percentageHardIrq":0.0,"percentageSoftIrq":0.0,"percentageSteal":0.0,"percentageGuest":0.0},{"timestamp":"2021-03-06T14:37:30Z","percentageCpuUsage":0.0,"percentageUser":0.0,"percentageNice":0.0,"percentageSys":0.0,"percentageIdle":0.0,"percentageIoWait":0.0,"percentageHardIrq":0.0,"percentageSoftIrq":0.0,"percentageSteal":0.0,"percentageGuest":0.0},{"timestamp":"2021-03-06T14:33:30Z","percentageCpuUsage":0.0,"percentageUser":0.0,"percentageNice":0.0,"percentageSys":0.0,"percentageIdle":0.0,"percentageIoWait":0.0,"percentageHardIrq":0.0,"percentageSoftIrq":0.0,"percentageSteal":0.0,"percentageGuest":0.0},{"timestamp":"2021-03-06T14:29:30Z","percentageCpuUsage":0.0,"percentageUser":0.0,"percentageNice":0.0,"percentageSys":0.0,"percentageIdle":0.0,"percentageIoWait":0.0,"percentageHardIrq":0.0,"percentageSoftIrq":0.0,"percentageSteal":0.0,"percentageGuest":0.0},{"timestamp":"2021-03-06T14:25:30Z","percentageCpuUsage":0.0,"percentageUser":0.0,"percentageNice":0.0,"percentageSys":0.0,"percentageIdle":0.0,"percentageIoWait":0.0,"percentageHardIrq":0.0,"percentageSoftIrq":0.0,"percentageSteal":0.0,"percentageGuest":0.0},{"timestamp":"2021-03-06T14:21:30Z","percentageCpuUsage":0.0,"percentageUser":0.0,"percentageNice":0.0,"percentageSys":0.0,"percentageIdle":0.0,"percentageIoWait":0.0,"percentageHardIrq":0.0,"percentageSoftIrq":0.0,"percentageSteal":0.0,"percentageGuest":0.0},{"timestamp":"2021-03-06T14:17:30Z","percentageCpuUsage":0.0,"percentageUser":0.0,"percentageNice":0.0,"percentageSys":0.0,"percentageIdle":0.0,"percentageIoWait":0.0,"percentageHardIrq":0.0,"percentageSoftIrq":0.0,"percentageSteal":0.0,"percentageGuest":0.0},{"timestamp":"2021-03-06T14:13:30Z","percentageCpuUsage":0.0,"percentageUser":0.0,"percentageNice":0.0,"percentageSys":0.0,"percentageIdle":0.0,"percentageIoWait":0.0,"percentageHardIrq":0.0,"percentageSoftIrq":0.0,"percentageSteal":0.0,"percentageGuest":0.0},{"timestamp":"2021-03-06T14:09:30Z","percentageCpuUsage":0.0,"percentageUser":0.0,"percentageNice":0.0,"percentageSys":0.0,"percentageIdle":0.0,"percentageIoWait":0.0,"percentageHardIrq":0.0,"percentageSoftIrq":0.0,"percentageSteal":0.0,"percentageGuest":0.0},{"timestamp":"2021-03-06T14:05:30Z","percentageCpuUsage":0.0,"percentageUser":0.0,"percentageNice":0.0,"percentageSys":0.0,"percentageIdle":0.0,"percentageIoWait":0.0,"percentageHardIrq":0.0,"percentageSoftIrq":0.0,"percentageSteal":0.0,"percentageGuest":0.0},{"timestamp":"2021-03-06T14:02:00Z","percentageCpuUsage":0.0,"percentageUser":0.0,"percentageNice":0.0,"percentageSys":0.0,"percentageIdle":0.0,"percentageIoWait":0.0,"percentageHardIrq":0.0,"percentageSoftIrq":0.0,"percentageSteal":0.0,"percentageGuest":0.0},{"timestamp":"2021-03-06T13:58:30Z","percentageCpuUsage":0.0,"percentageUser":0.0,"percentageNice":0.0,"percentageSys":0.0,"percentageIdle":0.0,"percentageIoWait":0.0,"percentageHardIrq":0.0,"percentageSoftIrq":0.0,"percentageSteal":0.0,"percentageGuest":0.0},{"timestamp":"2021-03-06T13:54:30Z","percentageCpuUsage":0.0,"percentageUser":0.0,"percentageNice":0.0,"percentageSys":0.0,"percentageIdle":0.0,"percentageIoWait":0.0,"percentageHardIrq":0.0,"percentageSoftIrq":0.0,"percentageSteal":0.0,"percentageGuest":0.0},{"timestamp":"2021-03-06T13:50:30Z","percentageCpuUsage":0.0,"percentageUser":0.0,"percentageNice":0.0,"percentageSys":0.0,"percentageIdle":0.0,"percentageIoWait":0.0,"percentageHardIrq":0.0,"percentageSoftIrq":0.0,"percentageSteal":0.0,"percentageGuest":0.0},{"timestamp":"2021-03-06T13:46:30Z","percentageCpuUsage":0.0,"percentageUser":0.0,"percentageNice":0.0,"percentageSys":0.0,"percentageIdle":0.0,"percentageIoWait":0.0,"percentageHardIrq":0.0,"percentageSoftIrq":0.0,"percentageSteal":0.0,"percentageGuest":0.0},{"timestamp":"2021-03-06T13:42:30Z","percentageCpuUsage":0.0,"percentageUser":0.0,"percentageNice":0.0,"percentageSys":0.0,"percentageIdle":0.0,"percentageIoWait":0.0,"percentageHardIrq":0.0,"percentageSoftIrq":0.0,"percentageSteal":0.0,"percentageGuest":0.0},{"timestamp":"2021-03-06T13:38:30Z","percentageCpuUsage":0.0,"percentageUser":0.0,"percentageNice":0.0,"percentageSys":0.0,"percentageIdle":0.0,"percentageIoWait":0.0,"percentageHardIrq":0.0,"percentageSoftIrq":0.0,"percentageSteal":0.0,"percentageGuest":0.0},{"timestamp":"2021-03-06T13:34:30Z","percentageCpuUsage":0.0,"percentageUser":0.0,"percentageNice":0.0,"percentageSys":0.0,"percentageIdle":0.0,"percentageIoWait":0.0,"percentageHardIrq":0.0,"percentageSoftIrq":0.0,"percentageSteal":0.0,"percentageGuest":0.0},{"timestamp":"2021-03-06T13:30:30Z","percentageCpuUsage":0.0,"percentageUser":0.0,"percentageNice":0.0,"percentageSys":0.0,"percentageIdle":0.0,"percentageIoWait":0.0,"percentageHardIrq":0.0,"percentageSoftIrq":0.0,"percentageSteal":0.0,"percentageGuest":0.0},{"timestamp":"2021-03-06T13:26:30Z","percentageCpuUsage":0.0,"percentageUser":0.0,"percentageNice":0.0,"percentageSys":0.0,"percentageIdle":0.0,"percentageIoWait":0.0,"percentageHardIrq":0.0,"percentageSoftIrq":0.0,"percentageSteal":0.0,"percentageGuest":0.0},{"timestamp":"2021-03-06T13:22:30Z","percentageCpuUsage":0.0,"percentageUser":0.0,"percentageNice":0.0,"percentageSys":0.0,"percentageIdle":0.0,"percentageIoWait":0.0,"percentageHardIrq":0.0,"percentageSoftIrq":0.0,"percentageSteal":0.0,"percentageGuest":0.0},{"timestamp":"2021-03-06T13:18:30Z","percentageCpuUsage":0.0,"percentageUser":0.0,"percentageNice":0.0,"percentageSys":0.0,"percentageIdle":0.0,"percentageIoWait":0.0,"percentageHardIrq":0.0,"percentageSoftIrq":0.0,"percentageSteal":0.0,"percentageGuest":0.0},{"timestamp":"2021-03-06T13:14:30Z","percentageCpuUsage":0.0,"percentageUser":0.0,"percentageNice":0.0,"percentageSys":0.0,"percentageIdle":0.0,"percentageIoWait":0.0,"percentageHardIrq":0.0,"percentageSoftIrq":0.0,"percentageSteal":0.0,"percentageGuest":0.0},{"timestamp":"2021-03-06T13:10:30Z","percentageCpuUsage":0.0,"percentageUser":0.0,"percentageNice":0.0,"percentageSys":0.0,"percentageIdle":0.0,"percentageIoWait":0.0,"percentageHardIrq":0.0,"percentageSoftIrq":0.0,"percentageSteal":0.0,"percentageGuest":0.0},{"timestamp":"2021-03-06T13:06:30Z","percentageCpuUsage":0.0,"percentageUser":0.0,"percentageNice":0.0,"percentageSys":0.0,"percentageIdle":0.0,"percentageIoWait":0.0,"percentageHardIrq":0.0,"percentageSoftIrq":0.0,"percentageSteal":0.0,"percentageGuest":0.0},{"timestamp":"2021-03-06T13:02:30Z","percentageCpuUsage":0.0,"percentageUser":0.0,"percentageNice":0.0,"percentageSys":0.0,"percentageIdle":0.0,"percentageIoWait":0.0,"percentageHardIrq":0.0,"percentageSoftIrq":0.0,"percentageSteal":0.0,"percentageGuest":0.0},{"timestamp":"2021-03-06T12:58:30Z","percentageCpuUsage":0.0,"percentageUser":0.0,"percentageNice":0.0,"percentageSys":0.0,"percentageIdle":0.0,"percentageIoWait":0.0,"percentageHardIrq":0.0,"percentageSoftIrq":0.0,"percentageSteal":0.0,"percentageGuest":0.0},{"timestamp":"2021-03-06T12:54:30Z","percentageCpuUsage":0.0,"percentageUser":0.0,"percentageNice":0.0,"percentageSys":0.0,"percentageIdle":0.0,"percentageIoWait":0.0,"percentageHardIrq":0.0,"percentageSoftIrq":0.0,"percentageSteal":0.0,"percentageGuest":0.0},{"timestamp":"2021-03-06T12:51:00Z","percentageCpuUsage":0.0,"percentageUser":0.0,"percentageNice":0.0,"percentageSys":0.0,"percentageIdle":0.0,"percentageIoWait":0.0,"percentageHardIrq":0.0,"percentageSoftIrq":0.0,"percentageSteal":0.0,"percentageGuest":0.0},{"timestamp":"2021-03-06T12:47:30Z","percentageCpuUsage":0.0,"percentageUser":0.0,"percentageNice":0.0,"percentageSys":0.0,"percentageIdle":0.0,"percentageIoWait":0.0,"percentageHardIrq":0.0,"percentageSoftIrq":0.0,"percentageSteal":0.0,"percentageGuest":0.0},{"timestamp":"2021-03-06T12:43:30Z","percentageCpuUsage":0.0,"percentageUser":0.0,"percentageNice":0.0,"percentageSys":0.0,"percentageIdle":0.0,"percentageIoWait":0.0,"percentageHardIrq":0.0,"percentageSoftIrq":0.0,"percentageSteal":0.0,"percentageGuest":0.0},{"timestamp":"2021-03-06T12:39:30Z","percentageCpuUsage":0.0,"percentageUser":0.0,"percentageNice":0.0,"percentageSys":0.0,"percentageIdle":0.0,"percentageIoWait":0.0,"percentageHardIrq":0.0,"percentageSoftIrq":0.0,"percentageSteal":0.0,"percentageGuest":0.0},{"timestamp":"2021-03-06T12:35:30Z","percentageCpuUsage":0.0,"percentageUser":0.0,"percentageNice":0.0,"percentageSys":0.0,"percentageIdle":0.0,"percentageIoWait":0.0,"percentageHardIrq":0.0,"percentageSoftIrq":0.0,"percentageSteal":0.0,"percentageGuest":0.0},{"timestamp":"2021-03-06T12:31:30Z","percentageCpuUsage":0.0,"percentageUser":0.0,"percentageNice":0.0,"percentageSys":0.0,"percentageIdle":0.0,"percentageIoWait":0.0,"percentageHardIrq":0.0,"percentageSoftIrq":0.0,"percentageSteal":0.0,"percentageGuest":0.0},{"timestamp":"2021-03-06T12:27:30Z","percentageCpuUsage":0.0,"percentageUser":0.0,"percentageNice":0.0,"percentageSys":0.0,"percentageIdle":0.0,"percentageIoWait":0.0,"percentageHardIrq":0.0,"percentageSoftIrq":0.0,"percentageSteal":0.0,"percentageGuest":0.0},{"timestamp":"2021-03-06T12:23:30Z","percentageCpuUsage":0.0,"percentageUser":0.0,"percentageNice":0.0,"percentageSys":0.0,"percentageIdle":0.0,"percentageIoWait":0.0,"percentageHardIrq":0.0,"percentageSoftIrq":0.0,"percentageSteal":0.0,"percentageGuest":0.0},{"timestamp":"2021-03-06T12:19:30Z","percentageCpuUsage":0.0,"percentageUser":0.0,"percentageNice":0.0,"percentageSys":0.0,"percentageIdle":0.0,"percentageIoWait":0.0,"percentageHardIrq":0.0,"percentageSoftIrq":0.0,"percentageSteal":0.0,"percentageGuest":0.0},{"timestamp":"2021-03-06T12:15:30Z","percentageCpuUsage":0.0,"percentageUser":0.0,"percentageNice":0.0,"percentageSys":0.0,"percentageIdle":0.0,"percentageIoWait":0.0,"percentageHardIrq":0.0,"percentageSoftIrq":0.0,"percentageSteal":0.0,"percentageGuest":0.0},{"timestamp":"2021-03-06T12:11:30Z","percentageCpuUsage":0.0,"percentageUser":0.0,"percentageNice":0.0,"percentageSys":0.0,"percentageIdle":0.0,"percentageIoWait":0.0,"percentageHardIrq":0.0,"percentageSoftIrq":0.0,"percentageSteal":0.0,"percentageGuest":0.0},{"timestamp":"2021-03-06T12:07:30Z","percentageCpuUsage":0.0,"percentageUser":0.0,"percentageNice":0.0,"percentageSys":0.0,"percentageIdle":0.0,"percentageIoWait":0.0,"percentageHardIrq":0.0,"percentageSoftIrq":0.0,"percentageSteal":0.0,"percentageGuest":0.0},{"timestamp":"2021-03-06T12:03:30Z","percentageCpuUsage":0.0,"percentageUser":0.0,"percentageNice":0.0,"percentageSys":0.0,"percentageIdle":0.0,"percentageIoWait":0.0,"percentageHardIrq":0.0,"percentageSoftIrq":0.0,"percentageSteal":0.0,"percentageGuest":0.0},{"timestamp":"2021-03-06T11:59:30Z","percentageCpuUsage":0.0,"percentageUser":0.0,"percentageNice":0.0,"percentageSys":0.0,"percentageIdle":0.0,"percentageIoWait":0.0,"percentageHardIrq":0.0,"percentageSoftIrq":0.0,"percentageSteal":0.0,"percentageGuest":0.0},{"timestamp":"2021-03-06T11:55:30Z","percentageCpuUsage":0.0,"percentageUser":0.0,"percentageNice":0.0,"percentageSys":0.0,"percentageIdle":0.0,"percentageIoWait":0.0,"percentageHardIrq":0.0,"percentageSoftIrq":0.0,"percentageSteal":0.0,"percentageGuest":0.0},{"timestamp":"2021-03-06T11:51:30Z","percentageCpuUsage":0.0,"percentageUser":0.0,"percentageNice":0.0,"percentageSys":0.0,"percentageIdle":0.0,"percentageIoWait":0.0,"percentageHardIrq":0.0,"percentageSoftIrq":0.0,"percentageSteal":0.0,"percentageGuest":0.0},{"timestamp":"2021-03-06T11:47:30Z","percentageCpuUsage":0.0,"percentageUser":0.0,"percentageNice":0.0,"percentageSys":0.0,"percentageIdle":0.0,"percentageIoWait":0.0,"percentageHardIrq":0.0,"percentageSoftIrq":0.0,"percentageSteal":0.0,"percentageGuest":0.0},{"timestamp":"2021-03-06T11:43:30Z","percentageCpuUsage":0.0,"percentageUser":0.0,"percentageNice":0.0,"percentageSys":0.0,"percentageIdle":0.0,"percentageIoWait":0.0,"percentageHardIrq":0.0,"percentageSoftIrq":0.0,"percentageSteal":0.0,"percentageGuest":0.0},{"timestamp":"2021-03-06T11:40:00Z","percentageCpuUsage":0.0,"percentageUser":0.0,"percentageNice":0.0,"percentageSys":0.0,"percentageIdle":0.0,"percentageIoWait":0.0,"percentageHardIrq":0.0,"percentageSoftIrq":0.0,"percentageSteal":0.0,"percentageGuest":0.0},{"timestamp":"2021-03-06T11:36:30Z","percentageCpuUsage":0.0,"percentageUser":0.0,"percentageNice":0.0,"percentageSys":0.0,"percentageIdle":0.0,"percentageIoWait":0.0,"percentageHardIrq":0.0,"percentageSoftIrq":0.0,"percentageSteal":0.0,"percentageGuest":0.0},{"timestamp":"2021-03-06T11:32:30Z","percentageCpuUsage":0.0,"percentageUser":0.0,"percentageNice":0.0,"percentageSys":0.0,"percentageIdle":0.0,"percentageIoWait":0.0,"percentageHardIrq":0.0,"percentageSoftIrq":0.0,"percentageSteal":0.0,"percentageGuest":0.0},{"timestamp":"2021-03-06T11:28:30Z","percentageCpuUsage":0.0,"percentageUser":0.0,"percentageNice":0.0,"percentageSys":0.0,"percentageIdle":0.0,"percentageIoWait":0.0,"percentageHardIrq":0.0,"percentageSoftIrq":0.0,"percentageSteal":0.0,"percentageGuest":0.0},{"timestamp":"2021-03-06T11:24:30Z","percentageCpuUsage":0.0,"percentageUser":0.0,"percentageNice":0.0,"percentageSys":0.0,"percentageIdle":0.0,"percentageIoWait":0.0,"percentageHardIrq":0.0,"percentageSoftIrq":0.0,"percentageSteal":0.0,"percentageGuest":0.0},{"timestamp":"2021-03-06T11:20:30Z","percentageCpuUsage":0.0,"percentageUser":0.0,"percentageNice":0.0,"percentageSys":0.0,"percentageIdle":0.0,"percentageIoWait":0.0,"percentageHardIrq":0.0,"percentageSoftIrq":0.0,"percentageSteal":0.0,"percentageGuest":0.0},{"timestamp":"2021-03-06T11:16:30Z","percentageCpuUsage":0.0,"percentageUser":0.0,"percentageNice":0.0,"percentageSys":0.0,"percentageIdle":0.0,"percentageIoWait":0.0,"percentageHardIrq":0.0,"percentageSoftIrq":0.0,"percentageSteal":0.0,"percentageGuest":0.0},{"timestamp":"2021-03-06T11:12:30Z","percentageCpuUsage":0.0,"percentageUser":0.0,"percentageNice":0.0,"percentageSys":0.0,"percentageIdle":0.0,"percentageIoWait":0.0,"percentageHardIrq":0.0,"percentageSoftIrq":0.0,"percentageSteal":0.0,"percentageGuest":0.0},{"timestamp":"2021-03-06T11:08:30Z","percentageCpuUsage":0.0,"percentageUser":0.0,"percentageNice":0.0,"percentageSys":0.0,"percentageIdle":0.0,"percentageIoWait":0.0,"percentageHardIrq":0.0,"percentageSoftIrq":0.0,"percentageSteal":0.0,"percentageGuest":0.0},{"timestamp":"2021-03-06T11:04:30Z","percentageCpuUsage":0.0,"percentageUser":0.0,"percentageNice":0.0,"percentageSys":0.0,"percentageIdle":0.0,"percentageIoWait":0.0,"percentageHardIrq":0.0,"percentageSoftIrq":0.0,"percentageSteal":0.0,"percentageGuest":0.0},{"timestamp":"2021-03-06T11:00:30Z","percentageCpuUsage":0.0,"percentageUser":0.0,"percentageNice":0.0,"percentageSys":0.0,"percentageIdle":0.0,"percentageIoWait":0.0,"percentageHardIrq":0.0,"percentageSoftIrq":0.0,"percentageSteal":0.0,"percentageGuest":0.0},{"timestamp":"2021-03-06T10:56:30Z","percentageCpuUsage":0.0,"percentageUser":0.0,"percentageNice":0.0,"percentageSys":0.0,"percentageIdle":0.0,"percentageIoWait":0.0,"percentageHardIrq":0.0,"percentageSoftIrq":0.0,"percentageSteal":0.0,"percentageGuest":0.0},{"timestamp":"2021-03-06T10:52:30Z","percentageCpuUsage":0.0,"percentageUser":0.0,"percentageNice":0.0,"percentageSys":0.0,"percentageIdle":0.0,"percentageIoWait":0.0,"percentageHardIrq":0.0,"percentageSoftIrq":0.0,"percentageSteal":0.0,"percentageGuest":0.0},{"timestamp":"2021-03-06T10:48:30Z","percentageCpuUsage":0.0,"percentageUser":0.0,"percentageNice":0.0,"percentageSys":0.0,"percentageIdle":0.0,"percentageIoWait":0.0,"percentageHardIrq":0.0,"percentageSoftIrq":0.0,"percentageSteal":0.0,"percentageGuest":0.0},{"timestamp":"2021-03-06T10:44:30Z","percentageCpuUsage":0.0,"percentageUser":0.0,"percentageNice":0.0,"percentageSys":0.0,"percentageIdle":0.0,"percentageIoWait":0.0,"percentageHardIrq":0.0,"percentageSoftIrq":0.0,"percentageSteal":0.0,"percentageGuest":0.0},{"timestamp":"2021-03-06T10:40:30Z","percentageCpuUsage":0.0,"percentageUser":0.0,"percentageNice":0.0,"percentageSys":0.0,"percentageIdle":0.0,"percentageIoWait":0.0,"percentageHardIrq":0.0,"percentageSoftIrq":0.0,"percentageSteal":0.0,"percentageGuest":0.0},{"timestamp":"2021-03-06T10:36:30Z","percentageCpuUsage":0.0,"percentageUser":0.0,"percentageNice":0.0,"percentageSys":0.0,"percentageIdle":0.0,"percentageIoWait":0.0,"percentageHardIrq":0.0,"percentageSoftIrq":0.0,"percentageSteal":0.0,"percentageGuest":0.0},{"timestamp":"2021-03-06T10:32:30Z","percentageCpuUsage":0.0,"percentageUser":0.0,"percentageNice":0.0,"percentageSys":0.0,"percentageIdle":0.0,"percentageIoWait":0.0,"percentageHardIrq":0.0,"percentageSoftIrq":0.0,"percentageSteal":0.0,"percentageGuest":0.0},{"timestamp":"2021-03-06T10:28:30Z","percentageCpuUsage":0.0,"percentageUser":0.0,"percentageNice":0.0,"percentageSys":0.0,"percentageIdle":0.0,"percentageIoWait":0.0,"percentageHardIrq":0.0,"percentageSoftIrq":0.0,"percentageSteal":0.0,"percentageGuest":0.0},{"timestamp":"2021-03-06T10:25:00Z","percentageCpuUsage":0.0,"percentageUser":0.0,"percentageNice":0.0,"percentageSys":0.0,"percentageIdle":0.0,"percentageIoWait":0.0,"percentageHardIrq":0.0,"percentageSoftIrq":0.0,"percentageSteal":0.0,"percentageGuest":0.0},{"timestamp":"2021-03-06T10:21:30Z","percentageCpuUsage":0.0,"percentageUser":0.0,"percentageNice":0.0,"percentageSys":0.0,"percentageIdle":0.0,"percentageIoWait":0.0,"percentageHardIrq":0.0,"percentageSoftIrq":0.0,"percentageSteal":0.0,"percentageGuest":0.0},{"timestamp":"2021-03-06T10:17:30Z","percentageCpuUsage":0.0,"percentageUser":0.0,"percentageNice":0.0,"percentageSys":0.0,"percentageIdle":0.0,"percentageIoWait":0.0,"percentageHardIrq":0.0,"percentageSoftIrq":0.0,"percentageSteal":0.0,"percentageGuest":0.0},{"timestamp":"2021-03-06T10:13:30Z","percentageCpuUsage":0.0,"percentageUser":0.0,"percentageNice":0.0,"percentageSys":0.0,"percentageIdle":0.0,"percentageIoWait":0.0,"percentageHardIrq":0.0,"percentageSoftIrq":0.0,"percentageSteal":0.0,"percentageGuest":0.0},{"timestamp":"2021-03-06T10:09:30Z","percentageCpuUsage":0.0,"percentageUser":0.0,"percentageNice":0.0,"percentageSys":0.0,"percentageIdle":0.0,"percentageIoWait":0.0,"percentageHardIrq":0.0,"percentageSoftIrq":0.0,"percentageSteal":0.0,"percentageGuest":0.0},{"timestamp":"2021-03-06T10:05:30Z","percentageCpuUsage":0.0,"percentageUser":0.0,"percentageNice":0.0,"percentageSys":0.0,"percentageIdle":0.0,"percentageIoWait":0.0,"percentageHardIrq":0.0,"percentageSoftIrq":0.0,"percentageSteal":0.0,"percentageGuest":0.0},{"timestamp":"2021-03-06T10:01:30Z","percentageCpuUsage":0.0,"percentageUser":0.0,"percentageNice":0.0,"percentageSys":0.0,"percentageIdle":0.0,"percentageIoWait":0.0,"percentageHardIrq":0.0,"percentageSoftIrq":0.0,"percentageSteal":0.0,"percentageGuest":0.0},{"timestamp":"2021-03-06T09:57:30Z","percentageCpuUsage":0.0,"percentageUser":0.0,"percentageNice":0.0,"percentageSys":0.0,"percentageIdle":0.0,"percentageIoWait":0.0,"percentageHardIrq":0.0,"percentageSoftIrq":0.0,"percentageSteal":0.0,"percentageGuest":0.0},{"timestamp":"2021-03-06T09:53:30Z","percentageCpuUsage":0.0,"percentageUser":0.0,"percentageNice":0.0,"percentageSys":0.0,"percentageIdle":0.0,"percentageIoWait":0.0,"percentageHardIrq":0.0,"percentageSoftIrq":0.0,"percentageSteal":0.0,"percentageGuest":0.0},{"timestamp":"2021-03-06T09:49:30Z","percentageCpuUsage":0.0,"percentageUser":0.0,"percentageNice":0.0,"percentageSys":0.0,"percentageIdle":0.0,"percentageIoWait":0.0,"percentageHardIrq":0.0,"percentageSoftIrq":0.0,"percentageSteal":0.0,"percentageGuest":0.0},{"timestamp":"2021-03-06T09:45:30Z","percentageCpuUsage":0.0,"percentageUser":0.0,"percentageNice":0.0,"percentageSys":0.0,"percentageIdle":0.0,"percentageIoWait":0.0,"percentageHardIrq":0.0,"percentageSoftIrq":0.0,"percentageSteal":0.0,"percentageGuest":0.0},{"timestamp":"2021-03-06T09:41:30Z","percentageCpuUsage":0.0,"percentageUser":0.0,"percentageNice":0.0,"percentageSys":0.0,"percentageIdle":0.0,"percentageIoWait":0.0,"percentageHardIrq":0.0,"percentageSoftIrq":0.0,"percentageSteal":0.0,"percentageGuest":0.0},{"timestamp":"2021-03-06T09:37:30Z","percentageCpuUsage":0.0,"percentageUser":0.0,"percentageNice":0.0,"percentageSys":0.0,"percentageIdle":0.0,"percentageIoWait":0.0,"percentageHardIrq":0.0,"percentageSoftIrq":0.0,"percentageSteal":0.0,"percentageGuest":0.0},{"timestamp":"2021-03-06T09:33:30Z","percentageCpuUsage":0.0,"percentageUser":0.0,"percentageNice":0.0,"percentageSys":0.0,"percentageIdle":0.0,"percentageIoWait":0.0,"percentageHardIrq":0.0,"percentageSoftIrq":0.0,"percentageSteal":0.0,"percentageGuest":0.0},{"timestamp":"2021-03-06T09:29:30Z","percentageCpuUsage":0.0,"percentageUser":0.0,"percentageNice":0.0,"percentageSys":0.0,"percentageIdle":0.0,"percentageIoWait":0.0,"percentageHardIrq":0.0,"percentageSoftIrq":0.0,"percentageSteal":0.0,"percentageGuest":0.0},{"timestamp":"2021-03-06T09:25:30Z","percentageCpuUsage":0.0,"percentageUser":0.0,"percentageNice":0.0,"percentageSys":0.0,"percentageIdle":0.0,"percentageIoWait":0.0,"percentageHardIrq":0.0,"percentageSoftIrq":0.0,"percentageSteal":0.0,"percentageGuest":0.0},{"timestamp":"2021-03-06T09:21:30Z","percentageCpuUsage":0.0,"percentageUser":0.0,"percentageNice":0.0,"percentageSys":0.0,"percentageIdle":0.0,"percentageIoWait":0.0,"percentageHardIrq":0.0,"percentageSoftIrq":0.0,"percentageSteal":0.0,"percentageGuest":0.0},{"timestamp":"2021-03-06T09:17:30Z","percentageCpuUsage":0.0,"percentageUser":0.0,"percentageNice":0.0,"percentageSys":0.0,"percentageIdle":0.0,"percentageIoWait":0.0,"percentageHardIrq":0.0,"percentageSoftIrq":0.0,"percentageSteal":0.0,"percentageGuest":0.0},{"timestamp":"2021-03-06T09:14:00Z","percentageCpuUsage":0.0,"percentageUser":0.0,"percentageNice":0.0,"percentageSys":0.0,"percentageIdle":0.0,"percentageIoWait":0.0,"percentageHardIrq":0.0,"percentageSoftIrq":0.0,"percentageSteal":0.0,"percentageGuest":0.0},{"timestamp":"2021-03-06T09:10:30Z","percentageCpuUsage":0.0,"percentageUser":0.0,"percentageNice":0.0,"percentageSys":0.0,"percentageIdle":0.0,"percentageIoWait":0.0,"percentageHardIrq":0.0,"percentageSoftIrq":0.0,"percentageSteal":0.0,"percentageGuest":0.0},{"timestamp":"2021-03-06T09:06:30Z","percentageCpuUsage":0.0,"percentageUser":0.0,"percentageNice":0.0,"percentageSys":0.0,"percentageIdle":0.0,"percentageIoWait":0.0,"percentageHardIrq":0.0,"percentageSoftIrq":0.0,"percentageSteal":0.0,"percentageGuest":0.0},{"timestamp":"2021-03-06T09:02:30Z","percentageCpuUsage":0.0,"percentageUser":0.0,"percentageNice":0.0,"percentageSys":0.0,"percentageIdle":0.0,"percentageIoWait":0.0,"percentageHardIrq":0.0,"percentageSoftIrq":0.0,"percentageSteal":0.0,"percentageGuest":0.0},{"timestamp":"2021-03-06T08:58:30Z","percentageCpuUsage":0.0,"percentageUser":0.0,"percentageNice":0.0,"percentageSys":0.0,"percentageIdle":0.0,"percentageIoWait":0.0,"percentageHardIrq":0.0,"percentageSoftIrq":0.0,"percentageSteal":0.0,"percentageGuest":0.0},{"timestamp":"2021-03-06T08:54:30Z","percentageCpuUsage":0.0,"percentageUser":0.0,"percentageNice":0.0,"percentageSys":0.0,"percentageIdle":0.0,"percentageIoWait":0.0,"percentageHardIrq":0.0,"percentageSoftIrq":0.0,"percentageSteal":0.0,"percentageGuest":0.0},{"timestamp":"2021-03-06T08:50:30Z","percentageCpuUsage":0.0,"percentageUser":0.0,"percentageNice":0.0,"percentageSys":0.0,"percentageIdle":0.0,"percentageIoWait":0.0,"percentageHardIrq":0.0,"percentageSoftIrq":0.0,"percentageSteal":0.0,"percentageGuest":0.0},{"timestamp":"2021-03-06T08:46:30Z","percentageCpuUsage":0.0,"percentageUser":0.0,"percentageNice":0.0,"percentageSys":0.0,"percentageIdle":0.0,"percentageIoWait":0.0,"percentageHardIrq":0.0,"percentageSoftIrq":0.0,"percentageSteal":0.0,"percentageGuest":0.0},{"timestamp":"2021-03-06T08:42:30Z","percentageCpuUsage":0.0,"percentageUser":0.0,"percentageNice":0.0,"percentageSys":0.0,"percentageIdle":0.0,"percentageIoWait":0.0,"percentageHardIrq":0.0,"percentageSoftIrq":0.0,"percentageSteal":0.0,"percentageGuest":0.0},{"timestamp":"2021-03-06T08:38:30Z","percentageCpuUsage":0.0,"percentageUser":0.0,"percentageNice":0.0,"percentageSys":0.0,"percentageIdle":0.0,"percentageIoWait":0.0,"percentageHardIrq":0.0,"percentageSoftIrq":0.0,"percentageSteal":0.0,"percentageGuest":0.0},{"timestamp":"2021-03-06T08:34:30Z","percentageCpuUsage":0.0,"percentageUser":0.0,"percentageNice":0.0,"percentageSys":0.0,"percentageIdle":0.0,"percentageIoWait":0.0,"percentageHardIrq":0.0,"percentageSoftIrq":0.0,"percentageSteal":0.0,"percentageGuest":0.0},{"timestamp":"2021-03-06T08:30:30Z","percentageCpuUsage":0.0,"percentageUser":0.0,"percentageNice":0.0,"percentageSys":0.0,"percentageIdle":0.0,"percentageIoWait":0.0,"percentageHardIrq":0.0,"percentageSoftIrq":0.0,"percentageSteal":0.0,"percentageGuest":0.0},{"timestamp":"2021-03-06T08:26:30Z","percentageCpuUsage":0.0,"percentageUser":0.0,"percentageNice":0.0,"percentageSys":0.0,"percentageIdle":0.0,"percentageIoWait":0.0,"percentageHardIrq":0.0,"percentageSoftIrq":0.0,"percentageSteal":0.0,"percentageGuest":0.0},{"timestamp":"2021-03-06T08:22:30Z","percentageCpuUsage":0.0,"percentageUser":0.0,"percentageNice":0.0,"percentageSys":0.0,"percentageIdle":0.0,"percentageIoWait":0.0,"percentageHardIrq":0.0,"percentageSoftIrq":0.0,"percentageSteal":0.0,"percentageGuest":0.0},{"timestamp":"2021-03-06T08:18:30Z","percentageCpuUsage":0.0,"percentageUser":0.0,"percentageNice":0.0,"percentageSys":0.0,"percentageIdle":0.0,"percentageIoWait":0.0,"percentageHardIrq":0.0,"percentageSoftIrq":0.0,"percentageSteal":0.0,"percentageGuest":0.0},{"timestamp":"2021-03-06T08:14:30Z","percentageCpuUsage":0.0,"percentageUser":0.0,"percentageNice":0.0,"percentageSys":0.0,"percentageIdle":0.0,"percentageIoWait":0.0,"percentageHardIrq":0.0,"percentageSoftIrq":0.0,"percentageSteal":0.0,"percentageGuest":0.0},{"timestamp":"2021-03-06T08:10:30Z","percentageCpuUsage":0.0,"percentageUser":0.0,"percentageNice":0.0,"percentageSys":0.0,"percentageIdle":0.0,"percentageIoWait":0.0,"percentageHardIrq":0.0,"percentageSoftIrq":0.0,"percentageSteal":0.0,"percentageGuest":0.0},{"timestamp":"2021-03-06T08:06:30Z","percentageCpuUsage":0.0,"percentageUser":0.0,"percentageNice":0.0,"percentageSys":0.0,"percentageIdle":0.0,"percentageIoWait":0.0,"percentageHardIrq":0.0,"percentageSoftIrq":0.0,"percentageSteal":0.0,"percentageGuest":0.0},{"timestamp":"2021-03-06T08:03:00Z","percentageCpuUsage":0.0,"percentageUser":0.0,"percentageNice":0.0,"percentageSys":0.0,"percentageIdle":0.0,"percentageIoWait":0.0,"percentageHardIrq":0.0,"percentageSoftIrq":0.0,"percentageSteal":0.0,"percentageGuest":0.0},{"timestamp":"2021-03-06T07:59:30Z","percentageCpuUsage":0.0,"percentageUser":0.0,"percentageNice":0.0,"percentageSys":0.0,"percentageIdle":0.0,"percentageIoWait":0.0,"percentageHardIrq":0.0,"percentageSoftIrq":0.0,"percentageSteal":0.0,"percentageGuest":0.0},{"timestamp":"2021-03-06T07:55:30Z","percentageCpuUsage":0.0,"percentageUser":0.0,"percentageNice":0.0,"percentageSys":0.0,"percentageIdle":0.0,"percentageIoWait":0.0,"percentageHardIrq":0.0,"percentageSoftIrq":0.0,"percentageSteal":0.0,"percentageGuest":0.0},{"timestamp":"2021-03-06T07:51:30Z","percentageCpuUsage":0.0,"percentageUser":0.0,"percentageNice":0.0,"percentageSys":0.0,"percentageIdle":0.0,"percentageIoWait":0.0,"percentageHardIrq":0.0,"percentageSoftIrq":0.0,"percentageSteal":0.0,"percentageGuest":0.0},{"timestamp":"2021-03-06T07:47:30Z","percentageCpuUsage":0.0,"percentageUser":0.0,"percentageNice":0.0,"percentageSys":0.0,"percentageIdle":0.0,"percentageIoWait":0.0,"percentageHardIrq":0.0,"percentageSoftIrq":0.0,"percentageSteal":0.0,"percentageGuest":0.0},{"timestamp":"2021-03-06T07:43:30Z","percentageCpuUsage":0.0,"percentageUser":0.0,"percentageNice":0.0,"percentageSys":0.0,"percentageIdle":0.0,"percentageIoWait":0.0,"percentageHardIrq":0.0,"percentageSoftIrq":0.0,"percentageSteal":0.0,"percentageGuest":0.0},{"timestamp":"2021-03-06T07:39:30Z","percentageCpuUsage":0.0,"percentageUser":0.0,"percentageNice":0.0,"percentageSys":0.0,"percentageIdle":0.0,"percentageIoWait":0.0,"percentageHardIrq":0.0,"percentageSoftIrq":0.0,"percentageSteal":0.0,"percentageGuest":0.0},{"timestamp":"2021-03-06T07:35:30Z","percentageCpuUsage":0.0,"percentageUser":0.0,"percentageNice":0.0,"percentageSys":0.0,"percentageIdle":0.0,"percentageIoWait":0.0,"percentageHardIrq":0.0,"percentageSoftIrq":0.0,"percentageSteal":0.0,"percentageGuest":0.0},{"timestamp":"2021-03-06T07:31:30Z","percentageCpuUsage":0.0,"percentageUser":0.0,"percentageNice":0.0,"percentageSys":0.0,"percentageIdle":0.0,"percentageIoWait":0.0,"percentageHardIrq":0.0,"percentageSoftIrq":0.0,"percentageSteal":0.0,"percentageGuest":0.0},{"timestamp":"2021-03-06T07:27:30Z","percentageCpuUsage":0.0,"percentageUser":0.0,"percentageNice":0.0,"percentageSys":0.0,"percentageIdle":0.0,"percentageIoWait":0.0,"percentageHardIrq":0.0,"percentageSoftIrq":0.0,"percentageSteal":0.0,"percentageGuest":0.0},{"timestamp":"2021-03-06T07:23:30Z","percentageCpuUsage":0.0,"percentageUser":0.0,"percentageNice":0.0,"percentageSys":0.0,"percentageIdle":0.0,"percentageIoWait":0.0,"percentageHardIrq":0.0,"percentageSoftIrq":0.0,"percentageSteal":0.0,"percentageGuest":0.0},{"timestamp":"2021-03-06T07:19:30Z","percentageCpuUsage":0.0,"percentageUser":0.0,"percentageNice":0.0,"percentageSys":0.0,"percentageIdle":0.0,"percentageIoWait":0.0,"percentageHardIrq":0.0,"percentageSoftIrq":0.0,"percentageSteal":0.0,"percentageGuest":0.0},{"timestamp":"2021-03-06T07:15:30Z","percentageCpuUsage":0.0,"percentageUser":0.0,"percentageNice":0.0,"percentageSys":0.0,"percentageIdle":0.0,"percentageIoWait":0.0,"percentageHardIrq":0.0,"percentageSoftIrq":0.0,"percentageSteal":0.0,"percentageGuest":0.0},{"timestamp":"2021-03-06T07:11:30Z","percentageCpuUsage":0.0,"percentageUser":0.0,"percentageNice":0.0,"percentageSys":0.0,"percentageIdle":0.0,"percentageIoWait":0.0,"percentageHardIrq":0.0,"percentageSoftIrq":0.0,"percentageSteal":0.0,"percentageGuest":0.0},{"timestamp":"2021-03-06T07:07:30Z","percentageCpuUsage":0.0,"percentageUser":0.0,"percentageNice":0.0,"percentageSys":0.0,"percentageIdle":0.0,"percentageIoWait":0.0,"percentageHardIrq":0.0,"percentageSoftIrq":0.0,"percentageSteal":0.0,"percentageGuest":0.0},{"timestamp":"2021-03-06T07:03:30Z","percentageCpuUsage":0.0,"percentageUser":0.0,"percentageNice":0.0,"percentageSys":0.0,"percentageIdle":0.0,"percentageIoWait":0.0,"percentageHardIrq":0.0,"percentageSoftIrq":0.0,"percentageSteal":0.0,"percentageGuest":0.0},{"timestamp":"2021-03-06T06:59:30Z","percentageCpuUsage":0.0,"percentageUser":0.0,"percentageNice":0.0,"percentageSys":0.0,"percentageIdle":0.0,"percentageIoWait":0.0,"percentageHardIrq":0.0,"percentageSoftIrq":0.0,"percentageSteal":0.0,"percentageGuest":0.0},{"timestamp":"2021-03-06T06:55:30Z","percentageCpuUsage":0.0,"percentageUser":0.0,"percentageNice":0.0,"percentageSys":0.0,"percentageIdle":0.0,"percentageIoWait":0.0,"percentageHardIrq":0.0,"percentageSoftIrq":0.0,"percentageSteal":0.0,"percentageGuest":0.0},{"timestamp":"2021-03-06T06:52:00Z","percentageCpuUsage":0.0,"percentageUser":0.0,"percentageNice":0.0,"percentageSys":0.0,"percentageIdle":0.0,"percentageIoWait":0.0,"percentageHardIrq":0.0,"percentageSoftIrq":0.0,"percentageSteal":0.0,"percentageGuest":0.0}],"numMembers":365}
