{"members":[{"timestamp":"2021-03-07T06:37:30Z","physicalMemoryBytes":50246541312,"availableMemoryBytes":39717070426,"percentageMemoryUsage":20.9556,"totalSwapBytes":63998783488,"availableSwapBytes":63565366129},{"timestamp":"2021-03-07T06:07:30Z","physicalMemoryBytes":50246541312,"availableMemoryBytes":39692685922,"percentageMemoryUsage":21.0041,"totalSwapBytes":63998783488,"availableSwapBytes":63571473487},{"timestamp":"2021-03-07T05:40:00Z","physicalMemoryBytes":50246541312,"availableMemoryBytes":39683195891,"percentageMemoryUsage":21.023,"totalSwapBytes":63998783488,"availableSwapBytes":63578932261},{"timestamp":"2021-03-07T05:12:30Z","physicalMemoryBytes":50246541312,"availableMemoryBytes":39694892461,"percentageMemoryUsage":20.9998,"totalSwapBytes":63998783488,"availableSwapBytes":63585785841},{"timestamp":"2021-03-07T04:45:00Z","physicalMemoryBytes":50246541312,"availableMemoryBytes":39675633698,"percentageMemoryUsage":21.0381,"totalSwapBytes":63998783488,"availableSwapBytes":63592661490},{"timestamp":"2021-03-07T04:17:30Z","physicalMemoryBytes":50246541312,"availableMemoryBytes":39644784972,"percentageMemoryUsage":21.0995,"totalSwapBytes":63998783488,"availableSwapBytes":63599326826},{"timestamp":"2021-03-07T03:50:00Z","physicalMemoryBytes":50246541312,"availableMemoryBytes":39627940432,"percentageMemoryUsage":21.133,"totalSwapBytes":63998783488,"availableSwapBytes":63604403123},{"timestamp":"2021-03-07T03:22:30Z","physicalMemoryBytes":50246541312,"availableMemoryBytes":39632524564,"percentageMemoryUsage":21.1239,"totalSwapBytes":63998783488,"availableSwapBytes":63607505016},{"timestamp":"2021-03-07T02:55:00Z","physicalMemoryBytes":50246541312,"availableMemoryBytes":39642547462,"percentageMemoryUsage":21.1039,"totalSwapBytes":63998783488,"availableSwapBytes":63610828016},{"timestamp":"2021-03-07T02:27:30Z","physicalMemoryBytes":50246541312,"availableMemoryBytes":39642636938,"percentageMemoryUsage":21.1037,"totalSwapBytes":63998783488,"availableSwapBytes":63615829192},{"timestamp":"2021-03-07T02:00:00Z","physicalMemoryBytes":50246541312,"availableMemoryBytes":39659381811,"percentageMemoryUsage":21.0704,"totalSwapBytes":63998783488,"availableSwapBytes":63619398267},{"timestamp":"2021-03-07T01:32:30Z","physicalMemoryBytes":50246541312,"availableMemoryBytes":39651008075,"percentageMemoryUsage":21.0871,"totalSwapBytes":63998783488,"availableSwapBytes":63623916896},{"timestamp":"2021-03-07T01:05:00Z","physicalMemoryBytes":50246541312,"availableMemoryBytes":39636180830,"percentageMemoryUsage":21.1166,"totalSwapBytes":63998783488,"availableSwapBytes":63626342407},{"timestamp":"2021-03-07T00:37:30Z","physicalMemoryBytes":50246541312,"availableMemoryBytes":39621572469,"percentageMemoryUsage":21.1457,"totalSwapBytes":63998783488,"availableSwapBytes":63633226563},{"timestamp":"2021-03-07T00:10:00Z","physicalMemoryBytes":50246541312,"availableMemoryBytes":39594090823,"percentageMemoryUsage":21.2004,"totalSwapBytes":63998783488,"availableSwapBytes":63640042237},{"timestamp":"2021-03-06T23:42:30Z","physicalMemoryBytes":50246541312,"availableMemoryBytes":39591970859,"percentageMemoryUsage":21.2046,"totalSwapBytes":63998783488,"availableSwapBytes":63647166183},{"timestamp":"2021-03-06T23:15:00Z","physicalMemoryBytes":50246541312,"availableMemoryBytes":39556513014,"percentageMemoryUsage":21.2752,"totalSwapBytes":63998783488,"availableSwapBytes":63653154247},{"timestamp":"2021-03-06T22:47:30Z","physicalMemoryBytes":50246541312,"availableMemoryBytes":39530526683,"percentageMemoryUsage":21.3269,"totalSwapBytes":63998783488,"availableSwapBytes":63656862860},{"timestamp":"2021-03-06T22:20:00Z","physicalMemoryBytes":50246541312,"availableMemoryBytes":39583158335,"percentageMemoryUsage":21.2221,"totalSwapBytes":63998783488,"availableSwapBytes":63661768401},{"timestamp":"2021-03-06T21:52:30Z","physicalMemoryBytes":50246541312,"availableMemoryBytes":39585954981,"percentageMemoryUsage":21.2166,"totalSwapBytes":63998783488,"availableSwapBytes":63667859230},{"timestamp":"2021-03-06T21:22:30Z","physicalMemoryBytes":50246541312,"availableMemoryBytes":39592225170,"percentageMemoryUsage":21.2041,"totalSwapBytes":63998783488,"availableSwapBytes":63671386749},{"timestamp":"2021-03-06T20:55:00Z","physicalMemoryBytes":50246541312,"availableMemoryBytes":39589539826,"percentageMemoryUsage":21.2094,"totalSwapBytes":63998783488,"availableSwapBytes":63675564945},{"timestamp":"2021-03-06T20:27:30Z","physicalMemoryBytes":50246541312,"availableMemoryBytes":39589279444,"percentageMemoryUsage":21.2099,"totalSwapBytes":63998783488,"availableSwapBytes":63679119496},{"timestamp":"2021-03-06T20:00:00Z","physicalMemoryBytes":50246541312,"availableMemoryBytes":39590236195,"percentageMemoryUsage":21.208,"totalSwapBytes":63998783488,"availableSwapBytes":63682540502},{"timestamp":"2021-03-06T19:32:30Z","physicalMemoryBytes":50246541312,"availableMemoryBytes":39574946606,"percentageMemoryUsage":21.2385,"totalSwapBytes":63998783488,"availableSwapBytes":63686400540},{"timestamp":"2021-03-06T19:05:00Z","physicalMemoryBytes":50246541312,"availableMemoryBytes":39560485119,"percentageMemoryUsage":21.2672,"totalSwapBytes":63998783488,"availableSwapBytes":63693836174},{"timestamp":"2021-03-06T18:37:30Z","physicalMemoryBytes":50246541312,"availableMemoryBytes":39551257266,"percentageMemoryUsage":21.2856,"totalSwapBytes":63998783488,"availableSwapBytes":63701008014},{"timestamp":"2021-03-06T18:10:00Z","physicalMemoryBytes":50246541312,"availableMemoryBytes":39539330162,"percentageMemoryUsage":21.3093,"totalSwapBytes":63998783488,"availableSwapBytes":63707212192},{"timestamp":"2021-03-06T17:42:30Z","physicalMemoryBytes":50246541312,"availableMemoryBytes":39548481366,"percentageMemoryUsage":21.2911,"totalSwapBytes":63998783488,"availableSwapBytes":63712167222},{"timestamp":"2021-03-06T17:15:00Z","physicalMemoryBytes":50246541312,"availableMemoryBytes":39543449039,"percentageMemoryUsage":21.3012,"totalSwapBytes":63998783488,"availableSwapBytes":63717484722},{"timestamp":"2021-03-06T16:47:30Z","physicalMemoryBytes":50246541312,"availableMemoryBytes":39556417248,"percentageMemoryUsage":21.2753,"totalSwapBytes":63998783488,"availableSwapBytes":63723072718},{"timestamp":"2021-03-06T16:20:00Z","physicalMemoryBytes":50246541312,"availableMemoryBytes":39555336891,"percentageMemoryUsage":21.2775,"totalSwapBytes":63998783488,"availableSwapBytes":63729306715},{"timestamp":"2021-03-06T15:52:30Z","physicalMemoryBytes":50246541312,"availableMemoryBytes":39546368754,"percentageMemoryUsage":21.2953,"totalSwapBytes":63998783488,"availableSwapBytes":63733873333},{"timestamp":"2021-03-06T15:25:00Z","physicalMemoryBytes":50246541312,"availableMemoryBytes":39541262757,"percentageMemoryUsage":21.3055,"totalSwapBytes":63998783488,"availableSwapBytes":63739000629},{"timestamp":"2021-03-06T14:57:30Z","physicalMemoryBytes":50246541312,"availableMemoryBytes":39497927504,"percentageMemoryUsage":21.3917,"totalSwapBytes":63998783488,"availableSwapBytes":63745517527},{"timestamp":"2021-03-06T14:30:00Z","physicalMemoryBytes":50246541312,"availableMemoryBytes":39541467979,"percentageMemoryUsage":21.3051,"totalSwapBytes":63998783488,"availableSwapBytes":63757844834},{"timestamp":"2021-03-06T14:02:30Z","physicalMemoryBytes":50246541312,"availableMemoryBytes":39509071583,"percentageMemoryUsage":21.3696,"totalSwapBytes":63998783488,"availableSwapBytes":63777558003},{"timestamp":"2021-03-06T13:35:00Z","physicalMemoryBytes":50246541312,"availableMemoryBytes":39421023131,"percentageMemoryUsage":21.5448,"totalSwapBytes":63998783488,"availableSwapBytes":63795519352},{"timestamp":"2021-03-06T13:07:30Z","physicalMemoryBytes":50246541312,"availableMemoryBytes":39234161627,"percentageMemoryUsage":21.9167,"totalSwapBytes":63998783488,"availableSwapBytes":63804571132},{"timestamp":"2021-03-06T12:37:30Z","physicalMemoryBytes":50246541312,"availableMemoryBytes":39265200447,"percentageMemoryUsage":21.8549,"totalSwapBytes":63998783488,"availableSwapBytes":63804806238},{"timestamp":"2021-03-06T12:10:00Z","physicalMemoryBytes":50246541312,"availableMemoryBytes":39251660162,"percentageMemoryUsage":21.8819,"totalSwapBytes":63998783488,"availableSwapBytes":63804796927},{"timestamp":"2021-03-06T11:42:30Z","physicalMemoryBytes":50246541312,"availableMemoryBytes":39261255379,"percentageMemoryUsage":21.8628,"totalSwapBytes":63998783488,"availableSwapBytes":63804775082},{"timestamp":"2021-03-06T11:15:00Z","physicalMemoryBytes":50246541312,"availableMemoryBytes":39310295998,"percentageMemoryUsage":21.7652,"totalSwapBytes":63998783488,"availableSwapBytes":63804010495},{"timestamp":"2021-03-06T10:47:30Z","physicalMemoryBytes":50246541312,"availableMemoryBytes":39357042259,"percentageMemoryUsage":21.6721,"totalSwapBytes":63998783488,"availableSwapBytes":63804010495},{"timestamp":"2021-03-06T10:20:00Z","physicalMemoryBytes":50246541312,"availableMemoryBytes":39355657182,"percentageMemoryUsage":21.6749,"totalSwapBytes":63998783488,"availableSwapBytes":63804010495},{"timestamp":"2021-03-06T09:52:30Z","physicalMemoryBytes":50246541312,"availableMemoryBytes":39354944894,"percentageMemoryUsage":21.6763,"totalSwapBytes":63998783488,"availableSwapBytes":63804010495},{"timestamp":"2021-03-06T09:25:00Z","physicalMemoryBytes":50246541312,"availableMemoryBytes":39356442725,"percentageMemoryUsage":21.6733,"totalSwapBytes":63998783488,"availableSwapBytes":63804010323},{"timestamp":"2021-03-06T08:57:30Z","physicalMemoryBytes":50246541312,"availableMemoryBytes":39359958337,"percentageMemoryUsage":21.6663,"totalSwapBytes":63998783488,"availableSwapBytes":63803783446},{"timestamp":"2021-03-06T08:30:00Z","physicalMemoryBytes":50246541312,"availableMemoryBytes":39354333614,"percentageMemoryUsage":21.6775,"totalSwapBytes":63998783488,"availableSwapBytes":63803653105},{"timestamp":"2021-03-06T08:02:30Z","physicalMemoryBytes":50246541312,"availableMemoryBytes":39350332425,"percentageMemoryUsage":21.6855,"totalSwapBytes":63998783488,"availableSwapBytes":63803486207},{"timestamp":"2021-03-06T07:35:00Z","physicalMemoryBytes":50246541312,"availableMemoryBytes":39346547333,"percentageMemoryUsage":21.693,"totalSwapBytes":63998783488,"availableSwapBytes":63803486207},{"timestamp":"2021-03-06T07:07:30Z","physicalMemoryBytes":50246541312,"availableMemoryBytes":39313558103,"percentageMemoryUsage":21.7587,"totalSwapBytes":63998783488,"availableSwapBytes":63803485884},{"timestamp":"2021-03-06T06:40:00Z","physicalMemoryBytes":50246541312,"availableMemoryBytes":39340728133,"percentageMemoryUsage":21.7046,"totalSwapBytes":63998783488,"availableSwapBytes":63803253288},{"timestamp":"2021-03-06T06:12:30Z","physicalMemoryBytes":50246541312,"availableMemoryBytes":39258582768,"percentageMemoryUsage":21.8681,"totalSwapBytes":63998783488,"availableSwapBytes":63809203827},{"timestamp":"2021-03-06T05:45:00Z","physicalMemoryBytes":50246541312,"availableMemoryBytes":39019321874,"percentageMemoryUsage":22.3443,"totalSwapBytes":63998783488,"availableSwapBytes":63818431158},{"timestamp":"2021-03-06T05:17:30Z","physicalMemoryBytes":50246541312,"availableMemoryBytes":39020961363,"percentageMemoryUsage":22.341,"totalSwapBytes":63998783488,"availableSwapBytes":63820711924},{"timestamp":"2021-03-06T04:50:00Z","physicalMemoryBytes":50246541312,"availableMemoryBytes":39018767945,"percentageMemoryUsage":22.3454,"totalSwapBytes":63998783488,"availableSwapBytes":63822109780},{"timestamp":"2021-03-06T04:22:30Z","physicalMemoryBytes":50246541312,"availableMemoryBytes":38843244425,"percentageMemoryUsage":22.6947,"totalSwapBytes":63998783488,"availableSwapBytes":63823590176},{"timestamp":"2021-03-06T03:52:30Z","physicalMemoryBytes":50246541312,"availableMemoryBytes":38649163182,"percentageMemoryUsage":23.0809,"totalSwapBytes":63998783488,"availableSwapBytes":63827200665},{"timestamp":"2021-03-06T03:25:00Z","physicalMemoryBytes":50246541312,"availableMemoryBytes":38666490354,"percentageMemoryUsage":23.0465,"totalSwapBytes":63998783488,"availableSwapBytes":63831469057},{"timestamp":"2021-03-06T02:57:30Z","physicalMemoryBytes":50246541312,"availableMemoryBytes":38677903632,"percentageMemoryUsage":23.0237,"totalSwapBytes":63998783488,"availableSwapBytes":63834702523},{"timestamp":"2021-03-06T02:30:00Z","physicalMemoryBytes":50246541312,"availableMemoryBytes":38925687253,"percentageMemoryUsage":22.5306,"totalSwapBytes":63998783488,"availableSwapBytes":63840288460},{"timestamp":"2021-03-06T02:02:30Z","physicalMemoryBytes":50246541312,"availableMemoryBytes":38938144148,"percentageMemoryUsage":22.5058,"totalSwapBytes":63998783488,"availableSwapBytes":63843474019},{"timestamp":"2021-03-06T01:35:00Z","physicalMemoryBytes":50246541312,"availableMemoryBytes":38937808071,"percentageMemoryUsage":22.5065,"totalSwapBytes":63998783488,"availableSwapBytes":63845700964},{"timestamp":"2021-03-06T01:07:30Z","physicalMemoryBytes":50246541312,"availableMemoryBytes":38937425425,"percentageMemoryUsage":22.5073,"totalSwapBytes":63998783488,"availableSwapBytes":63849309748},{"timestamp":"2021-03-06T00:40:00Z","physicalMemoryBytes":50246541312,"availableMemoryBytes":38946894071,"percentageMemoryUsage":22.4884,"totalSwapBytes":63998783488,"availableSwapBytes":63851560626},{"timestamp":"2021-03-06T00:12:30Z","physicalMemoryBytes":50246541312,"availableMemoryBytes":38992678426,"percentageMemoryUsage":22.3973,"totalSwapBytes":63998783488,"availableSwapBytes":63852405498},{"timestamp":"2021-03-05T23:45:00Z","physicalMemoryBytes":50246541312,"availableMemoryBytes":39209867993,"percentageMemoryUsage":21.965,"totalSwapBytes":63998783488,"availableSwapBytes":63856682779},{"timestamp":"2021-03-05T23:17:30Z","physicalMemoryBytes":50246541312,"availableMemoryBytes":39253686458,"percentageMemoryUsage":21.8778,"totalSwapBytes":63998783488,"availableSwapBytes":63859563904},{"timestamp":"2021-03-05T22:50:00Z","physicalMemoryBytes":50246541312,"availableMemoryBytes":39255960562,"percentageMemoryUsage":21.8733,"totalSwapBytes":63998783488,"availableSwapBytes":63860371456},{"timestamp":"2021-03-05T22:22:30Z","physicalMemoryBytes":50246541312,"availableMemoryBytes":39330625327,"percentageMemoryUsage":21.7247,"totalSwapBytes":63998783488,"availableSwapBytes":63860371456},{"timestamp":"2021-03-05T21:55:00Z","physicalMemoryBytes":50246541312,"availableMemoryBytes":39338772166,"percentageMemoryUsage":21.7085,"totalSwapBytes":63998783488,"availableSwapBytes":63860371456},{"timestamp":"2021-03-05T21:27:30Z","physicalMemoryBytes":50246541312,"availableMemoryBytes":39336978382,"percentageMemoryUsage":21.7121,"totalSwapBytes":63998783488,"availableSwapBytes":63860371456},{"timestamp":"2021-03-05T21:00:00Z","physicalMemoryBytes":50246541312,"availableMemoryBytes":39332600741,"percentageMemoryUsage":21.7208,"totalSwapBytes":63998783488,"availableSwapBytes":63860523498},{"timestamp":"2021-03-05T20:32:30Z","physicalMemoryBytes":50246541312,"availableMemoryBytes":39334959013,"percentageMemoryUsage":21.7161,"totalSwapBytes":63998783488,"availableSwapBytes":63860633599},{"timestamp":"2021-03-05T20:05:00Z","physicalMemoryBytes":50246541312,"availableMemoryBytes":39331537972,"percentageMemoryUsage":21.7229,"totalSwapBytes":63998783488,"availableSwapBytes":63860633599},{"timestamp":"2021-03-05T19:37:30Z","physicalMemoryBytes":50246541312,"availableMemoryBytes":39334064094,"percentageMemoryUsage":21.7179,"totalSwapBytes":63998783488,"availableSwapBytes":63860633599},{"timestamp":"2021-03-05T19:07:30Z","physicalMemoryBytes":50246541312,"availableMemoryBytes":39340082290,"percentageMemoryUsage":21.7059,"totalSwapBytes":63998783488,"availableSwapBytes":63860633599},{"timestamp":"2021-03-05T18:40:00Z","physicalMemoryBytes":50246541312,"availableMemoryBytes":39335226952,"percentageMemoryUsage":21.7156,"totalSwapBytes":63998783488,"availableSwapBytes":63860633599},{"timestamp":"2021-03-05T18:12:30Z","physicalMemoryBytes":50246541312,"availableMemoryBytes":39332685172,"percentageMemoryUsage":21.7206,"totalSwapBytes":63998783488,"availableSwapBytes":63860633599},{"timestamp":"2021-03-05T17:45:00Z","physicalMemoryBytes":50246541312,"availableMemoryBytes":39337007211,"percentageMemoryUsage":21.712,"totalSwapBytes":63998783488,"availableSwapBytes":63860633599},{"timestamp":"2021-03-05T17:17:30Z","physicalMemoryBytes":50246541312,"availableMemoryBytes":39335860442,"percentageMemoryUsage":21.7143,"totalSwapBytes":63998783488,"availableSwapBytes":63860633599},{"timestamp":"2021-03-05T16:50:00Z","physicalMemoryBytes":50246541312,"availableMemoryBytes":39335110806,"percentageMemoryUsage":21.7158,"totalSwapBytes":63998783488,"availableSwapBytes":63860633599},{"timestamp":"2021-03-05T16:22:30Z","physicalMemoryBytes":50246541312,"availableMemoryBytes":39339831277,"percentageMemoryUsage":21.7064,"totalSwapBytes":63998783488,"availableSwapBytes":63860633599},{"timestamp":"2021-03-05T15:55:00Z","physicalMemoryBytes":50246541312,"availableMemoryBytes":39335593444,"percentageMemoryUsage":21.7148,"totalSwapBytes":63998783488,"availableSwapBytes":63860633599},{"timestamp":"2021-03-05T15:27:30Z","physicalMemoryBytes":50246541312,"availableMemoryBytes":39332350053,"percentageMemoryUsage":21.7213,"totalSwapBytes":63998783488,"availableSwapBytes":63860633599},{"timestamp":"2021-03-05T15:00:00Z","physicalMemoryBytes":50246541312,"availableMemoryBytes":39286422565,"percentageMemoryUsage":21.8127,"totalSwapBytes":63998783488,"availableSwapBytes":63860633599},{"timestamp":"2021-03-05T14:32:30Z","physicalMemoryBytes":50246541312,"availableMemoryBytes":39340665587,"percentageMemoryUsage":21.7047,"totalSwapBytes":63998783488,"availableSwapBytes":63860633599},{"timestamp":"2021-03-05T14:05:00Z","physicalMemoryBytes":50246541312,"availableMemoryBytes":39343916354,"percentageMemoryUsage":21.6983,"totalSwapBytes":63998783488,"availableSwapBytes":63860633599},{"timestamp":"2021-03-05T13:37:30Z","physicalMemoryBytes":50246541312,"availableMemoryBytes":39340094885,"percentageMemoryUsage":21.7059,"totalSwapBytes":63998783488,"availableSwapBytes":63860633599},{"timestamp":"2021-03-05T13:10:00Z","physicalMemoryBytes":50246541312,"availableMemoryBytes":39340749699,"percentageMemoryUsage":21.7046,"totalSwapBytes":63998783488,"availableSwapBytes":63860633599},{"timestamp":"2021-03-05T12:42:30Z","physicalMemoryBytes":50246541312,"availableMemoryBytes":39343485014,"percentageMemoryUsage":21.6991,"totalSwapBytes":63998783488,"availableSwapBytes":63860633599},{"timestamp":"2021-03-05T12:15:00Z","physicalMemoryBytes":50246541312,"availableMemoryBytes":39338047963,"percentageMemoryUsage":21.7099,"totalSwapBytes":63998783488,"availableSwapBytes":63860633599},{"timestamp":"2021-03-05T11:47:30Z","physicalMemoryBytes":50246541312,"availableMemoryBytes":39343119328,"percentageMemoryUsage":21.6998,"totalSwapBytes":63998783488,"availableSwapBytes":63860633002},{"timestamp":"2021-03-05T11:20:00Z","physicalMemoryBytes":50246541312,"availableMemoryBytes":39342988275,"percentageMemoryUsage":21.7001,"totalSwapBytes":63998783488,"availableSwapBytes":63859542048},{"timestamp":"2021-03-05T10:52:30Z","physicalMemoryBytes":50246541312,"availableMemoryBytes":39345056843,"percentageMemoryUsage":21.696,"totalSwapBytes":63998783488,"availableSwapBytes":63859322879},{"timestamp":"2021-03-05T10:22:30Z","physicalMemoryBytes":50246541312,"availableMemoryBytes":39341835873,"percentageMemoryUsage":21.7024,"totalSwapBytes":63998783488,"availableSwapBytes":63859322879},{"timestamp":"2021-03-05T09:55:00Z","physicalMemoryBytes":50246541312,"availableMemoryBytes":39345597105,"percentageMemoryUsage":21.6949,"totalSwapBytes":63998783488,"availableSwapBytes":63859322879},{"timestamp":"2021-03-05T09:27:30Z","physicalMemoryBytes":50246541312,"availableMemoryBytes":39340786699,"percentageMemoryUsage":21.7045,"totalSwapBytes":63998783488,"availableSwapBytes":63859322879},{"timestamp":"2021-03-05T09:00:00Z","physicalMemoryBytes":50246541312,"availableMemoryBytes":39336565855,"percentageMemoryUsage":21.7129,"totalSwapBytes":63998783488,"availableSwapBytes":63859322879},{"timestamp":"2021-03-05T08:32:30Z","physicalMemoryBytes":50246541312,"availableMemoryBytes":39336836005,"percentageMemoryUsage":21.7124,"totalSwapBytes":63998783488,"availableSwapBytes":63859322879},{"timestamp":"2021-03-05T08:05:00Z","physicalMemoryBytes":50246541312,"availableMemoryBytes":39344167222,"percentageMemoryUsage":21.6978,"totalSwapBytes":63998783488,"availableSwapBytes":63859322879},{"timestamp":"2021-03-05T07:37:30Z","physicalMemoryBytes":50246541312,"availableMemoryBytes":39320015106,"percentageMemoryUsage":21.7458,"totalSwapBytes":63998783488,"availableSwapBytes":63859322879},{"timestamp":"2021-03-05T07:10:00Z","physicalMemoryBytes":50246541312,"availableMemoryBytes":39305606298,"percentageMemoryUsage":21.7745,"totalSwapBytes":63998783488,"availableSwapBytes":63859322879},{"timestamp":"2021-03-05T06:42:30Z","physicalMemoryBytes":50246541312,"availableMemoryBytes":39292167721,"percentageMemoryUsage":21.8012,"totalSwapBytes":63998783488,"availableSwapBytes":63859320695},{"timestamp":"2021-03-05T06:15:00Z","physicalMemoryBytes":50246541312,"availableMemoryBytes":39352329497,"percentageMemoryUsage":21.6815,"totalSwapBytes":63998783488,"availableSwapBytes":63859322880},{"timestamp":"2021-03-05T05:47:30Z","physicalMemoryBytes":50246541312,"availableMemoryBytes":39353227247,"percentageMemoryUsage":21.6797,"totalSwapBytes":63998783488,"availableSwapBytes":63859322880},{"timestamp":"2021-03-05T05:20:00Z","physicalMemoryBytes":50246541312,"availableMemoryBytes":39352297981,"percentageMemoryUsage":21.6816,"totalSwapBytes":63998783488,"availableSwapBytes":63859322880},{"timestamp":"2021-03-05T04:52:30Z","physicalMemoryBytes":50246541312,"availableMemoryBytes":39351352064,"percentageMemoryUsage":21.6835,"totalSwapBytes":63998783488,"availableSwapBytes":63859322880},{"timestamp":"2021-03-05T04:25:00Z","physicalMemoryBytes":50246541312,"availableMemoryBytes":39352818378,"percentageMemoryUsage":21.6805,"totalSwapBytes":63998783488,"availableSwapBytes":63859322880},{"timestamp":"2021-03-05T03:57:30Z","physicalMemoryBytes":50246541312,"availableMemoryBytes":39352131055,"percentageMemoryUsage":21.6819,"totalSwapBytes":63998783488,"availableSwapBytes":63859322880},{"timestamp":"2021-03-05T03:30:00Z","physicalMemoryBytes":50246541312,"availableMemoryBytes":39352700763,"percentageMemoryUsage":21.6808,"totalSwapBytes":63998783488,"availableSwapBytes":63859322880},{"timestamp":"2021-03-05T03:02:30Z","physicalMemoryBytes":50246541312,"availableMemoryBytes":39352014995,"percentageMemoryUsage":21.6821,"totalSwapBytes":63998783488,"availableSwapBytes":63859322880},{"timestamp":"2021-03-05T02:35:00Z","physicalMemoryBytes":50246541312,"availableMemoryBytes":39355017216,"percentageMemoryUsage":21.6762,"totalSwapBytes":63998783488,"availableSwapBytes":63859322880},{"timestamp":"2021-03-05T02:07:30Z","physicalMemoryBytes":50246541312,"availableMemoryBytes":39356871945,"percentageMemoryUsage":21.6725,"totalSwapBytes":63998783488,"availableSwapBytes":63859322880},{"timestamp":"2021-03-05T01:37:30Z","physicalMemoryBytes":50246541312,"availableMemoryBytes":39349483244,"percentageMemoryUsage":21.6872,"totalSwapBytes":63998783488,"availableSwapBytes":63859341084},{"timestamp":"2021-03-05T01:10:00Z","physicalMemoryBytes":50246541312,"availableMemoryBytes":39342673105,"percentageMemoryUsage":21.7007,"totalSwapBytes":63998783488,"availableSwapBytes":63859585024},{"timestamp":"2021-03-05T00:42:30Z","physicalMemoryBytes":50246541312,"availableMemoryBytes":39348966451,"percentageMemoryUsage":21.6882,"totalSwapBytes":63998783488,"availableSwapBytes":63859585024},{"timestamp":"2021-03-05T00:15:00Z","physicalMemoryBytes":50246541312,"availableMemoryBytes":39343904613,"percentageMemoryUsage":21.6983,"totalSwapBytes":63998783488,"availableSwapBytes":63859585024},{"timestamp":"2021-03-04T23:47:30Z","physicalMemoryBytes":50246541312,"availableMemoryBytes":39330344755,"percentageMemoryUsage":21.7253,"totalSwapBytes":63998783488,"availableSwapBytes":63859614001},{"timestamp":"2021-03-04T23:20:00Z","physicalMemoryBytes":50246541312,"availableMemoryBytes":39285737198,"percentageMemoryUsage":21.814,"totalSwapBytes":63998783488,"availableSwapBytes":63860543776},{"timestamp":"2021-03-04T22:52:30Z","physicalMemoryBytes":50246541312,"availableMemoryBytes":39377921271,"percentageMemoryUsage":21.6306,"totalSwapBytes":63998783488,"availableSwapBytes":63861150605},{"timestamp":"2021-03-04T22:25:00Z","physicalMemoryBytes":50246541312,"availableMemoryBytes":39437708259,"percentageMemoryUsage":21.5116,"totalSwapBytes":63998783488,"availableSwapBytes":63860633599},{"timestamp":"2021-03-04T21:57:30Z","physicalMemoryBytes":50246541312,"availableMemoryBytes":39413293962,"percentageMemoryUsage":21.5602,"totalSwapBytes":63998783488,"availableSwapBytes":63860633599},{"timestamp":"2021-03-04T21:30:00Z","physicalMemoryBytes":50246541312,"availableMemoryBytes":39329551180,"percentageMemoryUsage":21.7268,"totalSwapBytes":63998783488,"availableSwapBytes":63860633599},{"timestamp":"2021-03-04T21:02:30Z","physicalMemoryBytes":50246541312,"availableMemoryBytes":39334747136,"percentageMemoryUsage":21.7165,"totalSwapBytes":63998783488,"availableSwapBytes":63860585539},{"timestamp":"2021-03-04T20:35:00Z","physicalMemoryBytes":50246541312,"availableMemoryBytes":39359231128,"percentageMemoryUsage":21.6678,"totalSwapBytes":63998783488,"availableSwapBytes":63860371455},{"timestamp":"2021-03-04T20:07:30Z","physicalMemoryBytes":50246541312,"availableMemoryBytes":39379606303,"percentageMemoryUsage":21.6272,"totalSwapBytes":63998783488,"availableSwapBytes":63860371455},{"timestamp":"2021-03-04T19:40:00Z","physicalMemoryBytes":50246541312,"availableMemoryBytes":39428592550,"percentageMemoryUsage":21.5297,"totalSwapBytes":63998783488,"availableSwapBytes":63860371455},{"timestamp":"2021-03-04T19:12:30Z","physicalMemoryBytes":50246541312,"availableMemoryBytes":39431010864,"percentageMemoryUsage":21.5249,"totalSwapBytes":63998783488,"availableSwapBytes":63860371455},{"timestamp":"2021-03-04T18:45:00Z","physicalMemoryBytes":50246541312,"availableMemoryBytes":39435987715,"percentageMemoryUsage":21.515,"totalSwapBytes":63998783488,"availableSwapBytes":63860371455},{"timestamp":"2021-03-04T18:17:30Z","physicalMemoryBytes":50246541312,"availableMemoryBytes":39420924110,"percentageMemoryUsage":21.545,"totalSwapBytes":63998783488,"availableSwapBytes":63860371455},{"timestamp":"2021-03-04T17:50:00Z","physicalMemoryBytes":50246541312,"availableMemoryBytes":39428411471,"percentageMemoryUsage":21.5301,"totalSwapBytes":63998783488,"availableSwapBytes":63860371455},{"timestamp":"2021-03-04T17:22:30Z","physicalMemoryBytes":50246541312,"availableMemoryBytes":39427053732,"percentageMemoryUsage":21.5328,"totalSwapBytes":63998783488,"availableSwapBytes":63860371455},{"timestamp":"2021-03-04T16:52:30Z","physicalMemoryBytes":50246541312,"availableMemoryBytes":39432482558,"percentageMemoryUsage":21.522,"totalSwapBytes":63998783488,"availableSwapBytes":63860371455},{"timestamp":"2021-03-04T16:25:00Z","physicalMemoryBytes":50246541312,"availableMemoryBytes":39429066500,"percentageMemoryUsage":21.5288,"totalSwapBytes":63998783488,"availableSwapBytes":63860371455},{"timestamp":"2021-03-04T15:57:30Z","physicalMemoryBytes":50246541312,"availableMemoryBytes":39424964657,"percentageMemoryUsage":21.537,"totalSwapBytes":63998783488,"availableSwapBytes":63860371455},{"timestamp":"2021-03-04T15:30:00Z","physicalMemoryBytes":50246541312,"availableMemoryBytes":39419148713,"percentageMemoryUsage":21.5485,"totalSwapBytes":63998783488,"availableSwapBytes":63860371455},{"timestamp":"2021-03-04T15:02:30Z","physicalMemoryBytes":50246541312,"availableMemoryBytes":39352900953,"percentageMemoryUsage":21.6804,"totalSwapBytes":63998783488,"availableSwapBytes":63860371455},{"timestamp":"2021-03-04T14:35:00Z","physicalMemoryBytes":50246541312,"availableMemoryBytes":39416269762,"percentageMemoryUsage":21.5543,"totalSwapBytes":63998783488,"availableSwapBytes":63860371455},{"timestamp":"2021-03-04T14:07:30Z","physicalMemoryBytes":50246541312,"availableMemoryBytes":39436461707,"percentageMemoryUsage":21.5141,"totalSwapBytes":63998783488,"availableSwapBytes":63860371455},{"timestamp":"2021-03-04T13:40:00Z","physicalMemoryBytes":50246541312,"availableMemoryBytes":39432686832,"percentageMemoryUsage":21.5216,"totalSwapBytes":63998783488,"availableSwapBytes":63860371455},{"timestamp":"2021-03-04T13:12:30Z","physicalMemoryBytes":50246541312,"availableMemoryBytes":39435640342,"percentageMemoryUsage":21.5157,"totalSwapBytes":63998783488,"availableSwapBytes":63860371455},{"timestamp":"2021-03-04T12:45:00Z","physicalMemoryBytes":50246541312,"availableMemoryBytes":39440449689,"percentageMemoryUsage":21.5061,"totalSwapBytes":63998783488,"availableSwapBytes":63860371455},{"timestamp":"2021-03-04T12:17:30Z","physicalMemoryBytes":50246541312,"availableMemoryBytes":39441979205,"percentageMemoryUsage":21.5031,"totalSwapBytes":63998783488,"availableSwapBytes":63860371455},{"timestamp":"2021-03-04T11:50:00Z","physicalMemoryBytes":50246541312,"availableMemoryBytes":39438054267,"percentageMemoryUsage":21.5109,"totalSwapBytes":63998783488,"availableSwapBytes":63860371450},{"timestamp":"2021-03-04T11:22:30Z","physicalMemoryBytes":50246541312,"availableMemoryBytes":39444634512,"percentageMemoryUsage":21.4978,"totalSwapBytes":63998783488,"availableSwapBytes":63860007370},{"timestamp":"2021-03-04T10:55:00Z","physicalMemoryBytes":50246541312,"availableMemoryBytes":39443998640,"percentageMemoryUsage":21.4991,"totalSwapBytes":63998783488,"availableSwapBytes":63859847167},{"timestamp":"2021-03-04T10:27:30Z","physicalMemoryBytes":50246541312,"availableMemoryBytes":39441393344,"percentageMemoryUsage":21.5043,"totalSwapBytes":63998783488,"availableSwapBytes":63859847167},{"timestamp":"2021-03-04T10:00:00Z","physicalMemoryBytes":50246541312,"availableMemoryBytes":39442173475,"percentageMemoryUsage":21.5027,"totalSwapBytes":63998783488,"availableSwapBytes":63859847167},{"timestamp":"2021-03-04T09:32:30Z","physicalMemoryBytes":50246541312,"availableMemoryBytes":39441480955,"percentageMemoryUsage":21.5041,"totalSwapBytes":63998783488,"availableSwapBytes":63859847167},{"timestamp":"2021-03-04T09:05:00Z","physicalMemoryBytes":50246541312,"availableMemoryBytes":39434076707,"percentageMemoryUsage":21.5188,"totalSwapBytes":63998783488,"availableSwapBytes":63859847167},{"timestamp":"2021-03-04T08:37:30Z","physicalMemoryBytes":50246541312,"availableMemoryBytes":39433735634,"percentageMemoryUsage":21.5195,"totalSwapBytes":63998783488,"availableSwapBytes":63859847167},{"timestamp":"2021-03-04T08:07:30Z","physicalMemoryBytes":50246541312,"availableMemoryBytes":39436190724,"percentageMemoryUsage":21.5146,"totalSwapBytes":63998783488,"availableSwapBytes":63859847167},{"timestamp":"2021-03-04T07:40:00Z","physicalMemoryBytes":50246541312,"availableMemoryBytes":39434964967,"percentageMemoryUsage":21.5171,"totalSwapBytes":63998783488,"availableSwapBytes":63859847167},{"timestamp":"2021-03-04T07:12:30Z","physicalMemoryBytes":50246541312,"availableMemoryBytes":39425666806,"percentageMemoryUsage":21.5356,"totalSwapBytes":63998783488,"availableSwapBytes":63859847167},{"timestamp":"2021-03-04T06:45:00Z","physicalMemoryBytes":50246541312,"availableMemoryBytes":39404341632,"percentageMemoryUsage":21.578,"totalSwapBytes":63998783488,"availableSwapBytes":63859729203},{"timestamp":"2021-03-04T06:17:30Z","physicalMemoryBytes":50246541312,"availableMemoryBytes":39438137096,"percentageMemoryUsage":21.5107,"totalSwapBytes":63998783488,"availableSwapBytes":63859585024},{"timestamp":"2021-03-04T05:50:00Z","physicalMemoryBytes":50246541312,"availableMemoryBytes":39434760738,"percentageMemoryUsage":21.5175,"totalSwapBytes":63998783488,"availableSwapBytes":63859585024},{"timestamp":"2021-03-04T05:22:30Z","physicalMemoryBytes":50246541312,"availableMemoryBytes":39443653379,"percentageMemoryUsage":21.4998,"totalSwapBytes":63998783488,"availableSwapBytes":63859585024},{"timestamp":"2021-03-04T04:55:00Z","physicalMemoryBytes":50246541312,"availableMemoryBytes":39445951672,"percentageMemoryUsage":21.4952,"totalSwapBytes":63998783488,"availableSwapBytes":63859585024},{"timestamp":"2021-03-04T04:27:30Z","physicalMemoryBytes":50246541312,"availableMemoryBytes":39442619320,"percentageMemoryUsage":21.5018,"totalSwapBytes":63998783488,"availableSwapBytes":63859585024},{"timestamp":"2021-03-04T04:00:00Z","physicalMemoryBytes":50246541312,"availableMemoryBytes":39437007158,"percentageMemoryUsage":21.513,"totalSwapBytes":63998783488,"availableSwapBytes":63859585024},{"timestamp":"2021-03-04T03:32:30Z","physicalMemoryBytes":50246541312,"availableMemoryBytes":39444504591,"percentageMemoryUsage":21.4981,"totalSwapBytes":63998783488,"availableSwapBytes":63859585024},{"timestamp":"2021-03-04T03:05:00Z","physicalMemoryBytes":50246541312,"availableMemoryBytes":39442884498,"percentageMemoryUsage":21.5013,"totalSwapBytes":63998783488,"availableSwapBytes":63859585024},{"timestamp":"2021-03-04T02:37:30Z","physicalMemoryBytes":50246541312,"availableMemoryBytes":39446905809,"percentageMemoryUsage":21.4933,"totalSwapBytes":63998783488,"availableSwapBytes":63859585024},{"timestamp":"2021-03-04T02:10:00Z","physicalMemoryBytes":50246541312,"availableMemoryBytes":39396698943,"percentageMemoryUsage":21.5932,"totalSwapBytes":63998783488,"availableSwapBytes":63859585024},{"timestamp":"2021-03-04T01:42:30Z","physicalMemoryBytes":50246541312,"availableMemoryBytes":39362390012,"percentageMemoryUsage":21.6615,"totalSwapBytes":63998783488,"availableSwapBytes":63859585024},{"timestamp":"2021-03-04T01:15:00Z","physicalMemoryBytes":50246541312,"availableMemoryBytes":39363464536,"percentageMemoryUsage":21.6594,"totalSwapBytes":63998783488,"availableSwapBytes":63859698619},{"timestamp":"2021-03-04T00:47:30Z","physicalMemoryBytes":50246541312,"availableMemoryBytes":39386499050,"percentageMemoryUsage":21.6135,"totalSwapBytes":63998783488,"availableSwapBytes":63859847168},{"timestamp":"2021-03-04T00:20:00Z","physicalMemoryBytes":50246541312,"availableMemoryBytes":39341267362,"percentageMemoryUsage":21.7035,"totalSwapBytes":63998783488,"availableSwapBytes":63859875129},{"timestamp":"2021-03-03T23:52:30Z","physicalMemoryBytes":50246541312,"availableMemoryBytes":39397688761,"percentageMemoryUsage":21.5912,"totalSwapBytes":63998783488,"availableSwapBytes":63860109312},{"timestamp":"2021-03-03T23:22:30Z","physicalMemoryBytes":50246541312,"availableMemoryBytes":39331047868,"percentageMemoryUsage":21.7239,"totalSwapBytes":63998783488,"availableSwapBytes":63860359076},{"timestamp":"2021-03-03T22:55:00Z","physicalMemoryBytes":50246541312,"availableMemoryBytes":39348350073,"percentageMemoryUsage":21.6894,"totalSwapBytes":63998783488,"availableSwapBytes":63860895743},{"timestamp":"2021-03-03T22:27:30Z","physicalMemoryBytes":50246541312,"availableMemoryBytes":39442062623,"percentageMemoryUsage":21.5029,"totalSwapBytes":63998783488,"availableSwapBytes":63860895743},{"timestamp":"2021-03-03T22:00:00Z","physicalMemoryBytes":50246541312,"availableMemoryBytes":39449462496,"percentageMemoryUsage":21.4882,"totalSwapBytes":63998783488,"availableSwapBytes":63860895743},{"timestamp":"2021-03-03T21:32:30Z","physicalMemoryBytes":50246541312,"availableMemoryBytes":39448492527,"percentageMemoryUsage":21.4901,"totalSwapBytes":63998783488,"availableSwapBytes":63860895743},{"timestamp":"2021-03-03T21:05:00Z","physicalMemoryBytes":50246541312,"availableMemoryBytes":39444358042,"percentageMemoryUsage":21.4984,"totalSwapBytes":63998783488,"availableSwapBytes":63860895743},{"timestamp":"2021-03-03T20:37:30Z","physicalMemoryBytes":50246541312,"availableMemoryBytes":39445874896,"percentageMemoryUsage":21.4953,"totalSwapBytes":63998783488,"availableSwapBytes":63860567335},{"timestamp":"2021-03-03T20:10:00Z","physicalMemoryBytes":50246541312,"availableMemoryBytes":39442903761,"percentageMemoryUsage":21.5013,"totalSwapBytes":63998783488,"availableSwapBytes":63860109311},{"timestamp":"2021-03-03T19:42:30Z","physicalMemoryBytes":50246541312,"availableMemoryBytes":39441831250,"percentageMemoryUsage":21.5034,"totalSwapBytes":63998783488,"availableSwapBytes":63859984065},{"timestamp":"2021-03-03T19:15:00Z","physicalMemoryBytes":50246541312,"availableMemoryBytes":39449610326,"percentageMemoryUsage":21.4879,"totalSwapBytes":63998783488,"availableSwapBytes":63859847168},{"timestamp":"2021-03-03T18:47:30Z","physicalMemoryBytes":50246541312,"availableMemoryBytes":39446491748,"percentageMemoryUsage":21.4941,"totalSwapBytes":63998783488,"availableSwapBytes":63859847168},{"timestamp":"2021-03-03T18:20:00Z","physicalMemoryBytes":50246541312,"availableMemoryBytes":39448063603,"percentageMemoryUsage":21.491,"totalSwapBytes":63998783488,"availableSwapBytes":63859847168},{"timestamp":"2021-03-03T17:52:30Z","physicalMemoryBytes":50246541312,"availableMemoryBytes":39451243324,"percentageMemoryUsage":21.4847,"totalSwapBytes":63998783488,"availableSwapBytes":63859847168},{"timestamp":"2021-03-03T17:25:00Z","physicalMemoryBytes":50246541312,"availableMemoryBytes":39452549515,"percentageMemoryUsage":21.4821,"totalSwapBytes":63998783488,"availableSwapBytes":63859847168},{"timestamp":"2021-03-03T16:57:30Z","physicalMemoryBytes":50246541312,"availableMemoryBytes":36921940436,"percentageMemoryUsage":26.5184,"totalSwapBytes":63998783488,"availableSwapBytes":63859851978},{"timestamp":"2021-03-03T16:30:00Z","physicalMemoryBytes":50246541312,"availableMemoryBytes":38891959919,"percentageMemoryUsage":22.5977,"totalSwapBytes":63998783488,"availableSwapBytes":63863129553},{"timestamp":"2021-03-03T16:02:30Z","physicalMemoryBytes":50246541312,"availableMemoryBytes":39434240177,"percentageMemoryUsage":21.5185,"totalSwapBytes":63998783488,"availableSwapBytes":63863517183},{"timestamp":"2021-03-03T15:35:00Z","physicalMemoryBytes":50246541312,"availableMemoryBytes":39432342921,"percentageMemoryUsage":21.5223,"totalSwapBytes":63998783488,"availableSwapBytes":63863517183},{"timestamp":"2021-03-03T15:07:30Z","physicalMemoryBytes":50246541312,"availableMemoryBytes":39393907896,"percentageMemoryUsage":21.5988,"totalSwapBytes":63998783488,"availableSwapBytes":63863517183},{"timestamp":"2021-03-03T14:40:00Z","physicalMemoryBytes":50246541312,"availableMemoryBytes":39367714172,"percentageMemoryUsage":21.6509,"totalSwapBytes":63998783488,"availableSwapBytes":63863517183},{"timestamp":"2021-03-03T14:12:30Z","physicalMemoryBytes":50246541312,"availableMemoryBytes":39433203561,"percentageMemoryUsage":21.5206,"totalSwapBytes":63998783488,"availableSwapBytes":63863517183},{"timestamp":"2021-03-03T13:42:30Z","physicalMemoryBytes":50246541312,"availableMemoryBytes":39434947086,"percentageMemoryUsage":21.5171,"totalSwapBytes":63998783488,"availableSwapBytes":63863517183},{"timestamp":"2021-03-03T13:15:00Z","physicalMemoryBytes":50246541312,"availableMemoryBytes":39436613964,"percentageMemoryUsage":21.5138,"totalSwapBytes":63998783488,"availableSwapBytes":63863517183},{"timestamp":"2021-03-03T12:47:30Z","physicalMemoryBytes":50246541312,"availableMemoryBytes":39435794807,"percentageMemoryUsage":21.5154,"totalSwapBytes":63998783488,"availableSwapBytes":63863517183},{"timestamp":"2021-03-03T12:20:00Z","physicalMemoryBytes":50246541312,"availableMemoryBytes":39432791209,"percentageMemoryUsage":21.5214,"totalSwapBytes":63998783488,"availableSwapBytes":63863517183},{"timestamp":"2021-03-03T11:52:30Z","physicalMemoryBytes":50246541312,"availableMemoryBytes":39445597431,"percentageMemoryUsage":21.4959,"totalSwapBytes":63998783488,"availableSwapBytes":63863517183},{"timestamp":"2021-03-03T11:25:00Z","physicalMemoryBytes":50246541312,"availableMemoryBytes":39436760358,"percentageMemoryUsage":21.5135,"totalSwapBytes":63998783488,"availableSwapBytes":63863517183},{"timestamp":"2021-03-03T10:57:30Z","physicalMemoryBytes":50246541312,"availableMemoryBytes":39437981703,"percentageMemoryUsage":21.5111,"totalSwapBytes":63998783488,"availableSwapBytes":63863517183},{"timestamp":"2021-03-03T10:30:00Z","physicalMemoryBytes":50246541312,"availableMemoryBytes":39434717156,"percentageMemoryUsage":21.5175,"totalSwapBytes":63998783488,"availableSwapBytes":63863517183},{"timestamp":"2021-03-03T10:02:30Z","physicalMemoryBytes":50246541312,"availableMemoryBytes":39436412201,"percentageMemoryUsage":21.5142,"totalSwapBytes":63998783488,"availableSwapBytes":63863517183},{"timestamp":"2021-03-03T09:35:00Z","physicalMemoryBytes":50246541312,"availableMemoryBytes":39047131028,"percentageMemoryUsage":22.2889,"totalSwapBytes":63998783488,"availableSwapBytes":63863517169},{"timestamp":"2021-03-03T09:07:30Z","physicalMemoryBytes":50246541312,"availableMemoryBytes":37251479250,"percentageMemoryUsage":25.8626,"totalSwapBytes":63998783488,"availableSwapBytes":63863300926},{"timestamp":"2021-03-03T08:40:00Z","physicalMemoryBytes":50246541312,"availableMemoryBytes":39480906146,"percentageMemoryUsage":21.4256,"totalSwapBytes":63998783488,"availableSwapBytes":63863255040},{"timestamp":"2021-03-03T08:12:30Z","physicalMemoryBytes":50246541312,"availableMemoryBytes":39476051874,"percentageMemoryUsage":21.4353,"totalSwapBytes":63998783488,"availableSwapBytes":63863255040},{"timestamp":"2021-03-03T07:45:00Z","physicalMemoryBytes":50246541312,"availableMemoryBytes":39482546612,"percentageMemoryUsage":21.4224,"totalSwapBytes":63998783488,"availableSwapBytes":63863255040},{"timestamp":"2021-03-03T07:17:30Z","physicalMemoryBytes":50246541312,"availableMemoryBytes":39480049189,"percentageMemoryUsage":21.4273,"totalSwapBytes":63998783488,"availableSwapBytes":63863255040},{"timestamp":"2021-03-03T06:50:00Z","physicalMemoryBytes":50246541312,"availableMemoryBytes":39425991600,"percentageMemoryUsage":21.5349,"totalSwapBytes":63998783488,"availableSwapBytes":63863255040},{"timestamp":"2021-03-03T06:22:30Z","physicalMemoryBytes":50246541312,"availableMemoryBytes":39484990145,"percentageMemoryUsage":21.4175,"totalSwapBytes":63998783488,"availableSwapBytes":63863255040},{"timestamp":"2021-03-03T05:55:00Z","physicalMemoryBytes":50246541312,"availableMemoryBytes":39477865132,"percentageMemoryUsage":21.4317,"totalSwapBytes":63998783488,"availableSwapBytes":63863255045},{"timestamp":"2021-03-03T05:27:30Z","physicalMemoryBytes":50246541312,"availableMemoryBytes":39430560761,"percentageMemoryUsage":21.5258,"totalSwapBytes":63998783488,"availableSwapBytes":63863446546},{"timestamp":"2021-03-03T04:57:30Z","physicalMemoryBytes":50246541312,"availableMemoryBytes":39432685443,"percentageMemoryUsage":21.5216,"totalSwapBytes":63998783488,"availableSwapBytes":63863517184},{"timestamp":"2021-03-03T04:30:00Z","physicalMemoryBytes":50246541312,"availableMemoryBytes":39439455060,"percentageMemoryUsage":21.5081,"totalSwapBytes":63998783488,"availableSwapBytes":63863517184},{"timestamp":"2021-03-03T04:02:30Z","physicalMemoryBytes":50246541312,"availableMemoryBytes":39428781231,"percentageMemoryUsage":21.5294,"totalSwapBytes":63998783488,"availableSwapBytes":63863770463},{"timestamp":"2021-03-03T03:35:00Z","physicalMemoryBytes":50246541312,"availableMemoryBytes":39401247353,"percentageMemoryUsage":21.5842,"totalSwapBytes":63998783488,"availableSwapBytes":63868498181},{"timestamp":"2021-03-03T03:07:30Z","physicalMemoryBytes":50246541312,"availableMemoryBytes":39383238950,"percentageMemoryUsage":21.62,"totalSwapBytes":63998783488,"availableSwapBytes":63876617568},{"timestamp":"2021-03-03T02:40:00Z","physicalMemoryBytes":50246541312,"availableMemoryBytes":39366543202,"percentageMemoryUsage":21.6532,"totalSwapBytes":63998783488,"availableSwapBytes":63879525647},{"timestamp":"2021-03-03T02:12:30Z","physicalMemoryBytes":50246541312,"availableMemoryBytes":39285667965,"percentageMemoryUsage":21.8142,"totalSwapBytes":63998783488,"availableSwapBytes":63880818688},{"timestamp":"2021-03-03T01:45:00Z","physicalMemoryBytes":50246541312,"availableMemoryBytes":39293698448,"percentageMemoryUsage":21.7982,"totalSwapBytes":63998783488,"availableSwapBytes":63880899966},{"timestamp":"2021-03-03T01:17:30Z","physicalMemoryBytes":50246541312,"availableMemoryBytes":39281673251,"percentageMemoryUsage":21.8221,"totalSwapBytes":63998783488,"availableSwapBytes":63881491512},{"timestamp":"2021-03-03T00:50:00Z","physicalMemoryBytes":50246541312,"availableMemoryBytes":39292997458,"percentageMemoryUsage":21.7996,"totalSwapBytes":63998783488,"availableSwapBytes":63882218549},{"timestamp":"2021-03-03T00:22:30Z","physicalMemoryBytes":50246541312,"availableMemoryBytes":39291332371,"percentageMemoryUsage":21.8029,"totalSwapBytes":63998783488,"availableSwapBytes":63883593234},{"timestamp":"2021-03-02T23:55:00Z","physicalMemoryBytes":50246541312,"availableMemoryBytes":39352013084,"percentageMemoryUsage":21.6821,"totalSwapBytes":63998783488,"availableSwapBytes":63889781150},{"timestamp":"2021-03-02T23:27:30Z","physicalMemoryBytes":50246541312,"availableMemoryBytes":39269999460,"percentageMemoryUsage":21.8454,"totalSwapBytes":63998783488,"availableSwapBytes":63893215914},{"timestamp":"2021-03-02T23:00:00Z","physicalMemoryBytes":50246541312,"availableMemoryBytes":39331844504,"percentageMemoryUsage":21.7223,"totalSwapBytes":63998783488,"availableSwapBytes":63893663743},{"timestamp":"2021-03-02T22:32:30Z","physicalMemoryBytes":50246541312,"availableMemoryBytes":39357074278,"percentageMemoryUsage":21.6721,"totalSwapBytes":63998783488,"availableSwapBytes":63893663743},{"timestamp":"2021-03-02T22:05:00Z","physicalMemoryBytes":50246541312,"availableMemoryBytes":39402936335,"percentageMemoryUsage":21.5808,"totalSwapBytes":63998783488,"availableSwapBytes":63893663743},{"timestamp":"2021-03-02T21:37:30Z","physicalMemoryBytes":50246541312,"availableMemoryBytes":39406303917,"percentageMemoryUsage":21.5741,"totalSwapBytes":63998783488,"availableSwapBytes":63893663743},{"timestamp":"2021-03-02T21:10:00Z","physicalMemoryBytes":50246541312,"availableMemoryBytes":39407337875,"percentageMemoryUsage":21.572,"totalSwapBytes":63998783488,"availableSwapBytes":63893663743},{"timestamp":"2021-03-02T20:42:30Z","physicalMemoryBytes":50246541312,"availableMemoryBytes":39404450844,"percentageMemoryUsage":21.5778,"totalSwapBytes":63998783488,"availableSwapBytes":63893663743},{"timestamp":"2021-03-02T20:12:30Z","physicalMemoryBytes":50246541312,"availableMemoryBytes":39395789906,"percentageMemoryUsage":21.595,"totalSwapBytes":63998783488,"availableSwapBytes":63893663743},{"timestamp":"2021-03-02T19:45:00Z","physicalMemoryBytes":50246541312,"availableMemoryBytes":39399200905,"percentageMemoryUsage":21.5882,"totalSwapBytes":63998783488,"availableSwapBytes":63893663743},{"timestamp":"2021-03-02T19:17:30Z","physicalMemoryBytes":50246541312,"availableMemoryBytes":39398710455,"percentageMemoryUsage":21.5892,"totalSwapBytes":63998783488,"availableSwapBytes":63893663743},{"timestamp":"2021-03-02T18:50:00Z","physicalMemoryBytes":50246541312,"availableMemoryBytes":39397920061,"percentageMemoryUsage":21.5908,"totalSwapBytes":63998783488,"availableSwapBytes":63893663743},{"timestamp":"2021-03-02T18:22:30Z","physicalMemoryBytes":50246541312,"availableMemoryBytes":39397297991,"percentageMemoryUsage":21.592,"totalSwapBytes":63998783488,"availableSwapBytes":63893663743},{"timestamp":"2021-03-02T17:55:00Z","physicalMemoryBytes":50246541312,"availableMemoryBytes":39397023812,"percentageMemoryUsage":21.5926,"totalSwapBytes":63998783488,"availableSwapBytes":63893663743},{"timestamp":"2021-03-02T17:27:30Z","physicalMemoryBytes":50246541312,"availableMemoryBytes":39399025021,"percentageMemoryUsage":21.5886,"totalSwapBytes":63998783488,"availableSwapBytes":63893663743},{"timestamp":"2021-03-02T17:00:00Z","physicalMemoryBytes":50246541312,"availableMemoryBytes":39396782127,"percentageMemoryUsage":21.593,"totalSwapBytes":63998783488,"availableSwapBytes":63893663743},{"timestamp":"2021-03-02T16:32:30Z","physicalMemoryBytes":50246541312,"availableMemoryBytes":39397596018,"percentageMemoryUsage":21.5914,"totalSwapBytes":63998783488,"availableSwapBytes":63893663743},{"timestamp":"2021-03-02T16:05:00Z","physicalMemoryBytes":50246541312,"availableMemoryBytes":39403385606,"percentageMemoryUsage":21.5799,"totalSwapBytes":63998783488,"availableSwapBytes":63893663743},{"timestamp":"2021-03-02T15:37:30Z","physicalMemoryBytes":50246541312,"availableMemoryBytes":39403696280,"percentageMemoryUsage":21.5793,"totalSwapBytes":63998783488,"availableSwapBytes":63893663743},{"timestamp":"2021-03-02T15:10:00Z","physicalMemoryBytes":50246541312,"availableMemoryBytes":39392202393,"percentageMemoryUsage":21.6022,"totalSwapBytes":63998783488,"availableSwapBytes":63893663743},{"timestamp":"2021-03-02T14:42:30Z","physicalMemoryBytes":50246541312,"availableMemoryBytes":39352280658,"percentageMemoryUsage":21.6816,"totalSwapBytes":63998783488,"availableSwapBytes":63893663743},{"timestamp":"2021-03-02T14:15:00Z","physicalMemoryBytes":50246541312,"availableMemoryBytes":39403390810,"percentageMemoryUsage":21.5799,"totalSwapBytes":63998783488,"availableSwapBytes":63893663743},{"timestamp":"2021-03-02T13:47:30Z","physicalMemoryBytes":50246541312,"availableMemoryBytes":39409756633,"percentageMemoryUsage":21.5672,"totalSwapBytes":63998783488,"availableSwapBytes":63893663743},{"timestamp":"2021-03-02T13:20:00Z","physicalMemoryBytes":50246541312,"availableMemoryBytes":39406028282,"percentageMemoryUsage":21.5746,"totalSwapBytes":63998783488,"availableSwapBytes":63893663743},{"timestamp":"2021-03-02T12:52:30Z","physicalMemoryBytes":50246541312,"availableMemoryBytes":39405387931,"percentageMemoryUsage":21.5759,"totalSwapBytes":63998783488,"availableSwapBytes":63893663743},{"timestamp":"2021-03-02T12:25:00Z","physicalMemoryBytes":50246541312,"availableMemoryBytes":39401489462,"percentageMemoryUsage":21.5837,"totalSwapBytes":63998783488,"availableSwapBytes":63893663743},{"timestamp":"2021-03-02T11:57:30Z","physicalMemoryBytes":50246541312,"availableMemoryBytes":39402953064,"percentageMemoryUsage":21.5808,"totalSwapBytes":63998783488,"availableSwapBytes":63893663743},{"timestamp":"2021-03-02T11:27:30Z","physicalMemoryBytes":50246541312,"availableMemoryBytes":39402993744,"percentageMemoryUsage":21.5807,"totalSwapBytes":63998783488,"availableSwapBytes":63893387035},{"timestamp":"2021-03-02T11:00:00Z","physicalMemoryBytes":50246541312,"availableMemoryBytes":39407811242,"percentageMemoryUsage":21.5711,"totalSwapBytes":63998783488,"availableSwapBytes":63893139443},{"timestamp":"2021-03-02T10:32:30Z","physicalMemoryBytes":50246541312,"availableMemoryBytes":39408309133,"percentageMemoryUsage":21.5701,"totalSwapBytes":63998783488,"availableSwapBytes":63892910376},{"timestamp":"2021-03-02T10:05:00Z","physicalMemoryBytes":50246541312,"availableMemoryBytes":39405568209,"percentageMemoryUsage":21.5756,"totalSwapBytes":63998783488,"availableSwapBytes":63892373651},{"timestamp":"2021-03-02T09:37:30Z","physicalMemoryBytes":50246541312,"availableMemoryBytes":39407001407,"percentageMemoryUsage":21.5727,"totalSwapBytes":63998783488,"availableSwapBytes":63892353024},{"timestamp":"2021-03-02T09:10:00Z","physicalMemoryBytes":50246541312,"availableMemoryBytes":39406738904,"percentageMemoryUsage":21.5732,"totalSwapBytes":63998783488,"availableSwapBytes":63892353024},{"timestamp":"2021-03-02T08:42:30Z","physicalMemoryBytes":50246541312,"availableMemoryBytes":39404733693,"percentageMemoryUsage":21.5772,"totalSwapBytes":63998783488,"availableSwapBytes":63892353024},{"timestamp":"2021-03-02T08:15:00Z","physicalMemoryBytes":50246541312,"availableMemoryBytes":39408707128,"percentageMemoryUsage":21.5693,"totalSwapBytes":63998783488,"availableSwapBytes":63892353024},{"timestamp":"2021-03-02T07:47:30Z","physicalMemoryBytes":50246541312,"availableMemoryBytes":39401581080,"percentageMemoryUsage":21.5835,"totalSwapBytes":63998783488,"availableSwapBytes":63892353024},{"timestamp":"2021-03-02T07:20:00Z","physicalMemoryBytes":50246541312,"availableMemoryBytes":39389620334,"percentageMemoryUsage":21.6073,"totalSwapBytes":63998783488,"availableSwapBytes":63892353024},{"timestamp":"2021-03-02T06:52:30Z","physicalMemoryBytes":50246541312,"availableMemoryBytes":39341071705,"percentageMemoryUsage":21.7039,"totalSwapBytes":63998783488,"availableSwapBytes":63892353024},{"timestamp":"2021-03-02T06:25:00Z","physicalMemoryBytes":50246541312,"availableMemoryBytes":39407750717,"percentageMemoryUsage":21.5712,"totalSwapBytes":63998783488,"availableSwapBytes":63892353024},{"timestamp":"2021-03-02T05:57:30Z","physicalMemoryBytes":50246541312,"availableMemoryBytes":39410472879,"percentageMemoryUsage":21.5658,"totalSwapBytes":63998783488,"availableSwapBytes":63892353024},{"timestamp":"2021-03-02T05:30:00Z","physicalMemoryBytes":50246541312,"availableMemoryBytes":39410269628,"percentageMemoryUsage":21.5662,"totalSwapBytes":63998783488,"availableSwapBytes":63892353024},{"timestamp":"2021-03-02T05:02:30Z","physicalMemoryBytes":50246541312,"availableMemoryBytes":39411906477,"percentageMemoryUsage":21.5629,"totalSwapBytes":63998783488,"availableSwapBytes":63892353024},{"timestamp":"2021-03-02T04:35:00Z","physicalMemoryBytes":50246541312,"availableMemoryBytes":39413728640,"percentageMemoryUsage":21.5593,"totalSwapBytes":63998783488,"availableSwapBytes":63892353024},{"timestamp":"2021-03-02T04:07:30Z","physicalMemoryBytes":50246541312,"availableMemoryBytes":39414213352,"percentageMemoryUsage":21.5584,"totalSwapBytes":63998783488,"availableSwapBytes":63892353024},{"timestamp":"2021-03-02T03:40:00Z","physicalMemoryBytes":50246541312,"availableMemoryBytes":39423037269,"percentageMemoryUsage":21.5408,"totalSwapBytes":63998783488,"availableSwapBytes":63892353024},{"timestamp":"2021-03-02T03:12:30Z","physicalMemoryBytes":50246541312,"availableMemoryBytes":39417945325,"percentageMemoryUsage":21.5509,"totalSwapBytes":63998783488,"availableSwapBytes":63892353024},{"timestamp":"2021-03-02T02:42:30Z","physicalMemoryBytes":50246541312,"availableMemoryBytes":39411212268,"percentageMemoryUsage":21.5643,"totalSwapBytes":63998783488,"availableSwapBytes":63892353024},{"timestamp":"2021-03-02T02:15:00Z","physicalMemoryBytes":50246541312,"availableMemoryBytes":39353618010,"percentageMemoryUsage":21.679,"totalSwapBytes":63998783488,"availableSwapBytes":63892353024},{"timestamp":"2021-03-02T01:47:30Z","physicalMemoryBytes":50246541312,"availableMemoryBytes":39359559680,"percentageMemoryUsage":21.6671,"totalSwapBytes":63998783488,"availableSwapBytes":63892353024},{"timestamp":"2021-03-02T01:20:00Z","physicalMemoryBytes":50246541312,"availableMemoryBytes":39358096370,"percentageMemoryUsage":21.67,"totalSwapBytes":63998783488,"availableSwapBytes":63892353024},{"timestamp":"2021-03-02T00:52:30Z","physicalMemoryBytes":50246541312,"availableMemoryBytes":39374581436,"percentageMemoryUsage":21.6372,"totalSwapBytes":63998783488,"availableSwapBytes":63892353024},{"timestamp":"2021-03-02T00:25:00Z","physicalMemoryBytes":50246541312,"availableMemoryBytes":39365657477,"percentageMemoryUsage":21.655,"totalSwapBytes":63998783488,"availableSwapBytes":63892353024},{"timestamp":"2021-03-01T23:57:30Z","physicalMemoryBytes":50246541312,"availableMemoryBytes":39380771949,"percentageMemoryUsage":21.6249,"totalSwapBytes":63998783488,"availableSwapBytes":63892353024},{"timestamp":"2021-03-01T23:30:00Z","physicalMemoryBytes":50246541312,"availableMemoryBytes":39355504564,"percentageMemoryUsage":21.6752,"totalSwapBytes":63998783488,"availableSwapBytes":63892415938},{"timestamp":"2021-03-01T23:02:30Z","physicalMemoryBytes":50246541312,"availableMemoryBytes":39454377348,"percentageMemoryUsage":21.4784,"totalSwapBytes":63998783488,"availableSwapBytes":63892615167},{"timestamp":"2021-03-01T22:35:00Z","physicalMemoryBytes":50246541312,"availableMemoryBytes":39471298176,"percentageMemoryUsage":21.4447,"totalSwapBytes":63998783488,"availableSwapBytes":63892615167},{"timestamp":"2021-03-01T22:07:30Z","physicalMemoryBytes":50246541312,"availableMemoryBytes":39523715341,"percentageMemoryUsage":21.3404,"totalSwapBytes":63998783488,"availableSwapBytes":63892615167},{"timestamp":"2021-03-01T21:40:00Z","physicalMemoryBytes":50246541312,"availableMemoryBytes":39523220256,"percentageMemoryUsage":21.3414,"totalSwapBytes":63998783488,"availableSwapBytes":63892615167},{"timestamp":"2021-03-01T21:12:30Z","physicalMemoryBytes":50246541312,"availableMemoryBytes":39515934177,"percentageMemoryUsage":21.3559,"totalSwapBytes":63998783488,"availableSwapBytes":63892615167},{"timestamp":"2021-03-01T20:45:00Z","physicalMemoryBytes":50246541312,"availableMemoryBytes":39513777134,"percentageMemoryUsage":21.3602,"totalSwapBytes":63998783488,"availableSwapBytes":63892615167},{"timestamp":"2021-03-01T20:17:30Z","physicalMemoryBytes":50246541312,"availableMemoryBytes":39512296798,"percentageMemoryUsage":21.3632,"totalSwapBytes":63998783488,"availableSwapBytes":63892615167},{"timestamp":"2021-03-01T19:50:00Z","physicalMemoryBytes":50246541312,"availableMemoryBytes":39505376339,"percentageMemoryUsage":21.3769,"totalSwapBytes":63998783488,"availableSwapBytes":63892615167},{"timestamp":"2021-03-01T19:22:30Z","physicalMemoryBytes":50246541312,"availableMemoryBytes":39498194803,"percentageMemoryUsage":21.3912,"totalSwapBytes":63998783488,"availableSwapBytes":63892615167},{"timestamp":"2021-03-01T18:55:00Z","physicalMemoryBytes":50246541312,"availableMemoryBytes":39499870555,"percentageMemoryUsage":21.3879,"totalSwapBytes":63998783488,"availableSwapBytes":63892615167},{"timestamp":"2021-03-01T18:27:30Z","physicalMemoryBytes":50246541312,"availableMemoryBytes":39490130639,"percentageMemoryUsage":21.4073,"totalSwapBytes":63998783488,"availableSwapBytes":63892615167},{"timestamp":"2021-03-01T17:57:30Z","physicalMemoryBytes":50246541312,"availableMemoryBytes":39481364655,"percentageMemoryUsage":21.4247,"totalSwapBytes":63998783488,"availableSwapBytes":63892615167},{"timestamp":"2021-03-01T17:30:00Z","physicalMemoryBytes":50246541312,"availableMemoryBytes":39481931189,"percentageMemoryUsage":21.4236,"totalSwapBytes":63998783488,"availableSwapBytes":63892615167},{"timestamp":"2021-03-01T17:02:30Z","physicalMemoryBytes":50246541312,"availableMemoryBytes":39479444042,"percentageMemoryUsage":21.4285,"totalSwapBytes":63998783488,"availableSwapBytes":63892615167},{"timestamp":"2021-03-01T16:35:00Z","physicalMemoryBytes":50246541312,"availableMemoryBytes":39471114960,"percentageMemoryUsage":21.4451,"totalSwapBytes":63998783488,"availableSwapBytes":63892615167},{"timestamp":"2021-03-01T16:07:30Z","physicalMemoryBytes":50246541312,"availableMemoryBytes":39473853188,"percentageMemoryUsage":21.4397,"totalSwapBytes":63998783488,"availableSwapBytes":63892615167},{"timestamp":"2021-03-01T15:40:00Z","physicalMemoryBytes":50246541312,"availableMemoryBytes":39467198564,"percentageMemoryUsage":21.4529,"totalSwapBytes":63998783488,"availableSwapBytes":63892615167},{"timestamp":"2021-03-01T15:12:30Z","physicalMemoryBytes":50246541312,"availableMemoryBytes":39443955405,"percentageMemoryUsage":21.4992,"totalSwapBytes":63998783488,"availableSwapBytes":63892615167},{"timestamp":"2021-03-01T14:45:00Z","physicalMemoryBytes":50246541312,"availableMemoryBytes":39371870463,"percentageMemoryUsage":21.6426,"totalSwapBytes":63998783488,"availableSwapBytes":63892554000},{"timestamp":"2021-03-01T14:17:30Z","physicalMemoryBytes":50246541312,"availableMemoryBytes":39452407698,"percentageMemoryUsage":21.4823,"totalSwapBytes":63998783488,"availableSwapBytes":63892090879},{"timestamp":"2021-03-01T13:50:00Z","physicalMemoryBytes":50246541312,"availableMemoryBytes":39439968864,"percentageMemoryUsage":21.5071,"totalSwapBytes":63998783488,"availableSwapBytes":63892090879},{"timestamp":"2021-03-01T13:22:30Z","physicalMemoryBytes":50246541312,"availableMemoryBytes":39437677106,"percentageMemoryUsage":21.5117,"totalSwapBytes":63998783488,"availableSwapBytes":63892090879},{"timestamp":"2021-03-01T12:55:00Z","physicalMemoryBytes":50246541312,"availableMemoryBytes":39429155085,"percentageMemoryUsage":21.5286,"totalSwapBytes":63998783488,"availableSwapBytes":63892090879},{"timestamp":"2021-03-01T12:27:30Z","physicalMemoryBytes":50246541312,"availableMemoryBytes":39424880241,"percentageMemoryUsage":21.5371,"totalSwapBytes":63998783488,"availableSwapBytes":63892090879},{"timestamp":"2021-03-01T12:00:00Z","physicalMemoryBytes":50246541312,"availableMemoryBytes":39416199925,"percentageMemoryUsage":21.5544,"totalSwapBytes":63998783488,"availableSwapBytes":63892090879},{"timestamp":"2021-03-01T11:32:30Z","physicalMemoryBytes":50246541312,"availableMemoryBytes":39411397982,"percentageMemoryUsage":21.564,"totalSwapBytes":63998783488,"availableSwapBytes":63892090879},{"timestamp":"2021-03-01T11:05:00Z","physicalMemoryBytes":50246541312,"availableMemoryBytes":39403151840,"percentageMemoryUsage":21.5804,"totalSwapBytes":63998783488,"availableSwapBytes":63892090879},{"timestamp":"2021-03-01T10:37:30Z","physicalMemoryBytes":50246541312,"availableMemoryBytes":39398871709,"percentageMemoryUsage":21.5889,"totalSwapBytes":63998783488,"availableSwapBytes":63892090879},{"timestamp":"2021-03-01T10:10:00Z","physicalMemoryBytes":50246541312,"availableMemoryBytes":39386411443,"percentageMemoryUsage":21.6137,"totalSwapBytes":63998783488,"availableSwapBytes":63892090879},{"timestamp":"2021-03-01T09:42:30Z","physicalMemoryBytes":50246541312,"availableMemoryBytes":39379242605,"percentageMemoryUsage":21.628,"totalSwapBytes":63998783488,"availableSwapBytes":63892090878},{"timestamp":"2021-03-01T09:12:30Z","physicalMemoryBytes":50246541312,"availableMemoryBytes":39370392851,"percentageMemoryUsage":21.6456,"totalSwapBytes":63998783488,"availableSwapBytes":63891920485},{"timestamp":"2021-03-01T08:45:00Z","physicalMemoryBytes":50246541312,"availableMemoryBytes":39368380873,"percentageMemoryUsage":21.6496,"totalSwapBytes":63998783488,"availableSwapBytes":63891828735},{"timestamp":"2021-03-01T08:17:30Z","physicalMemoryBytes":50246541312,"availableMemoryBytes":39360261746,"percentageMemoryUsage":21.6657,"totalSwapBytes":63998783488,"availableSwapBytes":63891828735},{"timestamp":"2021-03-01T07:50:00Z","physicalMemoryBytes":50246541312,"availableMemoryBytes":39345060394,"percentageMemoryUsage":21.696,"totalSwapBytes":63998783488,"availableSwapBytes":63891828735},{"timestamp":"2021-03-01T07:22:30Z","physicalMemoryBytes":50246541312,"availableMemoryBytes":39324791265,"percentageMemoryUsage":21.7363,"totalSwapBytes":63998783488,"availableSwapBytes":63891828735},{"timestamp":"2021-03-01T06:55:00Z","physicalMemoryBytes":50246541312,"availableMemoryBytes":39283666057,"percentageMemoryUsage":21.8182,"totalSwapBytes":63998783488,"availableSwapBytes":63891828697},{"timestamp":"2021-03-01T06:27:30Z","physicalMemoryBytes":50246541312,"availableMemoryBytes":39288525307,"percentageMemoryUsage":21.8085,"totalSwapBytes":63998783488,"availableSwapBytes":63890488191},{"timestamp":"2021-03-01T06:00:00Z","physicalMemoryBytes":50246541312,"availableMemoryBytes":39317038290,"percentageMemoryUsage":21.7518,"totalSwapBytes":63998783488,"availableSwapBytes":63889993727},{"timestamp":"2021-03-01T05:32:30Z","physicalMemoryBytes":50246541312,"availableMemoryBytes":39307234423,"percentageMemoryUsage":21.7713,"totalSwapBytes":63998783488,"availableSwapBytes":63889993727},{"timestamp":"2021-03-01T05:05:00Z","physicalMemoryBytes":50246541312,"availableMemoryBytes":39301350791,"percentageMemoryUsage":21.783,"totalSwapBytes":63998783488,"availableSwapBytes":63889993727},{"timestamp":"2021-03-01T04:37:30Z","physicalMemoryBytes":50246541312,"availableMemoryBytes":39289159796,"percentageMemoryUsage":21.8072,"totalSwapBytes":63998783488,"availableSwapBytes":63889993727},{"timestamp":"2021-03-01T04:10:00Z","physicalMemoryBytes":50246541312,"availableMemoryBytes":39280383995,"percentageMemoryUsage":21.8247,"totalSwapBytes":63998783488,"availableSwapBytes":63889993727},{"timestamp":"2021-03-01T03:42:30Z","physicalMemoryBytes":50246541312,"availableMemoryBytes":39269264908,"percentageMemoryUsage":21.8468,"totalSwapBytes":63998783488,"availableSwapBytes":63889993727},{"timestamp":"2021-03-01T03:15:00Z","physicalMemoryBytes":50246541312,"availableMemoryBytes":39261279508,"percentageMemoryUsage":21.8627,"totalSwapBytes":63998783488,"availableSwapBytes":63889993727},{"timestamp":"2021-03-01T02:47:30Z","physicalMemoryBytes":50246541312,"availableMemoryBytes":39257150544,"percentageMemoryUsage":21.8709,"totalSwapBytes":63998783488,"availableSwapBytes":63889993727},{"timestamp":"2021-03-01T02:20:00Z","physicalMemoryBytes":50246541312,"availableMemoryBytes":39245136193,"percentageMemoryUsage":21.8949,"totalSwapBytes":63998783488,"availableSwapBytes":63889993727},{"timestamp":"2021-03-01T01:52:30Z","physicalMemoryBytes":50246541312,"availableMemoryBytes":39228827190,"percentageMemoryUsage":21.9273,"totalSwapBytes":63998783488,"availableSwapBytes":63889993727},{"timestamp":"2021-03-01T01:25:00Z","physicalMemoryBytes":50246541312,"availableMemoryBytes":39223936906,"percentageMemoryUsage":21.937,"totalSwapBytes":63998783488,"availableSwapBytes":63889631968},{"timestamp":"2021-03-01T00:57:30Z","physicalMemoryBytes":50246541312,"availableMemoryBytes":39205764898,"percentageMemoryUsage":21.9732,"totalSwapBytes":63998783488,"availableSwapBytes":63887634432},{"timestamp":"2021-03-01T00:27:30Z","physicalMemoryBytes":50246541312,"availableMemoryBytes":39186885674,"percentageMemoryUsage":22.0108,"totalSwapBytes":63998783488,"availableSwapBytes":63887634432},{"timestamp":"2021-03-01T00:00:00Z","physicalMemoryBytes":50246541312,"availableMemoryBytes":39181910728,"percentageMemoryUsage":22.0207,"totalSwapBytes":63998783488,"availableSwapBytes":63887634432},{"timestamp":"2021-02-28T23:32:30Z","physicalMemoryBytes":50246541312,"availableMemoryBytes":39193280623,"percentageMemoryUsage":21.9981,"totalSwapBytes":63998783488,"availableSwapBytes":63887634432},{"timestamp":"2021-02-28T23:05:00Z","physicalMemoryBytes":50246541312,"availableMemoryBytes":39195167403,"percentageMemoryUsage":21.9943,"totalSwapBytes":63998783488,"availableSwapBytes":63887634432},{"timestamp":"2021-02-28T22:37:30Z","physicalMemoryBytes":50246541312,"availableMemoryBytes":39162055555,"percentageMemoryUsage":22.0602,"totalSwapBytes":63998783488,"availableSwapBytes":63887634432},{"timestamp":"2021-02-28T22:10:00Z","physicalMemoryBytes":50246541312,"availableMemoryBytes":39214051455,"percentageMemoryUsage":21.9567,"totalSwapBytes":63998783488,"availableSwapBytes":63887634443},{"timestamp":"2021-02-28T21:42:30Z","physicalMemoryBytes":50246541312,"availableMemoryBytes":39150001242,"percentageMemoryUsage":22.0842,"totalSwapBytes":63998783488,"availableSwapBytes":63888252371},{"timestamp":"2021-02-28T21:15:00Z","physicalMemoryBytes":50246541312,"availableMemoryBytes":39151057027,"percentageMemoryUsage":22.0821,"totalSwapBytes":63998783488,"availableSwapBytes":63889440112},{"timestamp":"2021-02-28T20:47:30Z","physicalMemoryBytes":50246541312,"availableMemoryBytes":39164579077,"percentageMemoryUsage":22.0552,"totalSwapBytes":63998783488,"availableSwapBytes":63890034834},{"timestamp":"2021-02-28T20:20:00Z","physicalMemoryBytes":50246541312,"availableMemoryBytes":39163264194,"percentageMemoryUsage":22.0578,"totalSwapBytes":63998783488,"availableSwapBytes":63891139808},{"timestamp":"2021-02-28T19:52:30Z","physicalMemoryBytes":50246541312,"availableMemoryBytes":39169620725,"percentageMemoryUsage":22.0451,"totalSwapBytes":63998783488,"availableSwapBytes":63893059368},{"timestamp":"2021-02-28T19:25:00Z","physicalMemoryBytes":50246541312,"availableMemoryBytes":39170471038,"percentageMemoryUsage":22.0434,"totalSwapBytes":63998783488,"availableSwapBytes":63894079147},{"timestamp":"2021-02-28T18:57:30Z","physicalMemoryBytes":50246541312,"availableMemoryBytes":39165906029,"percentageMemoryUsage":22.0525,"totalSwapBytes":63998783488,"availableSwapBytes":63895488704},{"timestamp":"2021-02-28T18:30:00Z","physicalMemoryBytes":50246541312,"availableMemoryBytes":39175356323,"percentageMemoryUsage":22.0337,"totalSwapBytes":63998783488,"availableSwapBytes":63896846435},{"timestamp":"2021-02-28T18:06:40Z","physicalMemoryBytes":41872117760,"availableMemoryBytes":32639331607,"percentageMemoryUsage":18.375,"totalSwapBytes":53332319573,"availableSwapBytes":53248424180},{"timestamp":"2021-02-28T17:40:00Z","physicalMemoryBytes":50246541312,"availableMemoryBytes":39169415066,"percentageMemoryUsage":22.0455,"totalSwapBytes":63998783488,"availableSwapBytes":63900066678},{"timestamp":"2021-02-28T17:12:30Z","physicalMemoryBytes":50246541312,"availableMemoryBytes":39181965288,"percentageMemoryUsage":22.0206,"totalSwapBytes":63998783488,"availableSwapBytes":63900988675},{"timestamp":"2021-02-28T16:45:00Z","physicalMemoryBytes":50246541312,"availableMemoryBytes":39178242783,"percentageMemoryUsage":22.028,"totalSwapBytes":63998783488,"availableSwapBytes":63902538756},{"timestamp":"2021-02-28T16:17:30Z","physicalMemoryBytes":50246541312,"availableMemoryBytes":39171896702,"percentageMemoryUsage":22.0406,"totalSwapBytes":63998783488,"availableSwapBytes":63904859975},{"timestamp":"2021-02-28T15:47:30Z","physicalMemoryBytes":50246541312,"availableMemoryBytes":39191964725,"percentageMemoryUsage":22.0007,"totalSwapBytes":63998783488,"availableSwapBytes":63906272419},{"timestamp":"2021-02-28T15:20:00Z","physicalMemoryBytes":50246541312,"availableMemoryBytes":39196225834,"percentageMemoryUsage":21.9922,"totalSwapBytes":63998783488,"availableSwapBytes":63907623686},{"timestamp":"2021-02-28T14:52:30Z","physicalMemoryBytes":50246541312,"availableMemoryBytes":39146007095,"percentageMemoryUsage":22.0921,"totalSwapBytes":63998783488,"availableSwapBytes":63908456944},{"timestamp":"2021-02-28T14:25:00Z","physicalMemoryBytes":50246541312,"availableMemoryBytes":39175124164,"percentageMemoryUsage":22.0342,"totalSwapBytes":63998783488,"availableSwapBytes":63910284016},{"timestamp":"2021-02-28T13:57:30Z","physicalMemoryBytes":50246541312,"availableMemoryBytes":39199513911,"percentageMemoryUsage":21.9856,"totalSwapBytes":63998783488,"availableSwapBytes":63913283547},{"timestamp":"2021-02-28T13:30:00Z","physicalMemoryBytes":50246541312,"availableMemoryBytes":39183614434,"percentageMemoryUsage":22.0173,"totalSwapBytes":63998783488,"availableSwapBytes":63916141304},{"timestamp":"2021-02-28T13:02:30Z","physicalMemoryBytes":50246541312,"availableMemoryBytes":39175973764,"percentageMemoryUsage":22.0325,"totalSwapBytes":63998783488,"availableSwapBytes":63917716172},{"timestamp":"2021-02-28T12:35:00Z","physicalMemoryBytes":50246541312,"availableMemoryBytes":39174334526,"percentageMemoryUsage":22.0358,"totalSwapBytes":63998783488,"availableSwapBytes":63919011916},{"timestamp":"2021-02-28T12:07:30Z","physicalMemoryBytes":50246541312,"availableMemoryBytes":39162359739,"percentageMemoryUsage":22.0596,"totalSwapBytes":63998783488,"availableSwapBytes":63922705481},{"timestamp":"2021-02-28T11:40:00Z","physicalMemoryBytes":50246541312,"availableMemoryBytes":39150010716,"percentageMemoryUsage":22.0842,"totalSwapBytes":63998783488,"availableSwapBytes":63926482926},{"timestamp":"2021-02-28T11:12:30Z","physicalMemoryBytes":50246541312,"availableMemoryBytes":39141312147,"percentageMemoryUsage":22.1015,"totalSwapBytes":63998783488,"availableSwapBytes":63929012959},{"timestamp":"2021-02-28T10:45:00Z","physicalMemoryBytes":50246541312,"availableMemoryBytes":39150270833,"percentageMemoryUsage":22.0837,"totalSwapBytes":63998783488,"availableSwapBytes":63931304112},{"timestamp":"2021-02-28T10:17:30Z","physicalMemoryBytes":50246541312,"availableMemoryBytes":39167816338,"percentageMemoryUsage":22.0487,"totalSwapBytes":63998783488,"availableSwapBytes":63933541038},{"timestamp":"2021-02-28T09:50:00Z","physicalMemoryBytes":50246541312,"availableMemoryBytes":39176418042,"percentageMemoryUsage":22.0316,"totalSwapBytes":63998783488,"availableSwapBytes":63935838362},{"timestamp":"2021-02-28T09:22:30Z","physicalMemoryBytes":50246541312,"availableMemoryBytes":39184634487,"percentageMemoryUsage":22.0153,"totalSwapBytes":63998783488,"availableSwapBytes":63939014251},{"timestamp":"2021-02-28T08:55:00Z","physicalMemoryBytes":50246541312,"availableMemoryBytes":39166340014,"percentageMemoryUsage":22.0517,"totalSwapBytes":63998783488,"availableSwapBytes":63941725285},{"timestamp":"2021-02-28T08:27:30Z","physicalMemoryBytes":50246541312,"availableMemoryBytes":39155426110,"percentageMemoryUsage":22.0734,"totalSwapBytes":63998783488,"availableSwapBytes":63945253099},{"timestamp":"2021-02-28T08:00:00Z","physicalMemoryBytes":50246541312,"availableMemoryBytes":39159964936,"percentageMemoryUsage":22.0644,"totalSwapBytes":63998783488,"availableSwapBytes":63948806183},{"timestamp":"2021-02-28T07:32:30Z","physicalMemoryBytes":50246541312,"availableMemoryBytes":39163982257,"percentageMemoryUsage":22.0564,"totalSwapBytes":63998783488,"availableSwapBytes":63952335074},{"timestamp":"2021-02-28T07:05:00Z","physicalMemoryBytes":50246541312,"availableMemoryBytes":39124420816,"percentageMemoryUsage":22.1351,"totalSwapBytes":63998783488,"availableSwapBytes":63955647950}],"numMembers":365}
