{"members":[{"timestamp":"2021-03-03T06:50:00Z","physicalMemoryBytes":24879906816,"availableMemoryBytes":15441641849,"percentageMemoryUsage":37.9353,"totalSwapBytes":63998783488,"availableSwapBytes":63981380521},{"timestamp":"2021-03-03T04:57:30Z","physicalMemoryBytes":24879906816,"availableMemoryBytes":15439929744,"percentageMemoryUsage":37.9422,"totalSwapBytes":63998783488,"availableSwapBytes":63982019329},{"timestamp":"2021-03-03T03:07:30Z","physicalMemoryBytes":24879906816,"availableMemoryBytes":15434178123,"percentageMemoryUsage":37.9653,"totalSwapBytes":63998783488,"availableSwapBytes":63982776220},{"timestamp":"2021-03-03T01:15:00Z","physicalMemoryBytes":24879906816,"availableMemoryBytes":15432552464,"percentageMemoryUsage":37.9718,"totalSwapBytes":63998783488,"availableSwapBytes":63983054848},{"timestamp":"2021-03-02T23:22:30Z","physicalMemoryBytes":24879906816,"availableMemoryBytes":15426466451,"percentageMemoryUsage":37.9963,"totalSwapBytes":63998783488,"availableSwapBytes":63983426864},{"timestamp":"2021-03-02T21:32:30Z","physicalMemoryBytes":24879906816,"availableMemoryBytes":15437755058,"percentageMemoryUsage":37.9509,"totalSwapBytes":63998783488,"availableSwapBytes":63983963793},{"timestamp":"2021-03-02T19:40:00Z","physicalMemoryBytes":24879906816,"availableMemoryBytes":15436805034,"percentageMemoryUsage":37.9547,"totalSwapBytes":63998783488,"availableSwapBytes":63984236104},{"timestamp":"2021-03-02T17:47:30Z","physicalMemoryBytes":24879906816,"availableMemoryBytes":15444429220,"percentageMemoryUsage":37.9241,"totalSwapBytes":63998783488,"availableSwapBytes":63984357376},{"timestamp":"2021-03-02T15:57:30Z","physicalMemoryBytes":24879906816,"availableMemoryBytes":15437745999,"percentageMemoryUsage":37.9509,"totalSwapBytes":63998783488,"availableSwapBytes":63984460247},{"timestamp":"2021-03-02T14:07:30Z","physicalMemoryBytes":24879906816,"availableMemoryBytes":15446510906,"percentageMemoryUsage":37.9157,"totalSwapBytes":63998783488,"availableSwapBytes":63984619520},{"timestamp":"2021-03-02T12:15:00Z","physicalMemoryBytes":24879906816,"availableMemoryBytes":15442242343,"percentageMemoryUsage":37.9329,"totalSwapBytes":63998783488,"availableSwapBytes":63984619520},{"timestamp":"2021-03-02T10:22:30Z","physicalMemoryBytes":24879906816,"availableMemoryBytes":15438567458,"percentageMemoryUsage":37.9476,"totalSwapBytes":63998783488,"availableSwapBytes":63984619520},{"timestamp":"2021-03-02T08:32:30Z","physicalMemoryBytes":24879906816,"availableMemoryBytes":15444388168,"percentageMemoryUsage":37.9243,"totalSwapBytes":63998783488,"availableSwapBytes":63984636400},{"timestamp":"2021-03-02T06:40:00Z","physicalMemoryBytes":24879906816,"availableMemoryBytes":15451908621,"percentageMemoryUsage":37.894,"totalSwapBytes":63998783488,"availableSwapBytes":63984895964},{"timestamp":"2021-03-02T04:47:30Z","physicalMemoryBytes":24879906816,"availableMemoryBytes":15454630464,"percentageMemoryUsage":37.8831,"totalSwapBytes":63998783488,"availableSwapBytes":63985152000},{"timestamp":"2021-03-02T02:57:30Z","physicalMemoryBytes":24879906816,"availableMemoryBytes":15456364149,"percentageMemoryUsage":37.8761,"totalSwapBytes":63998783488,"availableSwapBytes":63985152000},{"timestamp":"2021-03-02T01:07:30Z","physicalMemoryBytes":24879906816,"availableMemoryBytes":15452542721,"percentageMemoryUsage":37.8915,"totalSwapBytes":63998783488,"availableSwapBytes":63985152000},{"timestamp":"2021-03-01T23:15:00Z","physicalMemoryBytes":24879906816,"availableMemoryBytes":15441492818,"percentageMemoryUsage":37.9359,"totalSwapBytes":63998783488,"availableSwapBytes":63985342463},{"timestamp":"2021-03-01T21:22:30Z","physicalMemoryBytes":24879906816,"availableMemoryBytes":15453514996,"percentageMemoryUsage":37.8876,"totalSwapBytes":63998783488,"availableSwapBytes":63985465728},{"timestamp":"2021-03-01T19:32:30Z","physicalMemoryBytes":24879906816,"availableMemoryBytes":15461024534,"percentageMemoryUsage":37.8574,"totalSwapBytes":63998783488,"availableSwapBytes":63985668096},{"timestamp":"2021-03-01T17:40:00Z","physicalMemoryBytes":24879906816,"availableMemoryBytes":15453348874,"percentageMemoryUsage":37.8882,"totalSwapBytes":63998783488,"availableSwapBytes":63985668096},{"timestamp":"2021-03-01T15:47:30Z","physicalMemoryBytes":24879906816,"availableMemoryBytes":15449188058,"percentageMemoryUsage":37.905,"totalSwapBytes":63998783488,"availableSwapBytes":63985787649},{"timestamp":"2021-03-01T13:57:30Z","physicalMemoryBytes":24879906816,"availableMemoryBytes":15464939503,"percentageMemoryUsage":37.8417,"totalSwapBytes":63998783488,"availableSwapBytes":63985930240},{"timestamp":"2021-03-01T12:05:00Z","physicalMemoryBytes":24879906816,"availableMemoryBytes":15465939986,"percentageMemoryUsage":37.8376,"totalSwapBytes":63998783488,"availableSwapBytes":63985930240},{"timestamp":"2021-03-01T10:12:30Z","physicalMemoryBytes":24879906816,"availableMemoryBytes":15465164266,"percentageMemoryUsage":37.8407,"totalSwapBytes":63998783488,"availableSwapBytes":63985930240},{"timestamp":"2021-03-01T08:22:30Z","physicalMemoryBytes":24879906816,"availableMemoryBytes":15464099258,"percentageMemoryUsage":37.845,"totalSwapBytes":63998783488,"availableSwapBytes":63985976381},{"timestamp":"2021-03-01T06:32:30Z","physicalMemoryBytes":24879906816,"availableMemoryBytes":15473172875,"percentageMemoryUsage":37.8086,"totalSwapBytes":63998783488,"availableSwapBytes":63986454528},{"timestamp":"2021-03-01T04:40:00Z","physicalMemoryBytes":24879906816,"availableMemoryBytes":15481122810,"percentageMemoryUsage":37.7766,"totalSwapBytes":63998783488,"availableSwapBytes":63986562047},{"timestamp":"2021-03-01T02:47:30Z","physicalMemoryBytes":24879906816,"availableMemoryBytes":15482092809,"percentageMemoryUsage":37.7727,"totalSwapBytes":63998783488,"availableSwapBytes":63987198303},{"timestamp":"2021-03-01T00:57:30Z","physicalMemoryBytes":24879906816,"availableMemoryBytes":15474436729,"percentageMemoryUsage":37.8035,"totalSwapBytes":63998783488,"availableSwapBytes":63987503104},{"timestamp":"2021-02-28T23:05:00Z","physicalMemoryBytes":24879906816,"availableMemoryBytes":15468162023,"percentageMemoryUsage":37.8287,"totalSwapBytes":63998783488,"availableSwapBytes":63988103710},{"timestamp":"2021-02-28T21:12:30Z","physicalMemoryBytes":24879906816,"availableMemoryBytes":15480660560,"percentageMemoryUsage":37.7785,"totalSwapBytes":63998783488,"availableSwapBytes":63989289360},{"timestamp":"2021-02-28T19:22:30Z","physicalMemoryBytes":24879906816,"availableMemoryBytes":15484617882,"percentageMemoryUsage":37.7626,"totalSwapBytes":63998783488,"availableSwapBytes":63990050548},{"timestamp":"2021-02-28T17:32:30Z","physicalMemoryBytes":24879906816,"availableMemoryBytes":15476858799,"percentageMemoryUsage":37.7937,"totalSwapBytes":63998783488,"availableSwapBytes":63990394880},{"timestamp":"2021-02-28T15:40:00Z","physicalMemoryBytes":24879906816,"availableMemoryBytes":15472177197,"percentageMemoryUsage":37.8126,"totalSwapBytes":63998783488,"availableSwapBytes":63990650310},{"timestamp":"2021-02-28T13:47:30Z","physicalMemoryBytes":24879906816,"availableMemoryBytes":15485209457,"percentageMemoryUsage":37.7602,"totalSwapBytes":63998783488,"availableSwapBytes":63990910976},{"timestamp":"2021-02-28T11:57:30Z","physicalMemoryBytes":24879906816,"availableMemoryBytes":15485895576,"percentageMemoryUsage":37.7574,"totalSwapBytes":63998783488,"availableSwapBytes":63990910976},{"timestamp":"2021-02-28T10:05:00Z","physicalMemoryBytes":24879906816,"availableMemoryBytes":15491474253,"percentageMemoryUsage":37.735,"totalSwapBytes":63998783488,"availableSwapBytes":63990910976},{"timestamp":"2021-02-28T08:12:30Z","physicalMemoryBytes":24879906816,"availableMemoryBytes":15484407083,"percentageMemoryUsage":37.7634,"totalSwapBytes":63998783488,"availableSwapBytes":63991060520},{"timestamp":"2021-02-28T06:22:30Z","physicalMemoryBytes":24879906816,"availableMemoryBytes":15488642151,"percentageMemoryUsage":37.7464,"totalSwapBytes":63998783488,"availableSwapBytes":63991947831},{"timestamp":"2021-02-28T04:30:00Z","physicalMemoryBytes":24879906816,"availableMemoryBytes":15481272542,"percentageMemoryUsage":37.776,"totalSwapBytes":63998783488,"availableSwapBytes":63992091953},{"timestamp":"2021-02-28T02:37:30Z","physicalMemoryBytes":24879906816,"availableMemoryBytes":15473084874,"percentageMemoryUsage":37.8089,"totalSwapBytes":63998783488,"availableSwapBytes":63992221696},{"timestamp":"2021-02-28T00:47:30Z","physicalMemoryBytes":24879906816,"availableMemoryBytes":15456536532,"percentageMemoryUsage":37.8754,"totalSwapBytes":63998783488,"availableSwapBytes":63992221696},{"timestamp":"2021-02-27T22:57:30Z","physicalMemoryBytes":24879906816,"availableMemoryBytes":15444425837,"percentageMemoryUsage":37.9241,"totalSwapBytes":63998783488,"availableSwapBytes":63992221696},{"timestamp":"2021-02-27T21:05:00Z","physicalMemoryBytes":24879906816,"availableMemoryBytes":15444944171,"percentageMemoryUsage":37.922,"totalSwapBytes":63998783488,"availableSwapBytes":63992401219},{"timestamp":"2021-02-27T19:12:30Z","physicalMemoryBytes":24879906816,"availableMemoryBytes":15430791024,"percentageMemoryUsage":37.9789,"totalSwapBytes":63998783488,"availableSwapBytes":63992745984},{"timestamp":"2021-02-27T17:22:30Z","physicalMemoryBytes":24879906816,"availableMemoryBytes":15414220780,"percentageMemoryUsage":38.0455,"totalSwapBytes":63998783488,"availableSwapBytes":63992745984},{"timestamp":"2021-02-27T15:31:05Z","physicalMemoryBytes":23798171737,"availableMemoryBytes":14715385871,"percentageMemoryUsage":36.5065,"totalSwapBytes":61216227684,"availableSwapBytes":61210452680},{"timestamp":"2021-02-27T13:42:30Z","physicalMemoryBytes":24879906816,"availableMemoryBytes":15371229005,"percentageMemoryUsage":38.2183,"totalSwapBytes":63998783488,"availableSwapBytes":63992745984},{"timestamp":"2021-02-27T11:52:30Z","physicalMemoryBytes":24879906816,"availableMemoryBytes":15343344229,"percentageMemoryUsage":38.3304,"totalSwapBytes":63998783488,"availableSwapBytes":63992745984},{"timestamp":"2021-02-27T10:02:30Z","physicalMemoryBytes":24879906816,"availableMemoryBytes":15314920172,"percentageMemoryUsage":38.4446,"totalSwapBytes":63998783488,"availableSwapBytes":63992745984},{"timestamp":"2021-02-27T08:10:00Z","physicalMemoryBytes":24879906816,"availableMemoryBytes":15305747947,"percentageMemoryUsage":38.4815,"totalSwapBytes":63998783488,"availableSwapBytes":63992745984},{"timestamp":"2021-02-27T06:17:30Z","physicalMemoryBytes":24879906816,"availableMemoryBytes":15330264915,"percentageMemoryUsage":38.3829,"totalSwapBytes":63998783488,"availableSwapBytes":63992745984},{"timestamp":"2021-02-27T04:27:30Z","physicalMemoryBytes":24879906816,"availableMemoryBytes":15336498112,"percentageMemoryUsage":38.3579,"totalSwapBytes":63998783488,"availableSwapBytes":63992745984},{"timestamp":"2021-02-27T02:35:00Z","physicalMemoryBytes":24879906816,"availableMemoryBytes":15335541627,"percentageMemoryUsage":38.3617,"totalSwapBytes":63998783488,"availableSwapBytes":63992745984},{"timestamp":"2021-02-27T00:42:30Z","physicalMemoryBytes":24879906816,"availableMemoryBytes":15332764589,"percentageMemoryUsage":38.3729,"totalSwapBytes":63998783488,"availableSwapBytes":63992745984},{"timestamp":"2021-02-26T22:52:30Z","physicalMemoryBytes":24879906816,"availableMemoryBytes":15328991520,"percentageMemoryUsage":38.3881,"totalSwapBytes":63998783488,"availableSwapBytes":63992745984},{"timestamp":"2021-02-26T21:00:00Z","physicalMemoryBytes":24879906816,"availableMemoryBytes":15346590818,"percentageMemoryUsage":38.3173,"totalSwapBytes":63998783488,"availableSwapBytes":63992745984},{"timestamp":"2021-02-26T19:07:30Z","physicalMemoryBytes":24879906816,"availableMemoryBytes":15354822239,"percentageMemoryUsage":38.2842,"totalSwapBytes":63998783488,"availableSwapBytes":63992745984},{"timestamp":"2021-02-26T17:17:30Z","physicalMemoryBytes":24879906816,"availableMemoryBytes":15358437824,"percentageMemoryUsage":38.2697,"totalSwapBytes":63998783488,"availableSwapBytes":63992745984},{"timestamp":"2021-02-26T15:27:30Z","physicalMemoryBytes":24879906816,"availableMemoryBytes":15349806231,"percentageMemoryUsage":38.3044,"totalSwapBytes":63998783488,"availableSwapBytes":63992745984},{"timestamp":"2021-02-26T13:35:00Z","physicalMemoryBytes":24879906816,"availableMemoryBytes":15361998996,"percentageMemoryUsage":38.2554,"totalSwapBytes":63998783488,"availableSwapBytes":63992745984},{"timestamp":"2021-02-26T11:42:30Z","physicalMemoryBytes":24879906816,"availableMemoryBytes":15368486906,"percentageMemoryUsage":38.2293,"totalSwapBytes":63998783488,"availableSwapBytes":63992745984},{"timestamp":"2021-02-26T09:52:30Z","physicalMemoryBytes":24879906816,"availableMemoryBytes":15375840140,"percentageMemoryUsage":38.1998,"totalSwapBytes":63998783488,"availableSwapBytes":63992745984},{"timestamp":"2021-02-26T08:00:00Z","physicalMemoryBytes":24879906816,"availableMemoryBytes":15361613048,"percentageMemoryUsage":38.257,"totalSwapBytes":63998783488,"availableSwapBytes":63992745984},{"timestamp":"2021-02-26T06:07:30Z","physicalMemoryBytes":24879906816,"availableMemoryBytes":15366992596,"percentageMemoryUsage":38.2353,"totalSwapBytes":63998783488,"availableSwapBytes":63992745984},{"timestamp":"2021-02-26T04:17:30Z","physicalMemoryBytes":24879906816,"availableMemoryBytes":15363094281,"percentageMemoryUsage":38.251,"totalSwapBytes":63998783488,"availableSwapBytes":63992745984},{"timestamp":"2021-02-26T02:27:30Z","physicalMemoryBytes":24879906816,"availableMemoryBytes":15360765410,"percentageMemoryUsage":38.2604,"totalSwapBytes":63998783488,"availableSwapBytes":63992745984},{"timestamp":"2021-02-26T00:35:00Z","physicalMemoryBytes":24879906816,"availableMemoryBytes":15353199819,"percentageMemoryUsage":38.2908,"totalSwapBytes":63998783488,"availableSwapBytes":63992745984},{"timestamp":"2021-02-25T22:42:30Z","physicalMemoryBytes":24879906816,"availableMemoryBytes":15341931917,"percentageMemoryUsage":38.3361,"totalSwapBytes":63998783488,"availableSwapBytes":63994690615},{"timestamp":"2021-02-25T20:52:30Z","physicalMemoryBytes":24879906816,"availableMemoryBytes":15178748391,"percentageMemoryUsage":38.9919,"totalSwapBytes":63998783488,"availableSwapBytes":63995586355},{"timestamp":"2021-02-25T19:00:00Z","physicalMemoryBytes":24879906816,"availableMemoryBytes":15200682177,"percentageMemoryUsage":38.9038,"totalSwapBytes":63998783488,"availableSwapBytes":63995637760},{"timestamp":"2021-02-25T17:07:30Z","physicalMemoryBytes":24879906816,"availableMemoryBytes":15214180570,"percentageMemoryUsage":38.8495,"totalSwapBytes":63998783488,"availableSwapBytes":63995637760},{"timestamp":"2021-02-25T15:17:30Z","physicalMemoryBytes":24879906816,"availableMemoryBytes":15192725972,"percentageMemoryUsage":38.9358,"totalSwapBytes":63998783488,"availableSwapBytes":63995637760},{"timestamp":"2021-02-25T13:27:30Z","physicalMemoryBytes":24879906816,"availableMemoryBytes":15186650653,"percentageMemoryUsage":38.9602,"totalSwapBytes":63998783488,"availableSwapBytes":63995637760},{"timestamp":"2021-02-25T11:35:00Z","physicalMemoryBytes":24879906816,"availableMemoryBytes":15195060158,"percentageMemoryUsage":38.9264,"totalSwapBytes":63998783488,"availableSwapBytes":63995637760},{"timestamp":"2021-02-25T09:42:30Z","physicalMemoryBytes":24879906816,"availableMemoryBytes":15202007315,"percentageMemoryUsage":38.8985,"totalSwapBytes":63998783488,"availableSwapBytes":63995637760},{"timestamp":"2021-02-25T07:52:30Z","physicalMemoryBytes":24879906816,"availableMemoryBytes":15217992971,"percentageMemoryUsage":38.8342,"totalSwapBytes":63998783488,"availableSwapBytes":63995721547},{"timestamp":"2021-02-25T06:00:00Z","physicalMemoryBytes":24879906816,"availableMemoryBytes":15243158728,"percentageMemoryUsage":38.7331,"totalSwapBytes":63998783488,"availableSwapBytes":63996153856},{"timestamp":"2021-02-25T04:07:30Z","physicalMemoryBytes":24879906816,"availableMemoryBytes":15242401438,"percentageMemoryUsage":38.7361,"totalSwapBytes":63998783488,"availableSwapBytes":63996153856},{"timestamp":"2021-02-25T02:17:30Z","physicalMemoryBytes":24879906816,"availableMemoryBytes":15236935465,"percentageMemoryUsage":38.7581,"totalSwapBytes":63998783488,"availableSwapBytes":63996153856},{"timestamp":"2021-02-25T00:25:00Z","physicalMemoryBytes":24879906816,"availableMemoryBytes":15236795539,"percentageMemoryUsage":38.7586,"totalSwapBytes":63998783488,"availableSwapBytes":63996153856},{"timestamp":"2021-02-24T22:32:30Z","physicalMemoryBytes":24879906816,"availableMemoryBytes":15241747552,"percentageMemoryUsage":38.7387,"totalSwapBytes":63998783488,"availableSwapBytes":63996153856},{"timestamp":"2021-02-24T20:42:30Z","physicalMemoryBytes":24879906816,"availableMemoryBytes":15247313885,"percentageMemoryUsage":38.7164,"totalSwapBytes":63998783488,"availableSwapBytes":63996153856},{"timestamp":"2021-02-24T18:52:30Z","physicalMemoryBytes":24879906816,"availableMemoryBytes":15248823035,"percentageMemoryUsage":38.7103,"totalSwapBytes":63998783488,"availableSwapBytes":63996153856},{"timestamp":"2021-02-24T17:00:00Z","physicalMemoryBytes":24879906816,"availableMemoryBytes":15251395123,"percentageMemoryUsage":38.7,"totalSwapBytes":63998783488,"availableSwapBytes":63996153856},{"timestamp":"2021-02-24T15:07:30Z","physicalMemoryBytes":24879906816,"availableMemoryBytes":15250622474,"percentageMemoryUsage":38.7031,"totalSwapBytes":63998783488,"availableSwapBytes":63996173119},{"timestamp":"2021-02-24T13:17:30Z","physicalMemoryBytes":24879906816,"availableMemoryBytes":15255232569,"percentageMemoryUsage":38.6845,"totalSwapBytes":63998783488,"availableSwapBytes":63996935837},{"timestamp":"2021-02-24T11:25:00Z","physicalMemoryBytes":24879906816,"availableMemoryBytes":15255501348,"percentageMemoryUsage":38.6834,"totalSwapBytes":63998783488,"availableSwapBytes":63997822963},{"timestamp":"2021-02-24T09:32:30Z","physicalMemoryBytes":24879906816,"availableMemoryBytes":15261162041,"percentageMemoryUsage":38.6607,"totalSwapBytes":63998783488,"availableSwapBytes":63997988864},{"timestamp":"2021-02-24T07:42:30Z","physicalMemoryBytes":24879906816,"availableMemoryBytes":15278311114,"percentageMemoryUsage":38.5918,"totalSwapBytes":63998783488,"availableSwapBytes":63997996211},{"timestamp":"2021-02-24T05:52:30Z","physicalMemoryBytes":24879906816,"availableMemoryBytes":15315298695,"percentageMemoryUsage":38.4431,"totalSwapBytes":63998783488,"availableSwapBytes":63998251008},{"timestamp":"2021-02-24T04:00:00Z","physicalMemoryBytes":24879906816,"availableMemoryBytes":15315139238,"percentageMemoryUsage":38.4437,"totalSwapBytes":63998783488,"availableSwapBytes":63998421502},{"timestamp":"2021-02-24T02:07:30Z","physicalMemoryBytes":24879906816,"availableMemoryBytes":15315167675,"percentageMemoryUsage":38.4436,"totalSwapBytes":63998783488,"availableSwapBytes":63998783488},{"timestamp":"2021-02-24T00:17:30Z","physicalMemoryBytes":24879906816,"availableMemoryBytes":15317313589,"percentageMemoryUsage":38.435,"totalSwapBytes":63998783488,"availableSwapBytes":63998783488},{"timestamp":"2021-02-23T22:25:00Z","physicalMemoryBytes":24879906816,"availableMemoryBytes":15326625812,"percentageMemoryUsage":38.3976,"totalSwapBytes":63998783488,"availableSwapBytes":63998783488},{"timestamp":"2021-02-23T20:32:30Z","physicalMemoryBytes":24879906816,"availableMemoryBytes":15329244526,"percentageMemoryUsage":38.3871,"totalSwapBytes":63998783488,"availableSwapBytes":63998783488},{"timestamp":"2021-02-23T18:42:30Z","physicalMemoryBytes":24879906816,"availableMemoryBytes":15334876068,"percentageMemoryUsage":38.3644,"totalSwapBytes":63998783488,"availableSwapBytes":63998783488},{"timestamp":"2021-02-23T16:50:00Z","physicalMemoryBytes":24879906816,"availableMemoryBytes":15340926541,"percentageMemoryUsage":38.3401,"totalSwapBytes":63998783488,"availableSwapBytes":63998783488},{"timestamp":"2021-02-23T14:57:30Z","physicalMemoryBytes":24879906816,"availableMemoryBytes":15349373270,"percentageMemoryUsage":38.3061,"totalSwapBytes":63998783488,"availableSwapBytes":63998783488},{"timestamp":"2021-02-23T13:07:30Z","physicalMemoryBytes":24879906816,"availableMemoryBytes":15355528811,"percentageMemoryUsage":38.2814,"totalSwapBytes":63998783488,"availableSwapBytes":63998783488},{"timestamp":"2021-02-23T11:17:30Z","physicalMemoryBytes":24879906816,"availableMemoryBytes":15361448093,"percentageMemoryUsage":38.2576,"totalSwapBytes":63998783488,"availableSwapBytes":63998783488},{"timestamp":"2021-02-23T09:25:00Z","physicalMemoryBytes":24879906816,"availableMemoryBytes":15367459018,"percentageMemoryUsage":38.2335,"totalSwapBytes":63998783488,"availableSwapBytes":63998783488},{"timestamp":"2021-02-23T07:32:30Z","physicalMemoryBytes":24879906816,"availableMemoryBytes":15393606836,"percentageMemoryUsage":38.1284,"totalSwapBytes":63998783488,"availableSwapBytes":63998783488},{"timestamp":"2021-02-23T05:42:30Z","physicalMemoryBytes":24879906816,"availableMemoryBytes":15426404248,"percentageMemoryUsage":37.9965,"totalSwapBytes":63998783488,"availableSwapBytes":63998783488},{"timestamp":"2021-02-23T03:50:00Z","physicalMemoryBytes":24879906816,"availableMemoryBytes":15440942717,"percentageMemoryUsage":37.9381,"totalSwapBytes":63998783488,"availableSwapBytes":63998783488},{"timestamp":"2021-02-23T01:57:30Z","physicalMemoryBytes":24879906816,"availableMemoryBytes":15449804264,"percentageMemoryUsage":37.9025,"totalSwapBytes":63998783488,"availableSwapBytes":63998783488},{"timestamp":"2021-02-23T00:07:30Z","physicalMemoryBytes":24879906816,"availableMemoryBytes":15452914576,"percentageMemoryUsage":37.89,"totalSwapBytes":63998783488,"availableSwapBytes":63998783488},{"timestamp":"2021-02-22T22:17:30Z","physicalMemoryBytes":24879906816,"availableMemoryBytes":15481880166,"percentageMemoryUsage":37.7736,"totalSwapBytes":63998783488,"availableSwapBytes":63998783488},{"timestamp":"2021-02-22T20:25:00Z","physicalMemoryBytes":24879906816,"availableMemoryBytes":15569222715,"percentageMemoryUsage":37.4225,"totalSwapBytes":63998783488,"availableSwapBytes":63998783488},{"timestamp":"2021-02-22T18:32:30Z","physicalMemoryBytes":24879906816,"availableMemoryBytes":15703268187,"percentageMemoryUsage":36.8837,"totalSwapBytes":63998783488,"availableSwapBytes":63998783488},{"timestamp":"2021-02-22T16:42:30Z","physicalMemoryBytes":24879906816,"availableMemoryBytes":15668864468,"percentageMemoryUsage":37.022,"totalSwapBytes":63998783488,"availableSwapBytes":63998783488},{"timestamp":"2021-02-22T14:50:00Z","physicalMemoryBytes":10817350789,"availableMemoryBytes":7095194076,"percentageMemoryUsage":14.9605,"totalSwapBytes":27825558038,"availableSwapBytes":27825558038},{"timestamp":"2021-02-22T12:57:30Z","physicalMemoryBytes":0,"availableMemoryBytes":0,"percentageMemoryUsage":0.0,"totalSwapBytes":0,"availableSwapBytes":0},{"timestamp":"2021-02-22T11:07:30Z","physicalMemoryBytes":0,"availableMemoryBytes":0,"percentageMemoryUsage":0.0,"totalSwapBytes":0,"availableSwapBytes":0},{"timestamp":"2021-02-22T09:15:00Z","physicalMemoryBytes":0,"availableMemoryBytes":0,"percentageMemoryUsage":0.0,"totalSwapBytes":0,"availableSwapBytes":0},{"timestamp":"2021-02-22T07:22:30Z","physicalMemoryBytes":0,"availableMemoryBytes":0,"percentageMemoryUsage":0.0,"totalSwapBytes":0,"availableSwapBytes":0},{"timestamp":"2021-02-22T05:32:30Z","physicalMemoryBytes":0,"availableMemoryBytes":0,"percentageMemoryUsage":0.0,"totalSwapBytes":0,"availableSwapBytes":0},{"timestamp":"2021-02-22T03:42:30Z","physicalMemoryBytes":0,"availableMemoryBytes":0,"percentageMemoryUsage":0.0,"totalSwapBytes":0,"availableSwapBytes":0},{"timestamp":"2021-02-22T01:50:00Z","physicalMemoryBytes":0,"availableMemoryBytes":0,"percentageMemoryUsage":0.0,"totalSwapBytes":0,"availableSwapBytes":0},{"timestamp":"2021-02-21T23:57:30Z","physicalMemoryBytes":0,"availableMemoryBytes":0,"percentageMemoryUsage":0.0,"totalSwapBytes":0,"availableSwapBytes":0},{"timestamp":"2021-02-21T22:07:30Z","physicalMemoryBytes":0,"availableMemoryBytes":0,"percentageMemoryUsage":0.0,"totalSwapBytes":0,"availableSwapBytes":0},{"timestamp":"2021-02-21T20:15:00Z","physicalMemoryBytes":0,"availableMemoryBytes":0,"percentageMemoryUsage":0.0,"totalSwapBytes":0,"availableSwapBytes":0},{"timestamp":"2021-02-21T18:22:30Z","physicalMemoryBytes":0,"availableMemoryBytes":0,"percentageMemoryUsage":0.0,"totalSwapBytes":0,"availableSwapBytes":0},{"timestamp":"2021-02-21T16:32:30Z","physicalMemoryBytes":0,"availableMemoryBytes":0,"percentageMemoryUsage":0.0,"totalSwapBytes":0,"availableSwapBytes":0},{"timestamp":"2021-02-21T14:42:30Z","physicalMemoryBytes":0,"availableMemoryBytes":0,"percentageMemoryUsage":0.0,"totalSwapBytes":0,"availableSwapBytes":0},{"timestamp":"2021-02-21T12:50:00Z","physicalMemoryBytes":0,"availableMemoryBytes":0,"percentageMemoryUsage":0.0,"totalSwapBytes":0,"availableSwapBytes":0},{"timestamp":"2021-02-21T10:57:30Z","physicalMemoryBytes":0,"availableMemoryBytes":0,"percentageMemoryUsage":0.0,"totalSwapBytes":0,"availableSwapBytes":0},{"timestamp":"2021-02-21T09:07:30Z","physicalMemoryBytes":0,"availableMemoryBytes":0,"percentageMemoryUsage":0.0,"totalSwapBytes":0,"availableSwapBytes":0},{"timestamp":"2021-02-21T07:15:00Z","physicalMemoryBytes":0,"availableMemoryBytes":0,"percentageMemoryUsage":0.0,"totalSwapBytes":0,"availableSwapBytes":0},{"timestamp":"2021-02-21T05:22:30Z","physicalMemoryBytes":0,"availableMemoryBytes":0,"percentageMemoryUsage":0.0,"totalSwapBytes":0,"availableSwapBytes":0},{"timestamp":"2021-02-21T03:32:30Z","physicalMemoryBytes":0,"availableMemoryBytes":0,"percentageMemoryUsage":0.0,"totalSwapBytes":0,"availableSwapBytes":0},{"timestamp":"2021-02-21T01:42:30Z","physicalMemoryBytes":0,"availableMemoryBytes":0,"percentageMemoryUsage":0.0,"totalSwapBytes":0,"availableSwapBytes":0},{"timestamp":"2021-02-20T23:50:00Z","physicalMemoryBytes":0,"availableMemoryBytes":0,"percentageMemoryUsage":0.0,"totalSwapBytes":0,"availableSwapBytes":0},{"timestamp":"2021-02-20T21:57:30Z","physicalMemoryBytes":0,"availableMemoryBytes":0,"percentageMemoryUsage":0.0,"totalSwapBytes":0,"availableSwapBytes":0},{"timestamp":"2021-02-20T20:07:30Z","physicalMemoryBytes":0,"availableMemoryBytes":0,"percentageMemoryUsage":0.0,"totalSwapBytes":0,"availableSwapBytes":0},{"timestamp":"2021-02-20T18:15:00Z","physicalMemoryBytes":0,"availableMemoryBytes":0,"percentageMemoryUsage":0.0,"totalSwapBytes":0,"availableSwapBytes":0},{"timestamp":"2021-02-20T16:22:30Z","physicalMemoryBytes":0,"availableMemoryBytes":0,"percentageMemoryUsage":0.0,"totalSwapBytes":0,"availableSwapBytes":0},{"timestamp":"2021-02-20T14:32:30Z","physicalMemoryBytes":0,"availableMemoryBytes":0,"percentageMemoryUsage":0.0,"totalSwapBytes":0,"availableSwapBytes":0},{"timestamp":"2021-02-20T12:40:00Z","physicalMemoryBytes":0,"availableMemoryBytes":0,"percentageMemoryUsage":0.0,"totalSwapBytes":0,"availableSwapBytes":0},{"timestamp":"2021-02-20T10:47:30Z","physicalMemoryBytes":0,"availableMemoryBytes":0,"percentageMemoryUsage":0.0,"totalSwapBytes":0,"availableSwapBytes":0},{"timestamp":"2021-02-20T08:57:30Z","physicalMemoryBytes":0,"availableMemoryBytes":0,"percentageMemoryUsage":0.0,"totalSwapBytes":0,"availableSwapBytes":0},{"timestamp":"2021-02-20T07:07:30Z","physicalMemoryBytes":0,"availableMemoryBytes":0,"percentageMemoryUsage":0.0,"totalSwapBytes":0,"availableSwapBytes":0},{"timestamp":"2021-02-20T05:15:00Z","physicalMemoryBytes":0,"availableMemoryBytes":0,"percentageMemoryUsage":0.0,"totalSwapBytes":0,"availableSwapBytes":0},{"timestamp":"2021-02-20T03:22:30Z","physicalMemoryBytes":0,"availableMemoryBytes":0,"percentageMemoryUsage":0.0,"totalSwapBytes":0,"availableSwapBytes":0},{"timestamp":"2021-02-20T01:32:30Z","physicalMemoryBytes":0,"availableMemoryBytes":0,"percentageMemoryUsage":0.0,"totalSwapBytes":0,"availableSwapBytes":0},{"timestamp":"2021-02-19T23:40:00Z","physicalMemoryBytes":0,"availableMemoryBytes":0,"percentageMemoryUsage":0.0,"totalSwapBytes":0,"availableSwapBytes":0},{"timestamp":"2021-02-19T21:47:30Z","physicalMemoryBytes":0,"availableMemoryBytes":0,"percentageMemoryUsage":0.0,"totalSwapBytes":0,"availableSwapBytes":0},{"timestamp":"2021-02-19T19:57:30Z","physicalMemoryBytes":0,"availableMemoryBytes":0,"percentageMemoryUsage":0.0,"totalSwapBytes":0,"availableSwapBytes":0},{"timestamp":"2021-02-19T18:07:30Z","physicalMemoryBytes":0,"availableMemoryBytes":0,"percentageMemoryUsage":0.0,"totalSwapBytes":0,"availableSwapBytes":0},{"timestamp":"2021-02-19T16:15:00Z","physicalMemoryBytes":0,"availableMemoryBytes":0,"percentageMemoryUsage":0.0,"totalSwapBytes":0,"availableSwapBytes":0},{"timestamp":"2021-02-19T14:22:30Z","physicalMemoryBytes":0,"availableMemoryBytes":0,"percentageMemoryUsage":0.0,"totalSwapBytes":0,"availableSwapBytes":0},{"timestamp":"2021-02-19T12:32:30Z","physicalMemoryBytes":0,"availableMemoryBytes":0,"percentageMemoryUsage":0.0,"totalSwapBytes":0,"availableSwapBytes":0},{"timestamp":"2021-02-19T10:40:00Z","physicalMemoryBytes":0,"availableMemoryBytes":0,"percentageMemoryUsage":0.0,"totalSwapBytes":0,"availableSwapBytes":0},{"timestamp":"2021-02-19T08:47:30Z","physicalMemoryBytes":0,"availableMemoryBytes":0,"percentageMemoryUsage":0.0,"totalSwapBytes":0,"availableSwapBytes":0},{"timestamp":"2021-02-19T06:57:30Z","physicalMemoryBytes":0,"availableMemoryBytes":0,"percentageMemoryUsage":0.0,"totalSwapBytes":0,"availableSwapBytes":0},{"timestamp":"2021-02-19T05:05:00Z","physicalMemoryBytes":0,"availableMemoryBytes":0,"percentageMemoryUsage":0.0,"totalSwapBytes":0,"availableSwapBytes":0},{"timestamp":"2021-02-19T03:12:30Z","physicalMemoryBytes":0,"availableMemoryBytes":0,"percentageMemoryUsage":0.0,"totalSwapBytes":0,"availableSwapBytes":0},{"timestamp":"2021-02-19T01:22:30Z","physicalMemoryBytes":0,"availableMemoryBytes":0,"percentageMemoryUsage":0.0,"totalSwapBytes":0,"availableSwapBytes":0},{"timestamp":"2021-02-18T23:32:30Z","physicalMemoryBytes":0,"availableMemoryBytes":0,"percentageMemoryUsage":0.0,"totalSwapBytes":0,"availableSwapBytes":0},{"timestamp":"2021-02-18T21:40:00Z","physicalMemoryBytes":0,"availableMemoryBytes":0,"percentageMemoryUsage":0.0,"totalSwapBytes":0,"availableSwapBytes":0},{"timestamp":"2021-02-18T19:47:30Z","physicalMemoryBytes":0,"availableMemoryBytes":0,"percentageMemoryUsage":0.0,"totalSwapBytes":0,"availableSwapBytes":0},{"timestamp":"2021-02-18T17:57:30Z","physicalMemoryBytes":0,"availableMemoryBytes":0,"percentageMemoryUsage":0.0,"totalSwapBytes":0,"availableSwapBytes":0},{"timestamp":"2021-02-18T16:05:00Z","physicalMemoryBytes":0,"availableMemoryBytes":0,"percentageMemoryUsage":0.0,"totalSwapBytes":0,"availableSwapBytes":0},{"timestamp":"2021-02-18T14:12:30Z","physicalMemoryBytes":0,"availableMemoryBytes":0,"percentageMemoryUsage":0.0,"totalSwapBytes":0,"availableSwapBytes":0},{"timestamp":"2021-02-18T12:22:30Z","physicalMemoryBytes":0,"availableMemoryBytes":0,"percentageMemoryUsage":0.0,"totalSwapBytes":0,"availableSwapBytes":0},{"timestamp":"2021-02-18T10:32:30Z","physicalMemoryBytes":0,"availableMemoryBytes":0,"percentageMemoryUsage":0.0,"totalSwapBytes":0,"availableSwapBytes":0},{"timestamp":"2021-02-18T08:40:00Z","physicalMemoryBytes":0,"availableMemoryBytes":0,"percentageMemoryUsage":0.0,"totalSwapBytes":0,"availableSwapBytes":0},{"timestamp":"2021-02-18T06:47:30Z","physicalMemoryBytes":0,"availableMemoryBytes":0,"percentageMemoryUsage":0.0,"totalSwapBytes":0,"availableSwapBytes":0},{"timestamp":"2021-02-18T04:57:30Z","physicalMemoryBytes":0,"availableMemoryBytes":0,"percentageMemoryUsage":0.0,"totalSwapBytes":0,"availableSwapBytes":0},{"timestamp":"2021-02-18T03:05:00Z","physicalMemoryBytes":0,"availableMemoryBytes":0,"percentageMemoryUsage":0.0,"totalSwapBytes":0,"availableSwapBytes":0},{"timestamp":"2021-02-18T01:12:30Z","physicalMemoryBytes":0,"availableMemoryBytes":0,"percentageMemoryUsage":0.0,"totalSwapBytes":0,"availableSwapBytes":0},{"timestamp":"2021-02-17T23:22:30Z","physicalMemoryBytes":0,"availableMemoryBytes":0,"percentageMemoryUsage":0.0,"totalSwapBytes":0,"availableSwapBytes":0},{"timestamp":"2021-02-17T21:30:00Z","physicalMemoryBytes":0,"availableMemoryBytes":0,"percentageMemoryUsage":0.0,"totalSwapBytes":0,"availableSwapBytes":0},{"timestamp":"2021-02-17T19:37:30Z","physicalMemoryBytes":0,"availableMemoryBytes":0,"percentageMemoryUsage":0.0,"totalSwapBytes":0,"availableSwapBytes":0},{"timestamp":"2021-02-17T17:47:30Z","physicalMemoryBytes":0,"availableMemoryBytes":0,"percentageMemoryUsage":0.0,"totalSwapBytes":0,"availableSwapBytes":0},{"timestamp":"2021-02-17T15:57:30Z","physicalMemoryBytes":0,"availableMemoryBytes":0,"percentageMemoryUsage":0.0,"totalSwapBytes":0,"availableSwapBytes":0},{"timestamp":"2021-02-17T14:05:00Z","physicalMemoryBytes":0,"availableMemoryBytes":0,"percentageMemoryUsage":0.0,"totalSwapBytes":0,"availableSwapBytes":0},{"timestamp":"2021-02-17T12:12:30Z","physicalMemoryBytes":0,"availableMemoryBytes":0,"percentageMemoryUsage":0.0,"totalSwapBytes":0,"availableSwapBytes":0},{"timestamp":"2021-02-17T10:22:30Z","physicalMemoryBytes":0,"availableMemoryBytes":0,"percentageMemoryUsage":0.0,"totalSwapBytes":0,"availableSwapBytes":0},{"timestamp":"2021-02-17T08:30:00Z","physicalMemoryBytes":0,"availableMemoryBytes":0,"percentageMemoryUsage":0.0,"totalSwapBytes":0,"availableSwapBytes":0},{"timestamp":"2021-02-17T06:37:30Z","physicalMemoryBytes":0,"availableMemoryBytes":0,"percentageMemoryUsage":0.0,"totalSwapBytes":0,"availableSwapBytes":0},{"timestamp":"2021-02-17T04:47:30Z","physicalMemoryBytes":0,"availableMemoryBytes":0,"percentageMemoryUsage":0.0,"totalSwapBytes":0,"availableSwapBytes":0},{"timestamp":"2021-02-17T02:57:30Z","physicalMemoryBytes":0,"availableMemoryBytes":0,"percentageMemoryUsage":0.0,"totalSwapBytes":0,"availableSwapBytes":0},{"timestamp":"2021-02-17T01:05:00Z","physicalMemoryBytes":0,"availableMemoryBytes":0,"percentageMemoryUsage":0.0,"totalSwapBytes":0,"availableSwapBytes":0},{"timestamp":"2021-02-16T23:12:30Z","physicalMemoryBytes":0,"availableMemoryBytes":0,"percentageMemoryUsage":0.0,"totalSwapBytes":0,"availableSwapBytes":0},{"timestamp":"2021-02-16T21:22:30Z","physicalMemoryBytes":0,"availableMemoryBytes":0,"percentageMemoryUsage":0.0,"totalSwapBytes":0,"availableSwapBytes":0},{"timestamp":"2021-02-16T19:30:00Z","physicalMemoryBytes":0,"availableMemoryBytes":0,"percentageMemoryUsage":0.0,"totalSwapBytes":0,"availableSwapBytes":0},{"timestamp":"2021-02-16T17:37:30Z","physicalMemoryBytes":0,"availableMemoryBytes":0,"percentageMemoryUsage":0.0,"totalSwapBytes":0,"availableSwapBytes":0},{"timestamp":"2021-02-16T15:47:30Z","physicalMemoryBytes":0,"availableMemoryBytes":0,"percentageMemoryUsage":0.0,"totalSwapBytes":0,"availableSwapBytes":0},{"timestamp":"2021-02-16T13:57:30Z","physicalMemoryBytes":0,"availableMemoryBytes":0,"percentageMemoryUsage":0.0,"totalSwapBytes":0,"availableSwapBytes":0},{"timestamp":"2021-02-16T12:05:00Z","physicalMemoryBytes":0,"availableMemoryBytes":0,"percentageMemoryUsage":0.0,"totalSwapBytes":0,"availableSwapBytes":0},{"timestamp":"2021-02-16T10:12:30Z","physicalMemoryBytes":0,"availableMemoryBytes":0,"percentageMemoryUsage":0.0,"totalSwapBytes":0,"availableSwapBytes":0},{"timestamp":"2021-02-16T08:22:30Z","physicalMemoryBytes":0,"availableMemoryBytes":0,"percentageMemoryUsage":0.0,"totalSwapBytes":0,"availableSwapBytes":0},{"timestamp":"2021-02-16T06:30:00Z","physicalMemoryBytes":0,"availableMemoryBytes":0,"percentageMemoryUsage":0.0,"totalSwapBytes":0,"availableSwapBytes":0},{"timestamp":"2021-02-16T04:37:30Z","physicalMemoryBytes":0,"availableMemoryBytes":0,"percentageMemoryUsage":0.0,"totalSwapBytes":0,"availableSwapBytes":0},{"timestamp":"2021-02-16T02:47:30Z","physicalMemoryBytes":0,"availableMemoryBytes":0,"percentageMemoryUsage":0.0,"totalSwapBytes":0,"availableSwapBytes":0},{"timestamp":"2021-02-16T00:55:00Z","physicalMemoryBytes":0,"availableMemoryBytes":0,"percentageMemoryUsage":0.0,"totalSwapBytes":0,"availableSwapBytes":0},{"timestamp":"2021-02-15T23:02:30Z","physicalMemoryBytes":0,"availableMemoryBytes":0,"percentageMemoryUsage":0.0,"totalSwapBytes":0,"availableSwapBytes":0},{"timestamp":"2021-02-15T21:12:30Z","physicalMemoryBytes":0,"availableMemoryBytes":0,"percentageMemoryUsage":0.0,"totalSwapBytes":0,"availableSwapBytes":0},{"timestamp":"2021-02-15T19:22:30Z","physicalMemoryBytes":0,"availableMemoryBytes":0,"percentageMemoryUsage":0.0,"totalSwapBytes":0,"availableSwapBytes":0},{"timestamp":"2021-02-15T17:30:00Z","physicalMemoryBytes":0,"availableMemoryBytes":0,"percentageMemoryUsage":0.0,"totalSwapBytes":0,"availableSwapBytes":0},{"timestamp":"2021-02-15T15:37:30Z","physicalMemoryBytes":0,"availableMemoryBytes":0,"percentageMemoryUsage":0.0,"totalSwapBytes":0,"availableSwapBytes":0},{"timestamp":"2021-02-15T13:47:30Z","physicalMemoryBytes":0,"availableMemoryBytes":0,"percentageMemoryUsage":0.0,"totalSwapBytes":0,"availableSwapBytes":0},{"timestamp":"2021-02-15T11:55:00Z","physicalMemoryBytes":0,"availableMemoryBytes":0,"percentageMemoryUsage":0.0,"totalSwapBytes":0,"availableSwapBytes":0},{"timestamp":"2021-02-15T10:02:30Z","physicalMemoryBytes":0,"availableMemoryBytes":0,"percentageMemoryUsage":0.0,"totalSwapBytes":0,"availableSwapBytes":0},{"timestamp":"2021-02-15T08:12:30Z","physicalMemoryBytes":0,"availableMemoryBytes":0,"percentageMemoryUsage":0.0,"totalSwapBytes":0,"availableSwapBytes":0},{"timestamp":"2021-02-15T06:22:30Z","physicalMemoryBytes":0,"availableMemoryBytes":0,"percentageMemoryUsage":0.0,"totalSwapBytes":0,"availableSwapBytes":0},{"timestamp":"2021-02-15T04:30:00Z","physicalMemoryBytes":0,"availableMemoryBytes":0,"percentageMemoryUsage":0.0,"totalSwapBytes":0,"availableSwapBytes":0},{"timestamp":"2021-02-15T02:37:30Z","physicalMemoryBytes":0,"availableMemoryBytes":0,"percentageMemoryUsage":0.0,"totalSwapBytes":0,"availableSwapBytes":0},{"timestamp":"2021-02-15T00:47:30Z","physicalMemoryBytes":0,"availableMemoryBytes":0,"percentageMemoryUsage":0.0,"totalSwapBytes":0,"availableSwapBytes":0},{"timestamp":"2021-02-14T22:55:00Z","physicalMemoryBytes":0,"availableMemoryBytes":0,"percentageMemoryUsage":0.0,"totalSwapBytes":0,"availableSwapBytes":0},{"timestamp":"2021-02-14T21:02:30Z","physicalMemoryBytes":0,"availableMemoryBytes":0,"percentageMemoryUsage":0.0,"totalSwapBytes":0,"availableSwapBytes":0},{"timestamp":"2021-02-14T19:12:30Z","physicalMemoryBytes":0,"availableMemoryBytes":0,"percentageMemoryUsage":0.0,"totalSwapBytes":0,"availableSwapBytes":0},{"timestamp":"2021-02-14T17:20:00Z","physicalMemoryBytes":0,"availableMemoryBytes":0,"percentageMemoryUsage":0.0,"totalSwapBytes":0,"availableSwapBytes":0},{"timestamp":"2021-02-14T15:27:30Z","physicalMemoryBytes":0,"availableMemoryBytes":0,"percentageMemoryUsage":0.0,"totalSwapBytes":0,"availableSwapBytes":0},{"timestamp":"2021-02-14T13:37:30Z","physicalMemoryBytes":0,"availableMemoryBytes":0,"percentageMemoryUsage":0.0,"totalSwapBytes":0,"availableSwapBytes":0},{"timestamp":"2021-02-14T11:47:30Z","physicalMemoryBytes":0,"availableMemoryBytes":0,"percentageMemoryUsage":0.0,"totalSwapBytes":0,"availableSwapBytes":0},{"timestamp":"2021-02-14T09:55:00Z","physicalMemoryBytes":0,"availableMemoryBytes":0,"percentageMemoryUsage":0.0,"totalSwapBytes":0,"availableSwapBytes":0},{"timestamp":"2021-02-14T08:02:30Z","physicalMemoryBytes":0,"availableMemoryBytes":0,"percentageMemoryUsage":0.0,"totalSwapBytes":0,"availableSwapBytes":0},{"timestamp":"2021-02-14T06:12:30Z","physicalMemoryBytes":0,"availableMemoryBytes":0,"percentageMemoryUsage":0.0,"totalSwapBytes":0,"availableSwapBytes":0},{"timestamp":"2021-02-14T04:20:00Z","physicalMemoryBytes":0,"availableMemoryBytes":0,"percentageMemoryUsage":0.0,"totalSwapBytes":0,"availableSwapBytes":0},{"timestamp":"2021-02-14T02:27:30Z","physicalMemoryBytes":0,"availableMemoryBytes":0,"percentageMemoryUsage":0.0,"totalSwapBytes":0,"availableSwapBytes":0},{"timestamp":"2021-02-14T00:37:30Z","physicalMemoryBytes":0,"availableMemoryBytes":0,"percentageMemoryUsage":0.0,"totalSwapBytes":0,"availableSwapBytes":0},{"timestamp":"2021-02-13T22:47:30Z","physicalMemoryBytes":0,"availableMemoryBytes":0,"percentageMemoryUsage":0.0,"totalSwapBytes":0,"availableSwapBytes":0},{"timestamp":"2021-02-13T20:55:00Z","physicalMemoryBytes":0,"availableMemoryBytes":0,"percentageMemoryUsage":0.0,"totalSwapBytes":0,"availableSwapBytes":0},{"timestamp":"2021-02-13T19:02:30Z","physicalMemoryBytes":0,"availableMemoryBytes":0,"percentageMemoryUsage":0.0,"totalSwapBytes":0,"availableSwapBytes":0},{"timestamp":"2021-02-13T17:12:30Z","physicalMemoryBytes":0,"availableMemoryBytes":0,"percentageMemoryUsage":0.0,"totalSwapBytes":0,"availableSwapBytes":0},{"timestamp":"2021-02-13T15:20:00Z","physicalMemoryBytes":0,"availableMemoryBytes":0,"percentageMemoryUsage":0.0,"totalSwapBytes":0,"availableSwapBytes":0},{"timestamp":"2021-02-13T13:27:30Z","physicalMemoryBytes":0,"availableMemoryBytes":0,"percentageMemoryUsage":0.0,"totalSwapBytes":0,"availableSwapBytes":0},{"timestamp":"2021-02-13T11:37:30Z","physicalMemoryBytes":0,"availableMemoryBytes":0,"percentageMemoryUsage":0.0,"totalSwapBytes":0,"availableSwapBytes":0},{"timestamp":"2021-02-13T09:45:00Z","physicalMemoryBytes":0,"availableMemoryBytes":0,"percentageMemoryUsage":0.0,"totalSwapBytes":0,"availableSwapBytes":0},{"timestamp":"2021-02-13T07:52:30Z","physicalMemoryBytes":0,"availableMemoryBytes":0,"percentageMemoryUsage":0.0,"totalSwapBytes":0,"availableSwapBytes":0},{"timestamp":"2021-02-13T06:02:30Z","physicalMemoryBytes":0,"availableMemoryBytes":0,"percentageMemoryUsage":0.0,"totalSwapBytes":0,"availableSwapBytes":0},{"timestamp":"2021-02-13T04:07:57Z","physicalMemoryBytes":22618089658,"availableMemoryBytes":13903145365,"percentageMemoryUsage":35.0281,"totalSwapBytes":58180712261,"availableSwapBytes":58028084676},{"timestamp":"2021-02-13T02:15:00Z","physicalMemoryBytes":24879898624,"availableMemoryBytes":15286551530,"percentageMemoryUsage":38.5586,"totalSwapBytes":63998783488,"availableSwapBytes":63831439689},{"timestamp":"2021-02-13T00:22:30Z","physicalMemoryBytes":24879898624,"availableMemoryBytes":15293346069,"percentageMemoryUsage":38.5313,"totalSwapBytes":63998783488,"availableSwapBytes":63832949087},{"timestamp":"2021-02-12T22:32:30Z","physicalMemoryBytes":24879898624,"availableMemoryBytes":15295701523,"percentageMemoryUsage":38.5218,"totalSwapBytes":63998783488,"availableSwapBytes":63834644325},{"timestamp":"2021-02-12T20:40:00Z","physicalMemoryBytes":24879898624,"availableMemoryBytes":15299523526,"percentageMemoryUsage":38.5065,"totalSwapBytes":63998783488,"availableSwapBytes":63835666281},{"timestamp":"2021-02-12T18:47:30Z","physicalMemoryBytes":24879898624,"availableMemoryBytes":15292354802,"percentageMemoryUsage":38.5353,"totalSwapBytes":63998783488,"availableSwapBytes":63835671136},{"timestamp":"2021-02-12T16:57:30Z","physicalMemoryBytes":24879898624,"availableMemoryBytes":15303959710,"percentageMemoryUsage":38.4887,"totalSwapBytes":63998783488,"availableSwapBytes":63837302783},{"timestamp":"2021-02-12T15:07:30Z","physicalMemoryBytes":24879898624,"availableMemoryBytes":15306787088,"percentageMemoryUsage":38.4773,"totalSwapBytes":63998783488,"availableSwapBytes":63838059228},{"timestamp":"2021-02-12T13:15:00Z","physicalMemoryBytes":24879898624,"availableMemoryBytes":15306461401,"percentageMemoryUsage":38.4786,"totalSwapBytes":63998783488,"availableSwapBytes":63838705443},{"timestamp":"2021-02-12T11:22:30Z","physicalMemoryBytes":24879898624,"availableMemoryBytes":15307398381,"percentageMemoryUsage":38.4748,"totalSwapBytes":63998783488,"availableSwapBytes":63838775556},{"timestamp":"2021-02-12T09:32:30Z","physicalMemoryBytes":24879898624,"availableMemoryBytes":15304595916,"percentageMemoryUsage":38.4861,"totalSwapBytes":63998783488,"availableSwapBytes":63838774762},{"timestamp":"2021-02-12T07:40:00Z","physicalMemoryBytes":24879898624,"availableMemoryBytes":15317752435,"percentageMemoryUsage":38.4332,"totalSwapBytes":63998783488,"availableSwapBytes":63839752690},{"timestamp":"2021-02-12T05:47:30Z","physicalMemoryBytes":24879898624,"availableMemoryBytes":15319783858,"percentageMemoryUsage":38.4251,"totalSwapBytes":63998783488,"availableSwapBytes":63840482471},{"timestamp":"2021-02-12T03:57:30Z","physicalMemoryBytes":24879898624,"availableMemoryBytes":15314610897,"percentageMemoryUsage":38.4458,"totalSwapBytes":63998783488,"availableSwapBytes":63840972799},{"timestamp":"2021-02-12T02:07:30Z","physicalMemoryBytes":24879898624,"availableMemoryBytes":15304822953,"percentageMemoryUsage":38.4852,"totalSwapBytes":63998783488,"availableSwapBytes":63841336623},{"timestamp":"2021-02-12T00:15:00Z","physicalMemoryBytes":24879898624,"availableMemoryBytes":15310925669,"percentageMemoryUsage":38.4607,"totalSwapBytes":63998783488,"availableSwapBytes":63842595813},{"timestamp":"2021-02-11T22:22:30Z","physicalMemoryBytes":24879898624,"availableMemoryBytes":15305566110,"percentageMemoryUsage":38.4822,"totalSwapBytes":63998783488,"availableSwapBytes":63843859811},{"timestamp":"2021-02-11T20:32:30Z","physicalMemoryBytes":24879898624,"availableMemoryBytes":15303628401,"percentageMemoryUsage":38.49,"totalSwapBytes":63998783488,"availableSwapBytes":63844584178},{"timestamp":"2021-02-11T18:40:00Z","physicalMemoryBytes":24879898624,"availableMemoryBytes":15302171005,"percentageMemoryUsage":38.4958,"totalSwapBytes":63998783488,"availableSwapBytes":63844806560},{"timestamp":"2021-02-11T16:47:30Z","physicalMemoryBytes":24879898624,"availableMemoryBytes":15319207381,"percentageMemoryUsage":38.4274,"totalSwapBytes":63998783488,"availableSwapBytes":63845892886},{"timestamp":"2021-02-11T14:57:30Z","physicalMemoryBytes":24879898624,"availableMemoryBytes":15318056394,"percentageMemoryUsage":38.432,"totalSwapBytes":63998783488,"availableSwapBytes":63846937448},{"timestamp":"2021-02-11T13:05:00Z","physicalMemoryBytes":24879898624,"availableMemoryBytes":15324192913,"percentageMemoryUsage":38.4073,"totalSwapBytes":63998783488,"availableSwapBytes":63847610361},{"timestamp":"2021-02-11T11:12:30Z","physicalMemoryBytes":24879898624,"availableMemoryBytes":15325644885,"percentageMemoryUsage":38.4015,"totalSwapBytes":63998783488,"availableSwapBytes":63847788544},{"timestamp":"2021-02-11T09:22:30Z","physicalMemoryBytes":24879898624,"availableMemoryBytes":15312198934,"percentageMemoryUsage":38.4555,"totalSwapBytes":63998783488,"availableSwapBytes":63847912267},{"timestamp":"2021-02-11T07:32:30Z","physicalMemoryBytes":24879898624,"availableMemoryBytes":15329319722,"percentageMemoryUsage":38.3867,"totalSwapBytes":63998783488,"availableSwapBytes":63848935423},{"timestamp":"2021-02-11T05:40:00Z","physicalMemoryBytes":24879898624,"availableMemoryBytes":15327071836,"percentageMemoryUsage":38.3958,"totalSwapBytes":63998783488,"availableSwapBytes":63849501597},{"timestamp":"2021-02-11T03:47:30Z","physicalMemoryBytes":24879898624,"availableMemoryBytes":15328499213,"percentageMemoryUsage":38.39,"totalSwapBytes":63998783488,"availableSwapBytes":63849885696},{"timestamp":"2021-02-11T01:57:30Z","physicalMemoryBytes":24879898624,"availableMemoryBytes":15319732455,"percentageMemoryUsage":38.4253,"totalSwapBytes":63998783488,"availableSwapBytes":63850474725},{"timestamp":"2021-02-11T00:05:00Z","physicalMemoryBytes":24879898624,"availableMemoryBytes":15333015477,"percentageMemoryUsage":38.3719,"totalSwapBytes":63998783488,"availableSwapBytes":63851050892},{"timestamp":"2021-02-10T22:12:30Z","physicalMemoryBytes":24879898624,"availableMemoryBytes":15336573267,"percentageMemoryUsage":38.3576,"totalSwapBytes":63998783488,"availableSwapBytes":63852169342},{"timestamp":"2021-02-10T20:22:30Z","physicalMemoryBytes":24879898624,"availableMemoryBytes":15336300229,"percentageMemoryUsage":38.3587,"totalSwapBytes":63998783488,"availableSwapBytes":63852989917},{"timestamp":"2021-02-10T18:32:30Z","physicalMemoryBytes":24879898624,"availableMemoryBytes":15321779287,"percentageMemoryUsage":38.417,"totalSwapBytes":63998783488,"availableSwapBytes":63853106690},{"timestamp":"2021-02-10T16:40:00Z","physicalMemoryBytes":24879898624,"availableMemoryBytes":15335963771,"percentageMemoryUsage":38.36,"totalSwapBytes":63998783488,"availableSwapBytes":63853778914},{"timestamp":"2021-02-10T14:47:30Z","physicalMemoryBytes":24879898624,"availableMemoryBytes":15340833243,"percentageMemoryUsage":38.3405,"totalSwapBytes":63998783488,"availableSwapBytes":63854607067},{"timestamp":"2021-02-10T12:57:30Z","physicalMemoryBytes":24879898624,"availableMemoryBytes":15340621158,"percentageMemoryUsage":38.3413,"totalSwapBytes":63998783488,"availableSwapBytes":63854866431},{"timestamp":"2021-02-10T11:05:00Z","physicalMemoryBytes":24879898624,"availableMemoryBytes":15333103891,"percentageMemoryUsage":38.3715,"totalSwapBytes":63998783488,"availableSwapBytes":63854866334},{"timestamp":"2021-02-10T09:12:30Z","physicalMemoryBytes":24879898624,"availableMemoryBytes":15339852115,"percentageMemoryUsage":38.3444,"totalSwapBytes":63998783488,"availableSwapBytes":63854727715},{"timestamp":"2021-02-10T07:22:30Z","physicalMemoryBytes":24879898624,"availableMemoryBytes":15344016927,"percentageMemoryUsage":38.3277,"totalSwapBytes":63998783488,"availableSwapBytes":63855560716},{"timestamp":"2021-02-10T05:30:00Z","physicalMemoryBytes":24879898624,"availableMemoryBytes":15348722387,"percentageMemoryUsage":38.3087,"totalSwapBytes":63998783488,"availableSwapBytes":63856333678},{"timestamp":"2021-02-10T03:37:30Z","physicalMemoryBytes":24879898624,"availableMemoryBytes":15346646184,"percentageMemoryUsage":38.3171,"totalSwapBytes":63998783488,"availableSwapBytes":63856701440},{"timestamp":"2021-02-10T01:47:30Z","physicalMemoryBytes":24879898624,"availableMemoryBytes":15329664839,"percentageMemoryUsage":38.3853,"totalSwapBytes":63998783488,"availableSwapBytes":63857650520},{"timestamp":"2021-02-09T23:57:30Z","physicalMemoryBytes":24879898624,"availableMemoryBytes":15344147069,"percentageMemoryUsage":38.3271,"totalSwapBytes":63998783488,"availableSwapBytes":63858991071},{"timestamp":"2021-02-09T22:05:00Z","physicalMemoryBytes":24879898624,"availableMemoryBytes":15345275123,"percentageMemoryUsage":38.3226,"totalSwapBytes":63998783488,"availableSwapBytes":63860433152},{"timestamp":"2021-02-09T20:12:30Z","physicalMemoryBytes":24879898624,"availableMemoryBytes":15342474351,"percentageMemoryUsage":38.3339,"totalSwapBytes":63998783488,"availableSwapBytes":63861389249},{"timestamp":"2021-02-09T18:22:30Z","physicalMemoryBytes":24879898624,"availableMemoryBytes":15333594909,"percentageMemoryUsage":38.3695,"totalSwapBytes":63998783488,"availableSwapBytes":63861806694},{"timestamp":"2021-02-09T16:30:00Z","physicalMemoryBytes":24879898624,"availableMemoryBytes":15347197785,"percentageMemoryUsage":38.3149,"totalSwapBytes":63998783488,"availableSwapBytes":63863354008},{"timestamp":"2021-02-09T14:37:30Z","physicalMemoryBytes":24879898624,"availableMemoryBytes":15352215649,"percentageMemoryUsage":38.2947,"totalSwapBytes":63998783488,"availableSwapBytes":63864341150},{"timestamp":"2021-02-09T12:47:30Z","physicalMemoryBytes":24879898624,"availableMemoryBytes":15354592844,"percentageMemoryUsage":38.2851,"totalSwapBytes":63998783488,"availableSwapBytes":63865202650},{"timestamp":"2021-02-09T10:57:30Z","physicalMemoryBytes":24879898624,"availableMemoryBytes":15351008385,"percentageMemoryUsage":38.2996,"totalSwapBytes":63998783488,"availableSwapBytes":63865352192},{"timestamp":"2021-02-09T09:05:00Z","physicalMemoryBytes":24879898624,"availableMemoryBytes":15354245043,"percentageMemoryUsage":38.2865,"totalSwapBytes":63998783488,"availableSwapBytes":63865779030},{"timestamp":"2021-02-09T07:12:30Z","physicalMemoryBytes":24879898624,"availableMemoryBytes":15359015154,"percentageMemoryUsage":38.2674,"totalSwapBytes":63998783488,"availableSwapBytes":63866879776},{"timestamp":"2021-02-09T05:22:30Z","physicalMemoryBytes":24879898624,"availableMemoryBytes":15358199237,"percentageMemoryUsage":38.2707,"totalSwapBytes":63998783488,"availableSwapBytes":63867968666},{"timestamp":"2021-02-09T03:30:00Z","physicalMemoryBytes":24879898624,"availableMemoryBytes":15360908477,"percentageMemoryUsage":38.2598,"totalSwapBytes":63998783488,"availableSwapBytes":63868497920},{"timestamp":"2021-02-09T01:37:30Z","physicalMemoryBytes":24879898624,"availableMemoryBytes":15349729536,"percentageMemoryUsage":38.3047,"totalSwapBytes":63998783488,"availableSwapBytes":63869792156},{"timestamp":"2021-02-08T23:47:30Z","physicalMemoryBytes":24879898624,"availableMemoryBytes":15358523586,"percentageMemoryUsage":38.2693,"totalSwapBytes":63998783488,"availableSwapBytes":63871181561},{"timestamp":"2021-02-08T21:55:00Z","physicalMemoryBytes":24879898624,"availableMemoryBytes":15357901885,"percentageMemoryUsage":38.2718,"totalSwapBytes":63998783488,"availableSwapBytes":63872528248},{"timestamp":"2021-02-08T20:02:30Z","physicalMemoryBytes":24879898624,"availableMemoryBytes":15362083590,"percentageMemoryUsage":38.255,"totalSwapBytes":63998783488,"availableSwapBytes":63873216512},{"timestamp":"2021-02-08T18:12:30Z","physicalMemoryBytes":24879898624,"availableMemoryBytes":15355671219,"percentageMemoryUsage":38.2808,"totalSwapBytes":63998783488,"availableSwapBytes":63873575966},{"timestamp":"2021-02-08T16:22:30Z","physicalMemoryBytes":24879898624,"availableMemoryBytes":15365782547,"percentageMemoryUsage":38.2402,"totalSwapBytes":63998783488,"availableSwapBytes":63875007433},{"timestamp":"2021-02-08T14:30:00Z","physicalMemoryBytes":24879898624,"availableMemoryBytes":15365617876,"percentageMemoryUsage":38.2408,"totalSwapBytes":63998783488,"availableSwapBytes":63876510406},{"timestamp":"2021-02-08T12:37:30Z","physicalMemoryBytes":24879898624,"availableMemoryBytes":15365281709,"percentageMemoryUsage":38.2422,"totalSwapBytes":63998783488,"availableSwapBytes":63877611197},{"timestamp":"2021-02-08T10:47:30Z","physicalMemoryBytes":24879898624,"availableMemoryBytes":15363262936,"percentageMemoryUsage":38.2503,"totalSwapBytes":63998783488,"availableSwapBytes":63877679910},{"timestamp":"2021-02-08T08:55:00Z","physicalMemoryBytes":24879898624,"availableMemoryBytes":15371850670,"percentageMemoryUsage":38.2158,"totalSwapBytes":63998783488,"availableSwapBytes":63878646121},{"timestamp":"2021-02-08T07:02:30Z","physicalMemoryBytes":24879898624,"availableMemoryBytes":15372658015,"percentageMemoryUsage":38.2125,"totalSwapBytes":63998783488,"availableSwapBytes":63880118453},{"timestamp":"2021-02-08T05:12:30Z","physicalMemoryBytes":24879898624,"availableMemoryBytes":15367921587,"percentageMemoryUsage":38.2316,"totalSwapBytes":63998783488,"availableSwapBytes":63881222222},{"timestamp":"2021-02-08T03:22:30Z","physicalMemoryBytes":24879898624,"availableMemoryBytes":15365777063,"percentageMemoryUsage":38.2402,"totalSwapBytes":63998783488,"availableSwapBytes":63881605120},{"timestamp":"2021-02-08T01:30:00Z","physicalMemoryBytes":24879898624,"availableMemoryBytes":15355735692,"percentageMemoryUsage":38.2806,"totalSwapBytes":63998783488,"availableSwapBytes":63882937494},{"timestamp":"2021-02-07T23:37:30Z","physicalMemoryBytes":24879898624,"availableMemoryBytes":15354341158,"percentageMemoryUsage":38.2862,"totalSwapBytes":63998783488,"availableSwapBytes":63884606668},{"timestamp":"2021-02-07T21:47:30Z","physicalMemoryBytes":24879898624,"availableMemoryBytes":15357121507,"percentageMemoryUsage":38.275,"totalSwapBytes":63998783488,"availableSwapBytes":63886065738},{"timestamp":"2021-02-07T19:55:00Z","physicalMemoryBytes":24879898624,"availableMemoryBytes":15361533032,"percentageMemoryUsage":38.2573,"totalSwapBytes":63998783488,"availableSwapBytes":63886585856},{"timestamp":"2021-02-07T18:02:30Z","physicalMemoryBytes":24879898624,"availableMemoryBytes":15359293400,"percentageMemoryUsage":38.2663,"totalSwapBytes":63998783488,"availableSwapBytes":63887414191},{"timestamp":"2021-02-07T16:12:30Z","physicalMemoryBytes":24879898624,"availableMemoryBytes":15367822261,"percentageMemoryUsage":38.232,"totalSwapBytes":63998783488,"availableSwapBytes":63890031063},{"timestamp":"2021-02-07T14:22:30Z","physicalMemoryBytes":24879898624,"availableMemoryBytes":15372470569,"percentageMemoryUsage":38.2133,"totalSwapBytes":63998783488,"availableSwapBytes":63892419353},{"timestamp":"2021-02-07T12:30:00Z","physicalMemoryBytes":24879898624,"availableMemoryBytes":15372757459,"percentageMemoryUsage":38.2121,"totalSwapBytes":63998783488,"availableSwapBytes":63892877311},{"timestamp":"2021-02-07T10:37:30Z","physicalMemoryBytes":24879898624,"availableMemoryBytes":15362203454,"percentageMemoryUsage":38.2546,"totalSwapBytes":63998783488,"availableSwapBytes":63892856458},{"timestamp":"2021-02-07T08:47:30Z","physicalMemoryBytes":24879898624,"availableMemoryBytes":15377641017,"percentageMemoryUsage":38.1925,"totalSwapBytes":63998783488,"availableSwapBytes":63892949512},{"timestamp":"2021-02-07T06:55:00Z","physicalMemoryBytes":24879898624,"availableMemoryBytes":15380928033,"percentageMemoryUsage":38.1793,"totalSwapBytes":63998783488,"availableSwapBytes":63893918373},{"timestamp":"2021-02-07T05:02:30Z","physicalMemoryBytes":24879898624,"availableMemoryBytes":15382469399,"percentageMemoryUsage":38.1731,"totalSwapBytes":63998783488,"availableSwapBytes":63895295788},{"timestamp":"2021-02-07T03:12:30Z","physicalMemoryBytes":24879898624,"availableMemoryBytes":15378658191,"percentageMemoryUsage":38.1884,"totalSwapBytes":63998783488,"availableSwapBytes":63895498752},{"timestamp":"2021-02-07T01:20:00Z","physicalMemoryBytes":24879898624,"availableMemoryBytes":15367162950,"percentageMemoryUsage":38.2346,"totalSwapBytes":63998783488,"availableSwapBytes":63898499540},{"timestamp":"2021-02-06T23:27:30Z","physicalMemoryBytes":24879898624,"availableMemoryBytes":15365784091,"percentageMemoryUsage":38.2402,"totalSwapBytes":63998783488,"availableSwapBytes":63902779012},{"timestamp":"2021-02-06T21:37:30Z","physicalMemoryBytes":24879898624,"availableMemoryBytes":15364833846,"percentageMemoryUsage":38.244,"totalSwapBytes":63998783488,"availableSwapBytes":63906759226},{"timestamp":"2021-02-06T19:47:30Z","physicalMemoryBytes":24879898624,"availableMemoryBytes":15368806369,"percentageMemoryUsage":38.228,"totalSwapBytes":63998783488,"availableSwapBytes":63909579056},{"timestamp":"2021-02-06T17:55:00Z","physicalMemoryBytes":24879898624,"availableMemoryBytes":15361595394,"percentageMemoryUsage":38.257,"totalSwapBytes":63998783488,"availableSwapBytes":63911356754},{"timestamp":"2021-02-06T16:02:30Z","physicalMemoryBytes":24879898624,"availableMemoryBytes":15361559370,"percentageMemoryUsage":38.2571,"totalSwapBytes":63998783488,"availableSwapBytes":63915515034},{"timestamp":"2021-02-06T14:12:30Z","physicalMemoryBytes":24879898624,"availableMemoryBytes":15363827678,"percentageMemoryUsage":38.248,"totalSwapBytes":63998783488,"availableSwapBytes":63917409025},{"timestamp":"2021-02-06T12:20:00Z","physicalMemoryBytes":24879898624,"availableMemoryBytes":15365248582,"percentageMemoryUsage":38.2423,"totalSwapBytes":63998783488,"availableSwapBytes":63919517220},{"timestamp":"2021-02-06T10:27:30Z","physicalMemoryBytes":24879898624,"availableMemoryBytes":15356959160,"percentageMemoryUsage":38.2756,"totalSwapBytes":63998783488,"availableSwapBytes":63919878144},{"timestamp":"2021-02-06T08:37:30Z","physicalMemoryBytes":24879898624,"availableMemoryBytes":15369425531,"percentageMemoryUsage":38.2255,"totalSwapBytes":63998783488,"availableSwapBytes":63921223220},{"timestamp":"2021-02-06T06:47:30Z","physicalMemoryBytes":24879898624,"availableMemoryBytes":15367591331,"percentageMemoryUsage":38.2329,"totalSwapBytes":63998783488,"availableSwapBytes":63923342813},{"timestamp":"2021-02-06T04:55:00Z","physicalMemoryBytes":24879898624,"availableMemoryBytes":15372738012,"percentageMemoryUsage":38.2122,"totalSwapBytes":63998783488,"availableSwapBytes":63925726804},{"timestamp":"2021-02-06T03:02:30Z","physicalMemoryBytes":24879898624,"availableMemoryBytes":15374713568,"percentageMemoryUsage":38.2043,"totalSwapBytes":63998783488,"availableSwapBytes":63926956032},{"timestamp":"2021-02-06T01:12:30Z","physicalMemoryBytes":24879898624,"availableMemoryBytes":15363067566,"percentageMemoryUsage":38.2511,"totalSwapBytes":63998783488,"availableSwapBytes":63928976327},{"timestamp":"2021-02-05T23:20:00Z","physicalMemoryBytes":24879898624,"availableMemoryBytes":15372459079,"percentageMemoryUsage":38.2133,"totalSwapBytes":63998783488,"availableSwapBytes":63931493782},{"timestamp":"2021-02-05T21:27:30Z","physicalMemoryBytes":24879898624,"availableMemoryBytes":15368127056,"percentageMemoryUsage":38.2307,"totalSwapBytes":63998783488,"availableSwapBytes":63934123683},{"timestamp":"2021-02-05T19:37:30Z","physicalMemoryBytes":24879898624,"availableMemoryBytes":15366936281,"percentageMemoryUsage":38.2355,"totalSwapBytes":63998783488,"availableSwapBytes":63935606784},{"timestamp":"2021-02-05T17:45:00Z","physicalMemoryBytes":24879898624,"availableMemoryBytes":15359380769,"percentageMemoryUsage":38.2659,"totalSwapBytes":63998783488,"availableSwapBytes":63936479173},{"timestamp":"2021-02-05T15:52:30Z","physicalMemoryBytes":24879898624,"availableMemoryBytes":15364821213,"percentageMemoryUsage":38.244,"totalSwapBytes":63998783488,"availableSwapBytes":63937101157},{"timestamp":"2021-02-05T14:02:30Z","physicalMemoryBytes":24879898624,"availableMemoryBytes":15359207189,"percentageMemoryUsage":38.2666,"totalSwapBytes":63998783488,"availableSwapBytes":63938620391},{"timestamp":"2021-02-05T12:12:30Z","physicalMemoryBytes":24879898624,"availableMemoryBytes":15355674799,"percentageMemoryUsage":38.2808,"totalSwapBytes":63998783488,"availableSwapBytes":63939801088},{"timestamp":"2021-02-05T10:20:00Z","physicalMemoryBytes":24879898624,"availableMemoryBytes":15332018104,"percentageMemoryUsage":38.3759,"totalSwapBytes":63998783488,"availableSwapBytes":63939801094},{"timestamp":"2021-02-05T08:27:30Z","physicalMemoryBytes":24879898624,"availableMemoryBytes":15337911724,"percentageMemoryUsage":38.3522,"totalSwapBytes":63998783488,"availableSwapBytes":63940930370},{"timestamp":"2021-02-05T06:37:30Z","physicalMemoryBytes":24879898624,"availableMemoryBytes":15322270353,"percentageMemoryUsage":38.4151,"totalSwapBytes":63998783488,"availableSwapBytes":63943757961},{"timestamp":"2021-02-05T04:45:00Z","physicalMemoryBytes":24879898624,"availableMemoryBytes":15302313428,"percentageMemoryUsage":38.4953,"totalSwapBytes":63998783488,"availableSwapBytes":63946666056},{"timestamp":"2021-02-05T02:52:30Z","physicalMemoryBytes":24879898624,"availableMemoryBytes":15281815997,"percentageMemoryUsage":38.5777,"totalSwapBytes":63998783488,"availableSwapBytes":63947403264},{"timestamp":"2021-02-05T01:02:30Z","physicalMemoryBytes":24879898624,"availableMemoryBytes":15240497553,"percentageMemoryUsage":38.7437,"totalSwapBytes":63998783488,"availableSwapBytes":63951050851},{"timestamp":"2021-02-04T23:12:30Z","physicalMemoryBytes":24879898624,"availableMemoryBytes":15218384365,"percentageMemoryUsage":38.8326,"totalSwapBytes":63998783488,"availableSwapBytes":63954146907},{"timestamp":"2021-02-04T21:20:00Z","physicalMemoryBytes":24879898624,"availableMemoryBytes":15195565434,"percentageMemoryUsage":38.9243,"totalSwapBytes":63998783488,"availableSwapBytes":63957507392},{"timestamp":"2021-02-04T19:27:30Z","physicalMemoryBytes":24879898624,"availableMemoryBytes":15172107929,"percentageMemoryUsage":39.0186,"totalSwapBytes":63998783488,"availableSwapBytes":63958675455},{"timestamp":"2021-02-04T17:37:30Z","physicalMemoryBytes":24879898624,"availableMemoryBytes":15128015056,"percentageMemoryUsage":39.1958,"totalSwapBytes":63998783488,"availableSwapBytes":63959484374},{"timestamp":"2021-02-04T15:45:00Z","physicalMemoryBytes":24879898624,"availableMemoryBytes":15112851114,"percentageMemoryUsage":39.2568,"totalSwapBytes":63998783488,"availableSwapBytes":63962145876},{"timestamp":"2021-02-04T13:52:30Z","physicalMemoryBytes":24879898624,"availableMemoryBytes":15083268779,"percentageMemoryUsage":39.3757,"totalSwapBytes":63998783488,"availableSwapBytes":63964430433},{"timestamp":"2021-02-04T12:02:30Z","physicalMemoryBytes":24879898624,"availableMemoryBytes":15108463557,"percentageMemoryUsage":39.2744,"totalSwapBytes":63998783488,"availableSwapBytes":63965448570},{"timestamp":"2021-02-04T10:10:00Z","physicalMemoryBytes":24879898624,"availableMemoryBytes":15111080989,"percentageMemoryUsage":39.2639,"totalSwapBytes":63998783488,"availableSwapBytes":63965483010},{"timestamp":"2021-02-04T08:17:30Z","physicalMemoryBytes":24879898624,"availableMemoryBytes":15128236995,"percentageMemoryUsage":39.1949,"totalSwapBytes":63998783488,"availableSwapBytes":63966890651},{"timestamp":"2021-02-04T06:27:30Z","physicalMemoryBytes":24879898624,"availableMemoryBytes":15115834133,"percentageMemoryUsage":39.2448,"totalSwapBytes":63998783488,"availableSwapBytes":63968976324},{"timestamp":"2021-02-04T04:37:30Z","physicalMemoryBytes":24879898624,"availableMemoryBytes":15130157585,"percentageMemoryUsage":39.1872,"totalSwapBytes":63998783488,"availableSwapBytes":63970006580},{"timestamp":"2021-02-04T02:45:00Z","physicalMemoryBytes":24879898624,"availableMemoryBytes":15115184085,"percentageMemoryUsage":39.2474,"totalSwapBytes":63998783488,"availableSwapBytes":63970201600},{"timestamp":"2021-02-04T00:52:30Z","physicalMemoryBytes":24879898624,"availableMemoryBytes":15093539079,"percentageMemoryUsage":39.3344,"totalSwapBytes":63998783488,"availableSwapBytes":63971572338},{"timestamp":"2021-02-03T23:02:30Z","physicalMemoryBytes":24879898624,"availableMemoryBytes":15107963082,"percentageMemoryUsage":39.2764,"totalSwapBytes":63998783488,"availableSwapBytes":63972273611},{"timestamp":"2021-02-03T21:10:00Z","physicalMemoryBytes":24879898624,"availableMemoryBytes":15109438999,"percentageMemoryUsage":39.2705,"totalSwapBytes":63998783488,"availableSwapBytes":63973582355},{"timestamp":"2021-02-03T19:17:30Z","physicalMemoryBytes":24879898624,"availableMemoryBytes":15110913665,"percentageMemoryUsage":39.2646,"totalSwapBytes":63998783488,"availableSwapBytes":63974133760},{"timestamp":"2021-02-03T17:27:30Z","physicalMemoryBytes":24879898624,"availableMemoryBytes":15095618424,"percentageMemoryUsage":39.326,"totalSwapBytes":63998783488,"availableSwapBytes":63974519156},{"timestamp":"2021-02-03T15:37:30Z","physicalMemoryBytes":24879898624,"availableMemoryBytes":15117739304,"percentageMemoryUsage":39.2371,"totalSwapBytes":63998783488,"availableSwapBytes":63975617727},{"timestamp":"2021-02-03T13:45:00Z","physicalMemoryBytes":24879898624,"availableMemoryBytes":15121169240,"percentageMemoryUsage":39.2233,"totalSwapBytes":63998783488,"availableSwapBytes":63976448642},{"timestamp":"2021-02-03T11:52:30Z","physicalMemoryBytes":24879898624,"availableMemoryBytes":15122388782,"percentageMemoryUsage":39.2184,"totalSwapBytes":63998783488,"availableSwapBytes":63976763392},{"timestamp":"2021-02-03T10:02:30Z","physicalMemoryBytes":24879898624,"availableMemoryBytes":15084395894,"percentageMemoryUsage":39.3712,"totalSwapBytes":63998783488,"availableSwapBytes":63976763546},{"timestamp":"2021-02-03T08:10:00Z","physicalMemoryBytes":24879898624,"availableMemoryBytes":15106895441,"percentageMemoryUsage":39.2807,"totalSwapBytes":63998783488,"availableSwapBytes":63977361907},{"timestamp":"2021-02-03T06:17:30Z","physicalMemoryBytes":24879898624,"availableMemoryBytes":15106080928,"percentageMemoryUsage":39.284,"totalSwapBytes":63998783488,"availableSwapBytes":63978314801},{"timestamp":"2021-02-03T04:30:13Z","physicalMemoryBytes":23748994141,"availableMemoryBytes":14418382063,"percentageMemoryUsage":37.5026,"totalSwapBytes":61089747874,"availableSwapBytes":61070931564},{"timestamp":"2021-02-03T02:42:30Z","physicalMemoryBytes":23748994141,"availableMemoryBytes":14412793808,"percentageMemoryUsage":37.5251,"totalSwapBytes":61089747874,"availableSwapBytes":61070972928}],"numMembers":365}
