{"members":[{"timestamp":"2021-03-02T19:00:00Z","percentageCpuUsage":7.18084,"percentageUser":4.00364,"percentageNice":0.00101975,"percentageSys":2.96035,"percentageIdle":92.8192,"percentageIoWait":0.141823,"percentageHardIrq":0.0,"percentageSoftIrq":0.0739982,"percentageSteal":0.0,"percentageGuest":0.0},{"timestamp":"2021-03-01T18:30:00Z","percentageCpuUsage":7.17797,"percentageUser":3.99422,"percentageNice":0.00106318,"percentageSys":2.96993,"percentageIdle":92.822,"percentageIoWait":0.137518,"percentageHardIrq":0.0,"percentageSoftIrq":0.0752481,"percentageSteal":0.0,"percentageGuest":0.0},{"timestamp":"2021-02-28T18:30:00Z","percentageCpuUsage":7.16238,"percentageUser":3.99608,"percentageNice":0.00114126,"percentageSys":2.95169,"percentageIdle":92.8376,"percentageIoWait":0.138879,"percentageHardIrq":0.0,"percentageSoftIrq":0.0745882,"percentageSteal":0.0,"percentageGuest":0.0},{"timestamp":"2021-02-27T18:30:00Z","percentageCpuUsage":7.11704,"percentageUser":3.95935,"percentageNice":0.00106701,"percentageSys":2.94471,"percentageIdle":92.883,"percentageIoWait":0.137983,"percentageHardIrq":0.0,"percentageSoftIrq":0.0739198,"percentageSteal":0.0,"percentageGuest":0.0},{"timestamp":"2021-02-26T18:30:00Z","percentageCpuUsage":7.08884,"percentageUser":3.94052,"percentageNice":0.00109537,"percentageSys":2.93612,"percentageIdle":92.9112,"percentageIoWait":0.137006,"percentageHardIrq":0.0,"percentageSoftIrq":0.0741025,"percentageSteal":0.0,"percentageGuest":0.0},{"timestamp":"2021-02-25T18:30:00Z","percentageCpuUsage":7.04339,"percentageUser":3.91371,"percentageNice":0.00114348,"percentageSys":2.92251,"percentageIdle":92.9566,"percentageIoWait":0.134545,"percentageHardIrq":0.0,"percentageSoftIrq":0.0714721,"percentageSteal":0.0,"percentageGuest":0.0},{"timestamp":"2021-02-24T18:30:00Z","percentageCpuUsage":6.95565,"percentageUser":3.90965,"percentageNice":0.00105738,"percentageSys":2.84897,"percentageIdle":93.0443,"percentageIoWait":0.122251,"percentageHardIrq":0.0,"percentageSoftIrq":0.0737204,"percentageSteal":0.0,"percentageGuest":0.0},{"timestamp":"2021-02-23T18:30:00Z","percentageCpuUsage":6.76123,"percentageUser":3.91294,"percentageNice":0.00101584,"percentageSys":2.65127,"percentageIdle":93.2388,"percentageIoWait":0.12221,"percentageHardIrq":0.0,"percentageSoftIrq":0.0737853,"percentageSteal":0.0,"percentageGuest":0.0},{"timestamp":"2021-02-22T18:30:00Z","percentageCpuUsage":6.96005,"percentageUser":4.67894,"percentageNice":0.00116552,"percentageSys":1.85723,"percentageIdle":59.7066,"percentageIoWait":0.122456,"percentageHardIrq":0.0,"percentageSoftIrq":0.0548229,"percentageSteal":0.0,"percentageGuest":0.0},{"timestamp":"2021-02-21T18:30:00Z","percentageCpuUsage":0.0,"percentageUser":0.0,"percentageNice":0.0,"percentageSys":0.0,"percentageIdle":0.0,"percentageIoWait":0.0,"percentageHardIrq":0.0,"percentageSoftIrq":0.0,"percentageSteal":0.0,"percentageGuest":0.0},{"timestamp":"2021-02-20T18:30:00Z","percentageCpuUsage":0.0,"percentageUser":0.0,"percentageNice":0.0,"percentageSys":0.0,"percentageIdle":0.0,"percentageIoWait":0.0,"percentageHardIrq":0.0,"percentageSoftIrq":0.0,"percentageSteal":0.0,"percentageGuest":0.0},{"timestamp":"2021-02-19T18:30:00Z","percentageCpuUsage":0.0,"percentageUser":0.0,"percentageNice":0.0,"percentageSys":0.0,"percentageIdle":0.0,"percentageIoWait":0.0,"percentageHardIrq":0.0,"percentageSoftIrq":0.0,"percentageSteal":0.0,"percentageGuest":0.0},{"timestamp":"2021-02-18T18:30:00Z","percentageCpuUsage":0.0,"percentageUser":0.0,"percentageNice":0.0,"percentageSys":0.0,"percentageIdle":0.0,"percentageIoWait":0.0,"percentageHardIrq":0.0,"percentageSoftIrq":0.0,"percentageSteal":0.0,"percentageGuest":0.0},{"timestamp":"2021-02-17T18:30:00Z","percentageCpuUsage":0.0,"percentageUser":0.0,"percentageNice":0.0,"percentageSys":0.0,"percentageIdle":0.0,"percentageIoWait":0.0,"percentageHardIrq":0.0,"percentageSoftIrq":0.0,"percentageSteal":0.0,"percentageGuest":0.0},{"timestamp":"2021-02-16T18:30:00Z","percentageCpuUsage":0.0,"percentageUser":0.0,"percentageNice":0.0,"percentageSys":0.0,"percentageIdle":0.0,"percentageIoWait":0.0,"percentageHardIrq":0.0,"percentageSoftIrq":0.0,"percentageSteal":0.0,"percentageGuest":0.0},{"timestamp":"2021-02-15T18:30:00Z","percentageCpuUsage":0.0,"percentageUser":0.0,"percentageNice":0.0,"percentageSys":0.0,"percentageIdle":0.0,"percentageIoWait":0.0,"percentageHardIrq":0.0,"percentageSoftIrq":0.0,"percentageSteal":0.0,"percentageGuest":0.0},{"timestamp":"2021-02-14T18:30:00Z","percentageCpuUsage":0.0,"percentageUser":0.0,"percentageNice":0.0,"percentageSys":0.0,"percentageIdle":0.0,"percentageIoWait":0.0,"percentageHardIrq":0.0,"percentageSoftIrq":0.0,"percentageSteal":0.0,"percentageGuest":0.0},{"timestamp":"2021-02-13T18:30:00Z","percentageCpuUsage":0.0,"percentageUser":0.0,"percentageNice":0.0,"percentageSys":0.0,"percentageIdle":0.0,"percentageIoWait":0.0,"percentageHardIrq":0.0,"percentageSoftIrq":0.0,"percentageSteal":0.0,"percentageGuest":0.0},{"timestamp":"2021-02-12T18:30:00Z","percentageCpuUsage":6.76814,"percentageUser":3.73201,"percentageNice":0.0011126,"percentageSys":2.80813,"percentageIdle":84.8985,"percentageIoWait":0.15342,"percentageHardIrq":0.0,"percentageSoftIrq":0.0734695,"percentageSteal":0.0,"percentageGuest":0.0},{"timestamp":"2021-02-11T18:30:00Z","percentageCpuUsage":7.32032,"percentageUser":4.04147,"percentageNice":0.00107686,"percentageSys":3.03897,"percentageIdle":92.6797,"percentageIoWait":0.159849,"percentageHardIrq":0.0,"percentageSoftIrq":0.0789566,"percentageSteal":0.0,"percentageGuest":0.0},{"timestamp":"2021-02-10T18:30:00Z","percentageCpuUsage":7.33024,"percentageUser":4.04591,"percentageNice":0.00118295,"percentageSys":3.04805,"percentageIdle":92.6698,"percentageIoWait":0.157552,"percentageHardIrq":0.0,"percentageSoftIrq":0.0775452,"percentageSteal":0.0,"percentageGuest":0.0},{"timestamp":"2021-02-09T18:30:00Z","percentageCpuUsage":7.40914,"percentageUser":4.08719,"percentageNice":0.0010805,"percentageSys":3.08346,"percentageIdle":92.5909,"percentageIoWait":0.15807,"percentageHardIrq":0.0,"percentageSoftIrq":0.0793468,"percentageSteal":0.0,"percentageGuest":0.0},{"timestamp":"2021-02-08T18:30:00Z","percentageCpuUsage":7.38261,"percentageUser":4.07197,"percentageNice":0.00110024,"percentageSys":3.06904,"percentageIdle":92.6174,"percentageIoWait":0.158743,"percentageHardIrq":0.0,"percentageSoftIrq":0.081758,"percentageSteal":0.0,"percentageGuest":0.0},{"timestamp":"2021-02-07T18:30:00Z","percentageCpuUsage":7.36845,"percentageUser":4.07183,"percentageNice":0.00131279,"percentageSys":3.05569,"percentageIdle":92.6316,"percentageIoWait":0.157828,"percentageHardIrq":0.0,"percentageSoftIrq":0.0817874,"percentageSteal":0.0,"percentageGuest":0.0},{"timestamp":"2021-02-06T18:30:00Z","percentageCpuUsage":7.34767,"percentageUser":4.07143,"percentageNice":0.00109807,"percentageSys":3.03975,"percentageIdle":92.6523,"percentageIoWait":0.154736,"percentageHardIrq":0.0,"percentageSoftIrq":0.080651,"percentageSteal":0.0,"percentageGuest":0.0},{"timestamp":"2021-02-05T18:30:00Z","percentageCpuUsage":7.3492,"percentageUser":4.06383,"percentageNice":0.00109222,"percentageSys":3.04461,"percentageIdle":92.6508,"percentageIoWait":0.156723,"percentageHardIrq":0.0,"percentageSoftIrq":0.0829475,"percentageSteal":0.0,"percentageGuest":0.0},{"timestamp":"2021-02-04T18:30:00Z","percentageCpuUsage":7.34193,"percentageUser":4.04583,"percentageNice":0.00117572,"percentageSys":3.06181,"percentageIdle":92.6581,"percentageIoWait":0.1505,"percentageHardIrq":0.0,"percentageSoftIrq":0.0826205,"percentageSteal":0.0,"percentageGuest":0.0},{"timestamp":"2021-02-03T18:30:00Z","percentageCpuUsage":7.33421,"percentageUser":4.03653,"percentageNice":0.00111069,"percentageSys":3.06241,"percentageIdle":92.6658,"percentageIoWait":0.151993,"percentageHardIrq":0.0,"percentageSoftIrq":0.0821643,"percentageSteal":0.0,"percentageGuest":0.0},{"timestamp":"2021-02-02T18:30:00Z","percentageCpuUsage":7.27456,"percentageUser":4.00959,"percentageNice":0.00107962,"percentageSys":3.03096,"percentageIdle":92.7254,"percentageIoWait":0.15422,"percentageHardIrq":0.0,"percentageSoftIrq":0.0787163,"percentageSteal":0.0,"percentageGuest":0.0},{"timestamp":"2021-02-01T18:30:00Z","percentageCpuUsage":7.29201,"percentageUser":4.01892,"percentageNice":0.00115728,"percentageSys":3.04068,"percentageIdle":92.708,"percentageIoWait":0.148997,"percentageHardIrq":0.0,"percentageSoftIrq":0.082259,"percentageSteal":0.0,"percentageGuest":0.0},{"timestamp":"2021-01-31T18:30:00Z","percentageCpuUsage":7.23819,"percentageUser":3.97508,"percentageNice":0.00108166,"percentageSys":3.02849,"percentageIdle":92.7618,"percentageIoWait":0.15137,"percentageHardIrq":0.0,"percentageSoftIrq":0.0821759,"percentageSteal":0.0,"percentageGuest":0.0},{"timestamp":"2021-01-30T18:30:00Z","percentageCpuUsage":7.22101,"percentageUser":3.97472,"percentageNice":0.00110051,"percentageSys":3.00945,"percentageIdle":92.779,"percentageIoWait":0.154678,"percentageHardIrq":0.0,"percentageSoftIrq":0.0810661,"percentageSteal":0.0,"percentageGuest":0.0},{"timestamp":"2021-01-29T18:30:00Z","percentageCpuUsage":7.22998,"percentageUser":3.99185,"percentageNice":0.00117692,"percentageSys":3.00458,"percentageIdle":92.77,"percentageIoWait":0.150236,"percentageHardIrq":0.0,"percentageSoftIrq":0.0821384,"percentageSteal":0.0,"percentageGuest":0.0},{"timestamp":"2021-01-28T18:30:00Z","percentageCpuUsage":7.21656,"percentageUser":3.99341,"percentageNice":0.00107389,"percentageSys":2.99806,"percentageIdle":92.7834,"percentageIoWait":0.142172,"percentageHardIrq":0.0,"percentageSoftIrq":0.0818494,"percentageSteal":0.0,"percentageGuest":0.0},{"timestamp":"2021-01-27T18:30:00Z","percentageCpuUsage":7.12898,"percentageUser":3.97281,"percentageNice":0.00135805,"percentageSys":2.94432,"percentageIdle":92.871,"percentageIoWait":0.125426,"percentageHardIrq":0.0,"percentageSoftIrq":0.0850636,"percentageSteal":0.0,"percentageGuest":0.0},{"timestamp":"2021-01-26T18:30:00Z","percentageCpuUsage":6.90559,"percentageUser":3.96801,"percentageNice":0.00134275,"percentageSys":2.7282,"percentageIdle":93.0944,"percentageIoWait":0.125428,"percentageHardIrq":0.0,"percentageSoftIrq":0.0826044,"percentageSteal":0.0,"percentageGuest":0.0},{"timestamp":"2021-01-25T18:30:00Z","percentageCpuUsage":4.20389,"percentageUser":2.65165,"percentageNice":8.69235E-4,"percentageSys":1.40955,"percentageIdle":54.1294,"percentageIoWait":0.0848871,"percentageHardIrq":0.0,"percentageSoftIrq":0.0460933,"percentageSteal":0.0,"percentageGuest":0.0},{"timestamp":"2021-01-24T18:30:00Z","percentageCpuUsage":0.0,"percentageUser":0.0,"percentageNice":0.0,"percentageSys":0.0,"percentageIdle":0.0,"percentageIoWait":0.0,"percentageHardIrq":0.0,"percentageSoftIrq":0.0,"percentageSteal":0.0,"percentageGuest":0.0},{"timestamp":"2021-01-23T18:30:00Z","percentageCpuUsage":0.0,"percentageUser":0.0,"percentageNice":0.0,"percentageSys":0.0,"percentageIdle":0.0,"percentageIoWait":0.0,"percentageHardIrq":0.0,"percentageSoftIrq":0.0,"percentageSteal":0.0,"percentageGuest":0.0},{"timestamp":"2021-01-22T18:30:00Z","percentageCpuUsage":0.0,"percentageUser":0.0,"percentageNice":0.0,"percentageSys":0.0,"percentageIdle":0.0,"percentageIoWait":0.0,"percentageHardIrq":0.0,"percentageSoftIrq":0.0,"percentageSteal":0.0,"percentageGuest":0.0},{"timestamp":"2021-01-21T18:30:00Z","percentageCpuUsage":0.0,"percentageUser":0.0,"percentageNice":0.0,"percentageSys":0.0,"percentageIdle":0.0,"percentageIoWait":0.0,"percentageHardIrq":0.0,"percentageSoftIrq":0.0,"percentageSteal":0.0,"percentageGuest":0.0},{"timestamp":"2021-01-20T18:30:00Z","percentageCpuUsage":0.0,"percentageUser":0.0,"percentageNice":0.0,"percentageSys":0.0,"percentageIdle":0.0,"percentageIoWait":0.0,"percentageHardIrq":0.0,"percentageSoftIrq":0.0,"percentageSteal":0.0,"percentageGuest":0.0},{"timestamp":"2021-01-19T18:30:00Z","percentageCpuUsage":0.0,"percentageUser":0.0,"percentageNice":0.0,"percentageSys":0.0,"percentageIdle":0.0,"percentageIoWait":0.0,"percentageHardIrq":0.0,"percentageSoftIrq":0.0,"percentageSteal":0.0,"percentageGuest":0.0},{"timestamp":"2021-01-18T18:30:00Z","percentageCpuUsage":0.0,"percentageUser":0.0,"percentageNice":0.0,"percentageSys":0.0,"percentageIdle":0.0,"percentageIoWait":0.0,"percentageHardIrq":0.0,"percentageSoftIrq":0.0,"percentageSteal":0.0,"percentageGuest":0.0},{"timestamp":"2021-01-17T18:30:00Z","percentageCpuUsage":0.0,"percentageUser":0.0,"percentageNice":0.0,"percentageSys":0.0,"percentageIdle":0.0,"percentageIoWait":0.0,"percentageHardIrq":0.0,"percentageSoftIrq":0.0,"percentageSteal":0.0,"percentageGuest":0.0},{"timestamp":"2021-01-16T18:30:00Z","percentageCpuUsage":0.0,"percentageUser":0.0,"percentageNice":0.0,"percentageSys":0.0,"percentageIdle":0.0,"percentageIoWait":0.0,"percentageHardIrq":0.0,"percentageSoftIrq":0.0,"percentageSteal":0.0,"percentageGuest":0.0},{"timestamp":"2021-01-15T18:30:00Z","percentageCpuUsage":0.0,"percentageUser":0.0,"percentageNice":0.0,"percentageSys":0.0,"percentageIdle":0.0,"percentageIoWait":0.0,"percentageHardIrq":0.0,"percentageSoftIrq":0.0,"percentageSteal":0.0,"percentageGuest":0.0},{"timestamp":"2021-01-14T18:30:00Z","percentageCpuUsage":0.0,"percentageUser":0.0,"percentageNice":0.0,"percentageSys":0.0,"percentageIdle":0.0,"percentageIoWait":0.0,"percentageHardIrq":0.0,"percentageSoftIrq":0.0,"percentageSteal":0.0,"percentageGuest":0.0},{"timestamp":"2021-01-13T18:30:00Z","percentageCpuUsage":0.0,"percentageUser":0.0,"percentageNice":0.0,"percentageSys":0.0,"percentageIdle":0.0,"percentageIoWait":0.0,"percentageHardIrq":0.0,"percentageSoftIrq":0.0,"percentageSteal":0.0,"percentageGuest":0.0},{"timestamp":"2021-01-12T18:30:00Z","percentageCpuUsage":0.0,"percentageUser":0.0,"percentageNice":0.0,"percentageSys":0.0,"percentageIdle":0.0,"percentageIoWait":0.0,"percentageHardIrq":0.0,"percentageSoftIrq":0.0,"percentageSteal":0.0,"percentageGuest":0.0},{"timestamp":"2021-01-11T18:30:00Z","percentageCpuUsage":0.0,"percentageUser":0.0,"percentageNice":0.0,"percentageSys":0.0,"percentageIdle":0.0,"percentageIoWait":0.0,"percentageHardIrq":0.0,"percentageSoftIrq":0.0,"percentageSteal":0.0,"percentageGuest":0.0},{"timestamp":"2021-01-10T18:30:00Z","percentageCpuUsage":0.0,"percentageUser":0.0,"percentageNice":0.0,"percentageSys":0.0,"percentageIdle":0.0,"percentageIoWait":0.0,"percentageHardIrq":0.0,"percentageSoftIrq":0.0,"percentageSteal":0.0,"percentageGuest":0.0},{"timestamp":"2021-01-09T18:30:00Z","percentageCpuUsage":0.0,"percentageUser":0.0,"percentageNice":0.0,"percentageSys":0.0,"percentageIdle":0.0,"percentageIoWait":0.0,"percentageHardIrq":0.0,"percentageSoftIrq":0.0,"percentageSteal":0.0,"percentageGuest":0.0},{"timestamp":"2021-01-08T18:30:00Z","percentageCpuUsage":0.0,"percentageUser":0.0,"percentageNice":0.0,"percentageSys":0.0,"percentageIdle":0.0,"percentageIoWait":0.0,"percentageHardIrq":0.0,"percentageSoftIrq":0.0,"percentageSteal":0.0,"percentageGuest":0.0},{"timestamp":"2021-01-07T18:30:00Z","percentageCpuUsage":0.0,"percentageUser":0.0,"percentageNice":0.0,"percentageSys":0.0,"percentageIdle":0.0,"percentageIoWait":0.0,"percentageHardIrq":0.0,"percentageSoftIrq":0.0,"percentageSteal":0.0,"percentageGuest":0.0},{"timestamp":"2021-01-06T18:30:00Z","percentageCpuUsage":0.0,"percentageUser":0.0,"percentageNice":0.0,"percentageSys":0.0,"percentageIdle":0.0,"percentageIoWait":0.0,"percentageHardIrq":0.0,"percentageSoftIrq":0.0,"percentageSteal":0.0,"percentageGuest":0.0},{"timestamp":"2021-01-05T18:30:00Z","percentageCpuUsage":0.0,"percentageUser":0.0,"percentageNice":0.0,"percentageSys":0.0,"percentageIdle":0.0,"percentageIoWait":0.0,"percentageHardIrq":0.0,"percentageSoftIrq":0.0,"percentageSteal":0.0,"percentageGuest":0.0},{"timestamp":"2021-01-04T18:30:00Z","percentageCpuUsage":0.0,"percentageUser":0.0,"percentageNice":0.0,"percentageSys":0.0,"percentageIdle":0.0,"percentageIoWait":0.0,"percentageHardIrq":0.0,"percentageSoftIrq":0.0,"percentageSteal":0.0,"percentageGuest":0.0},{"timestamp":"2021-01-03T18:30:00Z","percentageCpuUsage":0.0,"percentageUser":0.0,"percentageNice":0.0,"percentageSys":0.0,"percentageIdle":0.0,"percentageIoWait":0.0,"percentageHardIrq":0.0,"percentageSoftIrq":0.0,"percentageSteal":0.0,"percentageGuest":0.0},{"timestamp":"2021-01-02T18:30:00Z","percentageCpuUsage":0.0,"percentageUser":0.0,"percentageNice":0.0,"percentageSys":0.0,"percentageIdle":0.0,"percentageIoWait":0.0,"percentageHardIrq":0.0,"percentageSoftIrq":0.0,"percentageSteal":0.0,"percentageGuest":0.0},{"timestamp":"2021-01-01T18:00:00Z","percentageCpuUsage":0.0,"percentageUser":0.0,"percentageNice":0.0,"percentageSys":0.0,"percentageIdle":0.0,"percentageIoWait":0.0,"percentageHardIrq":0.0,"percentageSoftIrq":0.0,"percentageSteal":0.0,"percentageGuest":0.0},{"timestamp":"2020-12-31T17:30:00Z","percentageCpuUsage":0.0,"percentageUser":0.0,"percentageNice":0.0,"percentageSys":0.0,"percentageIdle":0.0,"percentageIoWait":0.0,"percentageHardIrq":0.0,"percentageSoftIrq":0.0,"percentageSteal":0.0,"percentageGuest":0.0},{"timestamp":"2020-12-30T17:30:00Z","percentageCpuUsage":0.0,"percentageUser":0.0,"percentageNice":0.0,"percentageSys":0.0,"percentageIdle":0.0,"percentageIoWait":0.0,"percentageHardIrq":0.0,"percentageSoftIrq":0.0,"percentageSteal":0.0,"percentageGuest":0.0},{"timestamp":"2020-12-29T17:30:00Z","percentageCpuUsage":0.0,"percentageUser":0.0,"percentageNice":0.0,"percentageSys":0.0,"percentageIdle":0.0,"percentageIoWait":0.0,"percentageHardIrq":0.0,"percentageSoftIrq":0.0,"percentageSteal":0.0,"percentageGuest":0.0},{"timestamp":"2020-12-28T17:30:00Z","percentageCpuUsage":0.0,"percentageUser":0.0,"percentageNice":0.0,"percentageSys":0.0,"percentageIdle":0.0,"percentageIoWait":0.0,"percentageHardIrq":0.0,"percentageSoftIrq":0.0,"percentageSteal":0.0,"percentageGuest":0.0},{"timestamp":"2020-12-27T17:30:00Z","percentageCpuUsage":0.0,"percentageUser":0.0,"percentageNice":0.0,"percentageSys":0.0,"percentageIdle":0.0,"percentageIoWait":0.0,"percentageHardIrq":0.0,"percentageSoftIrq":0.0,"percentageSteal":0.0,"percentageGuest":0.0},{"timestamp":"2020-12-26T17:30:00Z","percentageCpuUsage":0.0,"percentageUser":0.0,"percentageNice":0.0,"percentageSys":0.0,"percentageIdle":0.0,"percentageIoWait":0.0,"percentageHardIrq":0.0,"percentageSoftIrq":0.0,"percentageSteal":0.0,"percentageGuest":0.0},{"timestamp":"2020-12-25T17:30:00Z","percentageCpuUsage":0.0,"percentageUser":0.0,"percentageNice":0.0,"percentageSys":0.0,"percentageIdle":0.0,"percentageIoWait":0.0,"percentageHardIrq":0.0,"percentageSoftIrq":0.0,"percentageSteal":0.0,"percentageGuest":0.0},{"timestamp":"2020-12-24T17:30:00Z","percentageCpuUsage":0.0,"percentageUser":0.0,"percentageNice":0.0,"percentageSys":0.0,"percentageIdle":0.0,"percentageIoWait":0.0,"percentageHardIrq":0.0,"percentageSoftIrq":0.0,"percentageSteal":0.0,"percentageGuest":0.0},{"timestamp":"2020-12-23T17:30:00Z","percentageCpuUsage":0.0,"percentageUser":0.0,"percentageNice":0.0,"percentageSys":0.0,"percentageIdle":0.0,"percentageIoWait":0.0,"percentageHardIrq":0.0,"percentageSoftIrq":0.0,"percentageSteal":0.0,"percentageGuest":0.0},{"timestamp":"2020-12-22T17:30:00Z","percentageCpuUsage":0.0,"percentageUser":0.0,"percentageNice":0.0,"percentageSys":0.0,"percentageIdle":0.0,"percentageIoWait":0.0,"percentageHardIrq":0.0,"percentageSoftIrq":0.0,"percentageSteal":0.0,"percentageGuest":0.0},{"timestamp":"2020-12-21T17:30:00Z","percentageCpuUsage":0.0,"percentageUser":0.0,"percentageNice":0.0,"percentageSys":0.0,"percentageIdle":0.0,"percentageIoWait":0.0,"percentageHardIrq":0.0,"percentageSoftIrq":0.0,"percentageSteal":0.0,"percentageGuest":0.0},{"timestamp":"2020-12-20T17:30:00Z","percentageCpuUsage":0.0,"percentageUser":0.0,"percentageNice":0.0,"percentageSys":0.0,"percentageIdle":0.0,"percentageIoWait":0.0,"percentageHardIrq":0.0,"percentageSoftIrq":0.0,"percentageSteal":0.0,"percentageGuest":0.0},{"timestamp":"2020-12-19T17:30:00Z","percentageCpuUsage":0.0,"percentageUser":0.0,"percentageNice":0.0,"percentageSys":0.0,"percentageIdle":0.0,"percentageIoWait":0.0,"percentageHardIrq":0.0,"percentageSoftIrq":0.0,"percentageSteal":0.0,"percentageGuest":0.0},{"timestamp":"2020-12-18T17:30:00Z","percentageCpuUsage":0.0,"percentageUser":0.0,"percentageNice":0.0,"percentageSys":0.0,"percentageIdle":0.0,"percentageIoWait":0.0,"percentageHardIrq":0.0,"percentageSoftIrq":0.0,"percentageSteal":0.0,"percentageGuest":0.0},{"timestamp":"2020-12-17T17:30:00Z","percentageCpuUsage":0.0,"percentageUser":0.0,"percentageNice":0.0,"percentageSys":0.0,"percentageIdle":0.0,"percentageIoWait":0.0,"percentageHardIrq":0.0,"percentageSoftIrq":0.0,"percentageSteal":0.0,"percentageGuest":0.0},{"timestamp":"2020-12-16T17:30:00Z","percentageCpuUsage":0.0,"percentageUser":0.0,"percentageNice":0.0,"percentageSys":0.0,"percentageIdle":0.0,"percentageIoWait":0.0,"percentageHardIrq":0.0,"percentageSoftIrq":0.0,"percentageSteal":0.0,"percentageGuest":0.0},{"timestamp":"2020-12-15T17:30:00Z","percentageCpuUsage":0.0,"percentageUser":0.0,"percentageNice":0.0,"percentageSys":0.0,"percentageIdle":0.0,"percentageIoWait":0.0,"percentageHardIrq":0.0,"percentageSoftIrq":0.0,"percentageSteal":0.0,"percentageGuest":0.0},{"timestamp":"2020-12-14T17:30:00Z","percentageCpuUsage":0.0,"percentageUser":0.0,"percentageNice":0.0,"percentageSys":0.0,"percentageIdle":0.0,"percentageIoWait":0.0,"percentageHardIrq":0.0,"percentageSoftIrq":0.0,"percentageSteal":0.0,"percentageGuest":0.0},{"timestamp":"2020-12-13T17:30:00Z","percentageCpuUsage":0.0,"percentageUser":0.0,"percentageNice":0.0,"percentageSys":0.0,"percentageIdle":0.0,"percentageIoWait":0.0,"percentageHardIrq":0.0,"percentageSoftIrq":0.0,"percentageSteal":0.0,"percentageGuest":0.0},{"timestamp":"2020-12-12T17:30:00Z","percentageCpuUsage":0.0,"percentageUser":0.0,"percentageNice":0.0,"percentageSys":0.0,"percentageIdle":0.0,"percentageIoWait":0.0,"percentageHardIrq":0.0,"percentageSoftIrq":0.0,"percentageSteal":0.0,"percentageGuest":0.0},{"timestamp":"2020-12-11T17:30:00Z","percentageCpuUsage":0.0,"percentageUser":0.0,"percentageNice":0.0,"percentageSys":0.0,"percentageIdle":0.0,"percentageIoWait":0.0,"percentageHardIrq":0.0,"percentageSoftIrq":0.0,"percentageSteal":0.0,"percentageGuest":0.0},{"timestamp":"2020-12-10T17:30:00Z","percentageCpuUsage":0.0,"percentageUser":0.0,"percentageNice":0.0,"percentageSys":0.0,"percentageIdle":0.0,"percentageIoWait":0.0,"percentageHardIrq":0.0,"percentageSoftIrq":0.0,"percentageSteal":0.0,"percentageGuest":0.0},{"timestamp":"2020-12-09T17:30:00Z","percentageCpuUsage":0.0,"percentageUser":0.0,"percentageNice":0.0,"percentageSys":0.0,"percentageIdle":0.0,"percentageIoWait":0.0,"percentageHardIrq":0.0,"percentageSoftIrq":0.0,"percentageSteal":0.0,"percentageGuest":0.0},{"timestamp":"2020-12-08T17:30:00Z","percentageCpuUsage":0.0,"percentageUser":0.0,"percentageNice":0.0,"percentageSys":0.0,"percentageIdle":0.0,"percentageIoWait":0.0,"percentageHardIrq":0.0,"percentageSoftIrq":0.0,"percentageSteal":0.0,"percentageGuest":0.0},{"timestamp":"2020-12-07T17:30:00Z","percentageCpuUsage":0.0,"percentageUser":0.0,"percentageNice":0.0,"percentageSys":0.0,"percentageIdle":0.0,"percentageIoWait":0.0,"percentageHardIrq":0.0,"percentageSoftIrq":0.0,"percentageSteal":0.0,"percentageGuest":0.0},{"timestamp":"2020-12-06T17:30:00Z","percentageCpuUsage":0.0,"percentageUser":0.0,"percentageNice":0.0,"percentageSys":0.0,"percentageIdle":0.0,"percentageIoWait":0.0,"percentageHardIrq":0.0,"percentageSoftIrq":0.0,"percentageSteal":0.0,"percentageGuest":0.0},{"timestamp":"2020-12-05T17:30:00Z","percentageCpuUsage":0.0,"percentageUser":0.0,"percentageNice":0.0,"percentageSys":0.0,"percentageIdle":0.0,"percentageIoWait":0.0,"percentageHardIrq":0.0,"percentageSoftIrq":0.0,"percentageSteal":0.0,"percentageGuest":0.0},{"timestamp":"2020-12-04T17:30:00Z","percentageCpuUsage":0.0,"percentageUser":0.0,"percentageNice":0.0,"percentageSys":0.0,"percentageIdle":0.0,"percentageIoWait":0.0,"percentageHardIrq":0.0,"percentageSoftIrq":0.0,"percentageSteal":0.0,"percentageGuest":0.0},{"timestamp":"2020-12-03T17:30:00Z","percentageCpuUsage":0.0,"percentageUser":0.0,"percentageNice":0.0,"percentageSys":0.0,"percentageIdle":0.0,"percentageIoWait":0.0,"percentageHardIrq":0.0,"percentageSoftIrq":0.0,"percentageSteal":0.0,"percentageGuest":0.0},{"timestamp":"2020-12-02T17:30:00Z","percentageCpuUsage":0.0,"percentageUser":0.0,"percentageNice":0.0,"percentageSys":0.0,"percentageIdle":0.0,"percentageIoWait":0.0,"percentageHardIrq":0.0,"percentageSoftIrq":0.0,"percentageSteal":0.0,"percentageGuest":0.0},{"timestamp":"2020-12-01T17:30:00Z","percentageCpuUsage":0.0,"percentageUser":0.0,"percentageNice":0.0,"percentageSys":0.0,"percentageIdle":0.0,"percentageIoWait":0.0,"percentageHardIrq":0.0,"percentageSoftIrq":0.0,"percentageSteal":0.0,"percentageGuest":0.0},{"timestamp":"2020-11-30T17:30:00Z","percentageCpuUsage":0.0,"percentageUser":0.0,"percentageNice":0.0,"percentageSys":0.0,"percentageIdle":0.0,"percentageIoWait":0.0,"percentageHardIrq":0.0,"percentageSoftIrq":0.0,"percentageSteal":0.0,"percentageGuest":0.0},{"timestamp":"2020-11-29T17:30:00Z","percentageCpuUsage":0.0,"percentageUser":0.0,"percentageNice":0.0,"percentageSys":0.0,"percentageIdle":0.0,"percentageIoWait":0.0,"percentageHardIrq":0.0,"percentageSoftIrq":0.0,"percentageSteal":0.0,"percentageGuest":0.0},{"timestamp":"2020-11-28T17:30:00Z","percentageCpuUsage":0.0,"percentageUser":0.0,"percentageNice":0.0,"percentageSys":0.0,"percentageIdle":0.0,"percentageIoWait":0.0,"percentageHardIrq":0.0,"percentageSoftIrq":0.0,"percentageSteal":0.0,"percentageGuest":0.0},{"timestamp":"2020-11-27T17:30:00Z","percentageCpuUsage":0.0,"percentageUser":0.0,"percentageNice":0.0,"percentageSys":0.0,"percentageIdle":0.0,"percentageIoWait":0.0,"percentageHardIrq":0.0,"percentageSoftIrq":0.0,"percentageSteal":0.0,"percentageGuest":0.0},{"timestamp":"2020-11-26T17:30:00Z","percentageCpuUsage":0.0,"percentageUser":0.0,"percentageNice":0.0,"percentageSys":0.0,"percentageIdle":0.0,"percentageIoWait":0.0,"percentageHardIrq":0.0,"percentageSoftIrq":0.0,"percentageSteal":0.0,"percentageGuest":0.0},{"timestamp":"2020-11-25T17:30:00Z","percentageCpuUsage":0.0,"percentageUser":0.0,"percentageNice":0.0,"percentageSys":0.0,"percentageIdle":0.0,"percentageIoWait":0.0,"percentageHardIrq":0.0,"percentageSoftIrq":0.0,"percentageSteal":0.0,"percentageGuest":0.0},{"timestamp":"2020-11-24T17:30:00Z","percentageCpuUsage":0.0,"percentageUser":0.0,"percentageNice":0.0,"percentageSys":0.0,"percentageIdle":0.0,"percentageIoWait":0.0,"percentageHardIrq":0.0,"percentageSoftIrq":0.0,"percentageSteal":0.0,"percentageGuest":0.0},{"timestamp":"2020-11-23T17:30:00Z","percentageCpuUsage":0.0,"percentageUser":0.0,"percentageNice":0.0,"percentageSys":0.0,"percentageIdle":0.0,"percentageIoWait":0.0,"percentageHardIrq":0.0,"percentageSoftIrq":0.0,"percentageSteal":0.0,"percentageGuest":0.0},{"timestamp":"2020-11-22T17:30:00Z","percentageCpuUsage":0.0,"percentageUser":0.0,"percentageNice":0.0,"percentageSys":0.0,"percentageIdle":0.0,"percentageIoWait":0.0,"percentageHardIrq":0.0,"percentageSoftIrq":0.0,"percentageSteal":0.0,"percentageGuest":0.0},{"timestamp":"2020-11-21T17:30:00Z","percentageCpuUsage":0.0,"percentageUser":0.0,"percentageNice":0.0,"percentageSys":0.0,"percentageIdle":0.0,"percentageIoWait":0.0,"percentageHardIrq":0.0,"percentageSoftIrq":0.0,"percentageSteal":0.0,"percentageGuest":0.0},{"timestamp":"2020-11-20T17:30:00Z","percentageCpuUsage":0.0,"percentageUser":0.0,"percentageNice":0.0,"percentageSys":0.0,"percentageIdle":0.0,"percentageIoWait":0.0,"percentageHardIrq":0.0,"percentageSoftIrq":0.0,"percentageSteal":0.0,"percentageGuest":0.0},{"timestamp":"2020-11-19T17:30:00Z","percentageCpuUsage":0.0,"percentageUser":0.0,"percentageNice":0.0,"percentageSys":0.0,"percentageIdle":0.0,"percentageIoWait":0.0,"percentageHardIrq":0.0,"percentageSoftIrq":0.0,"percentageSteal":0.0,"percentageGuest":0.0},{"timestamp":"2020-11-18T17:30:00Z","percentageCpuUsage":0.0,"percentageUser":0.0,"percentageNice":0.0,"percentageSys":0.0,"percentageIdle":0.0,"percentageIoWait":0.0,"percentageHardIrq":0.0,"percentageSoftIrq":0.0,"percentageSteal":0.0,"percentageGuest":0.0},{"timestamp":"2020-11-17T17:30:00Z","percentageCpuUsage":0.0,"percentageUser":0.0,"percentageNice":0.0,"percentageSys":0.0,"percentageIdle":0.0,"percentageIoWait":0.0,"percentageHardIrq":0.0,"percentageSoftIrq":0.0,"percentageSteal":0.0,"percentageGuest":0.0},{"timestamp":"2020-11-16T17:30:00Z","percentageCpuUsage":0.0,"percentageUser":0.0,"percentageNice":0.0,"percentageSys":0.0,"percentageIdle":0.0,"percentageIoWait":0.0,"percentageHardIrq":0.0,"percentageSoftIrq":0.0,"percentageSteal":0.0,"percentageGuest":0.0},{"timestamp":"2020-11-15T17:30:00Z","percentageCpuUsage":0.0,"percentageUser":0.0,"percentageNice":0.0,"percentageSys":0.0,"percentageIdle":0.0,"percentageIoWait":0.0,"percentageHardIrq":0.0,"percentageSoftIrq":0.0,"percentageSteal":0.0,"percentageGuest":0.0},{"timestamp":"2020-11-14T17:30:00Z","percentageCpuUsage":0.0,"percentageUser":0.0,"percentageNice":0.0,"percentageSys":0.0,"percentageIdle":0.0,"percentageIoWait":0.0,"percentageHardIrq":0.0,"percentageSoftIrq":0.0,"percentageSteal":0.0,"percentageGuest":0.0},{"timestamp":"2020-11-13T17:30:00Z","percentageCpuUsage":0.0,"percentageUser":0.0,"percentageNice":0.0,"percentageSys":0.0,"percentageIdle":0.0,"percentageIoWait":0.0,"percentageHardIrq":0.0,"percentageSoftIrq":0.0,"percentageSteal":0.0,"percentageGuest":0.0},{"timestamp":"2020-11-12T17:30:00Z","percentageCpuUsage":0.0,"percentageUser":0.0,"percentageNice":0.0,"percentageSys":0.0,"percentageIdle":0.0,"percentageIoWait":0.0,"percentageHardIrq":0.0,"percentageSoftIrq":0.0,"percentageSteal":0.0,"percentageGuest":0.0},{"timestamp":"2020-11-11T17:30:00Z","percentageCpuUsage":0.0,"percentageUser":0.0,"percentageNice":0.0,"percentageSys":0.0,"percentageIdle":0.0,"percentageIoWait":0.0,"percentageHardIrq":0.0,"percentageSoftIrq":0.0,"percentageSteal":0.0,"percentageGuest":0.0},{"timestamp":"2020-11-10T17:30:00Z","percentageCpuUsage":0.0,"percentageUser":0.0,"percentageNice":0.0,"percentageSys":0.0,"percentageIdle":0.0,"percentageIoWait":0.0,"percentageHardIrq":0.0,"percentageSoftIrq":0.0,"percentageSteal":0.0,"percentageGuest":0.0},{"timestamp":"2020-11-09T17:30:00Z","percentageCpuUsage":0.0,"percentageUser":0.0,"percentageNice":0.0,"percentageSys":0.0,"percentageIdle":0.0,"percentageIoWait":0.0,"percentageHardIrq":0.0,"percentageSoftIrq":0.0,"percentageSteal":0.0,"percentageGuest":0.0},{"timestamp":"2020-11-08T17:30:00Z","percentageCpuUsage":0.0,"percentageUser":0.0,"percentageNice":0.0,"percentageSys":0.0,"percentageIdle":0.0,"percentageIoWait":0.0,"percentageHardIrq":0.0,"percentageSoftIrq":0.0,"percentageSteal":0.0,"percentageGuest":0.0},{"timestamp":"2020-11-07T17:30:00Z","percentageCpuUsage":0.0,"percentageUser":0.0,"percentageNice":0.0,"percentageSys":0.0,"percentageIdle":0.0,"percentageIoWait":0.0,"percentageHardIrq":0.0,"percentageSoftIrq":0.0,"percentageSteal":0.0,"percentageGuest":0.0},{"timestamp":"2020-11-06T17:30:00Z","percentageCpuUsage":0.0,"percentageUser":0.0,"percentageNice":0.0,"percentageSys":0.0,"percentageIdle":0.0,"percentageIoWait":0.0,"percentageHardIrq":0.0,"percentageSoftIrq":0.0,"percentageSteal":0.0,"percentageGuest":0.0},{"timestamp":"2020-11-05T17:30:00Z","percentageCpuUsage":0.0,"percentageUser":0.0,"percentageNice":0.0,"percentageSys":0.0,"percentageIdle":0.0,"percentageIoWait":0.0,"percentageHardIrq":0.0,"percentageSoftIrq":0.0,"percentageSteal":0.0,"percentageGuest":0.0},{"timestamp":"2020-11-04T17:30:00Z","percentageCpuUsage":0.0,"percentageUser":0.0,"percentageNice":0.0,"percentageSys":0.0,"percentageIdle":0.0,"percentageIoWait":0.0,"percentageHardIrq":0.0,"percentageSoftIrq":0.0,"percentageSteal":0.0,"percentageGuest":0.0},{"timestamp":"2020-11-03T17:30:00Z","percentageCpuUsage":0.0,"percentageUser":0.0,"percentageNice":0.0,"percentageSys":0.0,"percentageIdle":0.0,"percentageIoWait":0.0,"percentageHardIrq":0.0,"percentageSoftIrq":0.0,"percentageSteal":0.0,"percentageGuest":0.0},{"timestamp":"2020-11-02T17:30:00Z","percentageCpuUsage":0.419799,"percentageUser":0.287886,"percentageNice":0.0,"percentageSys":0.109724,"percentageIdle":3.74687,"percentageIoWait":0.0104709,"percentageHardIrq":0.0,"percentageSoftIrq":0.00381204,"percentageSteal":0.0,"percentageGuest":0.0},{"timestamp":"2020-11-01T17:00:00Z","percentageCpuUsage":0.0,"percentageUser":0.0,"percentageNice":0.0,"percentageSys":0.0,"percentageIdle":0.0,"percentageIoWait":0.0,"percentageHardIrq":0.0,"percentageSoftIrq":0.0,"percentageSteal":0.0,"percentageGuest":0.0},{"timestamp":"2020-10-31T16:30:00Z","percentageCpuUsage":0.0,"percentageUser":0.0,"percentageNice":0.0,"percentageSys":0.0,"percentageIdle":0.0,"percentageIoWait":0.0,"percentageHardIrq":0.0,"percentageSoftIrq":0.0,"percentageSteal":0.0,"percentageGuest":0.0},{"timestamp":"2020-10-30T16:30:00Z","percentageCpuUsage":0.0,"percentageUser":0.0,"percentageNice":0.0,"percentageSys":0.0,"percentageIdle":0.0,"percentageIoWait":0.0,"percentageHardIrq":0.0,"percentageSoftIrq":0.0,"percentageSteal":0.0,"percentageGuest":0.0},{"timestamp":"2020-10-29T16:30:00Z","percentageCpuUsage":0.0,"percentageUser":0.0,"percentageNice":0.0,"percentageSys":0.0,"percentageIdle":0.0,"percentageIoWait":0.0,"percentageHardIrq":0.0,"percentageSoftIrq":0.0,"percentageSteal":0.0,"percentageGuest":0.0},{"timestamp":"2020-10-28T16:30:00Z","percentageCpuUsage":0.0,"percentageUser":0.0,"percentageNice":0.0,"percentageSys":0.0,"percentageIdle":0.0,"percentageIoWait":0.0,"percentageHardIrq":0.0,"percentageSoftIrq":0.0,"percentageSteal":0.0,"percentageGuest":0.0},{"timestamp":"2020-10-27T16:30:00Z","percentageCpuUsage":0.0,"percentageUser":0.0,"percentageNice":0.0,"percentageSys":0.0,"percentageIdle":0.0,"percentageIoWait":0.0,"percentageHardIrq":0.0,"percentageSoftIrq":0.0,"percentageSteal":0.0,"percentageGuest":0.0},{"timestamp":"2020-10-26T16:30:00Z","percentageCpuUsage":0.0,"percentageUser":0.0,"percentageNice":0.0,"percentageSys":0.0,"percentageIdle":0.0,"percentageIoWait":0.0,"percentageHardIrq":0.0,"percentageSoftIrq":0.0,"percentageSteal":0.0,"percentageGuest":0.0},{"timestamp":"2020-10-25T16:30:00Z","percentageCpuUsage":0.0,"percentageUser":0.0,"percentageNice":0.0,"percentageSys":0.0,"percentageIdle":0.0,"percentageIoWait":0.0,"percentageHardIrq":0.0,"percentageSoftIrq":0.0,"percentageSteal":0.0,"percentageGuest":0.0},{"timestamp":"2020-10-24T16:30:00Z","percentageCpuUsage":0.0,"percentageUser":0.0,"percentageNice":0.0,"percentageSys":0.0,"percentageIdle":0.0,"percentageIoWait":0.0,"percentageHardIrq":0.0,"percentageSoftIrq":0.0,"percentageSteal":0.0,"percentageGuest":0.0},{"timestamp":"2020-10-23T16:30:00Z","percentageCpuUsage":0.0,"percentageUser":0.0,"percentageNice":0.0,"percentageSys":0.0,"percentageIdle":0.0,"percentageIoWait":0.0,"percentageHardIrq":0.0,"percentageSoftIrq":0.0,"percentageSteal":0.0,"percentageGuest":0.0},{"timestamp":"2020-10-22T16:30:00Z","percentageCpuUsage":0.0,"percentageUser":0.0,"percentageNice":0.0,"percentageSys":0.0,"percentageIdle":0.0,"percentageIoWait":0.0,"percentageHardIrq":0.0,"percentageSoftIrq":0.0,"percentageSteal":0.0,"percentageGuest":0.0},{"timestamp":"2020-10-21T16:30:00Z","percentageCpuUsage":0.785703,"percentageUser":0.489484,"percentageNice":4.64158E-11,"percentageSys":0.268559,"percentageIdle":11.7143,"percentageIoWait":0.0186219,"percentageHardIrq":0.0,"percentageSoftIrq":0.00903743,"percentageSteal":0.0,"percentageGuest":0.0},{"timestamp":"2020-10-20T16:30:00Z","percentageCpuUsage":0.710338,"percentageUser":0.486579,"percentageNice":2.41288E-5,"percentageSys":0.192763,"percentageIdle":7.623,"percentageIoWait":0.0187364,"percentageHardIrq":0.0,"percentageSoftIrq":0.00623229,"percentageSteal":0.0,"percentageGuest":0.0},{"timestamp":"2020-10-19T16:30:00Z","percentageCpuUsage":0.0,"percentageUser":0.0,"percentageNice":0.0,"percentageSys":0.0,"percentageIdle":0.0,"percentageIoWait":0.0,"percentageHardIrq":0.0,"percentageSoftIrq":0.0,"percentageSteal":0.0,"percentageGuest":0.0},{"timestamp":"2020-10-18T16:30:00Z","percentageCpuUsage":0.0,"percentageUser":0.0,"percentageNice":0.0,"percentageSys":0.0,"percentageIdle":0.0,"percentageIoWait":0.0,"percentageHardIrq":0.0,"percentageSoftIrq":0.0,"percentageSteal":0.0,"percentageGuest":0.0},{"timestamp":"2020-10-17T16:30:00Z","percentageCpuUsage":0.0,"percentageUser":0.0,"percentageNice":0.0,"percentageSys":0.0,"percentageIdle":0.0,"percentageIoWait":0.0,"percentageHardIrq":0.0,"percentageSoftIrq":0.0,"percentageSteal":0.0,"percentageGuest":0.0},{"timestamp":"2020-10-16T16:30:00Z","percentageCpuUsage":0.0,"percentageUser":0.0,"percentageNice":0.0,"percentageSys":0.0,"percentageIdle":0.0,"percentageIoWait":0.0,"percentageHardIrq":0.0,"percentageSoftIrq":0.0,"percentageSteal":0.0,"percentageGuest":0.0},{"timestamp":"2020-10-15T16:30:00Z","percentageCpuUsage":0.0,"percentageUser":0.0,"percentageNice":0.0,"percentageSys":0.0,"percentageIdle":0.0,"percentageIoWait":0.0,"percentageHardIrq":0.0,"percentageSoftIrq":0.0,"percentageSteal":0.0,"percentageGuest":0.0},{"timestamp":"2020-10-14T16:30:00Z","percentageCpuUsage":0.0,"percentageUser":0.0,"percentageNice":0.0,"percentageSys":0.0,"percentageIdle":0.0,"percentageIoWait":0.0,"percentageHardIrq":0.0,"percentageSoftIrq":0.0,"percentageSteal":0.0,"percentageGuest":0.0},{"timestamp":"2020-10-13T16:30:00Z","percentageCpuUsage":0.0,"percentageUser":0.0,"percentageNice":0.0,"percentageSys":0.0,"percentageIdle":0.0,"percentageIoWait":0.0,"percentageHardIrq":0.0,"percentageSoftIrq":0.0,"percentageSteal":0.0,"percentageGuest":0.0},{"timestamp":"2020-10-12T16:30:00Z","percentageCpuUsage":0.0,"percentageUser":0.0,"percentageNice":0.0,"percentageSys":0.0,"percentageIdle":0.0,"percentageIoWait":0.0,"percentageHardIrq":0.0,"percentageSoftIrq":0.0,"percentageSteal":0.0,"percentageGuest":0.0},{"timestamp":"2020-10-11T16:30:00Z","percentageCpuUsage":0.0,"percentageUser":0.0,"percentageNice":0.0,"percentageSys":0.0,"percentageIdle":0.0,"percentageIoWait":0.0,"percentageHardIrq":0.0,"percentageSoftIrq":0.0,"percentageSteal":0.0,"percentageGuest":0.0},{"timestamp":"2020-10-10T16:30:00Z","percentageCpuUsage":0.0,"percentageUser":0.0,"percentageNice":0.0,"percentageSys":0.0,"percentageIdle":0.0,"percentageIoWait":0.0,"percentageHardIrq":0.0,"percentageSoftIrq":0.0,"percentageSteal":0.0,"percentageGuest":0.0},{"timestamp":"2020-10-09T16:30:00Z","percentageCpuUsage":0.612171,"percentageUser":0.462122,"percentageNice":5.02133E-5,"percentageSys":0.120917,"percentageIdle":3.5545,"percentageIoWait":0.0130012,"percentageHardIrq":0.0,"percentageSoftIrq":0.0035686,"percentageSteal":0.0,"percentageGuest":0.0},{"timestamp":"2020-10-08T16:30:00Z","percentageCpuUsage":0.529111,"percentageUser":0.330177,"percentageNice":2.41516E-8,"percentageSys":0.177492,"percentageIdle":7.80422,"percentageIoWait":0.0154732,"percentageHardIrq":0.0,"percentageSoftIrq":0.00596913,"percentageSteal":0.0,"percentageGuest":0.0},{"timestamp":"2020-10-07T16:30:00Z","percentageCpuUsage":1.66303,"percentageUser":1.20285,"percentageNice":1.73892E-5,"percentageSys":0.329842,"percentageIdle":6.6703,"percentageIoWait":0.044704,"percentageHardIrq":0.0,"percentageSoftIrq":0.00834861,"percentageSteal":0.0,"percentageGuest":0.0},{"timestamp":"2020-10-06T16:30:00Z","percentageCpuUsage":0.0,"percentageUser":0.0,"percentageNice":0.0,"percentageSys":0.0,"percentageIdle":0.0,"percentageIoWait":0.0,"percentageHardIrq":0.0,"percentageSoftIrq":0.0,"percentageSteal":0.0,"percentageGuest":0.0},{"timestamp":"2020-10-05T16:30:00Z","percentageCpuUsage":0.0,"percentageUser":0.0,"percentageNice":0.0,"percentageSys":0.0,"percentageIdle":0.0,"percentageIoWait":0.0,"percentageHardIrq":0.0,"percentageSoftIrq":0.0,"percentageSteal":0.0,"percentageGuest":0.0},{"timestamp":"2020-10-04T16:30:00Z","percentageCpuUsage":0.0,"percentageUser":0.0,"percentageNice":0.0,"percentageSys":0.0,"percentageIdle":0.0,"percentageIoWait":0.0,"percentageHardIrq":0.0,"percentageSoftIrq":0.0,"percentageSteal":0.0,"percentageGuest":0.0},{"timestamp":"2020-10-03T16:30:00Z","percentageCpuUsage":0.0,"percentageUser":0.0,"percentageNice":0.0,"percentageSys":0.0,"percentageIdle":0.0,"percentageIoWait":0.0,"percentageHardIrq":0.0,"percentageSoftIrq":0.0,"percentageSteal":0.0,"percentageGuest":0.0},{"timestamp":"2020-10-02T16:30:00Z","percentageCpuUsage":0.0,"percentageUser":0.0,"percentageNice":0.0,"percentageSys":0.0,"percentageIdle":0.0,"percentageIoWait":0.0,"percentageHardIrq":0.0,"percentageSoftIrq":0.0,"percentageSteal":0.0,"percentageGuest":0.0},{"timestamp":"2020-10-01T16:30:00Z","percentageCpuUsage":0.0,"percentageUser":0.0,"percentageNice":0.0,"percentageSys":0.0,"percentageIdle":0.0,"percentageIoWait":0.0,"percentageHardIrq":0.0,"percentageSoftIrq":0.0,"percentageSteal":0.0,"percentageGuest":0.0},{"timestamp":"2020-09-30T16:30:00Z","percentageCpuUsage":0.0,"percentageUser":0.0,"percentageNice":0.0,"percentageSys":0.0,"percentageIdle":0.0,"percentageIoWait":0.0,"percentageHardIrq":0.0,"percentageSoftIrq":0.0,"percentageSteal":0.0,"percentageGuest":0.0},{"timestamp":"2020-09-29T16:30:00Z","percentageCpuUsage":0.0,"percentageUser":0.0,"percentageNice":0.0,"percentageSys":0.0,"percentageIdle":0.0,"percentageIoWait":0.0,"percentageHardIrq":0.0,"percentageSoftIrq":0.0,"percentageSteal":0.0,"percentageGuest":0.0},{"timestamp":"2020-09-28T16:30:00Z","percentageCpuUsage":0.0,"percentageUser":0.0,"percentageNice":0.0,"percentageSys":0.0,"percentageIdle":0.0,"percentageIoWait":0.0,"percentageHardIrq":0.0,"percentageSoftIrq":0.0,"percentageSteal":0.0,"percentageGuest":0.0},{"timestamp":"2020-09-27T16:30:00Z","percentageCpuUsage":0.0,"percentageUser":0.0,"percentageNice":0.0,"percentageSys":0.0,"percentageIdle":0.0,"percentageIoWait":0.0,"percentageHardIrq":0.0,"percentageSoftIrq":0.0,"percentageSteal":0.0,"percentageGuest":0.0},{"timestamp":"2020-09-26T16:30:00Z","percentageCpuUsage":0.0,"percentageUser":0.0,"percentageNice":0.0,"percentageSys":0.0,"percentageIdle":0.0,"percentageIoWait":0.0,"percentageHardIrq":0.0,"percentageSoftIrq":0.0,"percentageSteal":0.0,"percentageGuest":0.0},{"timestamp":"2020-09-25T16:30:00Z","percentageCpuUsage":0.0,"percentageUser":0.0,"percentageNice":0.0,"percentageSys":0.0,"percentageIdle":0.0,"percentageIoWait":0.0,"percentageHardIrq":0.0,"percentageSoftIrq":0.0,"percentageSteal":0.0,"percentageGuest":0.0},{"timestamp":"2020-09-24T16:30:00Z","percentageCpuUsage":0.0,"percentageUser":0.0,"percentageNice":0.0,"percentageSys":0.0,"percentageIdle":0.0,"percentageIoWait":0.0,"percentageHardIrq":0.0,"percentageSoftIrq":0.0,"percentageSteal":0.0,"percentageGuest":0.0},{"timestamp":"2020-09-23T16:30:00Z","percentageCpuUsage":0.0,"percentageUser":0.0,"percentageNice":0.0,"percentageSys":0.0,"percentageIdle":0.0,"percentageIoWait":0.0,"percentageHardIrq":0.0,"percentageSoftIrq":0.0,"percentageSteal":0.0,"percentageGuest":0.0},{"timestamp":"2020-09-22T16:30:00Z","percentageCpuUsage":0.0,"percentageUser":0.0,"percentageNice":0.0,"percentageSys":0.0,"percentageIdle":0.0,"percentageIoWait":0.0,"percentageHardIrq":0.0,"percentageSoftIrq":0.0,"percentageSteal":0.0,"percentageGuest":0.0},{"timestamp":"2020-09-21T16:30:00Z","percentageCpuUsage":0.0,"percentageUser":0.0,"percentageNice":0.0,"percentageSys":0.0,"percentageIdle":0.0,"percentageIoWait":0.0,"percentageHardIrq":0.0,"percentageSoftIrq":0.0,"percentageSteal":0.0,"percentageGuest":0.0},{"timestamp":"2020-09-20T16:30:00Z","percentageCpuUsage":0.0,"percentageUser":0.0,"percentageNice":0.0,"percentageSys":0.0,"percentageIdle":0.0,"percentageIoWait":0.0,"percentageHardIrq":0.0,"percentageSoftIrq":0.0,"percentageSteal":0.0,"percentageGuest":0.0},{"timestamp":"2020-09-19T16:30:00Z","percentageCpuUsage":0.0,"percentageUser":0.0,"percentageNice":0.0,"percentageSys":0.0,"percentageIdle":0.0,"percentageIoWait":0.0,"percentageHardIrq":0.0,"percentageSoftIrq":0.0,"percentageSteal":0.0,"percentageGuest":0.0},{"timestamp":"2020-09-18T16:30:00Z","percentageCpuUsage":0.0,"percentageUser":0.0,"percentageNice":0.0,"percentageSys":0.0,"percentageIdle":0.0,"percentageIoWait":0.0,"percentageHardIrq":0.0,"percentageSoftIrq":0.0,"percentageSteal":0.0,"percentageGuest":0.0},{"timestamp":"2020-09-17T16:30:00Z","percentageCpuUsage":0.0,"percentageUser":0.0,"percentageNice":0.0,"percentageSys":0.0,"percentageIdle":0.0,"percentageIoWait":0.0,"percentageHardIrq":0.0,"percentageSoftIrq":0.0,"percentageSteal":0.0,"percentageGuest":0.0},{"timestamp":"2020-09-16T16:30:00Z","percentageCpuUsage":0.0,"percentageUser":0.0,"percentageNice":0.0,"percentageSys":0.0,"percentageIdle":0.0,"percentageIoWait":0.0,"percentageHardIrq":0.0,"percentageSoftIrq":0.0,"percentageSteal":0.0,"percentageGuest":0.0},{"timestamp":"2020-09-15T16:30:00Z","percentageCpuUsage":0.0,"percentageUser":0.0,"percentageNice":0.0,"percentageSys":0.0,"percentageIdle":0.0,"percentageIoWait":0.0,"percentageHardIrq":0.0,"percentageSoftIrq":0.0,"percentageSteal":0.0,"percentageGuest":0.0},{"timestamp":"2020-09-14T16:30:00Z","percentageCpuUsage":0.0,"percentageUser":0.0,"percentageNice":0.0,"percentageSys":0.0,"percentageIdle":0.0,"percentageIoWait":0.0,"percentageHardIrq":0.0,"percentageSoftIrq":0.0,"percentageSteal":0.0,"percentageGuest":0.0},{"timestamp":"2020-09-13T16:30:00Z","percentageCpuUsage":0.0,"percentageUser":0.0,"percentageNice":0.0,"percentageSys":0.0,"percentageIdle":0.0,"percentageIoWait":0.0,"percentageHardIrq":0.0,"percentageSoftIrq":0.0,"percentageSteal":0.0,"percentageGuest":0.0},{"timestamp":"2020-09-12T16:30:00Z","percentageCpuUsage":0.0,"percentageUser":0.0,"percentageNice":0.0,"percentageSys":0.0,"percentageIdle":0.0,"percentageIoWait":0.0,"percentageHardIrq":0.0,"percentageSoftIrq":0.0,"percentageSteal":0.0,"percentageGuest":0.0},{"timestamp":"2020-09-11T16:30:00Z","percentageCpuUsage":0.0,"percentageUser":0.0,"percentageNice":0.0,"percentageSys":0.0,"percentageIdle":0.0,"percentageIoWait":0.0,"percentageHardIrq":0.0,"percentageSoftIrq":0.0,"percentageSteal":0.0,"percentageGuest":0.0},{"timestamp":"2020-09-10T16:30:00Z","percentageCpuUsage":0.0,"percentageUser":0.0,"percentageNice":0.0,"percentageSys":0.0,"percentageIdle":0.0,"percentageIoWait":0.0,"percentageHardIrq":0.0,"percentageSoftIrq":0.0,"percentageSteal":0.0,"percentageGuest":0.0},{"timestamp":"2020-09-09T16:30:00Z","percentageCpuUsage":0.0,"percentageUser":0.0,"percentageNice":0.0,"percentageSys":0.0,"percentageIdle":0.0,"percentageIoWait":0.0,"percentageHardIrq":0.0,"percentageSoftIrq":0.0,"percentageSteal":0.0,"percentageGuest":0.0},{"timestamp":"2020-09-08T16:30:00Z","percentageCpuUsage":0.0,"percentageUser":0.0,"percentageNice":0.0,"percentageSys":0.0,"percentageIdle":0.0,"percentageIoWait":0.0,"percentageHardIrq":0.0,"percentageSoftIrq":0.0,"percentageSteal":0.0,"percentageGuest":0.0},{"timestamp":"2020-09-07T16:30:00Z","percentageCpuUsage":0.0,"percentageUser":0.0,"percentageNice":0.0,"percentageSys":0.0,"percentageIdle":0.0,"percentageIoWait":0.0,"percentageHardIrq":0.0,"percentageSoftIrq":0.0,"percentageSteal":0.0,"percentageGuest":0.0},{"timestamp":"2020-09-06T16:30:00Z","percentageCpuUsage":0.0,"percentageUser":0.0,"percentageNice":0.0,"percentageSys":0.0,"percentageIdle":0.0,"percentageIoWait":0.0,"percentageHardIrq":0.0,"percentageSoftIrq":0.0,"percentageSteal":0.0,"percentageGuest":0.0},{"timestamp":"2020-09-05T16:30:00Z","percentageCpuUsage":0.0,"percentageUser":0.0,"percentageNice":0.0,"percentageSys":0.0,"percentageIdle":0.0,"percentageIoWait":0.0,"percentageHardIrq":0.0,"percentageSoftIrq":0.0,"percentageSteal":0.0,"percentageGuest":0.0},{"timestamp":"2020-09-04T16:30:00Z","percentageCpuUsage":0.0,"percentageUser":0.0,"percentageNice":0.0,"percentageSys":0.0,"percentageIdle":0.0,"percentageIoWait":0.0,"percentageHardIrq":0.0,"percentageSoftIrq":0.0,"percentageSteal":0.0,"percentageGuest":0.0},{"timestamp":"2020-09-03T16:30:00Z","percentageCpuUsage":0.0,"percentageUser":0.0,"percentageNice":0.0,"percentageSys":0.0,"percentageIdle":0.0,"percentageIoWait":0.0,"percentageHardIrq":0.0,"percentageSoftIrq":0.0,"percentageSteal":0.0,"percentageGuest":0.0},{"timestamp":"2020-09-02T16:30:00Z","percentageCpuUsage":0.0,"percentageUser":0.0,"percentageNice":0.0,"percentageSys":0.0,"percentageIdle":0.0,"percentageIoWait":0.0,"percentageHardIrq":0.0,"percentageSoftIrq":0.0,"percentageSteal":0.0,"percentageGuest":0.0},{"timestamp":"2020-09-01T16:00:00Z","percentageCpuUsage":0.0,"percentageUser":0.0,"percentageNice":0.0,"percentageSys":0.0,"percentageIdle":0.0,"percentageIoWait":0.0,"percentageHardIrq":0.0,"percentageSoftIrq":0.0,"percentageSteal":0.0,"percentageGuest":0.0},{"timestamp":"2020-08-31T15:30:00Z","percentageCpuUsage":0.0,"percentageUser":0.0,"percentageNice":0.0,"percentageSys":0.0,"percentageIdle":0.0,"percentageIoWait":0.0,"percentageHardIrq":0.0,"percentageSoftIrq":0.0,"percentageSteal":0.0,"percentageGuest":0.0},{"timestamp":"2020-08-30T15:30:00Z","percentageCpuUsage":0.0,"percentageUser":0.0,"percentageNice":0.0,"percentageSys":0.0,"percentageIdle":0.0,"percentageIoWait":0.0,"percentageHardIrq":0.0,"percentageSoftIrq":0.0,"percentageSteal":0.0,"percentageGuest":0.0},{"timestamp":"2020-08-29T15:30:00Z","percentageCpuUsage":0.0,"percentageUser":0.0,"percentageNice":0.0,"percentageSys":0.0,"percentageIdle":0.0,"percentageIoWait":0.0,"percentageHardIrq":0.0,"percentageSoftIrq":0.0,"percentageSteal":0.0,"percentageGuest":0.0},{"timestamp":"2020-08-28T15:30:00Z","percentageCpuUsage":0.0,"percentageUser":0.0,"percentageNice":0.0,"percentageSys":0.0,"percentageIdle":0.0,"percentageIoWait":0.0,"percentageHardIrq":0.0,"percentageSoftIrq":0.0,"percentageSteal":0.0,"percentageGuest":0.0},{"timestamp":"2020-08-27T15:30:00Z","percentageCpuUsage":0.0,"percentageUser":0.0,"percentageNice":0.0,"percentageSys":0.0,"percentageIdle":0.0,"percentageIoWait":0.0,"percentageHardIrq":0.0,"percentageSoftIrq":0.0,"percentageSteal":0.0,"percentageGuest":0.0},{"timestamp":"2020-08-26T15:30:00Z","percentageCpuUsage":0.0,"percentageUser":0.0,"percentageNice":0.0,"percentageSys":0.0,"percentageIdle":0.0,"percentageIoWait":0.0,"percentageHardIrq":0.0,"percentageSoftIrq":0.0,"percentageSteal":0.0,"percentageGuest":0.0},{"timestamp":"2020-08-25T15:30:00Z","percentageCpuUsage":0.0,"percentageUser":0.0,"percentageNice":0.0,"percentageSys":0.0,"percentageIdle":0.0,"percentageIoWait":0.0,"percentageHardIrq":0.0,"percentageSoftIrq":0.0,"percentageSteal":0.0,"percentageGuest":0.0},{"timestamp":"2020-08-24T15:30:00Z","percentageCpuUsage":0.0,"percentageUser":0.0,"percentageNice":0.0,"percentageSys":0.0,"percentageIdle":0.0,"percentageIoWait":0.0,"percentageHardIrq":0.0,"percentageSoftIrq":0.0,"percentageSteal":0.0,"percentageGuest":0.0},{"timestamp":"2020-08-23T15:30:00Z","percentageCpuUsage":0.0,"percentageUser":0.0,"percentageNice":0.0,"percentageSys":0.0,"percentageIdle":0.0,"percentageIoWait":0.0,"percentageHardIrq":0.0,"percentageSoftIrq":0.0,"percentageSteal":0.0,"percentageGuest":0.0},{"timestamp":"2020-08-22T15:30:00Z","percentageCpuUsage":0.0,"percentageUser":0.0,"percentageNice":0.0,"percentageSys":0.0,"percentageIdle":0.0,"percentageIoWait":0.0,"percentageHardIrq":0.0,"percentageSoftIrq":0.0,"percentageSteal":0.0,"percentageGuest":0.0},{"timestamp":"2020-08-21T15:30:00Z","percentageCpuUsage":0.0,"percentageUser":0.0,"percentageNice":0.0,"percentageSys":0.0,"percentageIdle":0.0,"percentageIoWait":0.0,"percentageHardIrq":0.0,"percentageSoftIrq":0.0,"percentageSteal":0.0,"percentageGuest":0.0},{"timestamp":"2020-08-20T15:30:00Z","percentageCpuUsage":0.0,"percentageUser":0.0,"percentageNice":0.0,"percentageSys":0.0,"percentageIdle":0.0,"percentageIoWait":0.0,"percentageHardIrq":0.0,"percentageSoftIrq":0.0,"percentageSteal":0.0,"percentageGuest":0.0},{"timestamp":"2020-08-19T15:30:00Z","percentageCpuUsage":0.0,"percentageUser":0.0,"percentageNice":0.0,"percentageSys":0.0,"percentageIdle":0.0,"percentageIoWait":0.0,"percentageHardIrq":0.0,"percentageSoftIrq":0.0,"percentageSteal":0.0,"percentageGuest":0.0},{"timestamp":"2020-08-18T15:30:00Z","percentageCpuUsage":0.0,"percentageUser":0.0,"percentageNice":0.0,"percentageSys":0.0,"percentageIdle":0.0,"percentageIoWait":0.0,"percentageHardIrq":0.0,"percentageSoftIrq":0.0,"percentageSteal":0.0,"percentageGuest":0.0},{"timestamp":"2020-08-17T15:30:00Z","percentageCpuUsage":0.0,"percentageUser":0.0,"percentageNice":0.0,"percentageSys":0.0,"percentageIdle":0.0,"percentageIoWait":0.0,"percentageHardIrq":0.0,"percentageSoftIrq":0.0,"percentageSteal":0.0,"percentageGuest":0.0},{"timestamp":"2020-08-16T15:30:00Z","percentageCpuUsage":0.0,"percentageUser":0.0,"percentageNice":0.0,"percentageSys":0.0,"percentageIdle":0.0,"percentageIoWait":0.0,"percentageHardIrq":0.0,"percentageSoftIrq":0.0,"percentageSteal":0.0,"percentageGuest":0.0},{"timestamp":"2020-08-15T15:30:00Z","percentageCpuUsage":0.0,"percentageUser":0.0,"percentageNice":0.0,"percentageSys":0.0,"percentageIdle":0.0,"percentageIoWait":0.0,"percentageHardIrq":0.0,"percentageSoftIrq":0.0,"percentageSteal":0.0,"percentageGuest":0.0},{"timestamp":"2020-08-14T15:30:00Z","percentageCpuUsage":0.0,"percentageUser":0.0,"percentageNice":0.0,"percentageSys":0.0,"percentageIdle":0.0,"percentageIoWait":0.0,"percentageHardIrq":0.0,"percentageSoftIrq":0.0,"percentageSteal":0.0,"percentageGuest":0.0},{"timestamp":"2020-08-13T15:30:00Z","percentageCpuUsage":0.0,"percentageUser":0.0,"percentageNice":0.0,"percentageSys":0.0,"percentageIdle":0.0,"percentageIoWait":0.0,"percentageHardIrq":0.0,"percentageSoftIrq":0.0,"percentageSteal":0.0,"percentageGuest":0.0},{"timestamp":"2020-08-12T15:30:00Z","percentageCpuUsage":0.0,"percentageUser":0.0,"percentageNice":0.0,"percentageSys":0.0,"percentageIdle":0.0,"percentageIoWait":0.0,"percentageHardIrq":0.0,"percentageSoftIrq":0.0,"percentageSteal":0.0,"percentageGuest":0.0},{"timestamp":"2020-08-11T15:30:00Z","percentageCpuUsage":0.0,"percentageUser":0.0,"percentageNice":0.0,"percentageSys":0.0,"percentageIdle":0.0,"percentageIoWait":0.0,"percentageHardIrq":0.0,"percentageSoftIrq":0.0,"percentageSteal":0.0,"percentageGuest":0.0},{"timestamp":"2020-08-10T15:30:00Z","percentageCpuUsage":0.0,"percentageUser":0.0,"percentageNice":0.0,"percentageSys":0.0,"percentageIdle":0.0,"percentageIoWait":0.0,"percentageHardIrq":0.0,"percentageSoftIrq":0.0,"percentageSteal":0.0,"percentageGuest":0.0},{"timestamp":"2020-08-09T15:30:00Z","percentageCpuUsage":0.0,"percentageUser":0.0,"percentageNice":0.0,"percentageSys":0.0,"percentageIdle":0.0,"percentageIoWait":0.0,"percentageHardIrq":0.0,"percentageSoftIrq":0.0,"percentageSteal":0.0,"percentageGuest":0.0},{"timestamp":"2020-08-08T15:30:00Z","percentageCpuUsage":0.0,"percentageUser":0.0,"percentageNice":0.0,"percentageSys":0.0,"percentageIdle":0.0,"percentageIoWait":0.0,"percentageHardIrq":0.0,"percentageSoftIrq":0.0,"percentageSteal":0.0,"percentageGuest":0.0},{"timestamp":"2020-08-07T15:30:00Z","percentageCpuUsage":0.0,"percentageUser":0.0,"percentageNice":0.0,"percentageSys":0.0,"percentageIdle":0.0,"percentageIoWait":0.0,"percentageHardIrq":0.0,"percentageSoftIrq":0.0,"percentageSteal":0.0,"percentageGuest":0.0},{"timestamp":"2020-08-06T15:30:00Z","percentageCpuUsage":0.0,"percentageUser":0.0,"percentageNice":0.0,"percentageSys":0.0,"percentageIdle":0.0,"percentageIoWait":0.0,"percentageHardIrq":0.0,"percentageSoftIrq":0.0,"percentageSteal":0.0,"percentageGuest":0.0},{"timestamp":"2020-08-05T15:30:00Z","percentageCpuUsage":0.0,"percentageUser":0.0,"percentageNice":0.0,"percentageSys":0.0,"percentageIdle":0.0,"percentageIoWait":0.0,"percentageHardIrq":0.0,"percentageSoftIrq":0.0,"percentageSteal":0.0,"percentageGuest":0.0},{"timestamp":"2020-08-04T15:30:00Z","percentageCpuUsage":0.0,"percentageUser":0.0,"percentageNice":0.0,"percentageSys":0.0,"percentageIdle":0.0,"percentageIoWait":0.0,"percentageHardIrq":0.0,"percentageSoftIrq":0.0,"percentageSteal":0.0,"percentageGuest":0.0},{"timestamp":"2020-08-03T15:30:00Z","percentageCpuUsage":0.0,"percentageUser":0.0,"percentageNice":0.0,"percentageSys":0.0,"percentageIdle":0.0,"percentageIoWait":0.0,"percentageHardIrq":0.0,"percentageSoftIrq":0.0,"percentageSteal":0.0,"percentageGuest":0.0},{"timestamp":"2020-08-02T15:30:00Z","percentageCpuUsage":0.0,"percentageUser":0.0,"percentageNice":0.0,"percentageSys":0.0,"percentageIdle":0.0,"percentageIoWait":0.0,"percentageHardIrq":0.0,"percentageSoftIrq":0.0,"percentageSteal":0.0,"percentageGuest":0.0},{"timestamp":"2020-08-01T15:30:00Z","percentageCpuUsage":0.0,"percentageUser":0.0,"percentageNice":0.0,"percentageSys":0.0,"percentageIdle":0.0,"percentageIoWait":0.0,"percentageHardIrq":0.0,"percentageSoftIrq":0.0,"percentageSteal":0.0,"percentageGuest":0.0},{"timestamp":"2020-07-31T15:30:00Z","percentageCpuUsage":0.0,"percentageUser":0.0,"percentageNice":0.0,"percentageSys":0.0,"percentageIdle":0.0,"percentageIoWait":0.0,"percentageHardIrq":0.0,"percentageSoftIrq":0.0,"percentageSteal":0.0,"percentageGuest":0.0},{"timestamp":"2020-07-30T15:30:00Z","percentageCpuUsage":0.0,"percentageUser":0.0,"percentageNice":0.0,"percentageSys":0.0,"percentageIdle":0.0,"percentageIoWait":0.0,"percentageHardIrq":0.0,"percentageSoftIrq":0.0,"percentageSteal":0.0,"percentageGuest":0.0},{"timestamp":"2020-07-29T15:30:00Z","percentageCpuUsage":0.0,"percentageUser":0.0,"percentageNice":0.0,"percentageSys":0.0,"percentageIdle":0.0,"percentageIoWait":0.0,"percentageHardIrq":0.0,"percentageSoftIrq":0.0,"percentageSteal":0.0,"percentageGuest":0.0},{"timestamp":"2020-07-28T15:30:00Z","percentageCpuUsage":0.0,"percentageUser":0.0,"percentageNice":0.0,"percentageSys":0.0,"percentageIdle":0.0,"percentageIoWait":0.0,"percentageHardIrq":0.0,"percentageSoftIrq":0.0,"percentageSteal":0.0,"percentageGuest":0.0},{"timestamp":"2020-07-27T15:30:00Z","percentageCpuUsage":0.0,"percentageUser":0.0,"percentageNice":0.0,"percentageSys":0.0,"percentageIdle":0.0,"percentageIoWait":0.0,"percentageHardIrq":0.0,"percentageSoftIrq":0.0,"percentageSteal":0.0,"percentageGuest":0.0},{"timestamp":"2020-07-26T15:30:00Z","percentageCpuUsage":0.0,"percentageUser":0.0,"percentageNice":0.0,"percentageSys":0.0,"percentageIdle":0.0,"percentageIoWait":0.0,"percentageHardIrq":0.0,"percentageSoftIrq":0.0,"percentageSteal":0.0,"percentageGuest":0.0},{"timestamp":"2020-07-25T15:30:00Z","percentageCpuUsage":0.0,"percentageUser":0.0,"percentageNice":0.0,"percentageSys":0.0,"percentageIdle":0.0,"percentageIoWait":0.0,"percentageHardIrq":0.0,"percentageSoftIrq":0.0,"percentageSteal":0.0,"percentageGuest":0.0},{"timestamp":"2020-07-24T15:30:00Z","percentageCpuUsage":0.0,"percentageUser":0.0,"percentageNice":0.0,"percentageSys":0.0,"percentageIdle":0.0,"percentageIoWait":0.0,"percentageHardIrq":0.0,"percentageSoftIrq":0.0,"percentageSteal":0.0,"percentageGuest":0.0},{"timestamp":"2020-07-23T15:30:00Z","percentageCpuUsage":0.0,"percentageUser":0.0,"percentageNice":0.0,"percentageSys":0.0,"percentageIdle":0.0,"percentageIoWait":0.0,"percentageHardIrq":0.0,"percentageSoftIrq":0.0,"percentageSteal":0.0,"percentageGuest":0.0},{"timestamp":"2020-07-22T15:30:00Z","percentageCpuUsage":0.0,"percentageUser":0.0,"percentageNice":0.0,"percentageSys":0.0,"percentageIdle":0.0,"percentageIoWait":0.0,"percentageHardIrq":0.0,"percentageSoftIrq":0.0,"percentageSteal":0.0,"percentageGuest":0.0},{"timestamp":"2020-07-21T15:30:00Z","percentageCpuUsage":0.0,"percentageUser":0.0,"percentageNice":0.0,"percentageSys":0.0,"percentageIdle":0.0,"percentageIoWait":0.0,"percentageHardIrq":0.0,"percentageSoftIrq":0.0,"percentageSteal":0.0,"percentageGuest":0.0},{"timestamp":"2020-07-20T15:30:00Z","percentageCpuUsage":0.0,"percentageUser":0.0,"percentageNice":0.0,"percentageSys":0.0,"percentageIdle":0.0,"percentageIoWait":0.0,"percentageHardIrq":0.0,"percentageSoftIrq":0.0,"percentageSteal":0.0,"percentageGuest":0.0},{"timestamp":"2020-07-19T15:30:00Z","percentageCpuUsage":0.0,"percentageUser":0.0,"percentageNice":0.0,"percentageSys":0.0,"percentageIdle":0.0,"percentageIoWait":0.0,"percentageHardIrq":0.0,"percentageSoftIrq":0.0,"percentageSteal":0.0,"percentageGuest":0.0},{"timestamp":"2020-07-18T15:30:00Z","percentageCpuUsage":0.0,"percentageUser":0.0,"percentageNice":0.0,"percentageSys":0.0,"percentageIdle":0.0,"percentageIoWait":0.0,"percentageHardIrq":0.0,"percentageSoftIrq":0.0,"percentageSteal":0.0,"percentageGuest":0.0},{"timestamp":"2020-07-17T15:30:00Z","percentageCpuUsage":0.0,"percentageUser":0.0,"percentageNice":0.0,"percentageSys":0.0,"percentageIdle":0.0,"percentageIoWait":0.0,"percentageHardIrq":0.0,"percentageSoftIrq":0.0,"percentageSteal":0.0,"percentageGuest":0.0},{"timestamp":"2020-07-16T15:30:00Z","percentageCpuUsage":0.0,"percentageUser":0.0,"percentageNice":0.0,"percentageSys":0.0,"percentageIdle":0.0,"percentageIoWait":0.0,"percentageHardIrq":0.0,"percentageSoftIrq":0.0,"percentageSteal":0.0,"percentageGuest":0.0},{"timestamp":"2020-07-15T15:30:00Z","percentageCpuUsage":0.0,"percentageUser":0.0,"percentageNice":0.0,"percentageSys":0.0,"percentageIdle":0.0,"percentageIoWait":0.0,"percentageHardIrq":0.0,"percentageSoftIrq":0.0,"percentageSteal":0.0,"percentageGuest":0.0},{"timestamp":"2020-07-14T15:30:00Z","percentageCpuUsage":0.0,"percentageUser":0.0,"percentageNice":0.0,"percentageSys":0.0,"percentageIdle":0.0,"percentageIoWait":0.0,"percentageHardIrq":0.0,"percentageSoftIrq":0.0,"percentageSteal":0.0,"percentageGuest":0.0},{"timestamp":"2020-07-13T15:30:00Z","percentageCpuUsage":0.0,"percentageUser":0.0,"percentageNice":0.0,"percentageSys":0.0,"percentageIdle":0.0,"percentageIoWait":0.0,"percentageHardIrq":0.0,"percentageSoftIrq":0.0,"percentageSteal":0.0,"percentageGuest":0.0},{"timestamp":"2020-07-12T15:30:00Z","percentageCpuUsage":0.0,"percentageUser":0.0,"percentageNice":0.0,"percentageSys":0.0,"percentageIdle":0.0,"percentageIoWait":0.0,"percentageHardIrq":0.0,"percentageSoftIrq":0.0,"percentageSteal":0.0,"percentageGuest":0.0},{"timestamp":"2020-07-11T15:30:00Z","percentageCpuUsage":0.0,"percentageUser":0.0,"percentageNice":0.0,"percentageSys":0.0,"percentageIdle":0.0,"percentageIoWait":0.0,"percentageHardIrq":0.0,"percentageSoftIrq":0.0,"percentageSteal":0.0,"percentageGuest":0.0},{"timestamp":"2020-07-10T15:30:00Z","percentageCpuUsage":0.0,"percentageUser":0.0,"percentageNice":0.0,"percentageSys":0.0,"percentageIdle":0.0,"percentageIoWait":0.0,"percentageHardIrq":0.0,"percentageSoftIrq":0.0,"percentageSteal":0.0,"percentageGuest":0.0},{"timestamp":"2020-07-09T15:30:00Z","percentageCpuUsage":0.0,"percentageUser":0.0,"percentageNice":0.0,"percentageSys":0.0,"percentageIdle":0.0,"percentageIoWait":0.0,"percentageHardIrq":0.0,"percentageSoftIrq":0.0,"percentageSteal":0.0,"percentageGuest":0.0},{"timestamp":"2020-07-08T15:30:00Z","percentageCpuUsage":0.0,"percentageUser":0.0,"percentageNice":0.0,"percentageSys":0.0,"percentageIdle":0.0,"percentageIoWait":0.0,"percentageHardIrq":0.0,"percentageSoftIrq":0.0,"percentageSteal":0.0,"percentageGuest":0.0},{"timestamp":"2020-07-07T15:30:00Z","percentageCpuUsage":0.0,"percentageUser":0.0,"percentageNice":0.0,"percentageSys":0.0,"percentageIdle":0.0,"percentageIoWait":0.0,"percentageHardIrq":0.0,"percentageSoftIrq":0.0,"percentageSteal":0.0,"percentageGuest":0.0},{"timestamp":"2020-07-06T15:30:00Z","percentageCpuUsage":0.0,"percentageUser":0.0,"percentageNice":0.0,"percentageSys":0.0,"percentageIdle":0.0,"percentageIoWait":0.0,"percentageHardIrq":0.0,"percentageSoftIrq":0.0,"percentageSteal":0.0,"percentageGuest":0.0},{"timestamp":"2020-07-05T15:30:00Z","percentageCpuUsage":0.0,"percentageUser":0.0,"percentageNice":0.0,"percentageSys":0.0,"percentageIdle":0.0,"percentageIoWait":0.0,"percentageHardIrq":0.0,"percentageSoftIrq":0.0,"percentageSteal":0.0,"percentageGuest":0.0},{"timestamp":"2020-07-04T15:30:00Z","percentageCpuUsage":0.0,"percentageUser":0.0,"percentageNice":0.0,"percentageSys":0.0,"percentageIdle":0.0,"percentageIoWait":0.0,"percentageHardIrq":0.0,"percentageSoftIrq":0.0,"percentageSteal":0.0,"percentageGuest":0.0},{"timestamp":"2020-07-03T15:30:00Z","percentageCpuUsage":0.0,"percentageUser":0.0,"percentageNice":0.0,"percentageSys":0.0,"percentageIdle":0.0,"percentageIoWait":0.0,"percentageHardIrq":0.0,"percentageSoftIrq":0.0,"percentageSteal":0.0,"percentageGuest":0.0},{"timestamp":"2020-07-02T15:00:00Z","percentageCpuUsage":0.0,"percentageUser":0.0,"percentageNice":0.0,"percentageSys":0.0,"percentageIdle":0.0,"percentageIoWait":0.0,"percentageHardIrq":0.0,"percentageSoftIrq":0.0,"percentageSteal":0.0,"percentageGuest":0.0},{"timestamp":"2020-07-01T14:30:00Z","percentageCpuUsage":0.0,"percentageUser":0.0,"percentageNice":0.0,"percentageSys":0.0,"percentageIdle":0.0,"percentageIoWait":0.0,"percentageHardIrq":0.0,"percentageSoftIrq":0.0,"percentageSteal":0.0,"percentageGuest":0.0},{"timestamp":"2020-06-30T14:30:00Z","percentageCpuUsage":0.0,"percentageUser":0.0,"percentageNice":0.0,"percentageSys":0.0,"percentageIdle":0.0,"percentageIoWait":0.0,"percentageHardIrq":0.0,"percentageSoftIrq":0.0,"percentageSteal":0.0,"percentageGuest":0.0},{"timestamp":"2020-06-29T14:30:00Z","percentageCpuUsage":0.0,"percentageUser":0.0,"percentageNice":0.0,"percentageSys":0.0,"percentageIdle":0.0,"percentageIoWait":0.0,"percentageHardIrq":0.0,"percentageSoftIrq":0.0,"percentageSteal":0.0,"percentageGuest":0.0},{"timestamp":"2020-06-28T14:30:00Z","percentageCpuUsage":0.0,"percentageUser":0.0,"percentageNice":0.0,"percentageSys":0.0,"percentageIdle":0.0,"percentageIoWait":0.0,"percentageHardIrq":0.0,"percentageSoftIrq":0.0,"percentageSteal":0.0,"percentageGuest":0.0},{"timestamp":"2020-06-27T14:30:00Z","percentageCpuUsage":0.0,"percentageUser":0.0,"percentageNice":0.0,"percentageSys":0.0,"percentageIdle":0.0,"percentageIoWait":0.0,"percentageHardIrq":0.0,"percentageSoftIrq":0.0,"percentageSteal":0.0,"percentageGuest":0.0},{"timestamp":"2020-06-26T14:30:00Z","percentageCpuUsage":0.0,"percentageUser":0.0,"percentageNice":0.0,"percentageSys":0.0,"percentageIdle":0.0,"percentageIoWait":0.0,"percentageHardIrq":0.0,"percentageSoftIrq":0.0,"percentageSteal":0.0,"percentageGuest":0.0},{"timestamp":"2020-06-25T14:30:00Z","percentageCpuUsage":0.0,"percentageUser":0.0,"percentageNice":0.0,"percentageSys":0.0,"percentageIdle":0.0,"percentageIoWait":0.0,"percentageHardIrq":0.0,"percentageSoftIrq":0.0,"percentageSteal":0.0,"percentageGuest":0.0},{"timestamp":"2020-06-24T14:30:00Z","percentageCpuUsage":0.0,"percentageUser":0.0,"percentageNice":0.0,"percentageSys":0.0,"percentageIdle":0.0,"percentageIoWait":0.0,"percentageHardIrq":0.0,"percentageSoftIrq":0.0,"percentageSteal":0.0,"percentageGuest":0.0},{"timestamp":"2020-06-23T14:30:00Z","percentageCpuUsage":0.0,"percentageUser":0.0,"percentageNice":0.0,"percentageSys":0.0,"percentageIdle":0.0,"percentageIoWait":0.0,"percentageHardIrq":0.0,"percentageSoftIrq":0.0,"percentageSteal":0.0,"percentageGuest":0.0},{"timestamp":"2020-06-22T14:30:00Z","percentageCpuUsage":0.0,"percentageUser":0.0,"percentageNice":0.0,"percentageSys":0.0,"percentageIdle":0.0,"percentageIoWait":0.0,"percentageHardIrq":0.0,"percentageSoftIrq":0.0,"percentageSteal":0.0,"percentageGuest":0.0},{"timestamp":"2020-06-21T14:30:00Z","percentageCpuUsage":0.0,"percentageUser":0.0,"percentageNice":0.0,"percentageSys":0.0,"percentageIdle":0.0,"percentageIoWait":0.0,"percentageHardIrq":0.0,"percentageSoftIrq":0.0,"percentageSteal":0.0,"percentageGuest":0.0},{"timestamp":"2020-06-20T14:30:00Z","percentageCpuUsage":0.0,"percentageUser":0.0,"percentageNice":0.0,"percentageSys":0.0,"percentageIdle":0.0,"percentageIoWait":0.0,"percentageHardIrq":0.0,"percentageSoftIrq":0.0,"percentageSteal":0.0,"percentageGuest":0.0},{"timestamp":"2020-06-19T14:30:00Z","percentageCpuUsage":0.0,"percentageUser":0.0,"percentageNice":0.0,"percentageSys":0.0,"percentageIdle":0.0,"percentageIoWait":0.0,"percentageHardIrq":0.0,"percentageSoftIrq":0.0,"percentageSteal":0.0,"percentageGuest":0.0},{"timestamp":"2020-06-18T14:30:00Z","percentageCpuUsage":0.0,"percentageUser":0.0,"percentageNice":0.0,"percentageSys":0.0,"percentageIdle":0.0,"percentageIoWait":0.0,"percentageHardIrq":0.0,"percentageSoftIrq":0.0,"percentageSteal":0.0,"percentageGuest":0.0},{"timestamp":"2020-06-17T14:30:00Z","percentageCpuUsage":0.0,"percentageUser":0.0,"percentageNice":0.0,"percentageSys":0.0,"percentageIdle":0.0,"percentageIoWait":0.0,"percentageHardIrq":0.0,"percentageSoftIrq":0.0,"percentageSteal":0.0,"percentageGuest":0.0},{"timestamp":"2020-06-16T14:30:00Z","percentageCpuUsage":0.0,"percentageUser":0.0,"percentageNice":0.0,"percentageSys":0.0,"percentageIdle":0.0,"percentageIoWait":0.0,"percentageHardIrq":0.0,"percentageSoftIrq":0.0,"percentageSteal":0.0,"percentageGuest":0.0},{"timestamp":"2020-06-15T14:30:00Z","percentageCpuUsage":0.0,"percentageUser":0.0,"percentageNice":0.0,"percentageSys":0.0,"percentageIdle":0.0,"percentageIoWait":0.0,"percentageHardIrq":0.0,"percentageSoftIrq":0.0,"percentageSteal":0.0,"percentageGuest":0.0},{"timestamp":"2020-06-14T14:30:00Z","percentageCpuUsage":0.0,"percentageUser":0.0,"percentageNice":0.0,"percentageSys":0.0,"percentageIdle":0.0,"percentageIoWait":0.0,"percentageHardIrq":0.0,"percentageSoftIrq":0.0,"percentageSteal":0.0,"percentageGuest":0.0},{"timestamp":"2020-06-13T14:30:00Z","percentageCpuUsage":0.0,"percentageUser":0.0,"percentageNice":0.0,"percentageSys":0.0,"percentageIdle":0.0,"percentageIoWait":0.0,"percentageHardIrq":0.0,"percentageSoftIrq":0.0,"percentageSteal":0.0,"percentageGuest":0.0},{"timestamp":"2020-06-12T14:30:00Z","percentageCpuUsage":0.0,"percentageUser":0.0,"percentageNice":0.0,"percentageSys":0.0,"percentageIdle":0.0,"percentageIoWait":0.0,"percentageHardIrq":0.0,"percentageSoftIrq":0.0,"percentageSteal":0.0,"percentageGuest":0.0},{"timestamp":"2020-06-11T14:30:00Z","percentageCpuUsage":0.0,"percentageUser":0.0,"percentageNice":0.0,"percentageSys":0.0,"percentageIdle":0.0,"percentageIoWait":0.0,"percentageHardIrq":0.0,"percentageSoftIrq":0.0,"percentageSteal":0.0,"percentageGuest":0.0},{"timestamp":"2020-06-10T14:30:00Z","percentageCpuUsage":0.0,"percentageUser":0.0,"percentageNice":0.0,"percentageSys":0.0,"percentageIdle":0.0,"percentageIoWait":0.0,"percentageHardIrq":0.0,"percentageSoftIrq":0.0,"percentageSteal":0.0,"percentageGuest":0.0},{"timestamp":"2020-06-09T14:30:00Z","percentageCpuUsage":0.0,"percentageUser":0.0,"percentageNice":0.0,"percentageSys":0.0,"percentageIdle":0.0,"percentageIoWait":0.0,"percentageHardIrq":0.0,"percentageSoftIrq":0.0,"percentageSteal":0.0,"percentageGuest":0.0},{"timestamp":"2020-06-08T14:30:00Z","percentageCpuUsage":0.0,"percentageUser":0.0,"percentageNice":0.0,"percentageSys":0.0,"percentageIdle":0.0,"percentageIoWait":0.0,"percentageHardIrq":0.0,"percentageSoftIrq":0.0,"percentageSteal":0.0,"percentageGuest":0.0},{"timestamp":"2020-06-07T14:30:00Z","percentageCpuUsage":0.0,"percentageUser":0.0,"percentageNice":0.0,"percentageSys":0.0,"percentageIdle":0.0,"percentageIoWait":0.0,"percentageHardIrq":0.0,"percentageSoftIrq":0.0,"percentageSteal":0.0,"percentageGuest":0.0},{"timestamp":"2020-06-06T14:30:00Z","percentageCpuUsage":0.0,"percentageUser":0.0,"percentageNice":0.0,"percentageSys":0.0,"percentageIdle":0.0,"percentageIoWait":0.0,"percentageHardIrq":0.0,"percentageSoftIrq":0.0,"percentageSteal":0.0,"percentageGuest":0.0},{"timestamp":"2020-06-05T14:30:00Z","percentageCpuUsage":0.0,"percentageUser":0.0,"percentageNice":0.0,"percentageSys":0.0,"percentageIdle":0.0,"percentageIoWait":0.0,"percentageHardIrq":0.0,"percentageSoftIrq":0.0,"percentageSteal":0.0,"percentageGuest":0.0},{"timestamp":"2020-06-04T14:30:00Z","percentageCpuUsage":0.0,"percentageUser":0.0,"percentageNice":0.0,"percentageSys":0.0,"percentageIdle":0.0,"percentageIoWait":0.0,"percentageHardIrq":0.0,"percentageSoftIrq":0.0,"percentageSteal":0.0,"percentageGuest":0.0},{"timestamp":"2020-06-03T14:30:00Z","percentageCpuUsage":0.0,"percentageUser":0.0,"percentageNice":0.0,"percentageSys":0.0,"percentageIdle":0.0,"percentageIoWait":0.0,"percentageHardIrq":0.0,"percentageSoftIrq":0.0,"percentageSteal":0.0,"percentageGuest":0.0},{"timestamp":"2020-06-02T14:30:00Z","percentageCpuUsage":0.0,"percentageUser":0.0,"percentageNice":0.0,"percentageSys":0.0,"percentageIdle":0.0,"percentageIoWait":0.0,"percentageHardIrq":0.0,"percentageSoftIrq":0.0,"percentageSteal":0.0,"percentageGuest":0.0},{"timestamp":"2020-06-01T14:30:00Z","percentageCpuUsage":0.0,"percentageUser":0.0,"percentageNice":0.0,"percentageSys":0.0,"percentageIdle":0.0,"percentageIoWait":0.0,"percentageHardIrq":0.0,"percentageSoftIrq":0.0,"percentageSteal":0.0,"percentageGuest":0.0},{"timestamp":"2020-05-31T14:30:00Z","percentageCpuUsage":0.0,"percentageUser":0.0,"percentageNice":0.0,"percentageSys":0.0,"percentageIdle":0.0,"percentageIoWait":0.0,"percentageHardIrq":0.0,"percentageSoftIrq":0.0,"percentageSteal":0.0,"percentageGuest":0.0},{"timestamp":"2020-05-30T14:30:00Z","percentageCpuUsage":0.0,"percentageUser":0.0,"percentageNice":0.0,"percentageSys":0.0,"percentageIdle":0.0,"percentageIoWait":0.0,"percentageHardIrq":0.0,"percentageSoftIrq":0.0,"percentageSteal":0.0,"percentageGuest":0.0},{"timestamp":"2020-05-29T14:30:00Z","percentageCpuUsage":0.0,"percentageUser":0.0,"percentageNice":0.0,"percentageSys":0.0,"percentageIdle":0.0,"percentageIoWait":0.0,"percentageHardIrq":0.0,"percentageSoftIrq":0.0,"percentageSteal":0.0,"percentageGuest":0.0},{"timestamp":"2020-05-28T14:30:00Z","percentageCpuUsage":0.0,"percentageUser":0.0,"percentageNice":0.0,"percentageSys":0.0,"percentageIdle":0.0,"percentageIoWait":0.0,"percentageHardIrq":0.0,"percentageSoftIrq":0.0,"percentageSteal":0.0,"percentageGuest":0.0},{"timestamp":"2020-05-27T14:30:00Z","percentageCpuUsage":0.0,"percentageUser":0.0,"percentageNice":0.0,"percentageSys":0.0,"percentageIdle":0.0,"percentageIoWait":0.0,"percentageHardIrq":0.0,"percentageSoftIrq":0.0,"percentageSteal":0.0,"percentageGuest":0.0},{"timestamp":"2020-05-26T14:30:00Z","percentageCpuUsage":0.0,"percentageUser":0.0,"percentageNice":0.0,"percentageSys":0.0,"percentageIdle":0.0,"percentageIoWait":0.0,"percentageHardIrq":0.0,"percentageSoftIrq":0.0,"percentageSteal":0.0,"percentageGuest":0.0},{"timestamp":"2020-05-25T14:30:00Z","percentageCpuUsage":0.0,"percentageUser":0.0,"percentageNice":0.0,"percentageSys":0.0,"percentageIdle":0.0,"percentageIoWait":0.0,"percentageHardIrq":0.0,"percentageSoftIrq":0.0,"percentageSteal":0.0,"percentageGuest":0.0},{"timestamp":"2020-05-24T14:30:00Z","percentageCpuUsage":0.0,"percentageUser":0.0,"percentageNice":0.0,"percentageSys":0.0,"percentageIdle":0.0,"percentageIoWait":0.0,"percentageHardIrq":0.0,"percentageSoftIrq":0.0,"percentageSteal":0.0,"percentageGuest":0.0},{"timestamp":"2020-05-23T14:30:00Z","percentageCpuUsage":0.0,"percentageUser":0.0,"percentageNice":0.0,"percentageSys":0.0,"percentageIdle":0.0,"percentageIoWait":0.0,"percentageHardIrq":0.0,"percentageSoftIrq":0.0,"percentageSteal":0.0,"percentageGuest":0.0},{"timestamp":"2020-05-22T14:30:00Z","percentageCpuUsage":0.0,"percentageUser":0.0,"percentageNice":0.0,"percentageSys":0.0,"percentageIdle":0.0,"percentageIoWait":0.0,"percentageHardIrq":0.0,"percentageSoftIrq":0.0,"percentageSteal":0.0,"percentageGuest":0.0},{"timestamp":"2020-05-21T14:30:00Z","percentageCpuUsage":0.0,"percentageUser":0.0,"percentageNice":0.0,"percentageSys":0.0,"percentageIdle":0.0,"percentageIoWait":0.0,"percentageHardIrq":0.0,"percentageSoftIrq":0.0,"percentageSteal":0.0,"percentageGuest":0.0},{"timestamp":"2020-05-20T14:30:00Z","percentageCpuUsage":0.0,"percentageUser":0.0,"percentageNice":0.0,"percentageSys":0.0,"percentageIdle":0.0,"percentageIoWait":0.0,"percentageHardIrq":0.0,"percentageSoftIrq":0.0,"percentageSteal":0.0,"percentageGuest":0.0},{"timestamp":"2020-05-19T14:30:00Z","percentageCpuUsage":0.0,"percentageUser":0.0,"percentageNice":0.0,"percentageSys":0.0,"percentageIdle":0.0,"percentageIoWait":0.0,"percentageHardIrq":0.0,"percentageSoftIrq":0.0,"percentageSteal":0.0,"percentageGuest":0.0},{"timestamp":"2020-05-18T14:30:00Z","percentageCpuUsage":1.05352,"percentageUser":0.50279,"percentageNice":5.81975E-6,"percentageSys":0.38965,"percentageIdle":11.4465,"percentageIoWait":0.147652,"percentageHardIrq":0.0,"percentageSoftIrq":0.013419,"percentageSteal":0.0,"percentageGuest":0.0},{"timestamp":"2020-05-17T14:30:00Z","percentageCpuUsage":6.71383,"percentageUser":3.8724,"percentageNice":0.00108336,"percentageSys":2.61776,"percentageIdle":93.2862,"percentageIoWait":0.134616,"percentageHardIrq":0.0,"percentageSoftIrq":0.0879778,"percentageSteal":0.0,"percentageGuest":0.0},{"timestamp":"2020-05-16T14:30:00Z","percentageCpuUsage":7.11635,"percentageUser":4.34771,"percentageNice":9.71886E-4,"percentageSys":2.44844,"percentageIdle":92.8837,"percentageIoWait":0.231467,"percentageHardIrq":0.0,"percentageSoftIrq":0.0877531,"percentageSteal":0.0,"percentageGuest":0.0},{"timestamp":"2020-05-15T14:30:00Z","percentageCpuUsage":6.84871,"percentageUser":4.05817,"percentageNice":0.00553672,"percentageSys":2.55354,"percentageIdle":93.1513,"percentageIoWait":0.149653,"percentageHardIrq":0.0,"percentageSoftIrq":0.0649272,"percentageSteal":0.0,"percentageGuest":0.0},{"timestamp":"2020-05-14T14:30:00Z","percentageCpuUsage":6.22263,"percentageUser":3.50392,"percentageNice":0.00102259,"percentageSys":2.51256,"percentageIdle":93.7774,"percentageIoWait":0.141354,"percentageHardIrq":0.0,"percentageSoftIrq":0.0637655,"percentageSteal":0.0,"percentageGuest":0.0},{"timestamp":"2020-05-13T14:30:00Z","percentageCpuUsage":6.13107,"percentageUser":3.52739,"percentageNice":0.00118164,"percentageSys":2.42048,"percentageIdle":93.8689,"percentageIoWait":0.117336,"percentageHardIrq":0.0,"percentageSoftIrq":0.0646736,"percentageSteal":0.0,"percentageGuest":0.0},{"timestamp":"2020-05-12T14:30:00Z","percentageCpuUsage":5.8763,"percentageUser":3.62826,"percentageNice":9.64102E-4,"percentageSys":2.024,"percentageIdle":94.1237,"percentageIoWait":0.146616,"percentageHardIrq":0.0,"percentageSoftIrq":0.0698017,"percentageSteal":0.0,"percentageGuest":0.0},{"timestamp":"2020-05-11T14:30:00Z","percentageCpuUsage":3.70933,"percentageUser":2.15279,"percentageNice":0.00102639,"percentageSys":1.39807,"percentageIdle":96.2907,"percentageIoWait":0.119512,"percentageHardIrq":0.0,"percentageSoftIrq":0.0379199,"percentageSteal":0.0,"percentageGuest":0.0},{"timestamp":"2020-05-10T14:30:00Z","percentageCpuUsage":3.65807,"percentageUser":2.14119,"percentageNice":0.00109896,"percentageSys":1.3597,"percentageIdle":96.3419,"percentageIoWait":0.118281,"percentageHardIrq":0.0,"percentageSoftIrq":0.0378002,"percentageSteal":0.0,"percentageGuest":0.0},{"timestamp":"2020-05-09T14:30:00Z","percentageCpuUsage":5.80161,"percentageUser":3.27869,"percentageNice":0.00108818,"percentageSys":2.10324,"percentageIdle":94.1984,"percentageIoWait":0.353495,"percentageHardIrq":0.0,"percentageSoftIrq":0.065101,"percentageSteal":0.0,"percentageGuest":0.0},{"timestamp":"2020-05-08T14:30:00Z","percentageCpuUsage":6.63171,"percentageUser":3.617,"percentageNice":0.00104392,"percentageSys":2.52854,"percentageIdle":93.3683,"percentageIoWait":0.423314,"percentageHardIrq":0.0,"percentageSoftIrq":0.0618128,"percentageSteal":0.0,"percentageGuest":0.0},{"timestamp":"2020-05-07T14:30:00Z","percentageCpuUsage":6.61439,"percentageUser":3.60808,"percentageNice":0.00121921,"percentageSys":2.52154,"percentageIdle":93.3856,"percentageIoWait":0.422558,"percentageHardIrq":0.0,"percentageSoftIrq":0.0609905,"percentageSteal":0.0,"percentageGuest":0.0},{"timestamp":"2020-05-06T14:30:00Z","percentageCpuUsage":6.74481,"percentageUser":3.59998,"percentageNice":0.00101482,"percentageSys":2.5143,"percentageIdle":93.2552,"percentageIoWait":0.568764,"percentageHardIrq":0.0,"percentageSoftIrq":0.0607444,"percentageSteal":0.0,"percentageGuest":0.0},{"timestamp":"2020-05-05T14:30:00Z","percentageCpuUsage":6.53908,"percentageUser":3.56069,"percentageNice":0.0010334,"percentageSys":2.53208,"percentageIdle":93.4609,"percentageIoWait":0.385451,"percentageHardIrq":0.0,"percentageSoftIrq":0.0598206,"percentageSteal":0.0,"percentageGuest":0.0},{"timestamp":"2020-05-04T14:30:00Z","percentageCpuUsage":6.52478,"percentageUser":3.56123,"percentageNice":0.0011023,"percentageSys":2.54428,"percentageIdle":93.4752,"percentageIoWait":0.356314,"percentageHardIrq":0.0,"percentageSoftIrq":0.061861,"percentageSteal":0.0,"percentageGuest":0.0},{"timestamp":"2020-05-03T14:30:00Z","percentageCpuUsage":6.44704,"percentageUser":3.55363,"percentageNice":0.00105464,"percentageSys":2.49054,"percentageIdle":93.553,"percentageIoWait":0.341975,"percentageHardIrq":0.0,"percentageSoftIrq":0.0598318,"percentageSteal":0.0,"percentageGuest":0.0},{"timestamp":"2020-05-02T14:00:00Z","percentageCpuUsage":6.24236,"percentageUser":3.54348,"percentageNice":9.41764E-4,"percentageSys":2.32578,"percentageIdle":93.7576,"percentageIoWait":0.309414,"percentageHardIrq":0.0,"percentageSoftIrq":0.0627539,"percentageSteal":0.0,"percentageGuest":0.0},{"timestamp":"2020-05-01T13:30:00Z","percentageCpuUsage":5.20193,"percentageUser":3.11446,"percentageNice":8.48485E-4,"percentageSys":1.57023,"percentageIdle":73.9647,"percentageIoWait":0.456671,"percentageHardIrq":0.0,"percentageSoftIrq":0.0471526,"percentageSteal":0.0,"percentageGuest":0.0},{"timestamp":"2020-04-30T13:30:00Z","percentageCpuUsage":1.92206,"percentageUser":1.0533,"percentageNice":2.32062E-5,"percentageSys":0.684491,"percentageIdle":27.2446,"percentageIoWait":0.164076,"percentageHardIrq":0.0,"percentageSoftIrq":0.0201731,"percentageSteal":0.0,"percentageGuest":0.0},{"timestamp":"2020-04-29T13:30:00Z","percentageCpuUsage":6.43322,"percentageUser":3.60502,"percentageNice":9.92983E-4,"percentageSys":2.33999,"percentageIdle":93.5668,"percentageIoWait":0.421394,"percentageHardIrq":0.0,"percentageSoftIrq":0.0658276,"percentageSteal":0.0,"percentageGuest":0.0},{"timestamp":"2020-04-28T13:30:00Z","percentageCpuUsage":6.43309,"percentageUser":3.60562,"percentageNice":0.00103317,"percentageSys":2.33455,"percentageIdle":93.5669,"percentageIoWait":0.425885,"percentageHardIrq":0.0,"percentageSoftIrq":0.0659998,"percentageSteal":0.0,"percentageGuest":0.0},{"timestamp":"2020-04-27T13:30:00Z","percentageCpuUsage":6.42749,"percentageUser":3.61189,"percentageNice":0.00106248,"percentageSys":2.34019,"percentageIdle":93.5725,"percentageIoWait":0.407671,"percentageHardIrq":0.0,"percentageSoftIrq":0.0666722,"percentageSteal":0.0,"percentageGuest":0.0},{"timestamp":"2020-04-26T13:30:00Z","percentageCpuUsage":6.45424,"percentageUser":3.62959,"percentageNice":0.00103985,"percentageSys":2.35664,"percentageIdle":93.5458,"percentageIoWait":0.39657,"percentageHardIrq":0.0,"percentageSoftIrq":0.0703902,"percentageSteal":0.0,"percentageGuest":0.0},{"timestamp":"2020-04-25T13:30:00Z","percentageCpuUsage":6.44293,"percentageUser":3.62697,"percentageNice":0.00100581,"percentageSys":2.35928,"percentageIdle":93.5571,"percentageIoWait":0.38423,"percentageHardIrq":0.0,"percentageSoftIrq":0.0714397,"percentageSteal":0.0,"percentageGuest":0.0},{"timestamp":"2020-04-24T13:30:00Z","percentageCpuUsage":6.5148,"percentageUser":3.62514,"percentageNice":0.00108167,"percentageSys":2.37052,"percentageIdle":93.4852,"percentageIoWait":0.447676,"percentageHardIrq":0.0,"percentageSoftIrq":0.070381,"percentageSteal":0.0,"percentageGuest":0.0},{"timestamp":"2020-04-23T13:30:00Z","percentageCpuUsage":6.51026,"percentageUser":3.60414,"percentageNice":9.89497E-4,"percentageSys":2.36771,"percentageIdle":93.4897,"percentageIoWait":0.465661,"percentageHardIrq":0.0,"percentageSoftIrq":0.0717634,"percentageSteal":0.0,"percentageGuest":0.0},{"timestamp":"2020-04-22T13:30:00Z","percentageCpuUsage":6.53546,"percentageUser":3.61681,"percentageNice":0.00101077,"percentageSys":2.35445,"percentageIdle":93.4645,"percentageIoWait":0.493292,"percentageHardIrq":0.0,"percentageSoftIrq":0.069894,"percentageSteal":0.0,"percentageGuest":0.0},{"timestamp":"2020-04-21T13:30:00Z","percentageCpuUsage":6.51601,"percentageUser":3.64975,"percentageNice":0.00109814,"percentageSys":2.38851,"percentageIdle":93.484,"percentageIoWait":0.404879,"percentageHardIrq":0.0,"percentageSoftIrq":0.0717746,"percentageSteal":0.0,"percentageGuest":0.0},{"timestamp":"2020-04-20T13:30:00Z","percentageCpuUsage":6.51054,"percentageUser":3.65278,"percentageNice":0.001032,"percentageSys":2.39418,"percentageIdle":93.4895,"percentageIoWait":0.392469,"percentageHardIrq":0.0,"percentageSoftIrq":0.0700867,"percentageSteal":0.0,"percentageGuest":0.0},{"timestamp":"2020-04-19T13:30:00Z","percentageCpuUsage":6.50444,"percentageUser":3.65369,"percentageNice":0.00104617,"percentageSys":2.39474,"percentageIdle":93.4956,"percentageIoWait":0.383803,"percentageHardIrq":0.0,"percentageSoftIrq":0.0711538,"percentageSteal":0.0,"percentageGuest":0.0},{"timestamp":"2020-04-18T13:30:00Z","percentageCpuUsage":6.51134,"percentageUser":3.64387,"percentageNice":0.00109696,"percentageSys":2.39499,"percentageIdle":93.4887,"percentageIoWait":0.400973,"percentageHardIrq":0.0,"percentageSoftIrq":0.0704147,"percentageSteal":0.0,"percentageGuest":0.0},{"timestamp":"2020-04-17T13:30:00Z","percentageCpuUsage":6.47471,"percentageUser":3.61239,"percentageNice":0.00101281,"percentageSys":2.36189,"percentageIdle":93.5253,"percentageIoWait":0.429401,"percentageHardIrq":0.0,"percentageSoftIrq":0.070011,"percentageSteal":0.0,"percentageGuest":0.0},{"timestamp":"2020-04-16T13:30:00Z","percentageCpuUsage":6.59008,"percentageUser":3.64607,"percentageNice":0.00103618,"percentageSys":2.43499,"percentageIdle":93.4099,"percentageIoWait":0.437637,"percentageHardIrq":0.0,"percentageSoftIrq":0.0703516,"percentageSteal":0.0,"percentageGuest":0.0},{"timestamp":"2020-04-15T13:30:00Z","percentageCpuUsage":6.55035,"percentageUser":3.64822,"percentageNice":0.00110077,"percentageSys":2.40052,"percentageIdle":93.4496,"percentageIoWait":0.428274,"percentageHardIrq":0.0,"percentageSoftIrq":0.0722378,"percentageSteal":0.0,"percentageGuest":0.0},{"timestamp":"2020-04-14T13:30:00Z","percentageCpuUsage":6.533,"percentageUser":3.64123,"percentageNice":0.00101289,"percentageSys":2.41857,"percentageIdle":93.467,"percentageIoWait":0.401567,"percentageHardIrq":0.0,"percentageSoftIrq":0.0706224,"percentageSteal":0.0,"percentageGuest":0.0},{"timestamp":"2020-04-13T13:30:00Z","percentageCpuUsage":6.52271,"percentageUser":3.64573,"percentageNice":0.00100711,"percentageSys":2.40711,"percentageIdle":93.4773,"percentageIoWait":0.397636,"percentageHardIrq":0.0,"percentageSoftIrq":0.0712246,"percentageSteal":0.0,"percentageGuest":0.0},{"timestamp":"2020-04-12T13:30:00Z","percentageCpuUsage":6.51277,"percentageUser":3.64013,"percentageNice":0.00120546,"percentageSys":2.40929,"percentageIdle":93.4872,"percentageIoWait":0.390282,"percentageHardIrq":0.0,"percentageSoftIrq":0.0718672,"percentageSteal":0.0,"percentageGuest":0.0},{"timestamp":"2020-04-11T13:30:00Z","percentageCpuUsage":6.52341,"percentageUser":3.64088,"percentageNice":0.0010088,"percentageSys":2.42893,"percentageIdle":93.4766,"percentageIoWait":0.381006,"percentageHardIrq":0.0,"percentageSoftIrq":0.0715845,"percentageSteal":0.0,"percentageGuest":0.0},{"timestamp":"2020-04-10T13:30:00Z","percentageCpuUsage":6.53799,"percentageUser":3.63836,"percentageNice":9.9725E-4,"percentageSys":2.38874,"percentageIdle":93.462,"percentageIoWait":0.438939,"percentageHardIrq":0.0,"percentageSoftIrq":0.0709482,"percentageSteal":0.0,"percentageGuest":0.0},{"timestamp":"2020-04-09T13:30:00Z","percentageCpuUsage":6.45165,"percentageUser":3.63907,"percentageNice":0.00109336,"percentageSys":2.32225,"percentageIdle":93.5484,"percentageIoWait":0.412906,"percentageHardIrq":0.0,"percentageSoftIrq":0.0763294,"percentageSteal":0.0,"percentageGuest":0.0},{"timestamp":"2020-04-08T13:30:00Z","percentageCpuUsage":6.44727,"percentageUser":3.63798,"percentageNice":0.00105557,"percentageSys":2.32356,"percentageIdle":93.5527,"percentageIoWait":0.408878,"percentageHardIrq":0.0,"percentageSoftIrq":0.0758004,"percentageSteal":0.0,"percentageGuest":0.0},{"timestamp":"2020-04-07T13:30:00Z","percentageCpuUsage":6.42352,"percentageUser":3.63811,"percentageNice":0.00100801,"percentageSys":2.32353,"percentageIdle":93.5765,"percentageIoWait":0.38404,"percentageHardIrq":0.0,"percentageSoftIrq":0.0768399,"percentageSteal":0.0,"percentageGuest":0.0},{"timestamp":"2020-04-06T13:30:00Z","percentageCpuUsage":6.42537,"percentageUser":3.63256,"percentageNice":0.00108921,"percentageSys":2.32095,"percentageIdle":93.5746,"percentageIoWait":0.395589,"percentageHardIrq":0.0,"percentageSoftIrq":0.0751939,"percentageSteal":0.0,"percentageGuest":0.0},{"timestamp":"2020-04-05T13:30:00Z","percentageCpuUsage":6.41852,"percentageUser":3.63089,"percentageNice":0.00102553,"percentageSys":2.33336,"percentageIdle":93.5815,"percentageIoWait":0.376258,"percentageHardIrq":0.0,"percentageSoftIrq":0.0769985,"percentageSteal":0.0,"percentageGuest":0.0},{"timestamp":"2020-04-04T13:30:00Z","percentageCpuUsage":6.38471,"percentageUser":3.63485,"percentageNice":0.00100024,"percentageSys":2.30927,"percentageIdle":93.6153,"percentageIoWait":0.364928,"percentageHardIrq":0.0,"percentageSoftIrq":0.0746588,"percentageSteal":0.0,"percentageGuest":0.0},{"timestamp":"2020-04-03T13:30:00Z","percentageCpuUsage":6.45447,"percentageUser":3.63688,"percentageNice":0.00108957,"percentageSys":2.32628,"percentageIdle":93.5455,"percentageIoWait":0.41419,"percentageHardIrq":0.0,"percentageSoftIrq":0.0760381,"percentageSteal":0.0,"percentageGuest":0.0},{"timestamp":"2020-04-02T13:30:00Z","percentageCpuUsage":6.48292,"percentageUser":3.63156,"percentageNice":0.00112084,"percentageSys":2.33665,"percentageIdle":93.5171,"percentageIoWait":0.437387,"percentageHardIrq":0.0,"percentageSoftIrq":0.0762056,"percentageSteal":0.0,"percentageGuest":0.0},{"timestamp":"2020-04-01T13:30:00Z","percentageCpuUsage":6.42207,"percentageUser":3.63386,"percentageNice":0.0010352,"percentageSys":2.32389,"percentageIdle":93.5779,"percentageIoWait":0.387564,"percentageHardIrq":0.0,"percentageSoftIrq":0.0757206,"percentageSteal":0.0,"percentageGuest":0.0},{"timestamp":"2020-03-31T13:30:00Z","percentageCpuUsage":6.3967,"percentageUser":3.63005,"percentageNice":0.00108751,"percentageSys":2.3217,"percentageIdle":93.6033,"percentageIoWait":0.367618,"percentageHardIrq":0.0,"percentageSoftIrq":0.0762412,"percentageSteal":0.0,"percentageGuest":0.0},{"timestamp":"2020-03-30T13:30:00Z","percentageCpuUsage":6.40012,"percentageUser":3.62914,"percentageNice":0.00108282,"percentageSys":2.31828,"percentageIdle":93.5999,"percentageIoWait":0.375538,"percentageHardIrq":0.0,"percentageSoftIrq":0.0760875,"percentageSteal":0.0,"percentageGuest":0.0},{"timestamp":"2020-03-29T13:30:00Z","percentageCpuUsage":6.41806,"percentageUser":3.62994,"percentageNice":0.00102256,"percentageSys":2.32032,"percentageIdle":93.5819,"percentageIoWait":0.391105,"percentageHardIrq":0.0,"percentageSoftIrq":0.0756749,"percentageSteal":0.0,"percentageGuest":0.0},{"timestamp":"2020-03-28T13:30:00Z","percentageCpuUsage":6.38881,"percentageUser":3.626,"percentageNice":0.00107686,"percentageSys":2.33807,"percentageIdle":93.6112,"percentageIoWait":0.348614,"percentageHardIrq":0.0,"percentageSoftIrq":0.0750477,"percentageSteal":0.0,"percentageGuest":0.0},{"timestamp":"2020-03-27T13:30:00Z","percentageCpuUsage":6.44916,"percentageUser":3.62855,"percentageNice":0.00101182,"percentageSys":2.32763,"percentageIdle":93.5508,"percentageIoWait":0.417154,"percentageHardIrq":0.0,"percentageSoftIrq":0.0748124,"percentageSteal":0.0,"percentageGuest":0.0},{"timestamp":"2020-03-26T13:30:00Z","percentageCpuUsage":6.44392,"percentageUser":3.62991,"percentageNice":0.00100221,"percentageSys":2.32849,"percentageIdle":93.5561,"percentageIoWait":0.408636,"percentageHardIrq":0.0,"percentageSoftIrq":0.0758801,"percentageSteal":0.0,"percentageGuest":0.0},{"timestamp":"2020-03-25T13:30:00Z","percentageCpuUsage":6.41504,"percentageUser":3.62246,"percentageNice":0.0010827,"percentageSys":2.33627,"percentageIdle":93.585,"percentageIoWait":0.380164,"percentageHardIrq":0.0,"percentageSoftIrq":0.0750637,"percentageSteal":0.0,"percentageGuest":0.0},{"timestamp":"2020-03-24T13:30:00Z","percentageCpuUsage":6.41946,"percentageUser":3.6239,"percentageNice":0.00101481,"percentageSys":2.34081,"percentageIdle":93.5805,"percentageIoWait":0.378096,"percentageHardIrq":0.0,"percentageSoftIrq":0.0756347,"percentageSteal":0.0,"percentageGuest":0.0},{"timestamp":"2020-03-23T13:30:00Z","percentageCpuUsage":6.37626,"percentageUser":3.61915,"percentageNice":0.00102349,"percentageSys":2.32625,"percentageIdle":93.6237,"percentageIoWait":0.355944,"percentageHardIrq":0.0,"percentageSoftIrq":0.0738936,"percentageSteal":0.0,"percentageGuest":0.0},{"timestamp":"2020-03-22T13:30:00Z","percentageCpuUsage":6.4281,"percentageUser":3.62129,"percentageNice":0.00118272,"percentageSys":2.34894,"percentageIdle":93.5719,"percentageIoWait":0.380648,"percentageHardIrq":0.0,"percentageSoftIrq":0.0760413,"percentageSteal":0.0,"percentageGuest":0.0},{"timestamp":"2020-03-21T13:30:00Z","percentageCpuUsage":6.4012,"percentageUser":3.6147,"percentageNice":0.00105184,"percentageSys":2.35784,"percentageIdle":93.5988,"percentageIoWait":0.353367,"percentageHardIrq":0.0,"percentageSoftIrq":0.0742341,"percentageSteal":0.0,"percentageGuest":0.0},{"timestamp":"2020-03-20T13:30:00Z","percentageCpuUsage":6.43261,"percentageUser":3.61188,"percentageNice":0.00102546,"percentageSys":2.36137,"percentageIdle":93.5674,"percentageIoWait":0.3848,"percentageHardIrq":0.0,"percentageSoftIrq":0.07354,"percentageSteal":0.0,"percentageGuest":0.0},{"timestamp":"2020-03-19T13:30:00Z","percentageCpuUsage":6.45169,"percentageUser":3.61301,"percentageNice":0.00117915,"percentageSys":2.3802,"percentageIdle":93.5483,"percentageIoWait":0.38486,"percentageHardIrq":0.0,"percentageSoftIrq":0.0724439,"percentageSteal":0.0,"percentageGuest":0.0},{"timestamp":"2020-03-18T13:30:00Z","percentageCpuUsage":6.48016,"percentageUser":3.61443,"percentageNice":0.00109252,"percentageSys":2.39747,"percentageIdle":93.5198,"percentageIoWait":0.394018,"percentageHardIrq":0.0,"percentageSoftIrq":0.0731541,"percentageSteal":0.0,"percentageGuest":0.0},{"timestamp":"2020-03-17T13:30:00Z","percentageCpuUsage":6.46919,"percentageUser":3.61516,"percentageNice":0.00103913,"percentageSys":2.40303,"percentageIdle":93.5308,"percentageIoWait":0.379954,"percentageHardIrq":0.0,"percentageSoftIrq":0.0700116,"percentageSteal":0.0,"percentageGuest":0.0},{"timestamp":"2020-03-16T13:30:00Z","percentageCpuUsage":6.46703,"percentageUser":3.6129,"percentageNice":0.00111441,"percentageSys":2.42849,"percentageIdle":93.533,"percentageIoWait":0.354393,"percentageHardIrq":0.0,"percentageSoftIrq":0.0701321,"percentageSteal":0.0,"percentageGuest":0.0},{"timestamp":"2020-03-15T13:30:00Z","percentageCpuUsage":6.5657,"percentageUser":3.61071,"percentageNice":0.00105778,"percentageSys":2.47597,"percentageIdle":93.4343,"percentageIoWait":0.410977,"percentageHardIrq":0.0,"percentageSoftIrq":0.0669947,"percentageSteal":0.0,"percentageGuest":0.0},{"timestamp":"2020-03-14T13:30:00Z","percentageCpuUsage":6.5337,"percentageUser":3.61589,"percentageNice":0.00109048,"percentageSys":2.48697,"percentageIdle":93.4663,"percentageIoWait":0.360712,"percentageHardIrq":0.0,"percentageSoftIrq":0.0690439,"percentageSteal":0.0,"percentageGuest":0.0},{"timestamp":"2020-03-13T13:30:00Z","percentageCpuUsage":6.59157,"percentageUser":3.61026,"percentageNice":0.00106821,"percentageSys":2.49146,"percentageIdle":93.4084,"percentageIoWait":0.421747,"percentageHardIrq":0.0,"percentageSoftIrq":0.0670441,"percentageSteal":0.0,"percentageGuest":0.0},{"timestamp":"2020-03-12T13:30:00Z","percentageCpuUsage":6.57694,"percentageUser":3.60904,"percentageNice":0.00104202,"percentageSys":2.48505,"percentageIdle":93.4231,"percentageIoWait":0.412941,"percentageHardIrq":0.0,"percentageSoftIrq":0.0688683,"percentageSteal":0.0,"percentageGuest":0.0},{"timestamp":"2020-03-11T13:30:00Z","percentageCpuUsage":6.5769,"percentageUser":3.61264,"percentageNice":0.00102646,"percentageSys":2.48645,"percentageIdle":93.4231,"percentageIoWait":0.409531,"percentageHardIrq":0.0,"percentageSoftIrq":0.0672566,"percentageSteal":0.0,"percentageGuest":0.0},{"timestamp":"2020-03-10T13:30:00Z","percentageCpuUsage":6.5512,"percentageUser":3.61144,"percentageNice":0.00109219,"percentageSys":2.49604,"percentageIdle":93.4488,"percentageIoWait":0.374407,"percentageHardIrq":0.0,"percentageSoftIrq":0.0682248,"percentageSteal":0.0,"percentageGuest":0.0},{"timestamp":"2020-03-09T13:30:00Z","percentageCpuUsage":6.54335,"percentageUser":3.61026,"percentageNice":9.91467E-4,"percentageSys":2.48047,"percentageIdle":93.4566,"percentageIoWait":0.384877,"percentageHardIrq":0.0,"percentageSoftIrq":0.0667517,"percentageSteal":0.0,"percentageGuest":0.0},{"timestamp":"2020-03-08T13:30:00Z","percentageCpuUsage":6.53525,"percentageUser":3.60531,"percentageNice":0.00102646,"percentageSys":2.49492,"percentageIdle":93.4647,"percentageIoWait":0.365655,"percentageHardIrq":0.0,"percentageSoftIrq":0.0683448,"percentageSteal":0.0,"percentageGuest":0.0},{"timestamp":"2020-03-07T13:30:00Z","percentageCpuUsage":6.51092,"percentageUser":3.60761,"percentageNice":0.00109752,"percentageSys":2.49178,"percentageIdle":93.4891,"percentageIoWait":0.342867,"percentageHardIrq":0.0,"percentageSoftIrq":0.0675605,"percentageSteal":0.0,"percentageGuest":0.0},{"timestamp":"2020-03-06T13:30:00Z","percentageCpuUsage":6.58664,"percentageUser":3.611,"percentageNice":0.00102521,"percentageSys":2.49669,"percentageIdle":93.4134,"percentageIoWait":0.408141,"percentageHardIrq":0.0,"percentageSoftIrq":0.0697808,"percentageSteal":0.0,"percentageGuest":0.0},{"timestamp":"2020-03-05T13:30:00Z","percentageCpuUsage":6.57718,"percentageUser":3.60943,"percentageNice":0.00100899,"percentageSys":2.49035,"percentageIdle":93.4228,"percentageIoWait":0.408736,"percentageHardIrq":0.0,"percentageSoftIrq":0.0676491,"percentageSteal":0.0,"percentageGuest":0.0},{"timestamp":"2020-03-04T13:30:00Z","percentageCpuUsage":6.55021,"percentageUser":3.59786,"percentageNice":0.00111089,"percentageSys":2.49208,"percentageIdle":93.4498,"percentageIoWait":0.391349,"percentageHardIrq":0.0,"percentageSoftIrq":0.0678115,"percentageSteal":0.0,"percentageGuest":0.0},{"timestamp":"2020-03-03T13:30:00Z","percentageCpuUsage":6.26626,"percentageUser":3.45016,"percentageNice":0.00100308,"percentageSys":2.39107,"percentageIdle":89.5671,"percentageIoWait":0.359112,"percentageHardIrq":0.0,"percentageSoftIrq":0.0649113,"percentageSteal":0.0,"percentageGuest":0.0}],"numMembers":365}
